ST_CASE,VEH_NO,PER_NO,YEAR,P1,P2,P3,P4,P5,P6,P7,P8,P9,P10
10001,1,1,1999,19,26,11,26,12,18,8,18,4,21
10002,1,1,1999,20,17,31,9,15,11,18,7,8,32
10002,2,1,1999,0,0,0,28,0,32,12,24,0,0
10003,1,1,1999,0,0,0,33,0,0,0,0,0,0
10004,1,1,1999,0,26,0,0,0,0,17,0,0,18
10004,2,1,1999,0,0,0,0,0,2,0,0,0,0
10005,1,1,1999,0,0,0,0,0,0,0,0,0,0
10006,1,1,1999,22,22,22,22,22,22,22,22,22,22
10007,0,1,1999,0,0,0,29,0,0,0,0,0,0
10007,1,1,1999,0,0,0,0,0,0,0,0,0,0
10008,1,1,1999,0,8,0,0,0,0,24,15,0,9
10008,2,1,1999,0,0,0,0,0,7,0,0,0,0
10009,1,1,1999,0,0,0,0,0,0,0,0,0,0
10009,2,1,1999,0,0,0,0,0,0,0,0,0,0
10010,0,1,1999,8,0,0,0,0,24,0,0,0,0
10010,0,2,1999,0,0,0,0,0,0,0,0,0,0
10010,0,3,1999,0,0,0,12,17,0,0,0,0,3
10010,1,1,1999,0,0,0,0,0,0,0,0,0,0
10011,1,1,1999,0,0,0,0,0,0,0,0,0,0
10011,2,1,1999,0,0,0,0,0,0,9,0,0,0
10012,0,1,1999,8,6,15,0,3,9,18,23,0,14
10012,1,1,1999,0,0,0,0,0,0,0,0,0,0
10013,1,1,1999,0,10,0,0,0,0,0,0,0,0
10014,1,1,1999,0,0,0,0,0,0,0,0,0,0
10014,2,1,1999,27,27,27,27,27,27,27,27,27,27
10015,1,1,1999,0,0,0,0,0,0,0,0,9,0
10016,1,1,1999,12,17,8,13,22,20,17,0,26,15
10017,1,1,1999,0,0,0,0,0,0,9,0,0,0
10017,2,1,1999,0,0,0,0,0,0,0,0,0,0
10018,1,1,1999,0,0,16,0,14,13,0,22,10,12
10019,0,1,1999,0,0,0,0,0,0,0,0,0,0
10019,1,1,1999,0,0,0,0,0,0,0,0,0,0
10020,1,1,1999,0,0,0,0,0,0,0,0,0,0
10020,2,1,1999,0,0,0,0,0,0,0,0,0,0
10021,1,1,1999,22,22,22,22,22,22,22,22,22,22
10021,2,1,1999,0,0,0,0,0,0,0,0,0,0
10022,1,1,1999,0,0,0,0,0,0,0,0,0,0
10023,1,1,1999,0,0,0,0,0,0,0,0,0,0
10023,2,1,1999,0,0,0,14,0,0,0,0,0,0
10024,1,1,1999,0,0,0,23,0,0,0,16,23,0
10025,1,1,1999,0,0,0,0,0,0,0,0,0,0
10025,2,1,1999,13,0,0,0,0,0,0,0,0,0
10026,1,1,1999,10,12,26,23,0,16,22,26,19,14
10027,1,1,1999,0,0,0,0,0,0,0,0,0,0
10027,2,1,1999,8,27,41,26,0,12,15,18,20,23
10028,1,1,1999,14,0,0,0,0,0,0,0,0,0
10029,1,1,1999,0,0,0,0,0,0,0,0,0,0
10030,1,1,1999,20,20,20,20,20,20,20,20,20,20
10030,2,1,1999,0,0,0,0,0,0,0,0,20,0
10031,1,1,1999,0,0,0,0,0,0,0,0,0,26
10032,1,1,1999,22,0,0,0,0,0,0,0,15,0
10032,2,1,1999,0,0,0,0,0,0,0,0,0,0
10033,1,1,1999,31,31,31,31,31,31,31,31,31,31
10034,1,1,1999,0,0,0,0,0,0,0,0,0,0
10034,2,1,1999,0,0,0,0,0,0,0,0,0,0
10034,3,1,1999,0,0,9,0,0,0,0,0,0,0
10035,1,1,1999,0,0,0,0,0,0,0,19,0,0
10035,2,1,1999,0,0,0,0,0,0,0,0,0,0
10036,1,1,1999,0,16,0,0,0,0,0,0,0,0
10037,1,1,1999,14,14,14,14,14,14,14,14,14,14
10038,1,1,1999,0,0,0,0,0,0,0,22,0,0
10038,2,1,1999,0,0,0,0,0,0,0,0,0,0
10039,1,1,1999,0,0,0,0,0,0,0,0,0,0
10039,2,1,1999,0,0,0,0,0,0,0,0,0,0
10040,1,1,1999,0,0,0,16,0,0,0,0,0,0
10041,1,1,1999,0,34,0,0,0,18,0,0,0,0
10042,1,1,1999,0,0,0,0,0,0,0,0,0,0
10042,2,1,1999,0,0,0,0,0,0,0,0,0,0
10043,1,1,1999,0,0,0,0,0,0,0,0,0,0
10044,1,1,1999,4,23,23,18,13,14,23,21,15,17
10045,1,1,1999,37,16,14,37,14,31,17,24,19,22
10046,1,1,1999,0,0,0,0,0,0,0,0,0,8
10047,1,1,1999,0,11,12,0,0,0,23,0,0,19
10048,1,1,1999,0,0,11,0,0,0,0,0,0,0
10048,2,1,1999,0,0,0,0,0,0,0,0,0,0
10049,1,1,1999,18,18,18,18,18,18,18,18,18,18
10050,1,1,1999,34,34,34,34,34,34,34,34,34,34
10051,1,1,1999,39,39,39,39,39,39,39,39,39,39
10052,1,1,1999,0,0,0,7,10,22,0,0,0,0
10053,1,1,1999,11,0,0,0,0,0,0,13,0,0
10054,1,1,1999,0,0,0,0,0,0,0,0,0,0
10054,2,1,1999,0,0,0,0,0,0,0,0,0,0
10055,1,1,1999,15,0,17,10,14,0,17,22,0,0
10056,1,1,1999,0,0,0,0,0,0,0,0,0,0
10057,1,1,1999,48,15,17,15,20,26,12,0,9,0
10058,1,1,1999,0,7,15,0,0,26,0,0,0,29
10058,2,1,1999,0,0,0,0,0,0,0,0,0,0
10059,1,1,1999,0,0,0,0,0,0,0,0,0,0
10059,2,1,1999,0,0,0,0,0,0,0,0,0,0
10060,1,1,1999,11,12,38,27,19,16,24,9,18,19
10061,1,1,1999,0,0,0,0,0,0,0,0,0,0
10061,2,1,1999,0,0,0,0,0,0,0,0,0,0
10062,1,1,1999,8,8,8,8,8,8,8,8,8,8
10062,2,1,1999,0,0,0,0,0,0,0,0,0,0
10063,1,1,1999,6,14,24,28,8,13,16,13,28,17
10064,1,1,1999,0,0,0,0,0,0,0,0,0,0
10064,2,1,1999,0,0,0,0,48,0,0,0,0,0
10065,1,1,1999,17,31,0,4,12,18,4,14,19,36
10066,1,1,1999,0,0,0,0,0,0,0,0,0,0
10067,1,1,1999,11,14,18,27,16,0,21,0,0,0
10068,1,1,1999,0,0,0,0,0,20,0,0,0,0
10068,2,1,1999,0,0,0,0,0,0,0,0,0,0
10069,1,1,1999,7,7,7,7,7,7,7,7,7,7
10069,2,1,1999,0,0,0,0,0,0,0,0,0,0
10069,3,1,1999,0,0,0,0,0,0,0,0,0,0
10070,0,1,1999,0,24,22,22,29,17,8,14,19,17
10070,1,1,1999,20,18,19,7,5,32,3,17,0,0
10071,0,1,1999,25,25,25,25,25,25,25,25,25,25
10071,1,1,1999,0,0,0,0,0,0,0,0,0,0
10072,1,1,1999,0,0,0,0,0,0,0,0,0,0
10072,2,1,1999,0,0,0,0,0,0,0,0,0,0
10073,1,1,1999,0,0,0,0,0,0,0,0,6,0
10073,2,1,1999,0,0,0,0,0,0,0,0,0,0
10074,1,1,1999,16,16,0,0,18,19,13,25,0,0
10075,1,1,1999,20,0,0,0,15,17,0,0,0,0
10076,1,1,1999,19,20,27,11,0,0,9,17,14,13
10077,1,1,1999,7,24,0,23,11,0,8,0,2,17
10078,1,1,1999,0,33,0,15,9,20,34,17,18,14
10079,1,1,1999,0,31,0,0,0,0,0,0,0,0
10079,2,1,1999,4,15,13,4,0,21,12,0,0,5
10080,1,1,1999,0,0,0,0,7,0,0,0,0,0
10081,1,1,1999,19,12,20,16,12,13,16,26,0,13
10081,2,1,1999,0,0,0,0,0,0,0,0,0,0
10082,1,1,1999,28,42,6,21,21,12,8,9,19,26
10083,1,1,1999,10,2,16,6,7,12,17,8,23,0
10084,1,1,1999,0,0,0,0,0,0,0,0,0,0
10084,2,1,1999,0,0,0,0,13,0,0,0,0,0
10085,1,1,1999,0,0,18,11,0,0,7,0,0,0
10085,2,1,1999,0,0,0,0,0,0,0,0,0,0
10085,3,1,1999,0,0,0,0,0,0,0,0,0,0
10085,4,1,1999,0,0,0,0,0,0,0,0,0,0
10085,5,1,1999,0,0,0,0,0,0,0,0,0,0
10085,6,1,1999,0,0,0,0,0,0,0,0,0,0
10085,7,1,1999,0,0,0,0,0,0,0,0,0,0
10086,1,1,1999,14,18,0,12,8,8,21,11,28,19
10086,2,1,1999,0,0,0,0,14,0,0,0,0,0
10087,1,1,1999,0,5,34,0,26,32,6,0,36,0
10087,2,1,1999,0,0,0,0,0,0,0,0,0,0
10088,0,1,1999,0,15,12,21,15,35,14,12,18,10
10088,1,1,1999,0,0,0,0,0,0,0,5,0,0
10088,2,1,1999,12,0,15,0,0,0,13,0,0,0
10089,1,1,1999,19,25,22,0,0,23,22,0,0,12
10090,1,1,1999,0,28,22,0,0,11,27,23,17,23
10091,0,1,1999,0,0,0,0,0,0,0,50,0,0
10091,1,1,1999,0,0,0,0,0,0,0,0,0,0
10091,2,1,1999,0,0,0,0,0,0,0,0,0,0
10092,1,1,1999,0,0,0,0,0,21,0,0,0,0
10092,2,1,1999,0,0,0,0,0,0,0,0,0,0
10092,3,1,1999,0,0,0,0,0,0,0,0,0,0
10093,1,1,1999,20,20,20,20,20,20,20,20,20,20
10094,1,1,1999,0,0,0,0,0,0,0,0,0,0
10095,1,1,1999,0,0,0,0,0,17,0,0,0,0
10096,1,1,1999,0,0,0,0,0,0,0,0,0,0
10096,2,1,1999,0,0,0,0,0,21,0,24,0,0
10097,0,1,1999,18,0,24,0,0,0,0,0,0,0
10097,1,1,1999,0,0,0,0,0,0,0,0,0,0
10098,1,1,1999,0,0,19,0,0,0,0,0,0,0
10099,1,1,1999,11,22,17,2,23,26,9,21,32,18
10100,1,1,1999,5,5,5,5,5,5,5,5,5,5
10101,1,1,1999,0,0,0,0,0,0,0,0,0,8
10101,2,1,1999,0,0,0,0,0,0,0,0,0,0
10101,3,1,1999,0,0,0,0,0,0,0,0,0,0
10102,1,1,1999,18,10,18,0,0,0,0,0,28,0
10103,1,1,1999,0,0,0,0,0,0,0,0,0,0
10103,2,1,1999,0,0,0,0,0,0,0,0,0,0
10104,1,1,1999,0,0,0,0,0,0,0,0,0,0
10105,1,1,1999,0,10,16,0,0,0,0,0,0,0
10106,1,1,1999,0,0,0,0,0,0,0,0,17,0
10107,1,1,1999,0,0,0,0,0,0,0,0,0,0
10107,2,1,1999,0,0,0,0,0,0,0,0,0,0
10107,3,1,1999,0,0,0,0,0,0,0,0,0,4
10108,1,1,1999,0,21,0,15,31,24,0,16,0,28
10108,2,1,1999,0,0,0,0,0,0,0,0,0,0
10109,1,1,1999,0,0,0,0,0,0,0,0,0,0
10110,1,1,1999,10,26,10,29,17,28,14,0,20,20
10111,1,1,1999,0,0,0,0,0,0,0,0,0,0
10111,2,1,1999,0,0,0,0,0,0,0,0,0,0
10112,1,1,1999,0,38,0,13,0,0,0,0,0,0
10112,2,1,1999,0,0,0,0,0,0,0,0,0,0
10113,1,1,1999,29,9,17,0,20,18,14,20,16,25
10114,1,1,1999,18,14,14,15,17,13,19,33,18,0
10114,2,1,1999,0,0,0,0,0,0,0,0,0,0
10115,1,1,1999,0,0,0,0,0,0,0,0,0,0
10115,2,1,1999,0,0,0,0,0,0,8,0,0,0
10116,1,1,1999,19,0,20,0,11,0,14,0,26,22
10117,1,1,1999,0,0,0,0,0,0,0,0,0,0
10117,2,1,1999,0,0,0,0,0,0,0,0,0,0
10118,1,1,1999,0,0,0,0,0,0,0,0,0,0
10119,1,1,1999,0,0,0,0,0,0,0,0,0,0
10119,2,1,1999,0,0,0,0,0,0,0,0,0,0
10120,1,1,1999,6,0,7,0,0,0,0,0,0,0
10121,1,1,1999,0,0,0,0,0,0,0,0,0,0
10121,2,1,1999,0,0,0,0,0,0,0,0,0,0
10122,1,1,1999,6,18,35,23,7,9,9,8,17,14
10123,1,1,1999,17,17,17,17,17,17,17,17,17,17
10124,0,1,1999,38,15,0,0,23,18,14,28,26,0
10124,1,1,1999,14,8,0,3,0,0,0,0,0,0
10125,1,1,1999,11,11,11,11,11,11,11,11,11,11
10126,1,1,1999,27,27,27,27,27,27,27,27,27,27
10127,1,1,1999,0,0,0,0,0,0,0,8,0,0
10128,1,1,1999,0,0,0,0,0,0,0,0,0,0
10128,2,1,1999,0,0,0,0,11,0,0,0,0,0
10129,1,1,1999,0,0,0,0,0,0,0,0,0,0
10129,2,1,1999,0,0,0,0,0,0,0,0,0,0
10129,3,1,1999,0,0,0,0,0,0,0,0,0,0
10130,1,1,1999,14,16,13,15,25,11,5,23,17,23
10130,2,1,1999,0,0,0,4,0,2,2,0,0,0
10131,1,1,1999,0,0,0,0,0,0,0,0,0,0
10131,2,1,1999,0,0,0,0,0,0,0,0,0,0
10132,0,1,1999,0,0,0,0,0,0,0,0,0,0
10132,1,1,1999,0,0,0,0,0,0,0,0,0,0
10133,1,1,1999,0,0,0,0,0,0,0,0,0,0
10134,1,1,1999,27,0,0,0,0,0,0,0,0,0
10135,1,1,1999,12,12,12,12,12,12,12,12,12,12
10135,2,1,1999,0,0,0,0,0,0,0,0,0,0
10136,1,1,1999,0,0,0,0,0,0,0,27,19,0
10137,1,1,1999,0,0,0,0,0,0,0,0,0,0
10137,2,1,1999,0,0,0,0,0,0,0,0,0,0
10138,1,1,1999,32,20,39,32,26,14,22,16,19,18
10139,1,1,1999,0,0,0,0,0,0,0,0,0,0
10139,2,1,1999,0,0,0,0,0,0,0,0,0,0
10140,1,1,1999,0,0,15,0,0,33,0,37,27,26
10141,1,1,1999,2,0,0,0,0,0,0,0,0,5
10142,1,1,1999,0,0,0,0,0,0,0,0,0,0
10142,2,1,1999,0,0,0,0,0,0,0,0,0,0
10143,1,1,1999,19,10,11,0,32,11,19,12,11,19
10143,2,1,1999,21,0,0,0,0,0,0,0,0,0
10144,1,1,1999,19,16,0,0,25,0,26,26,12,20
10144,2,1,1999,0,0,0,0,8,0,12,0,0,0
10145,1,1,1999,0,0,0,0,0,0,0,0,0,0
10146,1,1,1999,6,0,17,0,0,0,0,0,8,12
10147,1,1,1999,30,20,14,0,0,0,0,0,5,25
10148,1,1,1999,0,0,0,0,0,0,0,0,0,0
10148,2,1,1999,0,0,0,0,0,0,0,0,0,15
10149,1,1,1999,0,11,0,8,0,12,19,21,18,15
10149,2,1,1999,9,20,11,19,13,13,4,14,14,8
10150,1,1,1999,0,0,0,0,0,0,0,0,0,0
10150,2,1,1999,0,0,0,0,0,0,0,0,0,0
10151,1,1,1999,0,34,0,0,0,0,0,0,0,0
10151,2,1,1999,0,0,0,0,0,0,0,0,0,0
10152,1,1,1999,0,0,0,0,0,0,14,15,0,17
10152,2,1,1999,13,0,0,0,0,0,0,0,0,0
10153,1,1,1999,0,0,0,0,0,0,14,0,0,26
10154,1,1,1999,36,0,14,0,0,27,0,26,5,0
10155,0,1,1999,0,0,0,0,0,0,0,0,0,0
10155,1,1,1999,15,15,15,15,15,15,15,15,15,15
10156,1,1,1999,0,0,0,0,0,0,0,0,0,0
10156,2,1,1999,0,0,0,0,0,0,0,0,0,0
10157,1,1,1999,0,0,0,0,0,0,0,0,0,0
10157,2,1,1999,0,0,0,0,0,0,0,0,0,0
10158,1,1,1999,0,0,0,0,0,0,0,0,0,0
10158,2,1,1999,0,0,0,0,0,0,0,0,0,0
10158,3,1,1999,0,0,0,0,0,0,13,0,0,0
10159,0,1,1999,23,0,11,0,0,0,0,0,0,0
10159,1,1,1999,0,0,0,0,0,0,0,0,0,0
10160,1,1,1999,0,0,9,0,0,0,12,0,0,13
10161,1,1,1999,27,16,28,0,28,14,10,0,0,20
10162,1,1,1999,21,21,21,21,21,21,21,21,21,21
10162,2,1,1999,10,10,10,10,10,10,10,10,10,10
10163,1,1,1999,0,0,0,0,0,0,0,0,0,0
10163,2,1,1999,0,0,13,0,0,0,0,0,0,11
10164,0,1,1999,0,0,0,0,0,0,0,0,19,9
10164,1,1,1999,0,0,0,0,0,0,0,0,0,0
10164,2,1,1999,0,0,0,0,0,0,0,0,0,0
10165,1,1,1999,0,0,0,0,0,0,0,0,0,0
10165,2,1,1999,0,0,0,0,0,0,0,0,0,0
10166,1,1,1999,0,0,0,0,0,0,0,0,0,0
10166,2,1,1999,0,0,0,0,0,0,0,0,0,0
10167,1,1,1999,22,22,22,22,22,22,22,22,22,22
10168,1,1,1999,0,0,0,0,0,0,0,0,0,0
10168,2,1,1999,0,0,0,0,0,0,0,0,11,0
10168,3,1,1999,0,0,0,0,0,0,0,0,0,0
10168,4,1,1999,0,0,0,0,0,0,0,0,0,0
10169,1,1,1999,15,0,21,0,25,33,0,33,19,19
10170,1,1,1999,8,11,9,0,0,12,21,30,7,0
10171,1,1,1999,25,22,54,18,27,27,33,22,36,28
10172,1,1,1999,0,21,18,21,0,0,20,53,0,22
10173,1,1,1999,26,16,25,7,27,15,10,25,0,20
10174,1,1,1999,0,10,0,0,0,0,0,0,0,0
10174,2,1,1999,0,0,0,0,0,0,0,0,0,0
10175,1,1,1999,25,35,23,7,29,30,25,9,16,0
10176,1,1,1999,0,0,0,0,0,0,0,0,0,0
10176,2,1,1999,0,0,0,0,0,0,0,0,0,0
10176,3,1,1999,0,0,0,0,0,0,0,0,0,0
10176,4,1,1999,0,0,0,0,0,0,0,0,0,0
10177,1,1,1999,0,0,0,0,0,0,0,0,0,0
10178,1,1,1999,0,0,0,0,0,0,0,0,0,0
10178,2,1,1999,0,0,0,0,0,0,0,0,0,0
10179,1,1,1999,18,0,9,0,0,0,17,0,0,21
10180,1,1,1999,12,4,17,0,11,6,15,6,29,20
10180,2,1,1999,0,0,0,0,0,0,0,0,0,0
10181,1,1,1999,20,22,7,36,15,14,35,22,24,28
10182,1,1,1999,19,22,5,23,16,12,23,12,9,20
10182,2,1,1999,0,0,0,0,0,0,0,0,0,0
10183,1,1,1999,0,0,0,0,0,0,0,0,0,0
10183,2,1,1999,0,0,0,0,0,0,0,0,0,0
10184,1,1,1999,33,18,20,0,29,23,21,5,13,24
10184,2,1,1999,0,0,0,0,0,0,0,0,0,0
10185,1,1,1999,0,0,13,0,0,0,0,0,0,0
10185,2,1,1999,0,0,0,0,0,0,0,0,0,0
10185,3,1,1999,0,0,0,0,0,0,0,0,0,0
10185,4,1,1999,0,0,0,0,0,0,0,0,0,0
10186,1,1,1999,0,0,0,0,0,0,6,0,0,0
10187,1,1,1999,0,0,0,0,0,0,0,0,0,0
10188,0,1,1999,14,0,0,0,22,22,0,0,0,0
10188,1,1,1999,0,0,0,0,0,0,0,0,0,0
10189,1,1,1999,0,5,0,0,0,0,0,17,9,0
10189,2,1,1999,0,0,0,0,0,0,0,0,0,0
10190,1,1,1999,0,0,0,0,0,0,0,0,0,0
10191,1,1,1999,0,0,0,0,0,0,0,0,0,0
10191,2,1,1999,0,0,0,0,0,8,5,0,0,0
10192,1,1,1999,15,15,15,15,15,15,15,15,15,15
10192,2,1,1999,0,0,0,0,0,0,0,0,0,0
10193,1,1,1999,0,0,0,0,0,0,23,0,0,0
10193,2,1,1999,0,0,0,0,0,0,7,0,0,0
10194,1,1,1999,0,0,0,0,0,0,0,0,0,15
10194,2,1,1999,18,41,15,17,12,4,0,26,16,20
10195,1,1,1999,0,0,0,0,0,0,0,0,0,0
10195,2,1,1999,0,0,0,0,0,0,0,0,0,0
10196,1,1,1999,12,43,0,0,17,28,29,18,13,18
10197,0,1,1999,15,0,0,0,0,0,0,31,0,0
10197,1,1,1999,0,0,0,0,0,0,0,0,0,0
10198,1,1,1999,4,4,4,4,4,4,4,4,4,4
10198,2,1,1999,2,2,2,2,2,2,2,2,2,2
10198,3,1,1999,0,16,0,0,0,0,0,0,0,0
10199,1,1,1999,0,0,0,0,0,0,0,0,0,0
10200,1,1,1999,15,6,0,15,26,15,16,16,27,15
10201,1,1,1999,0,0,0,0,0,0,0,0,0,0
10202,1,1,1999,22,23,10,13,16,7,7,19,36,4
10203,0,1,1999,17,0,27,13,34,0,13,14,17,22
10203,1,1,1999,10,8,18,9,20,30,4,14,11,23
10204,1,1,1999,24,28,8,22,30,25,12,28,17,36
10205,1,1,1999,22,22,22,22,22,22,22,22,22,22
10206,1,1,1999,0,0,0,0,0,0,0,0,0,0
10206,2,1,1999,0,0,0,0,0,0,0,0,0,0
10207,1,1,1999,0,0,0,0,0,0,0,0,0,0
10207,2,1,1999,0,0,0,0,0,0,0,0,0,0
10208,1,1,1999,23,13,23,25,21,14,14,13,20,25
10208,2,1,1999,0,0,0,0,0,0,0,0,0,0
10208,3,1,1999,0,0,0,0,0,0,0,0,0,0
10209,1,1,1999,0,17,0,0,0,0,0,0,22,14
10210,1,1,1999,11,11,11,11,11,11,11,11,11,11
10210,2,1,1999,30,0,3,0,5,0,0,0,0,3
10211,1,1,1999,28,24,7,17,20,10,24,13,8,16
10212,1,1,1999,0,0,0,0,0,0,0,0,0,0
10213,0,1,1999,0,27,20,45,25,14,0,23,26,17
10213,1,1,1999,0,0,0,0,3,0,0,0,0,0
10214,1,1,1999,0,0,0,0,0,0,0,0,0,0
10214,2,1,1999,0,0,0,0,0,0,0,0,0,0
10215,1,1,1999,0,0,21,0,0,0,0,0,0,0
10216,1,1,1999,0,0,0,0,0,23,0,0,0,21
10216,2,1,1999,0,0,0,0,0,0,0,0,0,0
10217,0,1,1999,30,21,30,0,0,7,30,24,0,15
10217,0,2,1999,31,42,24,12,0,24,29,8,9,13
10217,0,3,1999,0,28,30,36,19,22,12,27,17,25
10217,1,1,1999,8,4,20,8,0,15,8,15,15,4
10218,1,1,1999,18,0,0,23,0,0,19,0,0,0
10218,2,1,1999,0,0,0,0,0,0,0,0,0,0
10219,1,1,1999,0,12,0,0,0,0,24,0,0,0
10219,2,1,1999,0,0,0,0,0,0,0,0,0,0
10219,3,1,1999,0,0,0,0,0,0,0,0,0,0
10220,1,1,1999,21,8,20,24,15,18,18,11,9,9
10221,1,1,1999,0,0,0,0,0,18,0,0,0,0
10222,1,1,1999,10,18,17,21,13,24,19,34,16,27
10223,1,1,1999,0,0,0,0,0,0,0,0,0,0
10223,2,1,1999,0,0,0,0,0,0,0,0,0,15
10224,1,1,1999,4,9,12,11,9,0,26,18,11,17
10225,1,1,1999,0,0,0,0,0,0,0,0,0,0
10225,2,1,1999,0,0,0,0,0,0,0,0,0,0
10226,1,1,1999,0,0,0,0,0,0,0,0,0,0
10226,2,1,1999,0,0,0,0,0,0,0,0,0,0
10227,1,1,1999,0,0,0,0,0,0,0,0,0,0
10227,2,1,1999,0,22,0,0,0,0,0,0,16,0
10228,1,1,1999,0,0,0,0,0,0,0,0,0,0
10228,2,1,1999,0,0,0,0,0,0,0,0,0,0
10228,3,1,1999,0,0,0,0,0,0,0,0,0,0
10229,1,1,1999,8,13,17,10,12,18,6,5,15,21
10230,1,1,1999,0,0,38,0,0,0,27,0,5,0
10231,1,1,1999,0,0,0,0,0,0,0,0,0,0
10231,2,1,1999,23,22,0,13,0,0,0,0,0,0
10232,1,1,1999,0,0,0,0,0,0,0,0,0,0
10233,1,1,1999,0,0,0,0,0,0,0,0,0,0
10233,2,1,1999,0,0,0,0,0,27,0,0,0,0
10234,1,1,1999,24,0,0,27,23,23,0,23,0,14
10235,1,1,1999,0,0,0,0,0,0,0,0,0,0
10235,2,1,1999,0,0,0,0,0,0,0,0,0,0
10236,1,1,1999,34,22,10,0,0,0,10,3,17,0
10237,1,1,1999,0,0,13,0,0,0,0,0,0,0
10238,1,1,1999,0,0,0,0,0,0,0,0,0,0
10238,2,1,1999,0,0,0,0,0,0,0,0,0,0
10239,1,1,1999,0,0,0,0,0,0,0,0,0,0
10239,2,1,1999,0,0,0,0,0,0,0,0,0,0
10240,1,1,1999,0,0,0,0,0,0,0,0,0,0
10240,2,1,1999,0,0,0,0,0,0,0,0,0,0
10241,0,1,1999,0,0,0,0,0,0,16,0,0,0
10241,1,1,1999,13,13,13,13,13,13,13,13,13,13
10242,1,1,1999,0,0,0,0,0,0,0,0,0,0
10243,1,1,1999,7,7,22,20,5,7,3,20,20,17
10244,1,1,1999,0,0,0,0,0,0,3,0,0,0
10244,2,1,1999,0,0,0,0,0,0,0,0,0,0
10245,1,1,1999,0,0,0,0,0,0,0,0,0,0
10245,2,1,1999,0,0,0,0,0,0,0,0,0,0
10245,3,1,1999,0,0,0,0,0,0,0,0,0,0
10245,4,1,1999,0,0,0,0,0,0,0,0,0,0
10245,5,1,1999,0,0,0,0,0,0,0,0,0,0
10246,1,1,1999,0,0,0,0,0,0,0,0,0,0
10247,1,1,1999,20,22,23,14,50,28,12,23,8,0
10248,1,1,1999,6,0,0,0,0,3,0,26,0,30
10249,1,1,1999,0,0,0,35,0,0,0,0,0,0
10250,1,1,1999,13,15,17,7,31,9,2,14,22,11
10251,1,1,1999,0,0,19,0,0,17,21,19,0,0
10251,2,1,1999,0,0,0,0,0,0,0,0,16,0
10251,3,1,1999,0,0,0,0,0,0,0,0,0,0
10252,1,1,1999,0,0,0,0,0,0,0,0,0,0
10253,1,1,1999,0,0,0,0,0,0,0,0,0,0
10254,1,1,1999,29,14,9,28,11,13,26,13,20,11
10255,1,1,1999,19,23,5,6,23,0,27,0,0,8
10255,2,1,1999,0,0,0,0,0,0,0,0,0,0
10256,1,1,1999,31,23,13,18,7,24,21,27,24,20
10257,1,1,1999,0,0,0,0,0,0,0,0,0,0
10257,2,1,1999,0,0,0,0,0,0,0,0,0,0
10258,1,1,1999,15,19,13,14,11,11,8,15,9,20
10259,1,1,1999,0,24,20,25,0,0,14,0,12,21
10260,1,1,1999,0,0,0,0,0,0,0,0,0,0
10260,2,1,1999,0,0,0,0,0,0,0,0,0,0
10261,1,1,1999,18,17,31,7,8,23,17,19,17,22
10262,1,1,1999,0,0,0,0,0,0,0,0,0,0
10263,1,1,1999,0,0,0,0,0,0,0,0,0,0
10263,2,1,1999,0,0,0,0,0,0,0,0,0,0
10264,1,1,1999,0,0,0,0,0,0,0,0,0,0
10264,2,1,1999,0,0,0,0,0,0,0,0,0,0
10265,1,1,1999,17,17,17,17,17,17,17,17,17,17
10266,1,1,1999,15,29,26,0,17,8,26,18,8,13
10267,1,1,1999,23,37,25,4,17,35,14,15,16,49
10268,1,1,1999,0,0,0,0,0,0,0,0,10,0
10268,2,1,1999,0,0,0,0,0,0,0,0,0,0
10269,1,1,1999,0,0,5,0,4,11,0,20,14,0
10270,1,1,1999,0,0,21,0,0,0,0,0,0,0
10271,1,1,1999,0,0,0,0,0,0,0,0,14,0
10272,1,1,1999,23,38,18,12,13,28,12,8,27,14
10272,2,1,1999,0,0,0,0,0,0,0,0,0,0
10273,1,1,1999,0,0,0,0,15,10,24,0,0,6
10273,2,1,1999,0,0,0,8,0,0,0,0,0,0
10274,1,1,1999,0,0,0,0,0,0,0,0,0,0
10275,1,1,1999,0,0,26,0,0,0,0,19,0,0
10276,1,1,1999,31,39,25,22,18,27,37,0,7,28
10277,1,1,1999,9,16,30,0,16,0,23,1,0,15
10278,1,1,1999,31,43,22,7,18,12,22,36,27,15
10279,1,1,1999,0,14,0,15,0,0,0,0,13,0
10279,2,1,1999,0,0,0,0,0,0,0,0,0,0
10280,1,1,1999,0,0,0,0,0,0,0,0,0,0
10280,2,1,1999,0,0,0,0,0,0,0,0,0,14
10281,1,1,1999,0,0,0,0,0,0,0,0,0,0
10281,2,1,1999,0,0,0,0,0,0,0,0,0,0
10282,1,1,1999,0,0,0,0,0,0,0,17,0,0
10282,2,1,1999,0,0,0,0,0,21,0,0,0,0
10283,1,1,1999,14,14,14,14,14,14,14,14,14,14
10283,2,1,1999,0,0,0,0,0,0,0,0,0,0
10284,1,1,1999,0,0,27,11,16,26,0,23,15,33
10285,1,1,1999,11,0,0,0,0,0,0,27,0,0
10286,1,1,1999,12,0,2,0,10,0,28,6,23,19
10287,1,1,1999,0,16,0,0,0,0,0,29,0,0
10287,2,1,1999,0,0,0,0,0,0,0,0,0,0
10288,1,1,1999,17,33,15,14,28,21,25,17,37,6
10288,2,1,1999,0,0,0,0,0,0,0,0,0,0
10289,1,1,1999,17,11,13,24,8,16,20,9,9,21
10290,1,1,1999,26,26,26,26,26,26,26,26,26,26
10290,2,1,1999,0,4,0,14,16,23,0,14,0,0
10291,1,1,1999,11,0,0,6,0,0,7,0,38,0