ST_CASE,VEH_NO,PER_NO,YEAR,P1,P2,P3,P4,P5,P6,P7,P8,P9,P10
10578,2,1,1999,0,0,0,0,0,0,0,0,0,0
10579,1,1,1999,0,0,0,0,0,0,0,0,0,0
10580,1,1,1999,11,21,18,4,12,14,21,11,11,11
10580,2,1,1999,0,0,0,0,0,0,0,0,0,0
10581,1,1,1999,0,0,0,0,32,0,0,6,6,0
10582,1,1,1999,8,0,0,0,26,0,0,0,0,0
10582,2,1,1999,0,0,0,0,0,28,0,0,18,9
10583,0,1,1999,10,25,17,7,6,19,23,40,23,26
10583,1,1,1999,0,0,0,0,0,0,0,0,0,27
10584,1,1,1999,11,0,0,0,0,11,27,5,18,12
10585,1,1,1999,0,0,0,0,0,0,0,0,0,0
10586,1,1,1999,19,0,0,13,0,0,0,0,0,0
10587,1,1,1999,0,0,0,0,0,0,0,26,0,0
10588,1,1,1999,0,0,0,0,0,0,0,0,0,0
10588,2,1,1999,0,0,0,0,0,0,0,0,0,0
10589,1,1,1999,8,8,8,8,8,8,8,8,8,8
10590,1,1,1999,0,0,0,0,0,0,0,0,0,0
10590,2,1,1999,0,0,0,0,0,0,0,0,0,0
10591,1,1,1999,0,0,0,0,0,0,2,36,0,0
10591,2,1,1999,0,0,0,0,0,0,0,0,0,0
10592,1,1,1999,0,0,0,0,0,0,0,0,0,0
10593,1,1,1999,18,3,10,6,13,6,12,0,16,42
10594,1,1,1999,12,32,10,8,11,15,9,7,9,18
10595,1,1,1999,0,0,0,0,0,17,12,0,0,0
10596,1,1,1999,15,13,23,35,38,28,36,19,24,17
10597,1,1,1999,0,0,0,0,15,0,33,21,0,0
10597,2,1,1999,0,0,0,0,14,0,0,0,7,0
10598,1,1,1999,19,11,23,41,16,4,11,0,13,27
10599,1,1,1999,0,0,0,0,0,0,0,0,0,0
10600,1,1,1999,7,0,18,0,0,8,0,0,7,0
10601,1,1,1999,23,21,12,12,3,9,17,15,14,11
10602,1,1,1999,0,20,0,31,8,22,18,7,10,0
10603,1,1,1999,0,0,0,0,0,0,0,0,0,0
10603,2,1,1999,0,0,0,0,0,0,0,0,0,0
10603,3,1,1999,0,0,0,0,0,0,0,0,0,0
10604,1,1,1999,0,0,0,0,0,0,0,0,0,0
10605,1,1,1999,13,21,26,0,40,34,32,16,40,15
10606,1,1,1999,0,0,0,12,9,0,0,27,0,0
10606,2,1,1999,0,0,0,0,0,0,0,0,0,0
10606,3,1,1999,11,18,0,0,0,0,0,0,8,0
10606,4,1,1999,0,0,0,0,0,0,0,0,0,0
10606,5,1,1999,0,0,0,0,0,0,33,0,0,0
10607,1,1,1999,0,23,12,5,26,8,19,26,30,32
10608,1,1,1999,0,0,0,0,0,0,0,0,0,0
10608,2,1,1999,0,0,0,0,0,0,0,0,0,0
10609,1,1,1999,0,0,0,0,0,0,0,0,0,0
10610,1,1,1999,11,0,0,0,0,11,13,5,0,0
10611,1,1,1999,0,0,0,0,0,0,0,0,0,0
10612,1,1,1999,0,0,0,0,0,0,0,0,0,0
10612,2,1,1999,0,0,0,0,0,0,0,0,0,0
10612,3,1,1999,0,0,0,0,0,0,0,0,0,0
10613,1,1,1999,0,0,0,0,0,0,0,0,0,0
10613,2,1,1999,0,0,0,0,0,0,0,0,10,0
10614,0,1,1999,15,0,0,0,0,0,0,0,0,0
10614,1,1,1999,0,0,0,0,0,0,0,0,0,0
10615,1,1,1999,0,0,0,0,0,0,0,0,0,0
10616,1,1,1999,0,0,29,0,0,0,0,0,0,0
10617,1,1,1999,13,11,11,0,14,8,20,17,9,21
10617,2,1,1999,0,0,0,0,0,0,4,0,0,0
10618,1,1,1999,11,16,22,16,9,13,14,29,24,17
10619,1,1,1999,10,0,11,0,20,0,28,16,0,8
10619,2,1,1999,0,0,0,0,0,0,0,0,0,0
10620,1,1,1999,13,11,23,18,6,8,23,24,9,13
10621,1,1,1999,11,11,11,11,11,11,11,11,11,11
10621,2,1,1999,0,16,13,0,0,0,0,0,12,23
10622,1,1,1999,0,0,0,7,0,0,0,0,0,0
10623,1,1,1999,0,0,0,0,0,0,0,0,0,0
10623,2,1,1999,0,0,0,0,0,0,0,0,7,0
10624,1,1,1999,0,0,0,0,0,16,12,13,0,0
10625,1,1,1999,8,3,0,0,0,0,0,0,12,0
10626,1,1,1999,0,0,0,0,0,0,0,0,0,0
10626,2,1,1999,0,0,0,0,0,0,0,0,0,0
10627,1,1,1999,25,25,7,13,9,25,15,25,0,31
10628,1,1,1999,21,12,18,16,16,17,34,35,27,17
10629,1,1,1999,0,0,0,0,0,0,0,14,0,0
10630,1,1,1999,0,0,0,0,0,0,0,0,0,0
10630,2,1,1999,0,0,0,0,0,20,0,0,0,0
10631,1,1,1999,0,6,0,0,0,0,31,0,13,14
10632,1,1,1999,0,0,28,0,0,0,45,0,0,0
10633,1,1,1999,0,0,0,0,0,0,0,0,0,0
10633,2,1,1999,0,0,0,0,0,0,0,0,0,0
10633,3,1,1999,0,0,0,0,0,0,0,0,0,0
10634,1,1,1999,28,24,26,16,19,20,23,4,40,49
10635,1,1,1999,0,0,0,0,0,0,0,0,0,0
10635,2,1,1999,0,0,0,0,0,0,0,0,0,0
10636,1,1,1999,0,11,8,10,17,7,0,21,26,12
10637,1,1,1999,0,0,0,0,0,19,0,0,0,0
10638,1,1,1999,0,0,0,22,0,0,0,0,0,0
10639,1,1,1999,0,0,0,0,0,0,0,0,0,0
10639,2,1,1999,0,0,0,0,0,0,0,0,0,0
10640,1,1,1999,0,0,0,0,0,0,0,0,0,0
10641,1,1,1999,15,25,0,17,5,11,21,20,8,18
10641,2,1,1999,0,0,0,0,0,0,0,0,0,0
10642,1,1,1999,0,0,0,0,0,0,0,0,0,0
10642,2,1,1999,0,0,0,0,0,0,0,0,0,0
10643,1,1,1999,0,8,0,25,0,32,8,20,15,7
10644,0,1,1999,12,36,31,17,37,8,8,0,11,0
10644,1,1,1999,0,0,0,0,0,0,0,0,0,0
10645,1,1,1999,0,0,0,27,27,0,0,0,0,0
10646,1,1,1999,0,0,0,0,0,0,0,0,0,0
10646,2,1,1999,0,0,0,0,0,0,0,0,0,0
10646,3,1,1999,0,0,0,0,0,0,0,0,0,0
10647,1,1,1999,0,0,0,0,0,0,18,0,0,0
10648,1,1,1999,0,0,0,0,0,0,0,0,0,0
10648,2,1,1999,24,0,42,33,0,21,0,19,17,0
10648,3,1,1999,0,0,0,0,0,0,0,0,0,0
10649,1,1,1999,0,0,0,0,13,0,0,0,0,0
10649,2,1,1999,8,8,8,8,8,8,8,8,8,8
10650,1,1,1999,0,0,0,0,0,0,0,0,0,0
10650,2,1,1999,0,0,0,0,0,0,0,0,0,0
10650,3,1,1999,0,0,0,0,0,0,0,0,0,0
10651,1,1,1999,0,0,0,0,0,0,0,0,0,0
10651,2,1,1999,0,0,0,0,0,0,0,0,0,0
10652,1,1,1999,0,17,0,0,0,0,0,0,0,0
10653,1,1,1999,0,0,0,0,0,0,0,0,0,0
10653,2,1,1999,0,0,0,0,0,0,0,0,0,0
10654,1,1,1999,0,0,0,27,0,0,15,21,18,36
10655,1,1,1999,0,0,0,0,0,0,0,0,0,0
10655,2,1,1999,0,0,0,0,0,0,0,0,0,0
10656,1,1,1999,14,14,14,14,14,14,14,14,14,14
10656,2,1,1999,0,19,0,0,0,0,0,0,0,0
10657,0,1,1999,0,0,0,0,26,0,0,0,0,0
10657,1,1,1999,0,0,0,0,0,0,0,0,0,0
10658,1,1,1999,11,24,19,20,19,14,17,12,6,13
10659,1,1,1999,0,0,0,0,0,0,0,0,0,0
10659,2,1,1999,0,0,0,0,0,0,0,0,0,0
10659,3,1,1999,0,0,0,0,0,18,0,0,0,0
10660,1,1,1999,0,0,0,11,0,0,18,0,0,0
10661,1,1,1999,0,0,0,0,0,15,0,0,27,0
10662,1,1,1999,0,0,0,0,0,0,0,0,0,0
10662,2,1,1999,0,0,0,0,0,0,0,0,0,0
10663,1,1,1999,20,0,0,0,0,0,0,0,0,0
10664,1,1,1999,0,0,0,0,0,0,0,0,0,0
10664,2,1,1999,0,0,0,0,0,0,0,0,0,0
10665,1,1,1999,0,0,0,0,0,0,0,0,0,0
10665,2,1,1999,0,0,0,0,0,0,0,0,0,0
10666,1,1,1999,0,0,0,0,0,0,0,0,0,0
10667,1,1,1999,0,0,0,17,14,21,17,12,19,14
10668,1,1,1999,0,0,0,23,0,0,0,0,0,0
10668,2,1,1999,0,0,0,0,0,0,0,0,0,0
10669,0,1,1999,0,0,0,0,0,0,0,0,0,0
10669,1,1,1999,18,18,18,18,18,18,18,18,18,18
10670,1,1,1999,0,0,0,0,0,0,0,0,0,0
10670,2,1,1999,0,0,0,0,0,0,0,0,0,0
10671,0,1,1999,19,19,19,19,19,19,19,19,19,19
10671,1,1,1999,0,0,0,0,0,0,0,0,11,0
10672,1,1,1999,0,0,0,0,0,0,0,0,0,0
10673,1,1,1999,0,0,0,0,0,0,0,0,0,0
10674,1,1,1999,0,0,0,0,0,0,0,0,0,0
10674,2,1,1999,0,0,0,0,0,0,0,0,0,0
10675,0,1,1999,50,27,0,0,32,12,17,8,13,26
10675,1,1,1999,0,0,0,0,0,0,0,0,0,0
10676,1,1,1999,0,19,14,18,15,18,9,9,0,14
10677,1,1,1999,22,9,0,12,21,20,21,25,15,24
10678,1,1,1999,0,0,0,0,0,0,0,0,0,0
10679,0,1,1999,0,0,0,0,0,0,0,0,0,0
10679,0,2,1999,0,0,0,0,0,0,0,0,0,0
10679,1,1,1999,0,0,0,0,0,0,0,0,0,0
10681,1,1,1999,22,22,20,18,13,21,12,15,14,16
10681,2,1,1999,0,0,0,0,0,0,2,0,0,0
10682,1,1,1999,12,0,0,0,21,34,8,0,18,0
10682,2,1,1999,0,0,0,0,0,0,0,0,0,0
10683,1,1,1999,8,30,15,6,0,21,24,5,8,8
10684,1,1,1999,0,0,0,0,0,0,0,0,0,0
10685,1,1,1999,27,16,12,22,15,0,11,17,10,0
10686,1,1,1999,0,0,0,0,0,0,0,0,0,0
10687,1,1,1999,0,0,0,0,0,0,0,0,0,0
10688,1,1,1999,9,0,24,15,14,0,40,27,28,19
10689,1,1,1999,0,0,0,0,0,0,0,0,0,0
10689,2,1,1999,0,0,0,0,0,0,0,0,0,0
10690,1,1,1999,0,12,0,0,0,0,0,0,9,9
10690,2,1,1999,0,0,0,0,0,0,0,0,0,0
10691,1,1,1999,0,0,0,0,0,0,0,0,0,0
10691,2,1,1999,0,0,0,0,0,0,0,0,0,0
10692,1,1,1999,0,0,0,0,0,0,0,0,0,0
10692,2,1,1999,0,0,0,0,0,0,0,0,0,0
10693,1,1,1999,0,0,0,0,0,0,0,0,0,14
10693,2,1,1999,0,0,0,0,0,0,0,0,0,0
10694,1,1,1999,16,16,13,11,13,36,27,39,16,9
10695,1,1,1999,25,15,12,20,21,21,22,17,10,31
10696,1,1,1999,0,0,0,0,0,0,0,0,0,0
10696,2,1,1999,0,0,0,0,0,0,0,0,0,31
10696,3,1,1999,0,0,0,0,0,0,0,0,0,0
10697,1,1,1999,22,20,28,9,49,37,15,35,9,17
10698,1,1,1999,20,0,25,0,43,0,20,27,17,18
10698,2,1,1999,0,0,0,0,0,0,0,0,0,0
10699,0,1,1999,0,0,0,0,0,0,0,0,0,0
10699,1,1,1999,0,0,0,0,28,0,0,0,0,0
10700,1,1,1999,0,0,0,0,0,0,0,0,0,0
10701,1,1,1999,10,0,23,19,11,7,0,0,15,18
10702,1,1,1999,6,17,21,13,0,18,7,20,22,12
10703,1,1,1999,0,0,0,0,0,0,0,0,0,0
10703,2,1,1999,0,0,0,0,0,0,0,0,0,0
10704,1,1,1999,0,0,0,0,0,0,0,0,0,0
10704,2,1,1999,0,0,0,0,0,0,0,0,0,0
10705,1,1,1999,19,0,0,0,16,17,23,0,8,0
10706,1,1,1999,0,22,0,0,0,0,0,1,0,0
10707,1,1,1999,0,0,0,0,0,0,0,0,0,0
10707,2,1,1999,0,0,0,0,0,0,0,0,0,0
10708,1,1,1999,27,29,17,16,17,0,17,26,27,0
10709,1,1,1999,0,0,0,0,15,0,21,19,0,0
10709,2,1,1999,0,0,0,0,0,0,0,30,31,0
10710,1,1,1999,30,29,0,10,7,18,21,15,17,21
10711,1,1,1999,34,12,5,0,33,20,16,19,0,22
10712,1,1,1999,0,0,0,0,0,0,0,0,0,0
10712,2,1,1999,0,0,12,0,0,0,6,0,0,0
10713,0,1,1999,0,36,17,19,22,20,21,22,16,18
10713,1,1,1999,0,0,0,8,0,0,0,0,0,0
10714,1,1,1999,0,0,0,0,0,0,0,0,0,0
10715,1,1,1999,13,17,25,15,26,14,24,20,19,0
10716,1,1,1999,11,0,15,0,0,0,0,0,27,0
10716,2,1,1999,0,0,0,0,0,0,0,0,0,0
10717,1,1,1999,27,20,18,19,40,13,24,20,13,15
10718,1,1,1999,0,0,0,0,0,0,3,0,0,0
10719,1,1,1999,18,26,50,20,18,5,17,46,21,23
10720,1,1,1999,0,0,0,0,0,0,0,0,0,0
10721,1,1,1999,22,11,25,24,16,6,3,3,18,0
10721,2,1,1999,0,0,0,0,0,0,0,0,0,0
10722,1,1,1999,2,18,19,18,17,29,25,4,10,26
10723,1,1,1999,0,0,0,0,0,0,0,0,0,0
10723,2,1,1999,0,0,0,0,0,0,0,0,0,0
10723,3,1,1999,0,0,0,0,0,0,0,0,0,0
10723,4,1,1999,0,0,0,0,0,0,0,0,0,0
10724,1,1,1999,4,8,0,0,16,45,8,33,14,10
10724,2,1,1999,0,0,0,0,0,0,0,0,0,0
10725,1,1,1999,13,13,28,18,18,19,18,17,5,19
10726,1,1,1999,0,0,0,0,0,0,0,0,0,0
10726,2,1,1999,0,0,0,0,0,0,0,0,0,0
10727,1,1,1999,0,0,25,0,0,0,0,14,0,0
10728,1,1,1999,0,0,0,0,0,0,0,0,0,0
10728,2,1,1999,0,0,0,0,0,0,0,0,0,0
10729,0,1,1999,22,0,24,15,0,11,0,4,30,16
10729,1,1,1999,0,15,0,0,0,0,0,0,0,0
10730,1,1,1999,0,16,0,0,0,0,0,13,0,0
10730,2,1,1999,5,0,0,0,0,0,0,0,0,0
10730,3,1,1999,0,0,0,0,0,0,0,0,0,0
10731,1,1,1999,0,0,0,0,0,0,0,0,0,0
10732,1,1,1999,15,16,25,28,26,6,30,12,24,38
10733,1,1,1999,0,0,0,0,0,0,0,0,0,0
10734,1,1,1999,0,0,0,0,0,0,0,0,0,0
10734,2,1,1999,0,0,0,0,0,0,0,0,0,0
10734,3,1,1999,0,0,0,0,0,0,0,0,0,0
10735,1,1,1999,0,0,0,0,0,0,0,0,0,0
10735,2,1,1999,0,0,0,0,0,0,0,0,0,0
10736,1,1,1999,0,0,23,0,0,0,0,0,0,0
10737,1,1,1999,0,0,0,0,0,0,0,0,0,0
10737,2,1,1999,0,0,0,0,0,0,0,0,0,0
10739,1,1,1999,0,0,0,15,21,26,35,0,25,18
10739,2,1,1999,36,18,35,0,26,0,0,0,20,0
10739,3,1,1999,0,28,14,6,20,14,0,0,0,22
10740,0,1,1999,21,0,19,0,21,0,0,16,7,0
10740,1,1,1999,15,15,15,15,15,15,15,15,15,15
10741,0,1,1999,0,0,0,0,0,21,0,25,0,0
10741,1,1,1999,0,0,0,16,0,0,0,0,0,0
10742,1,1,1999,0,0,0,0,0,0,0,0,0,0
10743,0,1,1999,0,0,0,0,0,11,22,0,10,23
10743,1,1,1999,0,0,0,0,0,0,0,0,0,0
10744,1,1,1999,0,0,0,0,0,0,0,0,0,0
10744,2,1,1999,0,0,0,0,0,0,0,0,0,0
10745,1,1,1999,0,0,0,0,0,0,0,0,0,0
10745,2,1,1999,0,0,0,0,0,0,0,0,0,0
10746,1,1,1999,0,0,0,0,0,0,0,0,0,0
10746,2,1,1999,10,0,0,0,0,0,0,0,0,0
10746,3,1,1999,0,0,0,0,0,0,0,0,0,0
10747,1,1,1999,43,13,8,0,9,15,10,10,0,0
10747,2,1,1999,0,0,0,0,0,0,0,0,0,0
10748,1,1,1999,0,0,0,0,0,0,0,0,0,0
10749,1,1,1999,29,0,29,0,19,24,43,24,24,0
10750,0,1,1999,0,0,0,0,0,0,0,0,12,0
10750,1,1,1999,0,0,0,0,0,0,0,0,0,0
10751,1,1,1999,9,0,0,0,0,0,0,0,25,0
10751,2,1,1999,0,0,0,0,0,0,0,0,0,0
10751,3,1,1999,0,0,0,0,0,0,0,0,0,0
10752,1,1,1999,6,0,8,6,12,11,6,9,31,8
10753,0,1,1999,0,0,0,0,24,0,24,0,22,0
10753,1,1,1999,0,0,0,0,0,0,16,0,0,0
10754,1,1,1999,8,10,18,17,4,10,11,25,13,0
10754,2,1,1999,0,0,18,0,14,0,0,0,0,0
10755,1,1,1999,0,0,20,0,0,0,0,0,0,0
10755,2,1,1999,0,0,0,0,0,0,0,0,0,0
10756,1,1,1999,0,0,0,0,0,0,0,0,0,0
10757,0,1,1999,0,0,17,0,0,0,16,0,0,48
10757,1,1,1999,0,0,0,0,0,0,0,0,0,0
10758,1,1,1999,0,0,0,0,0,0,0,0,0,0
10758,2,1,1999,9,0,0,0,0,0,0,0,0,0
10759,1,1,1999,0,0,0,0,0,0,0,0,0,0
10759,2,1,1999,0,0,0,0,0,0,0,0,0,0
10759,3,1,1999,0,0,0,0,0,0,0,0,0,0
10760,1,1,1999,0,0,0,0,0,21,0,0,0,0
10760,2,1,1999,0,0,0,0,0,0,0,0,0,0
10761,1,1,1999,0,0,0,0,0,0,0,0,0,0
10761,2,1,1999,0,0,0,0,0,0,0,0,0,0
10761,3,1,1999,38,0,19,0,0,0,31,12,0,0
10762,1,1,1999,0,0,0,0,0,0,0,0,0,0
10762,2,1,1999,8,0,0,28,0,0,0,15,0,0
10763,1,1,1999,0,0,0,0,0,0,0,0,0,0
10764,1,1,1999,0,0,0,0,0,0,0,0,0,0
10764,2,1,1999,0,5,0,0,0,20,0,0,0,0
10765,1,1,1999,0,0,0,0,0,0,0,0,0,0
10765,2,1,1999,0,0,0,0,0,0,0,0,0,0
10766,1,1,1999,0,0,0,0,0,0,0,0,0,0
10766,2,1,1999,0,0,0,0,0,0,0,10,0,0
10767,0,1,1999,0,0,0,0,0,0,0,0,0,0
10767,0,2,1999,0,0,0,0,0,0,0,0,0,0
10767,0,3,1999,0,0,0,0,0,0,0,0,0,0
10767,1,1,1999,0,0,0,0,0,0,0,0,0,0
10768,1,1,1999,16,0,0,0,0,0,0,0,0,0
10768,2,1,1999,0,0,0,0,0,0,0,10,0,0
10769,1,1,1999,0,0,0,0,0,0,0,0,0,0
10769,2,1,1999,0,0,0,0,0,0,0,0,0,0
10770,1,1,1999,0,18,0,0,0,0,0,0,0,0
10770,2,1,1999,0,0,0,0,0,0,0,0,0,0
10771,1,1,1999,0,0,0,0,0,0,0,0,18,0
10771,2,1,1999,0,0,0,0,0,0,17,0,0,0
10772,0,1,1999,12,0,0,0,0,0,0,0,0,18
10772,1,1,1999,0,0,0,9,0,0,0,0,0,0
10773,1,1,1999,0,0,0,0,0,0,0,0,0,0
10773,2,1,1999,0,0,0,0,0,4,0,0,0,0
10774,1,1,1999,8,8,8,8,8,8,8,8,8,8
10775,1,1,1999,12,12,12,12,12,12,12,12,12,12
10776,0,1,1999,0,0,0,0,28,0,0,22,0,27
10776,1,1,1999,0,0,0,0,0,0,0,0,0,0
10777,1,1,1999,0,12,12,10,23,5,19,19,15,21
10778,1,1,1999,0,0,0,0,0,0,14,0,0,0
10778,2,1,1999,0,0,0,0,0,0,0,0,0,0
10779,1,1,1999,0,0,0,0,11,0,0,0,23,0
10780,1,1,1999,0,0,0,0,17,25,0,0,28,0
10781,1,1,1999,0,11,0,0,0,0,23,0,0,0
10782,1,1,1999,0,15,0,0,0,12,0,23,0,15
10783,1,1,1999,0,0,0,0,0,0,0,0,0,0
10784,1,1,1999,7,24,7,10,19,10,30,31,23,15
10785,1,1,1999,19,33,0,14,35,18,12,12,15,28
10785,2,1,1999,0,0,0,0,0,0,0,0,0,0
10785,3,1,1999,0,0,0,0,0,0,0,0,0,0
10786,1,1,1999,0,0,0,0,0,0,0,0,0,0
10786,2,1,1999,0,0,0,0,0,0,0,0,0,0
10787,1,1,1999,17,0,22,10,8,9,8,32,13,17
10788,1,1,1999,0,0,0,16,0,22,0,0,0,0
10789,1,1,1999,16,15,49,15,10,13,0,19,17,23
10790,1,1,1999,20,18,6,0,15,11,35,17,0,12
10791,1,1,1999,20,0,0,26,0,0,18,26,0,19
10792,1,1,1999,0,0,0,0,0,0,0,0,0,2
10793,1,1,1999,0,0,33,0,11,13,30,0,0,0
10794,1,1,1999,0,0,0,0,0,0,0,0,0,0
10794,2,1,1999,0,0,0,0,0,0,0,0,0,0
10795,1,1,1999,20,20,20,20,20,20,20,20,20,20
10796,1,1,1999,27,18,0,0,3,20,0,0,16,18
10797,1,1,1999,0,0,0,0,0,0,0,0,0,0
10797,2,1,1999,0,0,0,0,0,0,0,0,0,0
10798,1,1,1999,0,0,0,0,0,0,0,0,0,0
10798,2,1,1999,0,0,0,0,0,0,0,0,0,0
10798,3,1,1999,0,0,0,0,0,0,0,0,15,0
10799,1,1,1999,0,7,18,22,0,0,0,0,0,28
10799,2,1,1999,0,15,0,0,0,0,0,0,0,0
10800,1,1,1999,0,19,15,15,16,19,17,18,15,11
10800,2,1,1999,0,0,0,0,0,0,0,0,0,0
10801,1,1,1999,0,0,0,0,0,0,0,0,0,0
10802,1,1,1999,33,24,38,18,12,5,18,12,41,13
10803,1,1,1999,0,0,0,0,0,0,0,0,0,0
10804,1,1,1999,0,0,0,0,0,0,0,0,11,0
10804,2,1,1999,0,0,0,0,0,0,0,0,0,0
10805,1,1,1999,0,13,0,20,0,0,0,0,0,0
10806,1,1,1999,0,0,0,13,0,25,0,0,19,0
10807,1,1,1999,0,0,0,0,0,0,0,0,0,0
10807,2,1,1999,0,0,0,0,0,0,0,0,0,0
10808,1,1,1999,0,0,0,3,19,0,0,0,0,0
10809,1,1,1999,10,36,34,19,11,15,22,0,0,23
10810,1,1,1999,0,9,0,0,12,28,0,0,0,0
10811,1,1,1999,26,17,24,8,7,17,0,12,41,26
10811,2,1,1999,0,0,13,3,0,0,0,0,0,0
10812,1,1,1999,0,0,0,0,0,0,0,0,12,0
10813,1,1,1999,0,0,0,27,0,0,0,0,0,0
10813,2,1,1999,0,0,0,0,0,0,0,0,0,0
10814,0,1,1999,8,0,0,0,25,0,11,0,0,8
10815,1,1,1999,0,0,0,0,0,0,0,0,0,0
10816,1,1,1999,15,8,9,8,7,9,15,7,13,16
10817,1,1,1999,48,45,21,23,13,23,26,39,10,19
10818,1,1,1999,0,0,0,0,0,0,0,0,0,0
10818,2,1,1999,0,9,0,0,0,0,0,0,0,0
10818,3,1,1999,0,0,0,0,0,0,0,0,0,0
10819,1,1,1999,27,0,6,34,16,8,19,8,21,9
10820,1,1,1999,13,11,11,32,8,25,15,2,17,14
10820,2,1,1999,0,0,0,0,0,15,0,0,0,0
10821,1,1,1999,0,0,0,0,0,0,0,0,0,0
10822,1,1,1999,0,0,0,0,0,0,0,0,0,0
10822,2,1,1999,0,0,0,0,0,0,0,0,0,0
10823,1,1,1999,19,18,14,9,0,0,19,25,11,21
10824,1,1,1999,0,0,0,0,0,0,0,0,0,0
10825,1,1,1999,31,9,28,27,24,24,0,18,24,20
10825,2,1,1999,18,0,0,0,0,0,0,0,0,0
10826,1,1,1999,0,0,0,0,0,0,0,0,0,0
10826,2,1,1999,0,0,0,0,0,0,0,0,0,0
10827,1,1,1999,23,23,23,23,23,23,23,23,23,23
10828,1,1,1999,11,16,43,20,13,7,16,23,10,29
10828,2,1,1999,44,0,0,6,10,0,30,23,13,0
10829,1,1,1999,19,0,0,0,0,0,19,0,0,0
10830,1,1,1999,0,0,0,0,0,0,0,0,0,0
10830,2,1,1999,0,0,0,0,0,0,0,0,0,0
10831,1,1,1999,0,0,0,12,0,0,0,0,0,0
10832,1,1,1999,0,0,0,0,0,0,0,0,0,0
10832,2,1,1999,0,0,0,0,0,0,0,0,0,0
10833,1,1,1999,6,0,0,0,0,0,0,0,0,0
10834,1,1,1999,11,22,15,17,20,23,5,0,13,15
10835,1,1,1999,32,26,35,16,15,0,27,23,18,18
10836,1,1,1999,0,0,0,0,0,0,0,0,0,0
10836,2,1,1999,0,0,0,0,0,0,0,0,0,0
10837,1,1,1999,6,38,16,19,14,17,19,25,31,14
10838,1,1,1999,0,17,0,0,0,0,0,0,0,0
10839,1,1,1999,0,0,0,0,0,0,0,0,0,0
10840,1,1,1999,0,0,0,0,0,0,0,0,0,0
10840,2,1,1999,0,17,0,0,0,0,0,23,0,39
10841,1,1,1999,0,0,0,0,0,0,0,0,0,0
10841,2,1,1999,0,0,0,0,0,0,0,0,0,0
10842,1,1,1999,0,0,0,0,0,0,0,0,0,0
10843,1,1,1999,0,0,0,0,0,0,0,0,0,0
10843,2,1,1999,0,0,0,0,0,0,0,0,0,0
10843,3,1,1999,0,0,0,0,0,0,0,0,0,0
10844,1,1,1999,20,20,22,6,17,25,20,6,24,27
10845,1,1,1999,0,0,0,0,0,0,0,0,0,0
10846,1,1,1999,21,21,21,21,21,21,21,21,21,21
10847,0,1,1999,7,0,0,0,0,0,0,0,0,0
10847,1,1,1999,0,0,0,0,0,0,0,0,0,0
10848,1,1,1999,0,14,0,0,0,0,0,0,0,0
10849,1,1,1999,0,0,12,0,28,0,0,0,0,15
10849,2,1,1999,0,0,0,0,0,0,0,0,10,0
10850,1,1,1999,0,0,0,0,0,0,0,0,0,0
10850,2,1,1999,0,0,0,0,0,0,0,0,0,0
10851,1,1,1999,0,3,0,0,20,17,0,0,0,0
10852,1,1,1999,0,0,0,0,0,0,0,0,0,0
10852,2,1,1999,11,0,16,0,7,4,11,0,15,0
10853,1,1,1999,18,0,0,0,0,8,0,0,0,0
10854,1,1,1999,8,6,28,9,0,16,13,5,12,0
10855,1,1,1999,18,0,12,13,12,22,0,9,19,19
10855,2,1,1999,0,0,0,0,0,0,0,0,0,0
10856,1,1,1999,0,0,0,0,0,0,0,0,0,0
10856,2,1,1999,0,0,0,14,5,0,0,0,0,0
10857,1,1,1999,0,0,0,0,0,16,0,0,15,0
10857,2,1,1999,0,0,0,0,0,0,0,0,0,0
10857,3,1,1999,0,0,0,0,0,0,0,0,0,0
10857,4,1,1999,0,0,0,0,0,0,0,0,0,0
10858,1,1,1999,0,6,0,0,0,10,0,0,0,0
10859,1,1,1999,0,32,0,0,0,34,0,0,9,10
10860,1,1,1999,13,0,0,0,0,0,0,0,0,0
10860,2,1,1999,11,0,0,0,0,7,0,9,0,0
10861,1,1,1999,0,0,0,0,0,0,0,0,0,0
10861,2,1,1999,0,0,0,0,0,0,0,0,0,0
10861,3,1,1999,0,0,0,0,0,0,0,0,0,0
10861,4,1,1999,0,0,0,0,0,0,0,0,0,0
10862,0,1,1999,9,39,15,6,9,6,11,9,18,20
10862,1,1,1999,0,0,0,8,0,0,0,0,0,0
10863,1,1,1999,0,0,0,0,0,0,0,0,0,0
10863,2,1,1999,0,0,0,0,0,0,0,0,0,0
10864,1,1,1999,0,0,0,0,0,0,0,0,0,0
10864,2,1,1999,0,0,0,0,0,0,0,0,0,0
10865,0,1,1999,23,24,46,14,26,21,17,25,13,10
10865,1,1,1999,0,0,0,0,0,0,0,0,0,0
10866,1,1,1999,0,0,0,0,0,0,0,0,0,0
10867,1,1,1999,0,0,0,0,0,0,0,0,0,0
10868,1,1,1999,0,0,0,0,0,0,0,0,0,0
10868,2,1,1999,0,0,0,0,0,0,0,0,0,0
10869,1,1,1999,0,0,0,0,0,0,0,0,0,0
10869,2,1,1999,8,0,0,0,0,5,0,0,0,0
10870,1,1,1999,12,15,0,20,16,18,24,19,9,9
10871,1,1,1999,0,0,7,0,0,16,0,0,0,0
10872,1,1,1999,0,0,7,0,10,0,0,0,0,0
10872,2,1,1999,0,0,0,0,0,0,0,0,0,0
10873,1,1,1999,0,0,0,0,0,0,0,0,0,0
10873,2,1,1999,0,0,4,0,0,0,0,0,0,0
10873,3,1,1999,0,0,0,0,0,0,0,0,0,0
10874,1,1,1999,0,20,27,0,28,0,24,0,12,0
10875,0,1,1999,0,0,0,0,0,0,0,0,0,0
10875,1,1,1999,0,0,0,7,0,0,0,0,0,0
10876,1,1,1999,0,0,0,0,0,0,0,0,0,0
10876,2,1,1999,0,0,0,0,0,0,0,0,0,0
10877,1,1,1999,0,0,0,16,0,19,0,0,0,19