ST_CASE,VEH_NO,PER_NO,YEAR,P1,P2,P3,P4,P5,P6,P7,P8,P9,P10
10877,2,1,1999,0,0,0,0,0,0,0,0,0,0
10877,3,1,1999,13,16,13,11,0,10,21,27,25,0
10878,1,1,1999,0,0,0,0,0,0,0,0,0,0
10879,1,1,1999,23,25,24,18,26,22,15,18,17,36
10880,1,1,1999,0,0,0,0,0,0,0,0,0,0
10880,2,1,1999,0,0,0,0,0,0,0,0,0,0
10881,1,1,1999,25,16,24,15,13,40,4,15,18,19
10882,1,1,1999,0,0,0,0,0,0,0,9,0,0
10882,2,1,1999,0,0,0,0,0,0,0,0,0,0
10883,1,1,1999,0,0,12,26,26,29,19,25,16,34
10884,1,1,1999,0,0,0,0,0,0,0,0,0,0
10884,2,1,1999,0,0,0,0,0,0,0,0,0,0
10885,1,1,1999,0,0,0,14,0,0,0,0,31,0
10886,1,1,1999,15,14,14,10,14,15,12,12,7,0
10887,1,1,1999,0,16,0,0,0,0,0,0,0,0
10888,1,1,1999,0,0,0,0,0,0,0,0,0,0
10888,2,1,1999,0,0,0,0,0,0,0,0,0,0
10889,1,1,1999,9,9,27,11,17,25,22,14,0,14
10890,1,1,1999,0,0,0,0,0,0,0,19,0,0
10891,1,1,1999,21,21,21,21,21,21,21,21,21,21
10892,1,1,1999,0,0,0,0,0,23,0,0,0,0
10892,2,1,1999,0,0,0,0,0,0,0,0,0,0
10893,1,1,1999,0,0,0,0,0,0,0,0,0,0
10893,2,1,1999,0,0,0,0,0,0,0,0,0,0
10894,1,1,1999,0,0,0,0,7,0,0,0,0,0
10895,1,1,1999,24,0,0,0,0,0,0,0,0,0
10896,1,1,1999,0,0,0,0,0,0,13,0,0,0
10896,2,1,1999,0,0,0,0,0,0,0,0,0,0
10897,1,1,1999,22,24,23,23,17,8,16,12,0,27
10898,1,1,1999,8,2,25,10,15,9,21,11,21,0
10898,2,1,1999,15,0,0,0,0,0,0,0,0,0
10899,1,1,1999,16,17,13,13,19,10,32,4,36,16
10900,1,1,1999,21,21,21,21,21,21,21,21,21,21
10901,1,1,1999,0,0,0,26,0,0,0,0,0,0
10901,2,1,1999,0,0,0,0,0,0,0,0,0,0
10902,1,1,1999,0,0,0,0,0,0,6,0,0,0
10902,2,1,1999,0,0,0,0,0,0,0,0,0,0
10902,3,1,1999,0,0,0,0,0,0,0,0,0,0
10903,1,1,1999,37,8,14,9,16,17,16,0,0,40
10904,0,1,1999,0,0,0,0,0,0,0,0,0,0
10904,1,1,1999,0,0,0,0,0,0,0,0,0,0
10905,1,1,1999,0,0,0,0,0,0,0,0,12,0
10905,2,1,1999,0,0,0,0,0,0,0,0,0,0
10906,1,1,1999,4,20,28,19,12,13,6,13,18,4
10907,1,1,1999,0,0,0,0,0,0,0,0,0,0
10907,2,1,1999,0,0,0,0,0,0,0,0,0,0
10908,1,1,1999,0,0,0,0,0,0,0,0,0,0
10908,2,1,1999,0,0,0,0,0,0,0,0,0,0
10909,1,1,1999,0,0,0,0,0,0,0,0,0,0
10910,1,1,1999,0,0,0,12,0,0,24,0,18,0
10911,1,1,1999,0,0,0,0,0,0,0,0,0,0
10911,2,1,1999,0,0,0,0,0,0,0,0,0,0
10912,1,1,1999,0,0,0,0,0,0,0,0,0,0
10913,1,1,1999,0,0,0,0,0,0,10,0,0,0
10913,2,1,1999,0,0,0,0,0,0,0,0,0,0
10914,1,1,1999,13,3,17,0,0,19,7,14,0,0
10915,0,1,1999,4,12,10,10,4,0,10,8,7,18
10915,1,1,1999,0,0,0,0,9,0,0,0,0,0
10916,0,1,1999,0,0,0,0,0,0,0,0,0,0
10916,1,1,1999,7,7,7,7,7,7,7,7,7,7
10917,1,1,1999,0,0,0,0,0,0,7,0,0,0
10917,2,1,1999,0,0,0,0,0,0,0,0,0,0
10918,1,1,1999,25,0,0,11,6,7,0,15,0,29
10919,0,1,1999,0,0,19,0,0,0,0,0,0,0
10919,1,1,1999,0,0,0,0,0,0,0,0,0,0
10920,1,1,1999,0,0,0,0,0,11,0,0,0,0
10920,2,1,1999,0,14,23,0,0,0,7,9,9,0
10921,1,1,1999,0,0,0,0,0,0,0,0,0,0
10921,2,1,1999,0,0,0,0,0,0,0,0,0,0
10922,1,1,1999,11,2,6,10,7,20,18,18,12,14
10922,2,1,1999,0,0,0,0,0,0,0,0,0,0
10923,1,1,1999,0,0,0,0,0,0,0,0,0,0
10923,2,1,1999,0,0,0,0,25,0,0,0,0,0
10924,1,1,1999,17,0,0,0,22,14,9,20,0,12
10924,2,1,1999,0,0,0,0,0,0,0,0,0,0
10925,1,1,1999,0,19,0,0,0,0,6,0,0,0
10925,2,1,1999,0,0,0,0,0,0,0,0,0,0
10926,1,1,1999,0,0,0,0,0,0,0,0,0,0
10927,1,1,1999,0,0,0,0,0,0,0,0,0,0
10927,2,1,1999,24,0,0,0,0,28,0,11,0,0
10928,1,1,1999,0,0,0,0,0,0,17,0,0,0
10928,2,1,1999,0,0,0,0,0,0,0,0,0,0
10929,1,1,1999,29,29,29,29,29,29,29,29,29,29
10929,2,1,1999,0,0,0,0,0,0,0,0,11,0
10930,1,1,1999,0,0,0,0,0,0,0,0,0,0
10931,1,1,1999,0,0,0,0,0,0,0,0,0,0
10931,2,1,1999,0,0,0,0,0,0,0,0,17,0
10932,1,1,1999,0,0,0,0,0,0,0,0,0,0
10932,2,1,1999,0,0,0,0,10,0,0,0,0,0
10933,1,1,1999,0,0,0,0,0,0,0,0,0,0
10933,2,1,1999,0,0,0,0,6,0,0,0,0,0
10934,1,1,1999,0,0,0,0,0,0,0,0,21,0
10934,2,1,1999,0,0,0,0,0,0,0,0,0,0
10935,1,1,1999,0,0,0,0,0,0,0,0,0,0
10936,1,1,1999,8,9,11,23,22,27,43,23,14,10
10936,2,1,1999,0,29,0,0,0,0,0,0,0,0
10937,1,1,1999,0,12,20,35,16,9,0,0,0,0
10938,0,1,1999,28,0,0,0,0,0,29,0,0,19
10938,1,1,1999,0,0,0,0,0,0,0,0,0,0
10939,1,1,1999,22,10,15,25,14,10,17,12,12,22
10940,1,1,1999,0,0,0,0,0,0,0,0,0,19
10940,2,1,1999,0,0,0,0,0,7,0,0,0,0
10941,1,1,1999,0,0,0,0,0,0,26,0,0,16
10942,1,1,1999,0,0,0,0,0,0,0,0,0,0
10942,2,1,1999,0,0,0,0,0,0,0,0,0,0
10943,1,1,1999,12,12,12,12,12,12,12,12,12,12
10943,2,1,1999,0,0,0,0,0,0,0,0,0,0
10943,3,1,1999,0,0,0,0,0,0,0,0,0,0
10944,1,1,1999,0,0,0,0,0,0,0,0,0,0
10944,2,1,1999,0,0,0,0,0,0,26,0,0,0
10945,1,1,1999,2,5,0,0,0,0,0,0,6,0
10945,2,1,1999,0,0,0,22,0,9,0,0,0,0
10946,1,1,1999,0,0,0,0,0,12,20,0,0,0
10947,1,1,1999,29,14,23,30,16,28,18,20,15,28
10948,1,1,1999,18,33,0,12,0,0,0,23,0,13
10948,2,1,1999,0,0,0,0,0,0,0,0,0,0
10949,1,1,1999,4,0,31,19,23,28,16,0,8,0
10950,1,1,1999,0,0,0,0,19,0,0,0,0,0
10950,2,1,1999,0,0,0,0,0,0,0,0,0,0
10951,1,1,1999,10,4,11,24,18,23,29,12,21,17
10952,1,1,1999,0,0,0,0,0,0,0,0,0,0
10952,2,1,1999,0,0,0,0,0,13,0,0,0,0
10953,1,1,1999,0,0,0,23,21,0,0,0,0,0
10953,2,1,1999,0,21,0,0,0,0,0,0,0,0
10954,1,1,1999,0,0,0,0,0,0,0,0,0,0
10954,2,1,1999,0,0,0,0,0,0,0,0,0,0
10955,1,1,1999,0,15,0,0,12,0,10,0,0,6
10956,1,1,1999,16,15,18,23,24,7,6,31,41,17
10957,1,1,1999,14,22,21,14,15,23,30,4,20,24
10958,0,1,1999,0,0,0,0,0,21,16,25,0,19
10958,1,1,1999,15,15,15,15,15,15,15,15,15,15
10959,1,1,1999,0,0,0,0,6,0,0,0,0,0
10959,2,1,1999,7,12,0,0,9,15,21,0,0,32
10960,1,1,1999,21,17,24,15,0,12,23,6,9,22
10961,1,1,1999,11,11,11,11,11,11,11,11,11,11
10962,0,1,1999,0,0,0,0,0,0,0,0,0,0
10962,1,1,1999,0,0,0,0,0,0,6,0,0,0
10963,0,1,1999,0,0,0,0,0,0,0,0,0,0
10963,1,1,1999,0,0,0,0,0,0,0,0,0,0
10964,0,1,1999,0,0,0,0,0,0,0,0,0,0
10964,1,1,1999,0,0,0,0,0,0,0,0,0,0
10965,1,1,1999,0,0,0,0,0,0,0,0,0,0
10966,1,1,1999,0,22,0,0,0,0,18,0,0,26
10966,2,1,1999,0,0,0,0,0,0,0,0,0,0
10967,1,1,1999,0,0,0,11,0,19,0,0,8,0
10968,1,1,1999,0,0,0,0,0,0,0,0,0,0
10968,2,1,1999,0,0,0,0,0,0,0,0,0,0
10969,1,1,1999,0,0,0,0,0,0,0,0,0,0
10969,2,1,1999,0,0,0,0,0,0,0,0,0,0
10970,1,1,1999,0,0,0,0,0,0,0,0,0,15
10971,1,1,1999,0,11,32,0,36,9,0,21,0,17
10972,1,1,1999,34,34,34,34,34,34,34,34,34,34
10973,1,1,1999,0,0,0,0,0,0,0,0,0,0
10973,2,1,1999,0,0,0,0,0,0,0,0,0,0
10974,1,1,1999,0,0,0,0,0,0,0,0,0,0
10974,2,1,1999,0,0,0,0,0,0,0,0,0,0
10975,1,1,1999,0,0,0,0,0,0,0,0,0,0
10975,2,1,1999,0,0,0,0,0,0,0,0,0,0
10976,0,1,1999,0,30,29,18,27,15,0,13,18,11
10976,1,1,1999,0,3,0,0,20,0,0,0,0,0
10977,1,1,1999,0,0,0,0,0,0,22,0,7,0
10977,2,1,1999,0,0,0,0,0,0,0,0,0,0
10978,1,1,1999,5,32,0,0,12,0,25,0,17,20
10978,2,1,1999,0,0,0,0,0,0,14,0,0,0
10979,0,1,1999,0,0,0,24,0,0,0,0,19,0
10979,1,1,1999,0,0,0,0,0,0,0,0,0,0
10980,1,1,1999,0,29,8,26,0,13,0,17,37,9
10980,2,1,1999,0,0,0,0,0,0,0,0,0,0
10981,1,1,1999,19,22,23,0,9,18,14,26,18,22
10982,0,1,1999,0,8,9,22,7,0,13,0,20,20
10982,1,1,1999,20,27,15,15,8,12,10,18,15,0
10983,1,1,1999,0,0,0,0,0,0,0,0,7,0
10983,2,1,1999,0,0,0,0,0,0,0,0,0,0
10984,1,1,1999,0,31,8,56,0,19,0,0,0,18
10985,1,1,1999,0,0,0,0,0,0,0,0,0,0
10985,2,1,1999,0,0,0,0,0,0,0,0,0,0
10986,1,1,1999,0,0,0,0,0,0,0,0,0,0
10986,2,1,1999,0,0,0,0,0,0,0,0,0,0
10987,0,1,1999,20,32,31,12,20,22,30,16,13,18
10987,1,1,1999,0,0,0,0,0,8,0,0,0,10
10988,1,1,1999,0,0,0,0,10,10,0,22,0,17
10988,2,1,1999,0,0,0,0,0,0,0,0,0,0
10988,3,1,1999,0,0,0,0,0,0,0,0,0,0
10989,1,1,1999,0,0,0,0,0,9,22,0,0,0
10989,2,1,1999,0,0,0,0,0,0,0,0,0,0
10990,1,1,1999,20,0,12,6,2,22,16,22,9,23
10990,2,1,1999,0,0,0,0,0,0,0,0,0,0
10991,1,1,1999,0,0,0,3,0,0,0,0,0,0
10991,2,1,1999,0,0,0,0,0,0,0,0,0,0
10992,1,1,1999,0,25,0,4,0,0,0,18,0,0
10993,1,1,1999,1,1,1,1,1,1,1,1,1,1
10993,2,1,1999,7,7,7,7,7,7,7,7,7,7
10994,1,1,1999,39,24,18,26,13,18,25,21,16,24
20001,0,1,1999,17,17,17,17,17,17,17,17,17,17
20001,1,1,1999,21,21,21,21,21,21,21,21,21,21
20002,1,1,1999,0,0,0,0,0,0,0,0,0,0
20002,2,1,1999,0,0,0,0,0,0,0,0,0,0
20003,1,1,1999,22,22,22,22,22,22,22,22,22,22
20003,2,1,1999,0,0,0,17,0,0,0,0,0,0
20004,1,1,1999,0,0,0,0,0,0,0,0,0,0
20004,2,1,1999,0,0,0,0,0,0,0,0,0,0
20005,1,1,1999,32,32,32,32,32,32,32,32,32,32
20005,2,1,1999,0,0,0,0,0,0,0,0,0,0
20006,1,1,1999,0,0,0,0,0,0,0,0,0,0
20006,2,1,1999,0,0,0,0,0,0,0,0,0,0
20007,1,1,1999,22,22,22,22,22,22,22,22,22,22
20007,2,1,1999,0,0,0,0,0,0,0,0,0,0
20008,1,1,1999,0,0,0,0,0,0,0,0,0,0
20008,2,1,1999,0,0,0,0,0,0,0,0,0,0
20009,1,1,1999,0,0,0,0,0,0,0,0,0,0
20009,2,1,1999,0,0,0,0,0,0,0,0,0,0
20010,1,1,1999,18,38,22,0,22,14,0,9,0,0
20011,1,1,1999,0,0,0,0,0,0,0,0,0,0
20011,2,1,1999,0,0,0,2,0,0,0,0,0,0
20012,1,1,1999,13,13,13,13,13,13,13,13,13,13
20013,1,1,1999,0,0,0,0,0,0,0,0,0,0
20014,1,1,1999,0,0,0,0,0,0,0,0,0,0
20014,2,1,1999,0,0,0,0,0,0,0,0,0,0
20015,0,1,1999,19,19,19,19,19,19,19,19,19,19
20015,1,1,1999,3,3,3,3,3,3,3,3,3,3
20016,1,1,1999,8,8,8,8,8,8,8,8,8,8
20017,1,1,1999,0,0,0,0,0,0,0,0,0,0
20018,1,1,1999,0,0,0,0,0,0,0,0,0,0
20019,0,1,1999,0,0,0,0,0,0,0,0,0,0
20019,1,1,1999,0,0,0,0,0,0,0,0,0,0
20020,1,1,1999,0,0,0,0,0,0,7,0,0,0
20021,1,1,1999,8,8,8,8,8,8,8,8,8,8
20021,2,1,1999,0,0,0,0,0,0,2,0,0,15
20022,1,1,1999,14,14,14,14,14,14,14,14,14,14
20022,2,1,1999,0,0,0,0,0,0,0,0,0,0
20023,1,1,1999,27,27,27,27,27,27,27,27,27,27
20024,1,1,1999,0,0,0,0,0,0,0,0,0,0
20024,2,1,1999,14,18,34,2,17,10,0,12,30,23
20025,1,1,1999,3,3,3,3,3,3,3,3,3,3
20025,2,1,1999,0,0,0,0,0,0,0,11,0,0
20026,1,1,1999,16,15,0,22,0,17,11,14,19,15
20027,1,1,1999,0,0,0,0,0,0,0,0,0,0
20027,2,1,1999,0,0,0,0,0,0,0,0,0,0
20028,1,1,1999,0,0,0,0,0,0,0,0,0,0
20029,1,1,1999,19,35,13,0,0,13,21,0,15,0
20030,1,1,1999,32,32,32,32,32,32,32,32,32,32
20030,2,1,1999,0,0,0,0,0,0,0,0,0,0
20031,1,1,1999,23,16,15,3,14,33,25,26,23,30
20032,1,1,1999,2,2,2,2,2,2,2,2,2,2
20032,2,1,1999,2,2,2,2,2,2,2,2,2,2
20033,1,1,1999,0,0,13,15,11,14,0,17,0,24
20034,1,1,1999,13,13,13,13,13,13,13,13,13,13
20034,2,1,1999,0,0,0,0,0,0,0,0,0,0
20035,1,1,1999,25,25,25,25,25,25,25,25,25,25
20036,1,1,1999,0,0,0,0,0,0,0,0,0,0
20037,1,1,1999,0,0,0,0,0,0,0,0,0,0
20037,2,1,1999,0,0,0,0,0,0,0,0,0,0
20038,0,1,1999,30,30,30,30,30,30,30,30,30,30
20038,1,1,1999,0,0,0,0,0,0,0,0,0,0
20039,0,1,1999,0,0,0,0,0,0,0,0,0,0
20039,1,1,1999,0,0,0,0,0,0,0,0,0,0
20040,1,1,1999,28,28,28,28,28,28,28,28,28,28
20041,1,1,1999,5,5,5,5,5,5,5,5,5,5
20041,2,1,1999,0,0,0,0,0,0,0,0,0,0
20042,1,1,1999,0,0,0,0,0,0,0,0,0,0
20042,2,1,1999,0,0,0,0,0,0,0,0,0,3
20042,3,1,1999,0,4,0,0,0,12,0,21,0,0
20043,1,1,1999,21,21,21,21,21,21,21,21,21,21
20043,2,1,1999,0,0,0,0,0,0,0,0,0,0
20044,1,1,1999,0,0,0,0,0,0,0,0,0,0
20045,1,1,1999,0,0,0,0,0,0,0,0,0,0
20047,1,1,1999,25,25,25,25,25,25,25,25,25,25
20048,1,1,1999,0,0,0,0,0,20,0,0,0,0
20049,0,1,1999,0,0,0,0,0,0,0,0,0,0
20049,1,1,1999,14,14,14,14,14,14,14,14,14,14
20050,1,1,1999,0,0,10,0,0,0,0,0,0,0
20050,2,1,1999,0,0,0,0,0,0,0,0,0,0
20051,1,1,1999,9,8,32,17,4,25,23,0,0,0
20052,0,1,1999,0,0,0,0,0,0,18,0,0,0
20052,1,1,1999,0,0,0,0,0,0,0,0,0,0
20053,1,1,1999,0,0,0,0,0,0,0,0,0,0
20053,2,1,1999,0,0,0,0,0,0,0,0,0,0
20054,1,1,1999,0,0,0,0,0,0,0,0,0,0
20055,1,1,1999,0,0,0,0,0,0,0,0,0,0
20055,2,1,1999,0,0,0,0,0,0,0,0,0,0
20056,1,1,1999,3,0,0,0,19,4,0,0,0,14
20057,1,1,1999,11,11,11,11,11,11,11,11,11,11
20058,1,1,1999,28,28,28,28,28,28,28,28,28,28
20059,1,1,1999,0,0,14,0,0,22,10,0,0,20
20059,2,1,1999,0,0,0,0,0,0,0,0,0,0
20060,1,1,1999,19,19,19,19,19,19,19,19,19,19
20061,1,1,1999,0,0,0,0,0,0,0,0,0,0
20061,2,1,1999,0,0,0,0,0,0,0,0,0,0
20062,0,1,1999,36,36,36,36,36,36,36,36,36,36
20062,1,1,1999,0,0,0,0,0,0,0,0,0,0
20063,1,1,1999,0,0,0,0,0,0,0,0,0,0
20063,2,1,1999,0,0,0,0,0,0,0,0,0,0
20064,0,1,1999,0,0,0,0,0,0,0,0,0,0
20064,1,1,1999,23,23,23,23,23,23,23,23,23,23
20065,1,1,1999,12,12,12,12,12,12,12,12,12,12
20066,1,1,1999,24,24,24,24,24,24,24,24,24,24
20067,1,1,1999,0,0,0,0,0,0,16,0,21,14
20068,1,1,1999,0,0,0,0,0,0,0,0,0,0
20068,2,1,1999,0,0,0,0,0,0,0,0,0,0
20069,1,1,1999,0,0,0,0,0,0,0,0,0,0
20070,1,1,1999,23,23,23,23,23,23,23,23,23,23
20071,1,1,1999,0,0,0,0,0,0,0,0,0,0
20071,2,1,1999,0,0,0,0,0,0,0,0,0,0
20072,1,1,1999,0,0,0,0,4,0,0,0,0,0
20073,1,1,1999,22,10,34,24,24,0,11,21,11,12
20074,0,1,1999,0,0,0,0,0,0,0,0,0,0
20074,1,1,1999,0,0,0,0,0,0,0,0,0,0
40001,2,1,1999,0,0,0,0,0,0,0,0,0,0
40002,1,1,1999,0,0,0,0,0,0,0,0,0,0
40003,1,1,1999,0,8,0,0,0,0,0,0,0,0
40003,2,1,1999,0,0,0,0,0,0,0,0,0,0
40004,0,1,1999,0,17,7,20,22,0,13,26,0,0
40004,1,1,1999,0,0,0,0,0,0,0,0,0,0
40005,1,1,1999,0,0,0,0,0,0,0,0,0,0
40005,2,1,1999,0,0,0,0,0,0,0,0,0,0
40006,0,1,1999,39,39,39,39,39,39,39,39,39,39
40006,1,1,1999,0,0,11,7,4,0,0,0,11,0
40007,1,1,1999,0,0,0,0,0,0,0,0,0,0
40007,2,1,1999,0,30,0,0,0,0,0,0,0,0
40007,3,1,1999,0,0,0,0,0,0,13,0,0,0
40008,1,1,1999,0,0,0,0,0,0,0,0,0,0
40008,2,1,1999,0,0,0,0,0,0,0,0,0,0
40009,1,1,1999,8,15,4,5,6,10,12,11,27,12
40009,2,1,1999,0,0,0,0,0,0,6,0,0,0
40010,1,1,1999,0,0,0,0,0,0,0,0,0,0
40010,2,1,1999,0,0,0,0,0,0,0,0,0,0
40011,1,1,1999,0,0,0,0,0,0,0,0,0,0
40011,2,1,1999,0,0,0,0,0,0,0,0,0,0
40011,3,1,1999,0,0,0,0,0,0,0,0,0,0
40012,0,1,1999,0,0,0,0,0,0,0,0,0,0
40012,1,1,1999,0,0,0,0,0,0,0,0,0,0
40013,0,1,1999,0,0,0,0,0,0,0,0,0,0
40013,1,1,1999,0,6,5,0,0,0,0,0,0,0
40014,1,1,1999,27,27,27,27,27,27,27,27,27,27
40015,0,1,1999,25,25,25,25,25,25,25,25,25,25
40015,1,1,1999,0,0,0,0,0,0,0,0,12,0
40016,0,1,1999,0,0,0,0,0,0,0,0,0,0
40016,1,1,1999,0,0,0,0,0,0,0,0,0,0
40017,1,1,1999,0,0,0,0,0,0,0,0,0,0
40017,2,1,1999,0,0,0,19,0,0,0,0,0,0
40018,1,1,1999,18,18,18,18,18,18,18,18,18,18
40019,0,1,1999,20,12,13,19,30,9,14,12,19,22
40019,1,1,1999,0,0,0,0,0,0,0,0,0,0
40020,1,1,1999,5,21,8,20,19,12,11,20,18,14
40020,2,1,1999,0,0,0,0,0,0,0,0,0,0
40021,0,1,1999,0,0,0,0,0,0,0,0,0,0
40021,1,1,1999,0,0,0,0,0,0,0,0,0,0
40022,1,1,1999,0,0,0,0,0,0,0,0,0,0
40022,2,1,1999,0,0,0,0,0,0,0,0,0,0
40023,1,1,1999,0,0,0,17,0,10,0,0,10,0
40023,2,1,1999,0,0,0,0,0,0,0,0,0,0
40025,0,1,1999,38,38,38,38,38,38,38,38,38,38
40025,1,1,1999,0,15,10,9,9,6,8,3,19,12
40025,2,1,1999,0,0,0,0,0,0,0,0,0,0
40026,1,1,1999,0,0,0,0,0,0,0,0,5,0
40027,1,1,1999,0,0,0,0,0,0,0,0,0,0
40027,2,1,1999,0,0,0,0,0,0,0,0,0,0
40027,3,1,1999,0,0,0,0,0,0,0,0,0,0
40028,1,1,1999,0,0,0,0,0,0,0,0,0,0
40029,1,1,1999,0,0,0,0,0,0,0,0,0,0
40029,2,1,1999,0,0,0,0,0,0,0,0,0,0
40029,3,1,1999,0,0,0,0,0,0,0,5,0,0
40030,1,1,1999,0,22,0,0,0,0,29,36,0,0
40031,0,1,1999,30,28,9,23,0,0,0,16,0,24
40031,1,1,1999,0,0,0,0,0,0,0,31,0,0
40032,1,1,1999,0,0,0,0,0,0,0,0,0,0
40033,1,1,1999,15,0,0,13,0,15,15,0,0,0
40034,1,1,1999,0,0,0,16,0,0,0,0,0,0
40034,2,1,1999,0,0,0,0,4,0,0,0,0,0
40035,1,1,1999,25,25,25,25,25,25,25,25,25,25
40036,1,1,1999,0,0,0,0,0,0,0,0,0,0
40037,1,1,1999,37,37,37,37,37,37,37,37,37,37
40038,0,1,1999,33,33,33,33,33,33,33,33,33,33
40038,1,1,1999,0,0,15,0,14,0,0,11,9,16
40039,0,1,1999,0,0,0,0,0,0,0,0,0,0
40039,1,1,1999,0,0,0,0,0,0,0,0,0,0
40040,1,1,1999,0,0,0,0,0,0,0,15,0,0
40040,2,1,1999,0,0,0,0,0,0,0,0,0,0
40041,1,1,1999,0,0,0,0,0,0,0,0,0,0
40041,2,1,1999,0,0,0,0,0,0,0,0,0,0
40042,1,1,1999,0,0,0,0,0,0,0,0,0,0
40042,2,1,1999,0,0,0,0,0,0,0,0,0,0
40043,1,1,1999,0,0,0,0,0,0,0,0,0,0
40043,2,1,1999,0,0,0,0,0,0,0,0,0,0
40044,0,1,1999,33,33,33,33,33,33,33,33,33,33
40044,1,1,1999,0,0,0,0,0,0,0,0,0,0
40045,1,1,1999,0,0,0,0,0,0,0,0,0,0
40045,2,1,1999,0,0,0,0,0,0,0,0,0,0
40046,1,1,1999,0,0,0,0,0,0,0,0,0,0
40047,1,1,1999,0,0,0,0,0,0,0,0,0,15
40048,1,1,1999,30,30,30,30,30,30,30,30,30,30
40048,2,1,1999,0,0,0,0,0,0,0,0,0,0
40049,1,1,1999,0,0,0,0,0,0,0,0,0,0
40049,2,1,1999,0,0,0,0,0,0,0,0,6,0
40050,1,1,1999,15,0,17,29,21,20,36,29,28,23
40051,1,1,1999,14,14,14,14,14,14,14,14,14,14
40052,0,1,1999,0,0,0,0,0,0,0,0,0,0
40052,1,1,1999,26,0,0,0,0,0,0,0,0,0
40053,0,1,1999,0,0,0,0,0,0,0,0,0,0
40053,1,1,1999,0,0,0,0,0,0,16,10,4,0
40054,1,1,1999,0,0,0,0,0,0,0,0,0,0
40054,2,1,1999,0,0,0,0,0,14,0,20,0,0
40054,3,1,1999,0,0,0,0,0,0,0,0,0,0
40055,0,1,1999,6,6,6,6,6,6,6,6,6,6
40055,1,1,1999,0,0,0,0,0,0,0,0,0,0
40056,1,1,1999,0,0,0,0,0,0,0,0,0,0
40056,2,1,1999,0,0,0,0,0,0,0,0,0,0
40057,1,1,1999,0,0,0,0,0,0,0,0,0,0
40058,1,1,1999,20,0,12,34,0,19,14,21,0,13
40059,1,1,1999,0,0,0,0,0,0,0,0,0,0
40059,2,1,1999,0,0,0,0,0,0,0,0,0,0
40059,3,1,1999,0,0,0,0,0,0,0,0,0,0
40060,1,1,1999,0,0,0,0,0,0,15,0,0,0
40060,2,1,1999,0,0,0,0,0,0,0,0,0,0
40061,1,1,1999,0,0,0,0,20,0,0,23,0,0
40062,1,1,1999,0,0,21,17,10,0,15,0,23,7
40062,2,1,1999,0,0,0,0,0,0,25,0,0,0
40063,1,1,1999,15,11,11,6,2,20,26,13,14,19
40063,2,1,1999,0,0,0,0,0,0,0,0,0,0
40064,1,1,1999,0,0,0,0,0,0,0,0,0,0
40064,2,1,1999,0,0,0,0,0,0,0,0,0,0
40065,1,1,1999,0,0,0,0,0,0,0,0,0,0
40065,2,1,1999,0,0,0,0,0,0,0,0,0,0
40066,1,1,1999,0,0,0,0,0,0,0,0,0,0
40066,2,1,1999,0,0,0,0,0,0,0,0,0,0
40067,1,1,1999,0,11,0,0,0,0,0,0,0,0
40067,2,1,1999,0,0,0,0,0,0,0,0,0,0
40068,1,1,1999,0,0,0,0,0,0,0,0,0,0
40068,2,1,1999,18,20,19,22,7,0,16,6,0,13
40069,1,1,1999,0,0,0,0,0,0,0,0,0,0
40069,2,1,1999,0,0,0,0,0,0,0,0,0,0
40070,1,1,1999,0,0,0,0,0,0,0,0,0,18
40071,1,1,1999,0,0,0,0,0,0,0,0,0,0
40072,1,1,1999,0,0,0,0,0,0,0,0,0,0
40072,2,1,1999,0,0,0,0,0,0,0,0,0,0
40073,0,1,1999,0,15,12,9,8,12,21,26,24,8
40073,1,1,1999,0,0,0,0,0,0,0,0,0,0
40074,1,1,1999,0,0,0,0,0,0,0,0,0,0
40074,2,1,1999,0,0,0,0,0,0,0,0,0,0
40075,1,1,1999,0,0,0,0,29,14,0,13,0,0
40076,0,1,1999,8,8,8,8,8,8,8,8,8,8
40076,1,1,1999,0,0,0,0,0,0,0,0,0,0
40077,1,1,1999,11,0,10,11,23,16,8,13,18,9
40077,2,1,1999,0,0,0,0,0,0,0,0,0,0
40078,1,1,1999,35,35,35,35,35,35,35,35,35,35
40078,2,1,1999,0,0,0,0,0,0,0,0,0,10
40079,1,1,1999,0,0,0,0,0,0,0,0,0,0
40080,1,1,1999,0,0,0,0,0,0,0,0,0,0
40081,1,1,1999,0,0,0,0,0,0,0,0,0,0
40082,0,1,1999,0,0,0,0,0,0,0,0,0,0
40082,1,1,1999,0,0,0,0,0,0,0,0,0,0
40082,2,1,1999,0,0,0,0,0,0,0,0,0,0
40083,1,1,1999,0,0,0,0,0,0,0,0,0,0
40084,0,1,1999,11,11,11,11,11,11,11,11,11,11
40084,1,1,1999,17,17,17,17,17,17,17,17,17,17
40085,1,1,1999,0,0,0,0,0,0,0,0,0,0
40085,2,1,1999,0,0,0,0,0,0,0,10,0,0
40086,0,1,1999,0,0,0,0,0,0,0,0,0,0
40086,1,1,1999,10,17,32,19,13,0,0,0,19,24
40087,0,1,1999,29,18,14,32,25,27,19,23,39,26
40087,1,1,1999,0,23,0,0,0,0,0,0,0,0
40087,2,1,1999,0,14,0,0,0,0,0,17,0,0
40088,1,1,1999,0,0,0,0,0,0,0,0,0,0
40088,2,1,1999,0,0,0,0,0,0,0,0,0,0
40088,3,1,1999,0,0,0,0,0,0,0,0,0,0
40089,1,1,1999,0,0,19,0,0,0,0,0,0,0
40090,1,1,1999,0,0,0,0,0,0,0,0,0,0
40091,0,1,1999,0,0,0,0,0,0,0,0,0,0
40091,1,1,1999,0,0,0,0,15,0,0,0,0,0
40092,0,1,1999,22,22,22,22,22,22,22,22,22,22
40092,1,1,1999,0,0,0,0,0,0,0,0,0,0
40093,0,1,1999,0,0,0,0,0,0,0,0,0,0