ST_CASE,VEH_NO,PER_NO,YEAR,P1,P2,P3,P4,P5,P6,P7,P8,P9,P10
40341,3,1,1999,0,0,0,0,0,0,0,0,0,0
40341,4,1,1999,0,0,0,0,0,0,0,0,0,0
40342,1,1,1999,25,12,30,24,21,17,31,13,15,15
40343,0,1,1999,0,0,0,0,0,0,0,0,0,0
40343,1,1,1999,0,0,0,0,0,0,0,0,0,0
40344,1,1,1999,0,0,40,0,19,0,0,16,7,0
40345,1,1,1999,18,18,18,18,18,18,18,18,18,18
40345,2,1,1999,0,0,0,0,0,0,0,0,0,0
40346,1,1,1999,0,0,0,0,0,0,0,0,0,0
40346,2,1,1999,0,0,0,0,0,0,0,0,0,0
40347,1,1,1999,12,12,12,12,12,12,12,12,12,12
40348,1,1,1999,15,30,0,20,36,33,24,8,4,19
40349,1,1,1999,0,0,0,0,0,0,0,0,0,0
40349,2,1,1999,0,0,0,0,0,0,0,0,0,0
40350,1,1,1999,0,6,0,9,0,15,12,0,31,27
40351,0,1,1999,16,16,16,16,16,16,16,16,16,16
40351,1,1,1999,16,16,16,16,16,16,16,16,16,16
40352,1,1,1999,16,16,16,16,16,16,16,16,16,16
40352,2,1,1999,0,0,0,0,0,0,0,0,0,0
40353,1,1,1999,7,7,7,7,7,7,7,7,7,7
40354,1,1,1999,1,1,1,1,1,1,1,1,1,1
40354,2,1,1999,0,0,0,0,0,0,0,0,0,0
40355,1,1,1999,0,0,0,0,0,0,0,0,0,0
40355,2,1,1999,0,0,0,0,0,0,0,0,0,0
40356,1,1,1999,0,0,0,0,0,0,0,0,0,0
40356,2,1,1999,0,0,0,0,0,0,0,0,0,0
40357,1,1,1999,0,0,0,0,0,0,0,0,0,0
40357,2,1,1999,0,0,0,0,0,0,0,0,0,0
40358,1,1,1999,0,0,0,0,0,0,0,0,7,0
40358,2,1,1999,0,0,0,0,0,0,0,0,0,0
40359,0,1,1999,0,0,0,16,0,13,0,0,0,17
40359,1,1,1999,0,0,0,0,0,0,0,0,0,0
40360,1,1,1999,14,14,14,14,14,14,14,14,14,14
40361,1,1,1999,0,0,0,0,0,0,0,0,0,0
40361,2,1,1999,0,0,0,0,0,0,0,0,0,0
40362,1,1,1999,0,0,0,0,0,0,0,0,0,0
40363,1,1,1999,34,8,10,14,14,13,0,17,17,19
40364,1,1,1999,5,24,19,13,13,0,0,0,18,0
40365,1,1,1999,9,0,16,19,12,5,0,6,16,8
40366,0,1,1999,23,23,23,23,23,23,23,23,23,23
40366,1,1,1999,0,0,0,0,0,0,0,13,10,0
40367,1,1,1999,0,0,0,0,0,0,0,0,0,0
40367,2,1,1999,0,0,0,0,0,0,0,0,0,0
40368,1,1,1999,0,0,4,12,0,0,0,9,5,0
40369,0,1,1999,0,0,0,0,0,0,0,0,0,0
40369,1,1,1999,0,0,0,0,0,0,0,0,0,0
40370,0,1,1999,6,6,6,6,6,6,6,6,6,6
40370,1,1,1999,0,0,0,0,0,0,0,0,0,0
40371,1,1,1999,4,4,4,4,4,4,4,4,4,4
40372,1,1,1999,0,0,0,0,0,0,0,0,0,0
40372,2,1,1999,0,0,0,0,0,0,0,0,0,0
40373,0,1,1999,0,0,0,0,0,0,0,0,0,0
40373,1,1,1999,0,0,0,0,0,0,0,0,0,0
40374,1,1,1999,14,14,14,14,14,14,14,14,14,14
40375,1,1,1999,0,0,7,0,0,0,0,0,0,0
40376,1,1,1999,0,0,0,0,0,0,0,0,0,0
40377,1,1,1999,0,0,0,0,0,0,0,0,0,0
40377,2,1,1999,0,0,0,0,0,0,0,0,0,0
40378,1,1,1999,0,0,0,0,0,0,0,0,32,0
40379,1,1,1999,0,16,14,7,15,18,8,14,12,0
40380,1,1,1999,19,19,19,19,19,19,19,19,19,19
40380,2,1,1999,0,0,0,0,0,0,0,0,0,0
40381,1,1,1999,0,0,0,0,0,0,0,0,0,0
40381,2,1,1999,0,0,0,0,0,0,0,0,0,0
40382,1,1,1999,0,0,0,0,0,0,0,0,0,0
40383,1,1,1999,0,0,22,33,0,13,0,0,0,0
40384,1,1,1999,11,11,11,11,11,11,11,11,11,11
40385,1,1,1999,0,0,0,0,0,0,0,0,0,0
40386,1,1,1999,20,20,20,20,20,20,20,20,20,20
40387,1,1,1999,0,0,0,0,0,0,0,0,0,0
40388,1,2,1999,0,24,0,10,0,25,27,37,0,0
40389,1,1,1999,19,13,4,3,3,11,7,4,8,8
40390,1,1,1999,27,27,27,27,27,27,27,27,27,27
40391,1,1,1999,22,22,22,22,22,22,22,22,22,22
40392,1,1,1999,0,0,0,0,0,0,0,0,0,0
40393,1,1,1999,21,21,21,21,21,21,21,21,21,21
40393,2,1,1999,0,0,0,0,0,0,0,0,0,0
40394,0,1,1999,27,27,27,27,27,27,27,27,27,27
40394,1,1,1999,0,0,0,0,0,0,0,0,0,0
40395,1,1,1999,0,0,0,0,0,0,0,0,0,0
40395,2,1,1999,0,0,0,0,0,0,0,0,0,0
40396,1,1,1999,0,0,0,0,0,0,0,0,0,0
40396,2,1,1999,0,0,30,0,0,0,0,0,0,0
40397,1,1,1999,0,0,0,0,0,0,0,0,0,0
40398,1,1,1999,26,26,26,26,26,26,26,26,26,26
40399,1,1,1999,0,0,0,0,0,0,0,0,0,0
40400,1,1,1999,0,0,0,0,0,0,0,0,0,0
40401,1,1,1999,20,25,18,11,25,0,9,12,21,7
40402,1,1,1999,0,0,13,0,0,0,0,0,0,0
40403,1,1,1999,0,0,0,32,0,0,0,0,0,0
40404,1,1,1999,0,0,0,0,0,0,0,0,0,0
40405,1,1,1999,0,0,0,0,0,0,0,0,0,0
40405,2,1,1999,0,0,0,0,0,0,0,0,0,0
40406,0,1,1999,0,0,0,0,0,0,0,0,0,0
40406,0,2,1999,0,0,0,11,0,0,0,0,0,31
40406,0,3,1999,0,0,0,0,0,0,11,0,0,0
40406,1,1,1999,0,0,0,0,0,0,0,0,0,0
40406,2,1,1999,11,0,0,0,0,0,0,0,0,0
40407,0,1,1999,0,0,0,0,0,0,0,0,0,0
40407,1,1,1999,0,0,0,0,0,0,0,0,0,0
40408,1,1,1999,0,0,0,0,0,0,0,0,0,0
40408,2,1,1999,0,0,0,24,0,0,0,0,0,0
40409,1,1,1999,0,0,0,0,0,0,0,0,0,0
40410,1,1,1999,0,0,12,0,7,0,0,0,0,11
40411,1,1,1999,0,0,0,0,0,50,0,0,0,0
40412,0,1,1999,0,0,0,0,0,0,0,0,0,0
40412,1,1,1999,13,20,10,22,38,30,9,22,6,16
40413,1,1,1999,0,0,0,0,0,0,0,0,0,0
40413,2,1,1999,22,6,7,0,0,16,17,0,19,0
40414,1,1,1999,6,5,0,13,4,0,5,13,4,15
40414,2,1,1999,0,0,0,0,0,0,0,0,0,0
40415,1,1,1999,29,14,7,18,7,10,11,15,5,13
40416,1,1,1999,0,8,0,0,0,0,0,0,0,12
40417,1,1,1999,14,5,21,9,20,20,20,5,16,0
40417,2,1,1999,0,0,0,0,0,0,0,0,0,0
40418,1,1,1999,0,0,0,0,0,0,0,0,0,0
40418,2,1,1999,0,0,0,0,0,0,0,0,0,0
40419,1,1,1999,0,0,0,0,0,0,0,0,0,0
40419,2,1,1999,0,0,0,0,0,0,0,0,0,0
40420,1,1,1999,0,0,0,0,0,0,0,0,0,0
40421,1,1,1999,0,0,11,0,0,0,0,0,0,0
40422,1,1,1999,0,0,0,0,0,0,0,0,0,0
40422,2,1,1999,0,0,0,0,0,0,0,0,0,0
40422,3,1,1999,0,0,0,0,0,0,0,0,0,0
40423,1,1,1999,0,0,0,0,0,0,0,0,0,0
40424,1,1,1999,26,26,26,26,26,26,26,26,26,26
40425,0,1,1999,20,27,23,19,36,30,39,32,12,15
40425,1,1,1999,0,0,0,0,0,0,0,0,12,8
40426,1,1,1999,0,0,0,0,0,0,0,0,0,0
40426,2,1,1999,0,0,0,0,0,0,0,0,0,0
40426,3,1,1999,0,0,0,0,0,0,0,0,0,0
40426,4,1,1999,0,0,0,0,0,0,0,0,0,0
40426,5,1,1999,0,0,0,0,0,0,0,0,0,0
40427,1,1,1999,0,0,23,0,7,4,0,14,0,0
40428,1,1,1999,0,0,0,0,0,0,0,0,0,0
40429,1,1,1999,0,0,0,0,0,0,0,0,0,0
40429,2,1,1999,0,0,0,0,0,0,0,0,0,0
40430,1,1,1999,18,0,0,0,0,0,0,0,0,0
40430,2,1,1999,0,0,0,0,0,0,0,0,0,0
40431,1,1,1999,29,33,14,28,0,15,19,17,24,16
40432,1,1,1999,0,0,15,8,0,17,0,0,0,17
40432,2,1,1999,0,0,0,0,0,0,0,10,15,0
40433,1,1,1999,10,0,0,0,0,0,16,0,0,0
40434,1,1,1999,0,0,0,0,0,0,0,0,0,0
40435,1,1,1999,0,8,0,0,18,0,0,0,0,0
40436,1,1,1999,7,7,8,20,13,16,25,11,15,15
40437,1,1,1999,0,0,0,0,0,0,0,0,0,0
40438,1,1,1999,0,0,5,0,0,0,0,0,0,0
40439,1,1,1999,0,0,0,8,0,0,12,0,16,24
40440,1,1,1999,7,7,7,7,7,7,7,7,7,7
40441,1,1,1999,26,21,27,0,4,23,14,19,17,38
40442,1,1,1999,0,0,0,0,0,0,0,0,0,0
40442,2,1,1999,0,0,0,0,0,0,0,0,0,0
40443,0,1,1999,0,16,0,0,0,0,0,0,0,0
40443,1,1,1999,0,0,0,0,0,0,0,0,0,0
40444,1,1,1999,0,0,0,0,0,0,0,0,0,0
40444,2,1,1999,0,0,0,0,0,0,0,0,0,0
40444,3,1,1999,0,0,0,0,0,0,0,0,0,0
40445,1,1,1999,0,0,0,0,0,0,0,0,0,0
40445,2,1,1999,0,0,0,0,0,0,0,0,0,0
40445,3,1,1999,27,0,0,0,0,0,0,7,0,0
40445,4,1,1999,0,0,0,0,0,0,0,0,0,0
40445,5,1,1999,0,0,0,0,0,0,0,0,0,0
40446,1,1,1999,0,0,0,0,0,0,0,0,0,0
40447,0,1,1999,0,0,0,0,0,0,0,0,0,0
40447,1,1,1999,0,0,0,0,0,0,0,0,0,0
40448,1,1,1999,0,0,0,0,0,0,0,0,0,0
40448,2,1,1999,0,0,0,0,0,0,0,0,0,0
40449,1,1,1999,14,14,14,14,14,14,14,14,14,14
40450,1,1,1999,0,0,0,0,0,0,0,0,0,0
40451,1,1,1999,0,0,0,0,0,0,19,0,0,0
40452,1,1,1999,29,29,29,29,29,29,29,29,29,29
40453,0,1,1999,0,0,0,0,0,0,0,0,0,0
40453,0,2,1999,0,0,0,0,0,0,0,0,0,0
40453,1,1,1999,0,0,0,0,0,0,0,0,0,0
40454,1,1,1999,0,0,0,0,0,0,0,0,0,0
40455,1,1,1999,18,0,0,0,0,20,0,0,0,0
40456,0,1,1999,0,0,0,0,0,0,0,0,0,0
40456,1,1,1999,0,6,0,0,0,0,0,0,0,0
40457,1,1,1999,24,0,14,12,0,35,0,16,0,21
40458,1,1,1999,0,0,0,0,3,0,0,0,0,0
40459,1,1,1999,0,15,0,0,0,0,0,0,0,0
40460,1,1,1999,0,0,0,0,0,0,0,0,0,0
40460,2,1,1999,2,0,0,0,3,7,0,4,0,0
40461,1,1,1999,17,17,17,17,17,17,17,17,17,17
40462,1,1,1999,0,0,0,0,0,12,0,0,0,0
40463,0,1,1999,0,0,0,0,0,0,0,0,0,0
40463,1,1,1999,0,0,0,0,0,0,0,0,0,0
40464,1,1,1999,0,0,0,0,0,0,0,0,0,0
40464,2,1,1999,0,0,0,0,0,0,0,0,0,0
40464,3,1,1999,0,0,0,0,0,0,0,0,0,0
40464,4,1,1999,0,0,0,0,0,0,0,0,0,0
40465,1,1,1999,10,10,10,10,10,10,10,10,10,10
40466,0,1,1999,0,0,0,0,0,0,0,0,0,0
40466,1,1,1999,0,0,0,0,0,0,0,0,0,0
40467,1,1,1999,0,19,0,0,0,0,11,18,0,0
40468,1,1,1999,0,0,0,0,0,0,0,0,0,0
40469,1,1,1999,10,10,10,10,10,10,10,10,10,10
40470,1,11,1999,0,21,16,31,13,17,25,0,19,13
40471,1,1,1999,0,0,0,0,16,0,0,0,0,0
40472,1,1,1999,21,10,12,19,7,5,20,5,26,20
40473,1,1,1999,0,0,0,0,0,0,0,0,0,0
40474,1,1,1999,0,0,0,0,18,0,0,4,0,0
40475,1,1,1999,0,0,18,0,0,0,10,0,0,0
40476,1,1,1999,0,0,0,0,0,0,0,0,0,0
40477,1,1,1999,19,19,19,19,19,19,19,19,19,19
40478,1,1,1999,18,18,18,18,18,18,18,18,18,18
40478,2,1,1999,6,25,0,0,0,0,0,0,0,17
40479,1,1,1999,0,0,0,0,0,0,0,0,0,0
40479,2,1,1999,0,0,0,0,0,0,0,0,0,0
40480,0,1,1999,20,19,0,12,35,12,20,4,0,40
40480,1,1,1999,0,0,0,0,0,0,0,0,0,0
40481,1,1,1999,0,0,0,0,0,0,0,0,0,0
40481,2,1,1999,0,0,0,0,0,0,0,0,0,0
40482,0,1,1999,0,0,0,0,0,0,6,0,0,0
40482,1,1,1999,0,0,0,0,0,0,0,0,0,0
40483,1,1,1999,0,0,0,0,0,0,28,0,0,0
40484,1,1,1999,0,0,0,0,0,0,0,0,0,0
40484,2,1,1999,0,0,0,0,0,0,0,0,0,0
40485,1,1,1999,0,0,0,0,0,0,0,0,0,0
40485,2,1,1999,0,0,0,0,0,0,0,0,0,0
40486,0,1,1999,11,11,11,11,11,11,11,11,11,11
40486,1,1,1999,0,0,0,29,0,0,0,0,0,0
40487,1,1,1999,0,0,0,0,0,0,0,0,0,0
40487,2,1,1999,0,0,0,0,0,0,0,0,0,0
40487,3,1,1999,0,0,0,0,0,0,0,0,0,0
40488,1,1,1999,11,0,0,20,0,0,7,15,3,0
40488,2,1,1999,0,0,0,0,0,0,0,0,0,0
40489,1,1,1999,0,0,15,0,0,0,0,0,0,0
40489,2,1,1999,0,0,0,0,0,0,0,0,0,0
40490,1,1,1999,19,22,11,23,13,0,28,30,16,16
40490,2,1,1999,20,12,24,10,28,16,24,29,0,46
40491,1,1,1999,0,0,0,0,0,0,0,0,0,0
40491,2,1,1999,0,0,0,0,0,0,0,0,0,0
40492,0,1,1999,0,0,0,0,0,0,0,0,0,0
40492,1,1,1999,0,0,0,0,0,17,0,0,0,0
40493,1,1,1999,0,7,0,0,0,0,0,0,0,0
40494,1,1,1999,0,0,0,0,0,0,0,0,0,0
40494,2,1,1999,0,0,0,0,0,0,0,0,0,0
40494,3,1,1999,0,0,0,0,0,0,0,0,0,0
40495,0,1,1999,27,27,27,27,27,27,27,27,27,27
40495,1,1,1999,0,0,0,0,0,23,0,0,0,0
40496,1,1,1999,0,0,0,0,0,0,0,0,0,0
40496,2,1,1999,0,0,0,0,0,0,0,0,0,0
40497,0,1,1999,0,0,0,0,0,0,0,0,0,0
40497,1,1,1999,0,0,0,0,0,0,0,0,0,0
40498,0,1,1999,10,10,10,10,10,10,10,10,10,10
40498,1,1,1999,0,0,0,0,0,0,0,0,0,0
40499,1,1,1999,0,0,0,0,0,0,0,0,0,0
40499,2,1,1999,0,0,0,0,0,0,0,0,0,0
40500,1,1,1999,0,0,0,0,0,0,0,0,0,0
40500,2,1,1999,0,5,0,0,0,0,0,0,0,0
40501,1,1,1999,0,0,0,0,0,0,0,0,0,0
40501,2,1,1999,0,0,0,0,0,0,0,0,0,0
40501,3,1,1999,0,0,0,0,0,0,0,0,0,0
40502,0,1,1999,12,12,12,12,12,12,12,12,12,12
40502,1,1,1999,0,0,0,0,0,0,0,0,0,20
40503,1,1,1999,0,0,0,0,0,0,0,0,0,0
40504,1,1,1999,0,0,0,0,0,0,0,0,0,0
40504,2,1,1999,0,0,0,0,0,0,0,0,0,0
40505,1,1,1999,0,5,0,0,0,0,0,0,4,0
40506,1,1,1999,9,10,10,9,18,10,6,10,19,11
40506,2,1,1999,12,20,0,17,16,23,24,27,20,6
40507,0,1,1999,27,27,27,27,27,27,27,27,27,27
40507,1,1,1999,22,10,0,0,21,0,22,0,0,0
40508,1,1,1999,0,0,0,0,0,0,0,0,0,0
40509,1,1,1999,0,0,0,0,0,0,0,0,0,0
40509,2,1,1999,0,0,0,0,0,5,0,0,0,0
40510,1,1,1999,0,0,0,0,0,0,0,0,0,0
40510,2,1,1999,0,0,0,0,0,0,0,0,0,6
40511,1,1,1999,16,29,10,21,26,23,14,18,18,16
40512,1,1,1999,0,0,0,0,0,0,0,0,0,0
40512,2,1,1999,0,0,0,0,0,0,0,0,0,0
40512,3,1,1999,0,0,0,0,0,0,0,0,0,0
40513,0,1,1999,26,26,26,26,26,26,26,26,26,26
40513,1,1,1999,0,0,0,0,0,0,0,0,0,14
40514,1,1,1999,0,0,14,0,0,16,0,0,0,9
40515,1,1,1999,0,0,0,0,0,0,0,0,0,0
40515,2,1,1999,0,0,9,0,0,0,0,0,0,0
40516,1,1,1999,18,17,14,0,0,13,23,24,5,15
40517,0,1,1999,4,0,0,18,17,0,0,21,19,0
40517,1,1,1999,0,27,0,0,0,0,0,0,13,0
40518,1,1,1999,0,0,0,0,29,0,18,0,0,16
40519,0,1,1999,0,0,0,0,0,0,0,0,0,0
40519,1,1,1999,0,0,0,0,0,0,0,6,0,8
40520,0,1,1999,22,12,20,18,20,17,25,18,20,24
40520,1,1,1999,0,0,36,0,0,0,3,0,0,0
40521,1,1,1999,4,0,0,33,14,24,0,0,0,13
40521,2,1,1999,0,0,0,0,0,0,0,0,0,0
40522,1,1,1999,0,0,0,0,0,0,0,0,0,0
40522,2,1,1999,0,0,0,0,0,0,0,0,0,0
40523,1,1,1999,7,7,7,7,7,7,7,7,7,7
40524,1,1,1999,0,0,0,0,0,0,0,0,0,0
40524,2,1,1999,0,0,0,0,0,0,0,12,0,0
40525,1,1,1999,0,0,0,0,0,0,0,0,0,0
40526,1,1,1999,0,0,0,0,0,0,0,15,0,0
40526,2,1,1999,0,0,0,0,0,0,0,0,0,0
40527,1,1,1999,22,22,22,22,22,22,22,22,22,22
40527,2,1,1999,0,0,0,0,0,0,0,0,0,0
40528,1,1,1999,0,0,0,0,0,0,0,0,0,8
40529,1,1,1999,0,0,0,0,0,0,0,0,0,0
40529,2,1,1999,0,0,0,0,0,0,0,0,0,0
40530,1,1,1999,0,0,0,0,0,0,0,0,0,0
40530,2,1,1999,0,0,0,0,0,0,0,0,0,0
40531,1,1,1999,18,18,18,18,18,18,18,18,18,18
40532,0,1,1999,0,0,0,0,0,0,0,0,0,0
40532,1,1,1999,0,0,0,0,0,0,0,20,0,0
40533,1,1,1999,18,18,18,18,18,18,18,18,18,18
40534,1,1,1999,24,30,13,10,18,13,6,34,20,33
40534,2,1,1999,0,0,0,0,0,0,0,0,0,0
40535,1,1,1999,0,0,0,0,13,0,0,0,0,0
40535,2,1,1999,0,0,0,0,0,0,0,0,0,0
40536,1,1,1999,0,0,0,0,0,0,0,0,0,0
40537,1,1,1999,0,0,0,0,0,0,0,0,0,0
40537,2,1,1999,0,0,0,0,0,0,0,0,0,0
40537,3,1,1999,0,0,0,0,0,0,0,0,0,0
40538,1,1,1999,0,0,0,0,0,0,0,0,0,0
40539,1,1,1999,33,33,33,33,33,33,33,33,33,33
40540,1,1,1999,0,16,13,0,0,0,0,0,0,0
40541,1,1,1999,0,0,0,0,9,0,0,0,0,0
40542,0,1,1999,27,27,27,27,27,27,27,27,27,27
40542,1,1,1999,0,0,0,0,0,0,0,0,0,0
40543,1,1,1999,0,0,16,0,0,0,0,0,0,0
40544,1,1,1999,9,19,6,4,15,11,5,14,10,4
40544,2,1,1999,0,0,0,0,0,0,0,0,0,0
40545,1,1,1999,16,16,16,16,16,16,16,16,16,16
40546,1,1,1999,4,4,4,4,4,4,4,4,4,4
40546,2,1,1999,0,0,0,0,0,0,0,0,0,0
40547,0,1,1999,30,35,14,13,21,20,25,23,25,32
40547,1,1,1999,0,0,0,0,0,0,0,0,0,0
40548,0,1,1999,0,0,0,0,0,0,0,0,0,0
40548,1,1,1999,0,4,0,0,0,0,0,0,0,19
40549,1,1,1999,23,20,0,0,20,15,0,0,0,17
40550,1,1,1999,24,24,24,24,24,24,24,24,24,24
40551,1,1,1999,16,16,16,16,16,16,16,16,16,16
40551,2,1,1999,0,0,0,0,0,0,0,0,0,0
40552,1,1,1999,9,9,9,9,9,9,9,9,9,9
40552,2,1,1999,0,0,0,0,17,0,0,0,0,0
40553,1,1,1999,15,15,15,15,15,15,15,15,15,15
40553,2,1,1999,0,0,0,0,0,0,0,0,0,0
40554,1,1,1999,0,0,0,0,0,0,0,0,0,0
40555,1,1,1999,31,31,31,31,31,31,31,31,31,31
40556,1,1,1999,0,11,16,0,12,0,0,16,21,12
40557,1,1,1999,11,11,11,11,11,11,11,11,11,11
40558,1,1,1999,0,0,0,0,0,0,0,0,0,0
40558,2,1,1999,0,0,0,0,0,0,0,0,0,0
40559,0,1,1999,17,17,17,17,17,17,17,17,17,17
40559,1,1,1999,0,0,0,0,0,0,0,0,0,0
40560,1,1,1999,0,0,0,0,0,0,0,0,0,0
40561,0,1,1999,0,0,0,0,0,0,0,0,0,0
40561,1,1,1999,0,0,0,0,0,0,0,0,0,0
40562,1,1,1999,0,0,0,0,0,0,0,0,0,0
40562,2,1,1999,0,0,0,0,0,0,0,0,0,0
40563,1,1,1999,0,8,0,0,0,22,17,0,0,0
40564,1,1,1999,0,0,0,0,24,0,0,0,0,0
40565,1,1,1999,0,0,0,0,0,0,0,0,0,0
40565,2,1,1999,0,0,0,0,0,0,0,0,0,0
40566,1,1,1999,12,0,20,14,13,3,36,17,12,7
40566,2,1,1999,0,0,0,0,0,0,0,17,0,0
40566,3,1,1999,0,0,0,0,0,0,0,0,0,14
40566,4,1,1999,23,0,24,0,0,0,0,0,14,0
40567,1,1,1999,9,0,0,0,0,0,0,0,0,0
40567,2,1,1999,0,0,0,0,0,0,0,0,0,0
40568,0,1,1999,0,0,0,0,0,0,0,0,0,0
40568,1,1,1999,0,0,0,0,0,0,0,0,0,0
40569,1,1,1999,0,0,0,0,0,0,0,0,0,0
40570,1,1,1999,24,17,22,15,25,22,22,24,6,26
40571,1,1,1999,0,0,0,0,0,0,0,0,0,0
40571,2,1,1999,0,0,0,0,0,0,0,0,0,0
40572,1,1,1999,0,8,0,0,0,0,0,0,0,0
40572,2,1,1999,0,0,0,0,0,0,0,0,0,0
40572,3,1,1999,0,0,0,0,0,0,0,0,0,0
40572,4,1,1999,0,0,0,0,0,0,0,0,0,0
40573,1,1,1999,12,22,5,0,48,0,0,22,28,0
40574,1,1,1999,0,0,0,0,0,0,0,0,0,0
40574,2,1,1999,0,0,0,0,0,0,0,0,0,0
40574,3,1,1999,0,0,0,0,0,0,0,0,0,0
40575,1,1,1999,0,0,0,0,20,0,0,0,0,0
40576,1,1,1999,8,20,0,2,0,0,6,14,13,17
40576,2,1,1999,0,0,0,0,0,0,0,0,0,0
40577,1,1,1999,0,0,0,0,0,0,0,0,0,0
40577,2,1,1999,0,0,0,0,0,0,0,0,0,0
40578,1,1,1999,0,0,0,0,0,0,0,0,0,0
40579,1,1,1999,0,0,2,0,0,0,0,0,0,0
40580,1,1,1999,0,0,0,0,0,0,0,0,0,0
40580,2,1,1999,0,0,0,0,0,0,0,0,0,0
40581,1,1,1999,0,0,0,0,0,0,0,0,0,0
40582,1,1,1999,0,0,18,0,0,11,15,0,0,0
40583,0,1,1999,0,0,0,0,0,0,0,0,0,0
40583,1,1,1999,0,0,0,0,0,0,0,0,0,0
40584,1,1,1999,0,0,0,0,0,0,0,0,0,0
40584,2,1,1999,0,0,0,0,0,0,0,0,0,0
40585,1,1,1999,25,0,0,0,21,0,0,0,0,11
40586,0,1,1999,17,10,0,0,23,11,0,11,28,8
40586,0,2,1999,15,15,15,15,15,15,15,15,15,15
40586,1,1,1999,0,0,0,0,0,0,0,0,0,0
40587,1,1,1999,0,0,0,0,0,0,0,0,30,0
40587,2,1,1999,0,0,0,0,0,0,0,0,0,0
40588,1,1,1999,0,0,0,0,8,0,9,0,0,0
40589,1,1,1999,0,0,0,0,0,6,0,14,0,0
40590,1,1,1999,0,0,0,0,0,0,0,0,0,0
40590,2,1,1999,0,0,0,25,0,0,0,0,0,0
40591,1,1,1999,0,0,0,0,0,0,0,0,0,0
40591,2,1,1999,0,0,0,0,0,0,0,0,0,0
40592,1,1,1999,21,21,21,21,21,21,21,21,21,21
40593,0,1,1999,0,0,0,0,0,0,0,0,0,0
40593,1,1,1999,0,0,0,0,0,0,0,0,0,0
40594,1,1,1999,0,0,0,0,0,0,0,0,0,0
40594,2,1,1999,0,0,0,0,0,0,0,0,0,0
40595,1,2,1999,0,0,0,0,15,8,0,0,5,7
40596,1,1,1999,0,0,0,0,0,0,0,0,0,0
40596,2,1,1999,0,0,0,0,9,0,0,11,0,0
40597,1,1,1999,0,0,0,0,0,0,0,0,0,0
40597,2,1,1999,0,0,0,0,0,0,0,0,0,0
40598,1,1,1999,0,0,0,0,0,5,0,20,12,26
40599,1,1,1999,0,0,0,0,0,0,0,0,0,0
40599,2,1,1999,0,0,0,0,0,0,0,0,0,0
40600,1,1,1999,0,11,0,0,0,0,0,0,0,0
40601,0,1,1999,13,13,13,13,13,13,13,13,13,13
40601,1,1,1999,0,0,0,0,5,0,0,0,0,0
40602,1,1,1999,0,0,0,0,0,0,0,0,0,0
40603,1,1,1999,0,0,0,0,0,0,0,0,0,0
40603,2,1,1999,0,0,0,0,0,0,0,0,0,13
40603,3,1,1999,0,0,0,0,0,0,0,0,0,0
40604,1,1,1999,17,5,16,18,14,18,10,14,6,24
40604,2,1,1999,0,16,19,0,15,0,13,0,7,17
40605,1,1,1999,15,0,20,34,17,0,29,9,24,18
40605,2,1,1999,0,0,0,0,18,21,0,0,0,0
40606,0,1,1999,15,15,15,15,15,15,15,15,15,15
40606,1,1,1999,6,12,12,14,4,31,8,8,11,18
40607,0,1,1999,23,23,23,23,23,23,23,23,23,23
40607,1,1,1999,0,0,0,0,0,0,0,0,0,0
40608,1,1,1999,13,0,21,6,14,19,0,0,6,12
40608,2,1,1999,0,0,0,0,0,0,0,0,0,0
40609,1,1,1999,0,12,0,0,0,0,0,0,0,0
40610,1,1,1999,0,0,0,0,0,0,0,0,0,0
40611,1,1,1999,24,3,13,37,24,4,0,14,19,12
40612,1,1,1999,0,10,0,20,17,15,11,9,8,3
40612,2,1,1999,0,0,0,14,0,0,0,0,0,0
40613,1,1,1999,0,0,0,0,13,0,0,0,0,0
40613,2,1,1999,0,0,0,0,0,0,0,0,20,0
40614,1,1,1999,0,0,0,0,0,0,0,0,0,0
40614,2,1,1999,0,0,0,0,0,0,0,0,0,0
40615,1,1,1999,0,0,0,0,0,0,0,0,0,0
40615,2,1,1999,0,0,0,0,0,0,0,0,0,0
40616,0,1,1999,0,0,0,0,0,0,0,0,0,0
40616,1,1,1999,17,17,17,17,17,17,17,17,17,17
40617,1,1,1999,0,0,0,0,0,0,0,8,0,0
40618,1,1,1999,0,0,0,0,0,0,0,0,0,0
40618,2,1,1999,0,0,0,0,0,0,0,0,0,0
40618,3,1,1999,0,0,9,0,0,0,0,0,0,0
40619,0,1,1999,28,28,28,28,28,28,28,28,28,28
40619,1,1,1999,0,0,0,0,0,0,0,0,0,0
40620,0,1,1999,0,0,0,0,0,0,0,0,0,0
40620,0,2,1999,0,29,0,16,0,0,0,0,0,0
40620,1,1,1999,0,0,0,0,0,0,0,0,0,0
40621,1,1,1999,0,0,0,0,0,0,0,0,0,0
40621,2,1,1999,0,0,0,0,0,0,0,0,0,0
40622,1,1,1999,0,0,0,0,0,0,0,26,0,0
40623,1,1,1999,0,0,0,0,0,0,0,0,0,0
40623,2,1,1999,0,0,0,0,0,0,0,0,0,0
40624,1,1,1999,0,0,0,0,0,0,0,0,0,0
40624,2,1,1999,0,0,0,0,0,0,0,0,0,0
40624,3,1,1999,0,0,0,0,0,0,0,0,0,0
40625,1,1,1999,32,32,32,32,32,32,32,32,32,32
40625,2,1,1999,0,0,0,0,0,0,0,0,0,0
40626,0,1,1999,25,25,25,25,25,25,25,25,25,25
40626,1,1,1999,0,0,0,0,0,0,0,0,0,0
40627,1,1,1999,6,6,6,6,6,6,6,6,6,6
40627,2,1,1999,0,0,0,0,0,0,0,0,0,0
40628,1,1,1999,0,0,0,0,0,0,0,0,0,0
40629,1,1,1999,0,0,0,0,0,0,0,0,0,0
40629,2,1,1999,0,0,0,0,0,0,0,0,0,0
40630,0,1,1999,23,0,0,25,18,0,0,21,19,17