ST_CASE,VEH_NO,PER_NO,YEAR,P1,P2,P3,P4,P5,P6,P7,P8,P9,P10
40630,0,2,1999,26,0,23,24,0,8,0,25,0,0
40630,0,3,1999,0,0,0,0,0,0,0,0,0,0
40630,1,1,1999,0,18,26,3,5,10,24,11,13,5
40631,1,1,1999,26,26,26,26,26,26,26,26,26,26
40632,0,1,1999,0,0,0,0,0,0,0,0,0,0
40632,1,1,1999,0,0,0,0,0,0,0,0,0,0
40633,1,1,1999,0,0,0,16,0,0,0,0,12,18
40633,2,1,1999,0,0,0,0,0,0,0,0,0,0
40634,0,1,1999,1,1,1,1,1,1,1,1,1,1
40634,0,2,1999,0,0,0,0,0,0,0,0,0,0
40634,1,1,1999,0,0,0,0,0,0,0,0,0,18
40635,1,1,1999,0,0,0,0,0,0,0,0,0,0
40636,1,1,1999,0,0,0,0,0,0,0,0,0,0
40636,2,1,1999,0,0,0,0,0,0,0,0,0,0
40636,3,1,1999,0,0,0,0,0,0,0,0,0,0
40637,1,1,1999,0,0,0,0,0,0,0,0,0,0
40638,1,1,1999,0,0,0,0,0,0,0,0,0,0
40638,2,1,1999,0,0,0,0,0,0,0,0,0,0
40639,1,1,1999,10,16,32,20,11,29,23,11,6,16
40640,0,1,1999,0,0,0,0,0,0,0,0,0,0
40640,1,1,1999,3,0,0,0,0,0,0,0,0,0
40641,1,1,1999,24,24,24,24,24,24,24,24,24,24
40642,0,1,1999,0,0,0,0,0,0,0,0,0,0
40642,1,1,1999,0,0,0,0,0,0,0,0,0,0
40643,1,1,1999,0,0,9,0,0,0,0,0,0,0
40644,1,1,1999,16,16,16,16,16,16,16,16,16,16
40644,2,1,1999,0,0,0,0,0,0,0,0,0,0
40645,0,1,1999,27,13,0,28,18,27,15,4,0,0
40645,1,1,1999,0,10,18,17,18,7,6,9,9,14
40646,1,1,1999,0,0,0,0,0,0,0,0,0,0
40646,2,1,1999,0,0,0,0,0,0,0,0,0,0
40647,1,1,1999,0,0,0,0,0,0,0,0,0,0
40648,1,1,1999,0,0,0,0,0,0,0,0,0,0
40648,2,1,1999,0,0,0,0,0,0,0,0,0,11
40649,1,1,1999,0,0,0,0,0,0,0,0,0,0
40650,1,1,1999,19,18,12,15,10,0,0,18,14,0
40650,2,1,1999,0,0,13,0,0,0,11,0,0,0
40650,3,1,1999,0,0,0,10,0,0,0,0,0,0
40651,1,1,1999,26,0,0,0,0,0,0,0,0,0
40651,2,1,1999,0,0,0,0,0,0,0,0,0,0
40652,1,1,1999,0,0,0,0,0,0,0,0,0,0
40653,0,1,1999,0,0,11,0,21,0,0,22,0,12
40653,0,2,1999,0,0,0,0,0,0,0,0,0,0
40653,1,1,1999,0,0,0,0,0,0,0,0,0,0
40654,1,1,1999,0,0,0,0,0,0,0,0,0,0
40655,1,1,1999,0,0,0,0,0,0,0,0,0,0
40655,2,1,1999,0,0,0,0,0,0,0,0,0,0
40656,1,1,1999,0,0,0,0,0,0,0,0,0,0
40657,1,1,1999,0,0,0,0,0,0,0,0,0,0
40657,2,1,1999,15,0,0,0,0,0,0,0,0,0
40658,1,1,1999,0,0,11,0,0,0,11,22,0,0
40659,1,1,1999,0,0,0,0,0,0,0,0,0,0
40659,2,1,1999,11,0,0,0,0,2,0,0,0,11
40660,1,1,1999,0,0,0,0,0,0,0,0,0,0
40660,2,1,1999,0,0,0,0,0,0,0,0,0,0
40660,3,1,1999,0,0,0,0,0,0,0,14,0,0
40661,1,1,1999,0,0,0,0,0,0,0,0,0,0
40661,2,1,1999,0,0,0,0,0,0,0,0,0,0
40662,0,1,1999,0,0,0,28,0,0,0,0,0,0
40662,1,1,1999,0,23,0,7,0,10,0,14,0,14
40663,1,1,1999,0,0,0,0,0,0,0,0,17,0
40663,2,1,1999,0,0,0,0,0,0,0,0,0,17
40664,1,1,1999,9,0,29,0,0,0,0,0,0,0
40665,0,1,1999,12,22,7,15,7,16,18,0,26,6
40665,1,1,1999,0,0,0,0,0,0,0,0,0,21
40666,1,1,1999,0,0,0,0,0,0,0,0,0,0
40666,2,1,1999,0,0,0,0,0,0,0,0,0,0
40667,1,1,1999,0,0,0,0,0,0,0,0,0,0
40667,2,1,1999,0,0,0,0,0,0,0,0,0,0
40668,1,1,1999,0,0,18,0,9,7,0,0,28,0
40669,1,1,1999,0,0,0,0,0,0,0,0,0,0
40670,1,1,1999,5,0,0,0,0,0,20,0,0,0
40671,1,1,1999,19,13,7,0,0,15,6,19,16,0
40672,2,1,1999,0,13,23,0,19,0,0,0,0,34
40673,0,1,1999,0,18,0,13,0,29,0,0,0,0
40673,1,1,1999,13,0,15,19,0,11,0,8,18,0
40674,1,1,1999,0,0,0,0,0,0,0,0,0,0
40674,2,1,1999,0,0,0,0,0,0,0,0,0,0
40675,0,1,1999,11,11,11,11,11,11,11,11,11,11
40675,1,1,1999,0,0,0,0,0,0,0,0,0,0
40676,1,1,1999,6,3,0,18,25,6,10,13,21,25
40676,2,1,1999,0,0,0,0,0,0,0,0,0,0
40676,3,1,1999,12,0,0,0,0,0,0,0,0,0
40676,4,1,1999,0,0,0,17,0,13,0,0,0,0
40677,1,1,1999,25,14,19,6,16,6,23,32,0,16
40678,1,1,1999,0,0,0,0,0,0,0,0,0,0
40678,2,1,1999,0,0,0,0,0,0,0,0,0,0
40678,3,1,1999,0,0,0,0,0,0,0,0,0,0
40679,0,1,1999,0,20,0,0,0,0,0,17,8,19
40679,1,1,1999,8,17,3,16,0,18,7,9,6,13
40680,1,1,1999,0,0,0,0,0,0,0,0,0,0
40681,0,1,1999,37,23,48,14,24,25,3,14,21,11
40681,1,1,1999,0,0,0,0,0,0,0,0,0,0
40682,0,1,1999,35,35,35,35,35,35,35,35,35,35
40682,1,1,1999,0,0,0,0,0,0,0,0,0,0
40683,1,1,1999,0,0,0,0,0,0,0,0,0,0
40683,2,1,1999,0,0,0,0,0,0,0,0,0,0
40684,1,1,1999,0,0,0,0,0,0,0,0,0,0
40684,2,1,1999,0,16,0,0,0,0,6,0,0,0
40685,0,1,1999,0,0,0,0,0,0,0,0,0,0
40685,1,1,1999,0,0,0,0,0,0,0,0,0,0
40686,0,1,1999,0,0,0,0,0,0,0,0,0,0
40686,1,1,1999,0,0,0,0,2,0,0,0,0,0
40687,0,1,1999,7,38,29,16,22,19,6,9,16,23
40687,1,1,1999,12,10,26,16,23,4,10,7,21,7
40688,1,1,1999,0,0,0,0,0,0,0,0,0,0
40688,2,1,1999,0,0,0,0,0,0,0,10,0,0
40689,1,1,1999,0,0,0,0,0,0,0,0,0,0
40689,2,1,1999,0,0,0,0,0,0,0,0,0,0
40690,1,1,1999,0,0,0,0,0,0,0,0,0,0
40691,0,1,1999,0,0,0,0,0,0,0,0,0,0
40691,1,1,1999,0,0,0,0,0,0,0,0,0,0
40692,1,1,1999,0,0,0,0,0,0,0,0,0,0
40692,2,1,1999,0,12,29,23,9,5,7,15,6,4
40693,1,1,1999,0,8,24,19,0,14,0,25,22,0
40693,2,1,1999,18,20,35,6,8,12,15,20,5,10
40694,0,1,1999,0,0,0,0,0,0,0,0,0,0
40694,0,2,1999,0,0,0,0,0,0,15,0,0,0
40694,1,1,1999,0,0,0,0,0,0,0,0,0,0
40695,1,1,1999,0,0,0,0,0,0,0,0,0,0
40696,1,1,1999,12,12,12,12,12,12,12,12,12,12
40697,0,1,1999,0,11,0,0,0,0,0,0,0,0
40697,0,2,1999,0,10,0,15,22,0,0,0,0,0
40697,1,1,1999,0,0,0,0,0,0,0,0,0,0
40698,1,1,1999,14,14,14,14,14,14,14,14,14,14
40698,2,1,1999,0,0,0,0,0,0,0,0,0,0
40699,1,1,1999,0,0,0,0,0,0,0,0,0,0
40699,2,1,1999,0,0,0,0,0,0,0,0,0,0
40700,0,1,1999,30,30,30,30,30,30,30,30,30,30
40701,1,1,1999,17,25,18,7,8,12,12,13,27,7
40701,2,1,1999,0,0,0,0,0,0,0,0,0,0
40702,1,1,1999,19,11,18,7,9,12,28,6,0,0
40702,2,1,1999,20,0,0,0,0,0,13,0,0,13
40703,1,1,1999,9,21,20,0,20,17,24,25,13,16
40703,2,1,1999,25,0,27,9,19,15,18,10,15,9
40704,1,1,1999,6,18,0,24,0,8,7,26,14,24
40704,2,1,1999,0,0,0,0,0,0,17,0,0,0
40705,0,1,1999,0,0,0,0,0,0,0,0,0,0
40705,1,1,1999,0,0,0,0,0,0,0,0,0,0
40706,0,1,1999,0,0,0,0,0,0,0,0,0,0
40706,0,2,1999,0,0,0,0,0,0,0,0,28,0
40706,1,1,1999,0,0,0,0,0,0,0,0,0,0
40707,1,1,1999,0,0,0,0,0,0,0,0,0,0
40707,2,1,1999,0,0,0,0,0,0,0,0,0,0
40707,3,1,1999,0,0,0,0,0,0,0,0,0,0
40708,1,1,1999,19,28,17,16,36,20,16,11,34,15
40709,1,1,1999,7,15,7,26,23,14,0,12,9,20
40709,2,1,1999,20,20,20,20,20,20,20,20,20,20
40710,1,1,1999,15,15,15,15,15,15,15,15,15,15
40710,2,1,1999,25,0,0,0,0,0,0,0,0,0
40711,1,1,1999,16,16,16,16,16,16,16,16,16,16
40711,2,1,1999,0,0,0,0,0,0,0,0,0,0
40712,1,1,1999,3,10,0,7,10,4,13,14,14,0
40712,2,1,1999,24,24,0,0,17,8,0,12,5,0
40713,1,1,1999,0,0,0,0,0,0,0,0,0,0
40713,2,1,1999,0,0,0,0,0,0,0,0,0,0
40714,0,1,1999,0,0,0,0,0,0,0,0,0,0
40714,0,2,1999,0,0,26,0,0,0,0,22,0,0
40714,1,1,1999,0,0,0,0,0,0,0,0,0,0
40715,1,1,1999,0,0,0,0,0,0,0,0,0,13
40716,1,1,1999,0,0,0,0,0,0,0,0,0,0
40717,1,1,1999,3,3,3,3,3,3,3,3,3,3
40718,1,1,1999,9,9,9,9,9,9,9,9,9,9
40718,2,1,1999,0,0,0,0,0,0,0,0,0,0
40719,1,1,1999,0,0,0,9,0,0,0,0,0,0
40719,2,1,1999,0,0,0,0,0,0,0,0,0,0
40720,1,1,1999,17,0,0,0,0,0,0,0,19,0
40721,1,1,1999,0,0,0,0,0,0,7,0,0,0
40722,1,1,1999,15,0,6,23,0,0,0,10,0,0
40722,2,1,1999,0,0,0,0,0,0,0,0,0,0
40723,1,1,1999,0,13,0,10,0,9,22,0,20,0
40724,0,1,1999,0,19,0,0,29,0,0,0,11,44
40724,1,1,1999,0,0,0,0,0,0,0,0,0,0
40725,1,1,1999,0,0,13,4,0,20,20,0,0,12
40726,1,1,1999,0,0,0,0,0,0,0,0,0,0
40726,2,1,1999,0,0,0,0,0,0,0,0,0,0
40727,1,1,1999,18,5,18,9,0,21,23,33,16,14
40728,1,1,1999,0,0,0,0,0,0,0,0,0,0
40729,1,1,1999,6,6,6,6,6,6,6,6,6,6
40729,2,1,1999,0,0,0,0,0,0,0,0,0,0
40730,1,1,1999,0,0,0,0,0,0,0,0,0,0
40730,2,1,1999,0,0,0,0,0,0,0,0,0,0
40731,1,1,1999,0,0,0,0,0,0,0,0,0,0
40732,1,1,1999,11,6,20,10,17,6,17,9,16,11
40732,2,1,1999,0,0,0,0,0,0,0,0,0,9
40733,1,1,1999,0,0,0,0,0,0,0,0,0,0
40733,2,1,1999,0,0,0,0,0,0,0,0,0,0
40734,1,1,1999,0,0,0,0,0,0,0,0,0,0
40734,2,1,1999,0,0,0,0,0,0,0,0,0,0
40735,1,1,1999,0,18,0,0,0,0,0,9,0,0
40736,1,1,1999,0,0,0,0,0,0,0,0,0,0
40736,2,1,1999,0,0,0,0,0,0,0,0,0,0
40736,3,1,1999,0,0,0,0,0,0,0,0,0,0
40737,1,1,1999,0,0,0,0,0,0,0,0,0,0
40737,2,1,1999,0,0,0,0,0,0,0,0,0,0
40738,1,1,1999,10,7,22,17,19,0,8,13,12,13
40738,2,1,1999,0,0,0,0,0,0,0,0,0,0
40739,1,1,1999,0,0,0,0,0,0,0,0,0,0
40739,2,1,1999,0,0,0,0,0,0,0,0,0,0
40739,3,1,1999,0,0,0,0,0,0,0,0,0,0
40740,1,1,1999,6,6,6,6,6,6,6,6,6,6
40740,2,1,1999,0,0,0,0,0,0,0,0,0,0
40741,1,1,1999,0,15,0,0,5,0,0,0,16,0
40742,1,1,1999,0,0,0,0,0,0,0,0,0,0
40742,2,1,1999,0,0,0,0,6,0,0,0,0,0
40742,3,1,1999,0,0,0,0,0,0,0,0,0,0
40743,1,1,1999,0,0,0,0,0,0,0,14,16,0
40744,1,1,1999,13,5,6,0,24,13,9,29,16,8
40745,1,1,1999,0,0,0,0,0,0,0,0,0,0
40746,1,1,1999,0,0,0,0,0,0,0,0,0,0
40747,1,1,1999,0,0,0,0,0,0,0,0,0,0
40747,2,1,1999,0,0,0,0,0,0,0,0,0,0
40748,0,1,1999,24,24,24,24,24,24,24,24,24,24
40748,1,1,1999,0,0,0,0,0,0,0,0,0,0
40749,1,1,1999,0,0,0,0,0,0,0,0,0,0
40749,2,1,1999,15,15,15,15,15,15,15,15,15,15
40750,1,1,1999,6,10,0,0,0,0,0,0,0,0
40751,1,1,1999,12,12,12,12,12,12,12,12,12,12
40752,1,1,1999,0,0,22,0,10,17,14,3,12,4
40753,1,1,1999,0,0,0,0,0,0,0,0,0,0
40753,2,1,1999,1,1,1,1,1,1,1,1,1,1
40754,1,1,1999,0,0,0,0,0,0,0,0,0,0
40755,1,1,1999,12,12,12,12,12,12,12,12,12,12
40756,1,1,1999,25,25,25,25,25,25,25,25,25,25
40757,1,1,1999,0,0,0,0,0,0,0,0,0,0
40758,1,1,1999,18,18,18,18,18,18,18,18,18,18
40758,2,1,1999,0,0,0,0,0,0,0,31,0,0
40758,3,1,1999,0,0,0,0,0,0,0,0,0,18
40758,4,1,1999,0,0,0,0,0,0,0,0,7,0
40759,1,1,1999,0,25,0,0,0,0,0,0,0,0
40759,2,1,1999,0,0,0,0,0,0,0,0,0,0
40760,0,1,1999,0,0,0,0,0,0,0,0,0,0
40760,1,1,1999,0,0,0,0,0,0,0,0,0,0
40761,1,1,1999,21,21,21,21,21,21,21,21,21,21
40761,2,1,1999,27,0,0,0,0,0,0,0,0,0
40762,1,1,1999,2,2,2,2,2,2,2,2,2,2
40763,1,1,1999,0,0,0,14,0,0,11,0,0,0
40763,2,1,1999,0,0,0,0,19,0,0,0,0,0
40764,1,1,1999,0,0,0,0,0,0,0,0,0,0
40764,2,1,1999,0,0,0,0,0,0,0,0,0,0
40765,1,1,1999,0,0,9,0,0,0,0,0,0,0
40765,2,1,1999,0,0,0,0,0,0,0,0,0,0
40766,1,1,1999,0,0,0,0,0,0,0,0,0,0
40766,2,1,1999,0,0,0,0,0,0,0,0,0,0
40766,3,1,1999,0,0,0,0,0,0,0,0,0,0
40766,4,1,1999,0,0,0,0,0,0,0,0,0,0
40767,1,1,1999,0,0,0,0,0,0,0,0,0,0
40768,1,1,1999,0,0,0,0,0,0,0,0,0,0
40768,2,1,1999,0,0,0,0,0,0,0,0,0,0
40769,1,1,1999,0,5,0,0,0,0,0,0,0,0
40769,2,1,1999,0,0,0,0,0,0,0,0,0,0
40770,1,1,1999,0,0,0,0,0,0,0,0,0,0
40771,1,1,1999,0,0,0,0,0,0,0,0,0,0
40771,2,1,1999,0,0,0,0,0,0,0,0,0,0
40771,3,1,1999,0,0,0,0,20,0,12,31,3,0
40772,1,1,1999,0,0,0,0,0,0,0,0,0,0
40772,2,1,1999,0,0,0,0,0,0,0,0,0,0
40773,1,1,1999,0,0,0,0,0,0,0,0,0,0
40774,1,1,1999,0,0,0,0,0,0,0,0,0,0
40775,1,1,1999,0,0,0,0,0,0,0,0,0,0
40776,1,1,1999,20,12,20,18,27,11,14,13,11,8
40777,1,1,1999,0,0,0,0,0,0,0,0,0,0
40777,2,1,1999,0,0,0,0,0,0,0,0,0,0
40778,1,1,1999,0,0,0,0,0,0,0,0,0,0
40778,2,1,1999,23,23,23,23,23,23,23,23,23,23
40779,1,1,1999,0,0,0,0,0,0,0,0,0,0
40779,2,1,1999,0,0,0,0,0,0,0,0,0,0
40780,1,1,1999,0,0,0,0,0,0,0,0,0,0
40780,2,1,1999,6,26,0,13,12,22,0,12,14,12
40781,1,1,1999,10,15,26,4,4,22,15,12,14,18
40782,1,1,1999,0,0,0,0,0,0,0,0,0,0
40783,1,3,1999,0,20,0,12,16,24,41,31,37,18
40784,0,1,1999,49,49,49,49,49,49,49,49,49,49
40784,1,1,1999,4,8,0,0,0,14,0,3,0,0
40785,1,1,1999,0,0,0,0,0,16,0,0,0,7
40786,1,1,1999,0,0,0,0,0,0,0,0,0,0
40786,2,1,1999,16,0,0,0,0,0,0,0,0,27
40787,1,1,1999,0,0,0,0,0,0,0,0,0,0
40787,2,1,1999,0,0,0,0,0,0,0,0,0,0
40788,0,1,1999,0,0,0,0,0,0,0,0,0,0
40788,1,1,1999,0,0,0,0,0,0,0,0,0,0
40789,1,1,1999,0,0,0,0,0,0,0,0,0,0
40789,2,1,1999,0,0,0,0,0,0,0,0,0,0
40790,1,1,1999,16,16,16,16,16,16,16,16,16,16
40791,1,1,1999,0,0,0,0,0,0,0,0,0,0
40791,2,1,1999,0,0,0,0,0,0,0,0,0,0
40792,1,1,1999,2,2,2,2,2,2,2,2,2,2
40793,1,1,1999,20,20,20,20,20,20,20,20,20,20
40793,2,1,1999,0,15,17,10,14,29,33,4,22,16
40793,3,1,1999,21,0,0,0,0,0,0,7,18,0
40794,1,1,1999,0,17,30,27,35,26,22,0,41,14
40795,0,1,1999,19,19,19,19,19,19,19,19,19,19
40795,1,1,1999,0,0,0,0,0,0,0,0,0,0
40796,1,1,1999,0,0,0,0,0,0,11,0,0,0
40796,2,1,1999,0,0,0,0,0,0,0,0,0,0
40797,1,1,1999,0,0,9,0,0,0,0,0,0,0
40797,2,1,1999,0,0,0,0,0,0,0,10,0,0
40798,1,1,1999,5,5,5,5,5,5,5,5,5,5
40799,1,1,1999,0,0,6,0,0,0,0,0,0,0
40800,1,1,1999,0,0,0,0,0,0,0,0,0,0
40800,2,1,1999,0,0,0,0,0,0,0,0,0,0
40801,1,1,1999,0,0,0,0,0,0,0,0,0,0
40801,2,1,1999,0,17,6,0,9,0,0,15,0,0
40802,1,1,1999,20,20,20,20,20,20,20,20,20,20
40802,2,1,1999,0,0,0,0,0,0,0,0,0,0
40803,0,1,1999,14,14,14,14,14,14,14,14,14,14
40803,1,1,1999,0,0,0,0,0,0,0,0,0,0
40804,1,1,1999,0,0,0,0,0,0,0,0,0,0
40805,0,1,1999,0,0,0,0,0,0,0,0,0,0
40805,1,1,1999,16,0,7,23,0,0,0,0,0,0
40806,1,1,1999,9,9,9,9,9,9,9,9,9,9
40806,2,1,1999,0,0,0,0,0,0,0,0,0,0
40807,1,1,1999,11,11,11,11,11,11,11,11,11,11
40808,0,1,1999,0,0,0,0,0,0,0,0,0,0
40808,1,1,1999,0,0,0,0,0,0,0,0,0,0
40809,1,1,1999,0,0,0,0,0,0,0,0,0,0
40809,2,1,1999,0,0,0,0,0,0,0,0,25,0
40810,1,1,1999,0,0,0,0,0,0,0,0,0,0
40811,0,1,1999,0,0,7,0,0,0,33,0,0,25
40811,1,1,1999,0,0,0,0,0,0,0,0,0,0
40812,1,1,1999,0,0,0,0,0,0,0,0,0,0
40812,2,1,1999,0,0,0,0,0,0,0,10,0,0
40813,1,1,1999,0,0,0,0,0,0,0,0,0,4
40814,0,1,1999,0,0,0,0,0,0,0,0,0,0
40814,1,1,1999,0,0,0,20,0,0,0,0,0,0
40815,1,1,1999,0,0,0,0,0,0,0,0,0,0
40815,2,1,1999,0,0,0,0,0,0,0,0,0,0
40816,1,1,1999,0,0,12,0,0,0,0,17,4,20
40816,2,1,1999,0,0,0,0,0,0,0,0,0,0
40817,1,1,1999,0,10,0,0,0,33,0,10,0,0
40818,1,1,1999,0,0,19,0,0,0,0,0,0,0
40818,2,1,1999,0,0,0,0,0,0,0,0,0,0
40819,1,1,1999,0,0,0,0,0,0,0,0,0,0
40819,2,1,1999,17,3,0,0,12,0,0,0,7,0
40820,1,1,1999,0,0,0,0,0,0,0,0,0,0
40820,2,1,1999,0,0,0,0,0,0,0,0,0,0
40821,1,1,1999,0,0,0,0,0,0,0,0,0,0
40821,2,1,1999,9,11,13,0,19,9,2,10,21,23
40822,1,1,1999,40,40,40,40,40,40,40,40,40,40
40823,1,1,1999,12,12,12,12,12,12,12,12,12,12
40823,2,1,1999,7,0,0,0,0,0,0,0,0,0
40824,1,1,1999,0,0,0,0,0,0,0,0,0,0
40824,2,1,1999,0,0,0,0,0,0,0,8,0,0
40825,0,1,1999,13,0,19,46,14,16,0,0,0,0
40825,1,1,1999,0,0,0,0,0,0,0,0,0,0
40826,1,1,1999,17,16,5,12,14,3,17,16,34,41
40827,1,1,1999,13,8,18,17,2,8,22,15,0,23
40828,1,1,1999,0,0,0,0,0,0,0,0,0,0
40828,2,1,1999,0,0,0,0,0,0,0,0,0,0
40829,1,1,1999,0,0,0,0,0,0,0,0,0,0
40829,2,1,1999,0,0,0,0,0,0,0,0,0,0
40829,3,1,1999,0,0,0,0,0,0,0,0,0,0
40830,1,1,1999,0,0,0,0,0,0,0,0,0,0
40831,1,1,1999,30,30,30,30,30,30,30,30,30,30
40832,1,1,1999,0,0,0,0,0,0,0,0,0,0
40833,1,1,1999,18,18,18,18,18,18,18,18,18,18
40834,1,1,1999,8,8,8,8,8,8,8,8,8,8
40834,2,1,1999,0,0,0,0,0,0,0,0,0,0
40835,1,1,1999,14,14,14,14,14,14,14,14,14,14
40836,1,1,1999,23,23,23,23,23,23,23,23,23,23
40837,1,1,1999,38,38,38,38,38,38,38,38,38,38
40838,1,1,1999,0,0,0,8,0,0,0,0,0,0
40839,0,1,1999,17,17,17,17,17,17,17,17,17,17
40839,1,1,1999,3,0,15,27,0,3,12,0,18,0
40840,1,1,1999,0,0,0,0,0,13,0,0,0,0
40841,0,1,1999,0,0,0,0,0,0,0,0,0,4
40841,1,1,1999,0,0,0,22,22,0,28,29,0,0
40842,1,1,1999,24,24,24,24,24,24,24,24,24,24
40843,1,1,1999,19,0,0,0,0,0,19,0,0,0
40844,1,1,1999,0,0,0,0,0,0,0,0,0,0
40844,2,1,1999,0,0,0,0,0,0,0,0,0,0
40844,3,1,1999,0,0,0,0,0,0,0,0,0,0
40845,1,1,1999,0,4,13,10,0,0,0,0,10,19
40846,1,1,1999,0,0,0,0,0,0,0,0,0,0
40846,2,1,1999,0,0,0,0,0,0,0,0,0,0
40847,1,1,1999,0,7,0,0,0,20,15,0,0,0
40848,1,1,1999,29,29,29,29,29,29,29,29,29,29
40849,1,1,1999,0,0,0,0,0,0,0,0,0,0
40849,2,1,1999,0,0,0,0,0,0,0,0,0,0
40850,1,1,1999,0,13,0,0,0,0,0,0,0,0
40850,2,1,1999,0,0,0,0,4,0,0,0,0,0
40850,3,1,1999,0,0,0,0,0,0,0,0,0,0
40850,4,1,1999,0,0,25,0,0,0,0,0,0,0
40850,5,1,1999,0,0,0,0,0,0,0,0,0,0
40850,6,1,1999,0,0,0,0,0,0,0,0,0,0
40851,0,1,1999,28,18,19,13,27,0,9,13,22,32
40851,1,1,1999,0,23,18,22,11,11,0,0,12,0
40852,1,1,1999,20,0,0,0,0,0,0,0,0,0
40853,1,1,1999,0,0,0,0,0,0,0,0,0,0
40854,1,1,1999,0,0,0,0,0,0,0,0,0,0
40854,2,1,1999,0,0,0,0,0,0,0,0,0,0
40854,3,1,1999,0,0,0,0,0,0,0,0,0,0
40854,4,1,1999,0,0,0,0,0,0,0,0,0,0
40855,0,1,1999,44,44,44,44,44,44,44,44,44,44
40855,1,1,1999,0,0,0,0,0,0,0,0,0,0
40856,1,1,1999,0,12,14,20,0,0,0,0,0,21
40856,2,1,1999,0,0,0,0,0,0,0,0,0,0
40857,1,1,1999,0,0,0,0,0,0,0,0,0,0
40857,2,1,1999,0,0,0,0,0,0,0,0,0,0
40858,1,1,1999,0,0,0,0,0,0,0,0,0,0
40859,1,1,1999,0,0,0,0,0,0,0,0,0,0
40859,2,1,1999,0,0,0,0,0,0,0,0,0,0
40860,1,1,1999,3,21,14,22,7,7,20,0,10,13
40860,2,1,1999,0,0,0,0,0,0,0,0,0,0
40861,1,1,1999,19,23,0,20,0,0,0,0,16,0
40862,1,1,1999,11,0,11,12,15,0,10,8,0,6
40862,2,1,1999,0,0,0,0,0,0,0,0,0,0
40863,1,1,1999,0,0,0,0,0,0,0,0,0,0
40863,2,1,1999,0,0,0,0,0,0,0,0,0,0
40863,3,1,1999,0,0,0,0,0,0,0,0,0,0
40863,4,1,1999,0,9,0,0,0,0,12,0,0,0
40864,1,1,1999,0,0,0,0,0,0,0,0,0,0
40864,2,1,1999,0,0,0,0,0,0,0,0,0,0
40865,1,1,1999,0,0,18,23,0,0,0,0,13,0
40866,1,1,1999,0,0,0,0,0,0,0,0,0,0
40866,2,1,1999,0,0,0,0,0,0,0,0,0,0
40867,1,1,1999,0,0,0,0,0,0,0,0,0,0
40867,2,1,1999,3,3,3,3,3,3,3,3,3,3
40868,1,1,1999,18,7,7,32,14,0,10,25,13,14
40869,1,1,1999,0,0,0,0,0,0,0,0,0,0
40869,2,1,1999,0,0,0,0,0,0,0,0,0,0
40870,1,1,1999,0,0,0,0,0,0,5,0,0,0
40871,1,1,1999,0,0,0,0,0,0,0,0,0,0
40871,2,1,1999,0,0,0,0,0,0,0,0,0,0
40872,0,1,1999,0,0,0,0,0,0,0,0,0,0
40872,1,1,1999,0,25,8,8,0,19,21,0,14,0
40873,1,2,1999,0,0,0,0,0,0,13,0,0,0
40874,1,1,1999,0,0,0,0,0,0,0,15,0,0
40875,1,1,1999,0,0,0,0,0,9,22,0,0,0
40876,1,1,1999,0,21,10,0,0,0,0,0,0,0
40877,1,2,1999,0,27,28,0,16,0,0,0,0,0
40878,1,2,1999,0,0,0,0,0,0,0,0,0,0
40879,0,1,1999,0,0,0,0,0,0,0,0,0,0
40879,1,1,1999,0,0,0,0,0,0,0,0,0,0
40880,1,1,1999,24,24,24,24,24,24,24,24,24,24
40880,2,1,1999,22,22,22,22,22,22,22,22,22,22
40881,0,1,1999,0,0,0,0,0,0,0,0,0,0
40881,1,1,1999,18,0,0,0,0,0,0,0,0,0
40882,1,1,1999,0,0,0,0,0,0,0,0,0,0
40883,1,2,1999,9,0,0,27,0,38,18,0,12,0
40884,1,2,1999,5,0,0,0,34,19,25,0,13,0
40885,1,2,1999,0,13,0,0,0,0,16,0,0,0
40886,1,1,1999,0,0,0,13,0,0,0,0,0,0
40887,1,1,1999,15,0,0,0,0,0,0,0,0,0
40888,1,1,1999,0,0,0,0,0,0,0,0,0,0
40888,2,1,1999,0,0,0,0,0,0,0,0,0,0
40889,1,1,1999,0,0,0,0,0,0,0,0,0,0
40889,2,1,1999,0,0,0,0,0,0,0,0,0,0
40890,1,1,1999,0,0,0,0,0,0,0,0,0,0
40890,2,1,1999,0,0,0,0,21,0,0,0,0,16
40891,1,2,1999,15,14,16,0,0,0,4,0,26,0
40892,1,1,1999,16,0,10,0,0,16,0,0,22,22
40894,1,1,1999,0,0,0,0,0,0,0,0,0,0
40894,2,1,1999,0,0,0,0,0,0,0,0,0,0
40895,1,1,1999,21,7,8,18,15,23,10,10,0,0
40895,2,1,1999,33,0,44,11,21,0,8,36,11,16
40896,1,2,1999,24,23,23,16,22,0,0,0,3,14
40898,1,1,1999,17,0,12,14,14,22,9,0,11,0
40899,0,1,1999,12,32,8,40,15,24,21,35,29,17
40899,1,1,1999,0,0,0,0,0,0,0,0,0,0
40900,1,2,1999,4,0,20,0,0,0,18,24,0,0
40901,0,1,1999,25,25,25,25,25,25,25,25,25,25
40901,1,1,1999,0,0,0,0,0,0,0,0,0,0
40902,0,1,1999,19,22,35,0,25,12,36,11,25,8
40902,1,1,1999,0,0,0,0,0,0,0,0,0,0
40903,1,1,1999,0,0,0,0,0,0,0,0,0,0
40903,2,1,1999,0,0,0,0,0,0,0,0,0,0
40903,3,1,1999,0,0,0,0,0,0,0,0,0,0
40903,4,1,1999,0,0,0,0,0,0,0,0,0,0
40904,0,1,1999,0,8,0,0,0,0,0,0,0,0
40904,1,1,1999,0,0,0,27,20,0,13,17,0,0
40905,1,2,1999,12,0,0,21,0,5,0,0,0,0
40906,1,1,1999,0,0,18,19,24,0,12,14,25,25
40907,2,1,1999,0,21,0,27,0,0,0,0,0,0