ST_CASE,VEH_NO,PER_NO,YEAR,P1,P2,P3,P4,P5,P6,P7,P8,P9,P10
40908,1,1,1999,0,0,28,0,0,7,17,14,0,0
40909,1,1,1999,0,0,0,0,0,0,0,0,0,0
40910,1,1,1999,0,0,0,0,0,0,0,0,0,0
40910,2,1,1999,0,0,0,0,0,0,0,0,0,0
50001,1,1,1999,19,19,19,19,19,19,19,19,19,19
50002,1,1,1999,8,8,8,8,8,8,8,8,8,8
50003,1,1,1999,0,0,0,0,0,0,0,0,0,0
50003,2,1,1999,0,0,0,0,0,0,0,0,0,0
50004,1,1,1999,0,0,0,0,0,0,0,0,0,0
50004,2,1,1999,0,0,0,0,0,0,0,0,0,0
50005,1,1,1999,21,21,21,21,21,21,21,21,21,21
50006,1,1,1999,0,0,0,0,0,0,0,0,0,0
50006,2,1,1999,0,0,0,0,0,0,0,0,0,0
50007,1,1,1999,0,0,0,0,0,0,0,0,0,0
50007,2,1,1999,0,0,0,0,0,0,0,0,0,0
50008,1,1,1999,0,0,0,0,0,0,0,0,0,0
50008,2,1,1999,0,0,0,0,0,0,0,0,0,6
50009,1,1,1999,26,0,0,0,0,31,0,10,25,0
50010,1,1,1999,0,0,0,0,0,0,0,0,0,0
50010,2,1,1999,0,0,0,0,0,0,0,0,0,0
50011,0,1,1999,0,0,0,0,0,0,0,0,0,0
50011,1,1,1999,0,0,0,0,0,0,0,0,0,0
50012,0,1,1999,22,22,22,22,22,22,22,22,22,22
50012,1,1,1999,0,0,0,0,0,0,0,0,0,0
50013,1,1,1999,0,0,0,0,0,0,0,0,0,0
50013,2,1,1999,0,0,0,0,18,0,0,0,0,0
50014,0,1,1999,0,0,0,0,0,0,0,0,0,0
50014,1,1,1999,0,0,0,0,0,0,0,0,0,0
50015,1,1,1999,0,0,0,0,0,0,0,0,0,0
50015,2,1,1999,0,0,0,0,0,0,0,0,0,0
50016,1,1,1999,16,16,16,16,16,16,16,16,16,16
50017,1,1,1999,20,20,20,20,20,20,20,20,20,20
50017,2,1,1999,0,0,0,0,0,0,0,0,0,0
50018,1,1,1999,0,0,0,0,0,0,0,0,0,0
50019,1,1,1999,0,0,0,0,16,15,19,0,0,0
50020,1,1,1999,23,23,23,23,23,23,23,23,23,23
50021,1,1,1999,0,0,0,0,0,0,0,0,0,11
50022,0,1,1999,11,11,11,11,11,11,11,11,11,11
50022,1,1,1999,0,0,0,0,0,0,0,0,0,0
50023,1,1,1999,15,15,15,15,15,15,15,15,15,15
50024,0,1,1999,0,0,0,0,0,0,0,0,0,0
50024,1,1,1999,0,0,0,0,0,0,0,0,0,0
50024,2,1,1999,0,0,0,0,0,0,0,0,0,0
50025,1,1,1999,25,25,25,25,25,25,25,25,25,25
50026,1,1,1999,0,0,0,0,0,0,0,0,0,0
50027,1,1,1999,7,0,0,0,0,0,0,0,0,0
50028,1,1,1999,0,0,0,0,0,0,0,0,0,0
50028,2,1,1999,0,0,0,0,0,0,0,0,0,0
50029,1,1,1999,0,0,0,0,0,0,0,0,0,0
50029,2,1,1999,0,0,0,0,0,0,0,0,0,0
50030,1,1,1999,0,0,0,0,0,0,0,0,0,0
50030,2,1,1999,0,0,0,0,0,0,0,0,0,0
50031,0,1,1999,0,0,0,0,23,0,0,0,28,11
50031,1,1,1999,0,0,0,0,0,0,0,0,0,0
50032,1,1,1999,0,0,7,0,0,0,0,0,0,0
50033,1,1,1999,0,0,0,0,0,0,0,0,0,0
50033,2,1,1999,0,0,0,0,0,0,0,0,0,0
50034,1,1,1999,22,22,22,22,22,22,22,22,22,22
50035,1,1,1999,0,0,0,0,0,0,0,0,0,0
50036,1,1,1999,0,0,0,0,0,0,3,0,0,0
50037,1,1,1999,0,0,0,0,0,0,0,0,0,0
50037,2,1,1999,0,0,0,0,0,0,5,0,0,0
50038,1,1,1999,21,21,21,21,21,21,21,21,21,21
50038,2,1,1999,0,0,0,0,0,0,0,0,0,0
50039,1,1,1999,0,0,0,0,0,0,0,0,0,0
50039,2,1,1999,0,0,0,0,0,0,0,0,0,0
50040,0,1,1999,0,0,0,0,0,0,0,0,0,0
50040,1,1,1999,0,17,0,0,0,0,0,0,0,0
50041,1,1,1999,2,2,2,2,2,2,2,2,2,2
50042,1,1,1999,0,0,0,0,0,0,0,0,0,0
50043,1,1,1999,19,19,19,19,19,19,19,19,19,19
50044,1,1,1999,0,0,0,0,0,0,0,0,0,0
50044,2,1,1999,0,0,0,0,0,0,0,0,0,0
50045,1,1,1999,15,0,0,0,0,0,0,0,0,0
50046,1,1,1999,0,32,19,35,16,30,12,0,0,37
50047,0,1,1999,0,0,0,0,0,0,0,0,0,0
50047,0,2,1999,0,34,19,21,26,0,29,0,0,14
50047,0,3,1999,27,25,0,20,0,0,21,25,21,0
50047,1,1,1999,0,0,0,0,0,0,0,0,0,0
50048,1,1,1999,0,0,0,0,0,0,0,0,0,0
50048,2,1,1999,0,0,0,0,0,0,0,0,0,0
50049,1,1,1999,0,0,0,0,0,0,0,0,0,0
50050,1,1,1999,0,0,0,0,0,0,0,0,0,0
50051,0,1,1999,0,0,0,31,0,0,0,0,0,0
50051,1,1,1999,0,0,0,0,0,0,0,0,0,0
50052,1,1,1999,0,0,0,0,0,0,0,0,0,0
50052,2,1,1999,0,0,0,0,0,0,0,0,0,0
50052,3,1,1999,0,0,0,0,0,0,0,0,0,0
50053,1,1,1999,6,6,6,6,6,6,6,6,6,6
50053,2,1,1999,0,0,0,0,0,0,0,0,0,0
50054,1,1,1999,13,13,13,13,13,13,13,13,13,13
50055,1,1,1999,15,15,15,15,15,15,15,15,15,15
50055,2,1,1999,0,0,0,0,0,0,0,0,0,0
50056,1,1,1999,31,28,32,33,0,0,0,21,0,0
50057,0,1,1999,0,0,0,0,0,0,0,0,0,0
50057,1,1,1999,11,11,11,11,11,11,11,11,11,11
50058,1,1,1999,0,0,0,0,0,0,0,0,0,0
50058,2,1,1999,0,0,0,0,0,0,0,0,0,0
50059,1,1,1999,27,27,27,27,27,27,27,27,27,27
50060,1,1,1999,22,22,22,22,22,22,22,22,22,22
50061,1,1,1999,3,3,3,3,3,3,3,3,3,3
50062,1,1,1999,0,0,0,0,0,0,0,0,0,0
50062,2,1,1999,0,0,0,0,10,0,0,0,0,0
50063,1,1,1999,0,0,0,0,0,0,0,0,0,0
50063,2,1,1999,0,0,0,0,0,0,0,0,0,0
50064,1,1,1999,0,0,0,13,27,0,20,0,0,9
50065,1,1,1999,0,0,0,0,0,0,0,0,0,0
50066,1,1,1999,0,0,0,0,0,0,0,0,0,0
50066,2,1,1999,0,0,0,0,0,0,0,0,0,0
50066,3,1,1999,0,0,0,0,0,0,0,0,0,0
50067,1,1,1999,0,0,0,0,0,0,0,0,0,0
50067,2,1,1999,0,0,0,0,0,0,0,0,0,0
50068,1,1,1999,0,0,0,0,0,0,0,0,0,0
50068,2,1,1999,0,0,0,0,0,0,0,0,0,0
50068,3,1,1999,0,0,0,0,0,0,0,0,0,0
50069,1,1,1999,12,12,12,12,12,12,12,12,12,12
50070,1,1,1999,0,0,0,0,0,0,0,0,0,0
50070,2,1,1999,0,0,0,0,0,0,0,0,0,0
50071,1,1,1999,0,0,0,0,0,0,0,0,0,0
50071,2,1,1999,0,0,0,0,0,0,0,0,0,0
50072,0,1,1999,26,26,26,26,26,26,26,26,26,26
50072,1,1,1999,30,30,30,30,30,30,30,30,30,30
50073,1,1,1999,0,0,15,0,14,0,0,0,0,0
50073,2,1,1999,14,14,14,14,14,14,14,14,14,14
50074,1,1,1999,19,19,19,19,19,19,19,19,19,19
50075,1,1,1999,0,0,0,0,0,0,0,0,0,0
50075,2,1,1999,0,0,0,0,0,0,0,0,0,0
50076,1,1,1999,0,21,5,0,0,0,0,12,0,0
50077,1,1,1999,0,0,0,0,0,0,0,0,0,0
50077,2,1,1999,9,9,9,9,9,9,9,9,9,9
50078,1,1,1999,0,30,0,0,0,12,0,12,22,12
50079,1,1,1999,27,27,27,27,27,27,27,27,27,27
50080,1,1,1999,0,0,0,0,0,0,0,0,0,0
50080,2,1,1999,0,0,0,0,0,0,0,0,0,0
50081,1,1,1999,0,0,12,0,0,0,0,0,0,29
50082,1,1,1999,4,4,4,4,4,4,4,4,4,4
50083,1,2,1999,0,0,0,0,0,0,0,0,0,0
50083,2,1,1999,1,1,1,1,1,1,1,1,1,1
50084,1,1,1999,0,0,0,35,0,24,16,15,19,0
50085,1,1,1999,0,0,0,0,0,0,0,0,0,0
50086,1,1,1999,0,0,0,0,0,0,29,0,0,20
50087,1,1,1999,0,0,0,0,0,0,0,0,0,0
50088,1,1,1999,0,0,0,27,0,0,0,0,0,0
50089,1,1,1999,0,0,0,0,0,0,0,0,0,0
50089,2,1,1999,11,11,11,11,11,11,11,11,11,11
50090,1,1,1999,0,0,0,0,0,0,0,0,0,13
50091,1,1,1999,0,0,0,0,0,0,0,0,0,0
50091,2,1,1999,0,0,0,0,0,0,0,0,0,0
50092,1,1,1999,0,0,0,0,0,0,0,0,0,0
50092,2,1,1999,5,5,5,5,5,5,5,5,5,5
50093,1,1,1999,0,0,0,0,0,0,0,0,0,0
50093,2,1,1999,8,8,8,8,8,8,8,8,8,8
50094,1,1,1999,0,0,0,0,0,0,0,0,0,0
50094,2,1,1999,0,0,0,0,0,0,0,0,0,0
50095,1,1,1999,6,6,6,6,6,6,6,6,6,6
50096,1,1,1999,0,0,0,25,0,15,0,22,0,0
50097,0,1,1999,0,0,0,0,0,0,0,0,0,0
50097,1,1,1999,0,0,0,0,0,0,0,0,0,0
50098,1,1,1999,0,0,0,0,0,0,0,0,0,0
50099,1,1,1999,20,20,20,20,20,20,20,20,20,20
50100,1,1,1999,0,0,0,0,0,0,0,0,0,0
50100,2,1,1999,0,0,0,0,0,0,0,0,0,0
50101,1,1,1999,0,0,0,0,0,0,0,0,0,0
50101,2,1,1999,0,0,0,0,0,0,0,0,0,0
50102,0,1,1999,19,19,19,19,19,19,19,19,19,19
50102,1,1,1999,0,0,0,0,0,0,0,0,0,0
50103,1,1,1999,0,0,0,0,0,0,0,0,0,0
50103,2,1,1999,0,0,0,0,0,0,0,0,0,0
50104,1,1,1999,11,11,11,11,11,11,11,11,11,11
50104,2,1,1999,7,7,7,7,7,7,7,7,7,7
50105,1,1,1999,0,0,0,0,0,0,0,0,0,0
50105,2,1,1999,0,0,0,0,0,0,0,0,0,4
50106,1,1,1999,0,0,0,0,0,0,0,0,0,0
50107,1,1,1999,0,0,0,0,0,0,0,0,0,0
50107,2,1,1999,0,0,0,0,0,0,0,0,0,0
50108,1,1,1999,0,0,0,0,0,0,0,0,0,0
50108,2,1,1999,0,0,0,0,0,0,0,0,0,0
50109,1,1,1999,16,0,17,0,10,0,0,0,0,0
50110,1,1,1999,0,0,0,0,0,0,0,0,0,0
50111,0,1,1999,19,19,19,19,19,19,19,19,19,19
50111,1,1,1999,0,0,0,0,0,0,0,0,0,0
50112,1,1,1999,0,0,0,0,0,0,0,0,0,0
50112,2,1,1999,0,0,0,0,0,0,0,0,0,0
50113,1,1,1999,0,0,0,0,0,0,0,0,0,0
50113,2,1,1999,0,0,0,0,0,0,0,0,0,0
50114,1,1,1999,1,1,1,1,1,1,1,1,1,1
50115,1,1,1999,14,14,14,14,14,14,14,14,14,14
50116,1,1,1999,13,13,33,8,18,0,0,0,16,0
50117,1,1,1999,0,0,0,0,0,0,0,0,0,0
50117,2,1,1999,4,4,4,4,4,4,4,4,4,4
50118,1,1,1999,0,0,0,0,0,0,0,0,0,0
50119,1,1,1999,0,0,0,0,0,0,0,0,0,0
50120,1,1,1999,18,18,18,18,18,18,18,18,18,18
50121,1,1,1999,0,0,0,0,0,0,0,0,0,0
50121,2,1,1999,0,0,0,0,0,0,0,0,0,0
50122,1,1,1999,0,0,0,0,0,0,0,0,0,0
50123,1,1,1999,18,18,18,18,18,18,18,18,18,18
50124,1,1,1999,0,0,0,0,0,0,0,0,0,0
50125,0,1,1999,0,0,0,0,0,0,0,0,0,0
50125,1,1,1999,4,4,4,4,4,4,4,4,4,4
50126,1,1,1999,0,0,0,0,0,0,0,0,0,0
50127,1,1,1999,11,11,11,11,11,11,11,11,11,11
50128,1,1,1999,27,27,27,27,27,27,27,27,27,27
50128,2,1,1999,0,0,0,0,0,0,0,0,0,0
50129,1,1,1999,16,16,16,16,16,16,16,16,16,16
50130,1,1,1999,15,15,15,15,15,15,15,15,15,15
50130,2,1,1999,5,5,5,5,5,5,5,5,5,5
50131,1,1,1999,0,0,0,0,0,0,0,0,0,0
50131,2,1,1999,0,0,0,0,0,0,0,0,0,0
50131,3,1,1999,0,0,0,0,0,0,0,0,0,0
50131,4,1,1999,0,0,0,0,0,0,0,0,0,0
50131,5,1,1999,0,0,0,0,0,0,0,0,0,0
50132,1,1,1999,0,0,0,0,0,0,0,0,0,0
50132,2,1,1999,0,0,0,0,0,0,0,0,0,0
50133,1,1,1999,8,8,8,8,8,8,8,8,8,8
50134,1,1,1999,0,0,0,0,0,0,0,0,0,0
50134,2,1,1999,0,0,0,0,0,0,0,0,0,0
50135,1,1,1999,3,3,3,3,3,3,3,3,3,3
50136,1,1,1999,4,4,4,4,4,4,4,4,4,4
50137,1,1,1999,6,6,6,6,6,6,6,6,6,6
50138,0,1,1999,0,0,0,0,0,0,0,0,0,0
50138,1,1,1999,0,0,0,0,0,0,0,0,0,0
50139,1,1,1999,0,0,0,0,0,0,0,0,0,0
50139,2,1,1999,0,0,0,0,0,0,0,0,0,0
50140,1,1,1999,0,0,0,0,0,0,0,0,0,0
50140,2,1,1999,0,0,0,0,0,0,0,0,0,0
50141,1,1,1999,21,5,0,12,10,19,11,26,0,0
50142,1,1,1999,0,0,0,0,0,0,0,0,0,0
50142,2,1,1999,0,0,0,0,0,0,0,0,0,0
50143,1,1,1999,0,0,0,0,0,0,0,0,0,0
50143,2,1,1999,0,0,0,0,0,0,0,0,0,0
50144,1,1,1999,0,0,0,0,0,0,0,0,0,0
50144,2,1,1999,0,0,0,0,0,0,0,0,0,0
50145,1,1,1999,0,0,0,0,0,0,0,0,0,0
50145,2,1,1999,0,0,0,0,0,0,0,0,0,0
50145,3,1,1999,0,0,0,0,0,0,0,0,0,0
50146,1,1,1999,0,0,0,0,0,0,0,0,0,0
50146,2,1,1999,0,0,0,0,0,0,0,0,0,0
50147,1,1,1999,0,0,0,0,0,0,0,0,0,0
50147,2,1,1999,0,0,0,0,0,0,0,0,0,0
50148,1,1,1999,0,0,0,0,0,0,0,0,0,0
50149,1,1,1999,0,0,0,0,0,0,0,0,0,0
50150,1,1,1999,0,0,0,0,0,0,0,0,0,0
50151,1,1,1999,0,0,0,0,0,0,0,0,0,0
50152,1,1,1999,22,22,22,22,22,22,22,22,22,22
50152,2,1,1999,0,0,0,0,0,0,0,0,0,0
50153,1,1,1999,0,0,0,0,0,0,0,0,0,0
50154,1,1,1999,0,0,0,0,0,0,0,0,0,0
50154,2,1,1999,0,0,0,0,0,0,0,0,0,0
50155,1,1,1999,0,0,0,0,0,0,0,0,0,0
50155,2,1,1999,0,0,0,0,0,0,0,0,0,0
50156,1,1,1999,0,0,0,0,0,0,0,0,0,0
50156,2,1,1999,0,0,0,0,0,0,0,0,0,0
50157,1,1,1999,10,10,10,10,10,10,10,10,10,10
50158,1,1,1999,0,0,0,0,11,44,0,0,0,45
50159,1,1,1999,0,0,0,0,0,0,0,0,0,0
50159,2,1,1999,0,0,0,0,0,0,0,0,0,0
50160,1,1,1999,0,0,0,0,0,0,0,0,0,0
50160,2,1,1999,0,0,0,0,0,0,0,28,0,0
50161,1,1,1999,0,0,0,0,0,0,0,0,0,0
50161,2,1,1999,0,0,0,0,0,0,0,0,0,0
50162,0,1,1999,0,0,0,0,0,0,0,0,0,0
50162,1,1,1999,0,0,0,0,0,0,0,0,0,0
50163,1,1,1999,0,0,0,0,0,0,0,0,0,0
50163,2,1,1999,0,0,0,0,0,0,0,0,0,0
50164,1,1,1999,29,29,29,29,29,29,29,29,29,29
50164,2,1,1999,0,0,0,0,0,0,0,0,0,0
50165,1,2,1999,15,15,15,15,15,15,15,15,15,15
50166,1,1,1999,0,0,0,0,0,0,0,0,0,0
50167,1,1,1999,0,0,0,0,0,0,0,0,0,0
50167,2,1,1999,0,0,0,0,0,0,0,0,0,0
50168,1,1,1999,0,0,0,0,0,0,0,0,0,0
50168,2,1,1999,0,0,0,0,0,0,0,0,0,0
50169,1,1,1999,0,0,0,0,0,0,0,0,0,0
50169,2,1,1999,0,0,0,0,0,0,0,0,0,0
50169,3,1,1999,0,0,0,0,0,0,0,0,0,0
50170,1,1,1999,31,31,31,31,31,31,31,31,31,31
50170,2,1,1999,0,0,0,0,0,0,0,0,0,0
50171,1,1,1999,11,11,11,11,11,11,11,11,11,11
50172,1,1,1999,14,14,14,14,14,14,14,14,14,14
50173,0,1,1999,0,0,0,0,0,0,0,0,0,0
50173,1,1,1999,0,0,0,0,0,0,0,0,0,0
50174,1,1,1999,0,0,0,0,0,0,0,0,0,0
50175,1,1,1999,0,0,0,0,0,0,0,0,0,0
50175,2,1,1999,0,0,0,0,0,0,0,0,0,0
50176,1,1,1999,0,0,0,0,0,0,0,0,0,0
50176,2,1,1999,13,13,13,13,13,13,13,13,13,13
50177,1,1,1999,0,0,0,0,0,0,0,0,0,0
50178,1,1,1999,10,10,10,10,10,10,10,10,10,10
50179,1,1,1999,0,0,0,15,0,0,0,0,0,0
50180,1,1,1999,0,0,0,0,0,0,0,0,0,0
50180,2,1,1999,0,0,0,0,0,0,0,0,0,0
50181,1,1,1999,15,15,15,15,15,15,15,15,15,15
50182,1,1,1999,0,0,0,0,0,0,0,0,0,0
50183,1,1,1999,20,20,20,20,20,20,20,20,20,20
50184,1,1,1999,0,0,0,0,0,0,0,0,0,0
50184,2,1,1999,0,0,0,0,0,0,0,0,0,0
50185,1,1,1999,0,0,15,0,0,0,0,0,0,0
50185,2,1,1999,0,0,0,0,0,0,0,0,0,0
50186,1,1,1999,0,0,0,0,0,0,0,0,0,0
50187,1,1,1999,0,0,0,0,0,0,0,0,0,0
50188,0,1,1999,0,0,0,0,0,0,0,0,0,0
50188,1,1,1999,0,0,0,0,0,0,0,0,0,0
50189,1,1,1999,0,0,0,0,0,0,0,0,0,0
50189,2,1,1999,15,15,15,15,15,15,15,15,15,15
50190,1,1,1999,0,0,0,0,0,0,0,0,0,0
50190,2,1,1999,0,0,0,0,0,0,0,0,0,0
50191,1,1,1999,6,6,6,6,6,6,6,6,6,6
50192,1,1,1999,12,12,12,12,12,12,12,12,12,12
50193,1,1,1999,7,7,7,7,7,7,7,7,7,7
50194,1,1,1999,0,0,0,0,0,0,0,0,0,0
50194,2,1,1999,0,0,0,0,0,0,0,0,0,0
50195,1,1,1999,0,0,0,0,0,0,0,0,0,0
50196,1,1,1999,0,0,0,0,0,0,0,0,0,0
50196,2,1,1999,0,0,0,0,0,0,0,0,0,0
50197,1,1,1999,0,0,0,0,0,0,0,0,0,0
50197,2,1,1999,0,0,0,0,0,0,0,0,0,0
50198,1,1,1999,0,0,0,0,0,0,0,0,0,19
50199,1,1,1999,0,0,0,0,0,0,0,0,0,0
50199,2,1,1999,1,1,1,1,1,1,1,1,1,1
50200,0,1,1999,0,0,0,0,0,0,0,0,0,0
50200,1,1,1999,0,0,0,0,0,0,0,0,0,0
50201,1,1,1999,20,20,20,20,20,20,20,20,20,20
50202,1,1,1999,0,0,0,0,0,0,0,0,0,0
50203,1,1,1999,0,0,0,0,0,0,0,0,0,0
50203,2,1,1999,0,0,0,0,0,0,0,0,0,0
50204,1,1,1999,0,0,0,0,0,0,0,0,0,0
50205,1,1,1999,15,15,15,15,15,15,15,15,15,15
50206,1,1,1999,22,22,22,22,22,22,22,22,22,22
50207,1,1,1999,0,0,0,0,0,0,0,0,0,0
50208,1,1,1999,0,0,0,0,0,0,0,0,0,0
50209,1,1,1999,17,22,0,0,0,20,18,0,0,28
50210,1,1,1999,0,0,0,0,0,0,0,0,0,0
50211,1,1,1999,22,22,22,22,22,22,22,22,22,22
50212,1,1,1999,15,15,15,15,15,15,15,15,15,15
50213,1,1,1999,14,0,0,9,0,0,14,24,0,0
50214,1,1,1999,10,19,28,17,9,0,23,14,0,12
50215,1,1,1999,0,0,0,0,0,0,0,0,0,0
50215,2,1,1999,0,0,0,0,0,0,0,0,0,0
50216,1,1,1999,22,22,22,22,22,22,22,22,22,22
50217,1,1,1999,0,0,0,0,0,0,0,0,0,0
50217,2,1,1999,0,0,0,9,16,0,0,0,0,0
50218,1,1,1999,0,0,0,0,0,0,0,0,0,0
50218,2,1,1999,7,7,7,7,7,7,7,7,7,7
50219,1,1,1999,18,18,18,18,18,18,18,18,18,18
50220,1,1,1999,0,0,0,0,0,0,0,0,0,0
50220,2,1,1999,10,10,10,10,10,10,10,10,10,10
50221,1,1,1999,21,0,11,20,0,0,15,0,0,11
50222,1,1,1999,0,0,0,0,0,0,0,0,0,0
50223,1,1,1999,0,0,0,0,0,0,0,0,0,0
50223,2,1,1999,0,0,0,0,0,0,0,0,0,0
50224,1,1,1999,0,0,0,0,0,0,0,0,0,0
50224,2,1,1999,15,15,15,15,15,15,15,15,15,15
50225,1,1,1999,19,19,19,19,19,19,19,19,19,19
50226,0,1,1999,30,30,30,30,30,30,30,30,30,30
50226,1,1,1999,0,0,0,0,0,0,0,0,0,0
50227,1,1,1999,1,1,1,1,1,1,1,1,1,1
50227,2,1,1999,0,0,0,0,0,0,0,0,0,0
50227,3,1,1999,0,0,0,0,0,0,0,0,0,0
50228,1,1,1999,0,0,0,23,0,0,11,23,14,7
50229,1,1,1999,0,0,0,0,0,0,0,0,0,0
50229,2,1,1999,0,0,0,0,0,0,0,0,0,0
50230,1,1,1999,12,12,12,12,12,12,12,12,12,12
50231,1,1,1999,15,0,0,0,0,0,0,0,12,0
50232,1,1,1999,10,10,10,10,10,10,10,10,10,10
50232,2,1,1999,0,0,0,0,0,0,0,0,0,0
50233,1,1,1999,0,0,0,0,0,0,0,0,0,0
50233,2,1,1999,0,0,0,5,0,0,0,0,0,0
50234,1,1,1999,0,0,0,0,0,0,0,0,0,0
50234,2,1,1999,32,0,0,0,0,0,0,5,0,0
50234,3,1,1999,0,0,0,0,0,0,0,0,0,0
50234,4,1,1999,0,0,26,0,0,0,0,0,0,0
50235,1,1,1999,16,16,16,16,16,16,16,16,16,16
50236,0,1,1999,6,6,6,6,6,6,6,6,6,6
50236,1,1,1999,0,0,0,0,0,0,0,0,0,0
50237,1,1,1999,21,21,21,21,21,21,21,21,21,21
50238,1,1,1999,15,0,0,0,16,0,0,0,0,0
50238,2,1,1999,0,0,0,0,0,0,0,0,0,0
50238,3,1,1999,0,0,0,0,0,0,0,0,0,0
50239,1,1,1999,0,0,0,0,0,0,0,0,0,0
50239,2,1,1999,0,0,0,0,0,0,0,0,0,0
50240,1,1,1999,18,18,18,18,18,18,18,18,18,18
50241,1,1,1999,0,0,0,4,0,0,0,0,0,0
50242,1,1,1999,0,0,0,0,0,0,0,0,0,0
50243,1,1,1999,0,0,0,0,0,0,0,0,0,0
50243,2,1,1999,19,19,19,19,19,19,19,19,19,19
50244,1,1,1999,0,0,0,0,0,0,0,0,0,0
50244,2,1,1999,0,0,0,0,0,0,0,0,0,0
50245,1,1,1999,0,0,0,0,0,0,0,0,0,0
50245,2,1,1999,0,0,0,0,0,0,0,0,0,0
50246,1,1,1999,20,20,20,20,20,20,20,20,20,20
50247,0,1,1999,0,0,0,0,0,0,0,0,0,0
50247,1,1,1999,0,0,0,0,0,0,0,0,0,0
50248,1,1,1999,9,9,9,9,9,9,9,9,9,9
50249,1,1,1999,0,0,0,0,0,0,0,0,0,0
50249,2,1,1999,0,0,0,0,0,0,0,0,0,0
50249,3,1,1999,0,0,0,0,0,0,0,0,0,0
50250,1,1,1999,24,24,24,24,24,24,24,24,24,24
50251,1,1,1999,0,0,0,0,0,0,0,0,0,0
50251,2,1,1999,0,0,0,0,0,0,0,0,0,0
50252,1,1,1999,0,0,0,0,0,0,0,0,0,0
50252,2,1,1999,0,0,0,0,0,0,0,0,0,0
50253,1,1,1999,0,0,36,0,36,11,0,0,13,17
50254,1,1,1999,0,0,0,0,0,0,0,0,0,0
50254,2,1,1999,0,0,19,0,0,0,0,0,0,0
50255,1,1,1999,0,0,0,0,0,13,0,0,0,0
50255,2,1,1999,0,0,0,0,0,0,0,4,0,0
50255,3,1,1999,0,0,0,0,0,0,0,0,0,0
50256,1,1,1999,31,31,31,31,31,31,31,31,31,31
50257,1,1,1999,0,0,0,0,0,0,0,0,0,0
50258,1,1,1999,5,5,5,5,5,5,5,5,5,5
50259,0,1,1999,0,0,0,0,0,0,0,0,0,0
50259,1,1,1999,0,0,0,0,0,0,0,0,0,0
50260,0,1,1999,0,0,0,0,0,0,0,0,0,0
50260,1,1,1999,0,0,0,0,0,0,0,0,0,0
50261,1,1,1999,0,0,0,0,0,0,0,0,0,0
50261,2,1,1999,0,0,0,0,0,0,0,0,0,0
50262,0,1,1999,0,0,0,0,0,0,0,0,0,0
50262,1,1,1999,0,0,0,0,0,0,0,0,0,0
50262,2,1,1999,0,0,0,0,0,0,0,0,0,0
50263,1,1,1999,0,0,0,0,0,0,0,0,0,0
50263,2,1,1999,0,0,0,0,0,0,0,0,0,0
50264,1,1,1999,2,0,0,0,0,0,0,0,0,0
50265,1,1,1999,0,0,0,0,33,15,16,0,0,0
50266,1,1,1999,0,0,0,0,0,0,0,0,0,0
50266,2,1,1999,0,0,0,0,0,0,0,0,0,0
50266,3,1,1999,0,0,0,0,0,0,0,0,0,0
50267,1,1,1999,0,0,0,0,0,0,0,0,0,0
50268,1,1,1999,0,0,0,0,0,0,0,0,0,0
50269,1,1,1999,0,0,0,0,0,0,0,0,0,0
50270,1,1,1999,0,0,0,0,0,0,0,0,0,0
50270,2,1,1999,19,19,19,19,19,19,19,19,19,19
50271,1,1,1999,0,0,0,0,0,0,0,0,0,0
50271,2,1,1999,0,0,0,0,0,0,0,0,0,0
50272,1,1,1999,0,0,0,0,0,0,0,0,0,0
50272,2,1,1999,0,0,0,0,0,0,0,0,0,0
50273,1,1,1999,0,0,0,0,0,0,16,0,0,0
50273,2,1,1999,0,0,0,0,0,0,0,0,0,17
50273,3,1,1999,0,0,0,0,0,0,0,0,0,0
50274,1,1,1999,0,13,0,0,0,0,0,0,0,0
50274,2,1,1999,0,0,0,0,0,0,0,0,0,0
50275,1,1,1999,0,0,0,0,0,0,0,0,0,0
50275,2,1,1999,0,0,0,0,0,0,0,0,0,0
50276,1,1,1999,10,0,0,0,0,0,0,0,16,0
50277,1,1,1999,16,16,16,16,16,16,16,16,16,16
50278,1,1,1999,0,0,0,0,0,0,0,0,0,0
50279,1,1,1999,23,16,0,0,12,0,0,0,0,0
50280,1,1,1999,0,0,0,0,0,0,0,0,0,0
50280,2,1,1999,0,0,0,0,0,0,0,0,0,0
50280,3,1,1999,0,0,0,0,0,0,0,0,0,0
50281,1,1,1999,13,13,13,13,13,13,13,13,13,13
50282,1,1,1999,19,19,19,19,19,19,19,19,19,19
50283,1,1,1999,0,0,0,0,0,0,0,0,0,0
50283,2,1,1999,0,0,0,0,0,0,0,0,0,0
50284,1,1,1999,25,0,38,25,20,17,9,18,0,15
50285,1,1,1999,0,0,0,0,0,0,0,0,0,0
50286,1,1,1999,0,0,0,0,0,0,0,0,0,0
50286,2,1,1999,0,0,0,0,0,0,0,0,0,0
50286,3,1,1999,0,0,0,0,0,0,0,0,0,0
50287,0,1,1999,0,0,0,0,0,0,0,0,0,0
50287,1,1,1999,0,0,0,0,0,0,0,0,0,0
50288,1,1,1999,0,0,0,0,0,0,0,0,0,0
50289,1,1,1999,0,0,0,0,0,0,0,0,0,0
50289,2,1,1999,0,0,30,0,0,0,0,0,0,0
50290,0,1,1999,0,0,0,0,0,0,0,0,0,0
50290,1,1,1999,0,0,0,0,0,0,0,0,0,0
50291,1,1,1999,11,11,11,11,11,11,11,11,11,11
50292,1,1,1999,0,0,0,0,0,0,0,4,0,0
50292,2,1,1999,0,0,0,0,0,0,0,0,0,0
50293,1,1,1999,0,0,0,0,0,0,0,30,0,0
50294,1,1,1999,0,0,0,0,0,0,0,0,0,0
50295,1,1,1999,0,0,0,0,0,0,0,9,0,0
50296,1,1,1999,7,7,7,7,7,7,7,7,7,7
50297,1,1,1999,26,26,26,26,26,26,26,26,26,26
50298,1,1,1999,17,17,17,17,17,17,17,17,17,17