ST_CASE,VEH_NO,PER_NO,YEAR,P1,P2,P3,P4,P5,P6,P7,P8,P9,P10
50299,1,1,1999,13,13,13,13,13,13,13,13,13,13
50300,1,1,1999,0,0,0,0,0,0,0,0,0,0
50301,1,1,1999,0,0,0,0,0,0,0,0,0,0
50301,2,1,1999,0,0,0,0,0,0,0,0,0,0
50302,1,1,1999,0,0,0,0,0,0,0,0,0,0
50302,2,1,1999,0,0,0,0,0,0,0,0,0,0
50303,1,1,1999,11,11,11,11,11,11,11,11,11,11
50304,1,1,1999,17,0,0,0,0,0,0,0,0,0
50304,2,1,1999,0,0,0,0,0,0,0,0,0,0
50305,1,1,1999,12,21,0,17,27,0,12,16,15,26
50306,1,1,1999,0,0,0,0,0,0,0,0,0,0
50306,2,1,1999,0,0,0,0,0,0,0,0,0,0
50307,1,1,1999,12,12,12,12,12,12,12,12,12,12
50308,1,1,1999,0,0,0,0,0,0,0,0,0,0
50309,1,1,1999,0,0,0,0,0,0,0,0,0,0
50310,1,1,1999,1,1,1,1,1,1,1,1,1,1
50310,2,1,1999,0,0,0,0,0,0,0,0,0,0
50311,1,1,1999,0,0,0,0,0,0,0,0,0,0
50312,1,1,1999,0,0,0,0,0,0,0,0,0,0
50313,1,1,1999,0,0,0,0,0,0,0,0,0,0
50313,2,1,1999,0,0,0,0,0,0,0,0,0,0
50313,3,1,1999,0,0,0,0,0,0,0,0,0,0
50314,1,1,1999,9,9,9,9,9,9,9,9,9,9
50315,1,1,1999,0,0,0,0,0,0,0,0,0,0
50316,1,1,1999,0,0,0,0,0,0,0,0,0,0
50317,1,1,1999,15,15,15,15,15,15,15,15,15,15
50318,1,1,1999,8,0,0,0,6,17,7,18,0,0
50319,1,1,1999,13,13,13,13,13,13,13,13,13,13
50320,1,1,1999,7,7,7,7,7,7,7,7,7,7
50321,1,1,1999,12,0,0,6,22,2,0,0,0,0
50322,1,1,1999,0,0,0,0,0,0,0,0,0,0
50322,2,1,1999,0,0,0,0,0,0,0,0,0,0
50323,1,1,1999,0,0,0,0,0,0,0,0,0,0
50323,2,1,1999,0,0,0,0,0,0,0,0,0,0
50324,0,1,1999,35,35,35,35,35,35,35,35,35,35
50324,1,1,1999,0,0,0,0,0,0,0,0,0,0
50325,1,1,1999,0,0,0,0,0,0,0,0,0,0
50325,2,1,1999,0,0,0,0,0,0,0,0,0,0
50325,3,1,1999,0,0,0,0,0,0,0,0,0,0
50326,1,1,1999,24,24,24,24,24,24,24,24,24,24
50327,0,1,1999,0,0,0,0,0,0,0,0,0,0
50327,1,1,1999,23,0,35,0,25,0,0,0,0,12
50328,1,1,1999,0,0,0,0,0,0,0,0,39,0
50329,1,1,1999,9,0,0,0,0,0,0,0,0,0
50329,2,1,1999,0,0,0,0,0,0,0,0,0,0
50330,1,1,1999,8,0,0,0,0,0,0,0,0,0
50331,0,1,1999,0,0,0,0,0,0,0,0,0,0
50331,1,1,1999,0,0,0,0,0,0,0,0,0,0
50332,1,1,1999,0,0,0,0,0,0,0,0,0,0
50332,2,1,1999,0,0,0,0,0,0,0,0,0,0
50333,1,1,1999,17,17,17,17,17,17,17,17,17,17
50334,1,1,1999,0,0,0,0,0,0,0,0,0,0
50335,1,1,1999,0,0,0,0,0,0,0,0,0,0
50336,1,1,1999,6,6,6,6,6,6,6,6,6,6
50337,1,1,1999,10,10,10,10,10,10,10,10,10,10
50338,1,1,1999,0,0,0,0,0,0,0,0,0,0
50338,2,1,1999,0,0,0,0,0,0,0,0,0,0
50339,1,1,1999,0,0,0,0,0,0,0,0,0,0
50339,2,1,1999,0,0,0,0,0,0,0,0,0,0
50340,1,1,1999,22,22,22,22,22,22,22,22,22,22
50341,1,1,1999,0,0,0,0,0,0,0,0,0,0
50341,2,1,1999,0,0,0,0,0,0,0,0,0,0
50342,1,1,1999,0,0,0,0,0,0,0,0,0,0
50343,1,1,1999,0,0,0,0,0,0,0,0,0,0
50343,2,1,1999,0,0,0,0,0,0,0,0,0,0
50344,1,1,1999,0,0,0,0,0,0,0,0,0,0
50344,2,1,1999,0,0,0,0,0,0,0,0,0,0
50345,1,1,1999,0,0,0,0,0,0,0,0,0,0
50345,2,1,1999,0,0,0,0,0,0,0,0,11,0
50346,1,1,1999,0,0,0,0,0,0,0,0,0,0
50347,1,1,1999,0,12,0,0,0,0,0,0,0,0
50347,2,1,1999,0,13,0,0,0,0,0,0,0,0
50348,1,1,1999,0,0,0,0,0,0,0,0,0,0
50348,2,1,1999,0,0,0,0,0,0,0,0,0,0
50349,1,1,1999,0,0,0,0,18,0,0,0,0,0
50350,1,1,1999,14,0,0,0,0,0,26,0,0,0
50351,1,1,1999,0,0,0,0,0,0,0,0,0,0
50352,1,1,1999,0,0,0,0,0,0,0,0,0,0
50353,1,1,1999,0,0,0,0,0,0,0,0,0,0
50354,1,1,1999,0,0,0,0,0,0,0,0,0,0
50354,2,1,1999,0,0,0,0,0,0,5,0,0,0
50354,3,1,1999,0,0,0,0,0,0,0,0,0,0
50354,4,1,1999,0,0,0,0,0,0,0,0,0,0
50355,1,1,1999,14,14,14,14,14,14,14,14,14,14
50356,1,1,1999,0,0,0,0,0,0,0,0,0,0
50357,1,1,1999,0,0,0,0,0,0,0,0,0,0
50357,2,1,1999,0,0,0,0,0,0,0,0,0,0
50358,1,1,1999,0,0,0,0,0,0,0,0,0,0
50359,1,1,1999,0,0,0,0,0,0,0,0,0,0
50359,2,1,1999,0,0,0,0,0,0,0,0,0,0
50360,1,1,1999,12,12,12,12,12,12,12,12,12,12
50361,1,1,1999,0,0,0,0,0,0,0,0,0,0
50362,1,1,1999,0,0,0,0,0,0,0,0,0,0
50363,1,1,1999,0,0,0,0,0,0,0,0,0,0
50364,1,1,1999,5,5,5,5,5,5,5,5,5,5
50365,1,1,1999,0,0,0,0,0,0,0,0,0,0
50366,1,1,1999,0,0,7,0,0,0,0,0,0,0
50367,1,1,1999,0,0,0,0,0,0,0,0,0,0
50368,1,1,1999,0,0,0,0,0,0,0,0,0,0
50369,1,1,1999,0,0,0,0,0,0,0,0,0,0
50370,1,1,1999,0,0,0,0,0,0,0,0,0,0
50370,2,1,1999,0,0,0,0,0,0,0,0,0,0
50371,1,1,1999,0,0,0,0,0,0,0,0,0,0
50372,1,1,1999,0,0,0,0,0,0,0,0,0,0
50372,2,1,1999,14,14,14,14,14,14,14,14,14,14
50373,1,1,1999,27,21,0,0,24,13,20,29,0,0
50373,2,1,1999,11,11,11,11,11,11,11,11,11,11
50373,3,1,1999,1,1,1,1,1,1,1,1,1,1
50374,1,1,1999,0,0,0,0,0,0,0,0,0,0
50375,1,1,1999,0,0,0,0,0,0,0,0,0,0
50376,1,1,1999,0,0,0,0,0,0,0,0,0,0
50376,2,1,1999,0,0,0,0,0,0,0,0,0,0
50377,1,1,1999,0,0,0,0,0,0,0,0,0,0
50377,2,1,1999,0,0,0,0,0,0,0,0,0,0
50378,1,1,1999,0,0,0,0,0,0,0,0,0,0
50378,2,1,1999,0,0,0,0,0,0,0,0,0,0
50379,1,1,1999,0,0,0,0,0,0,0,0,0,0
50379,2,1,1999,0,0,0,0,0,0,0,0,0,0
50380,1,1,1999,0,0,0,0,0,0,0,0,0,23
50381,1,1,1999,0,0,0,0,0,0,0,0,0,0
50382,1,1,1999,0,0,0,0,0,0,0,0,0,0
50383,1,1,1999,0,0,0,0,0,0,0,0,0,0
50383,2,1,1999,0,0,0,0,0,0,0,0,0,0
50384,1,1,1999,0,0,0,0,0,0,0,0,0,0
50385,1,1,1999,0,0,9,0,0,8,0,0,11,35
50386,1,1,1999,0,0,0,0,0,0,0,0,0,0
50387,1,4,1999,0,0,0,0,0,0,0,0,0,0
50388,1,1,1999,0,0,0,0,0,0,0,0,0,0
50389,1,1,1999,20,20,20,20,20,20,20,20,20,20
50390,0,1,1999,0,0,0,0,0,0,0,0,0,0
50390,1,1,1999,0,0,0,0,0,0,0,0,0,0
50391,1,1,1999,0,0,0,0,0,0,0,0,0,0
50392,1,1,1999,20,20,20,20,20,20,20,20,20,20
50393,1,1,1999,0,0,0,0,0,0,0,0,0,0
50394,1,1,1999,0,0,0,0,0,0,0,0,23,0
50395,1,1,1999,0,0,0,0,0,0,0,0,0,0
50396,1,1,1999,0,0,0,0,0,0,0,0,0,0
50397,1,1,1999,0,0,0,0,0,0,0,0,0,0
50398,1,1,1999,0,0,0,0,0,0,0,0,0,0
50398,2,1,1999,0,0,12,0,0,0,0,0,28,0
50399,1,1,1999,0,15,0,0,0,0,0,0,0,0
50399,2,1,1999,0,0,0,0,0,0,0,0,0,0
50400,1,1,1999,0,0,0,0,0,0,24,0,0,0
50400,2,1,1999,0,0,0,0,0,0,0,0,0,0
50401,1,1,1999,11,11,11,11,11,11,11,11,11,11
50402,1,1,1999,13,13,13,13,13,13,13,13,13,13
50403,0,1,1999,0,0,0,0,0,0,0,0,0,0
50403,1,1,1999,0,0,0,0,0,0,0,0,0,0
50404,1,1,1999,0,0,0,0,0,0,0,0,0,0
50405,0,1,1999,0,0,0,0,0,0,0,0,0,0
50405,1,1,1999,22,22,22,22,22,22,22,22,22,22
50406,1,1,1999,0,0,0,0,0,0,0,0,0,0
50406,2,1,1999,0,0,0,0,0,14,0,0,0,0
50407,1,1,1999,0,0,0,0,0,0,0,0,0,0
50408,1,1,1999,0,0,0,0,0,0,0,0,0,0
50409,1,1,1999,0,0,0,0,0,0,0,0,0,0
50409,2,1,1999,0,0,0,0,0,0,0,0,0,0
50410,1,1,1999,0,0,0,0,0,0,0,0,0,0
50411,1,1,1999,0,0,0,0,0,0,0,0,0,0
50412,1,1,1999,0,0,0,0,0,0,0,0,0,0
50412,2,1,1999,0,0,0,0,0,0,0,0,0,0
50413,1,1,1999,2,2,2,2,2,2,2,2,2,2
50414,0,1,1999,0,0,0,0,0,0,0,0,0,0
50414,1,1,1999,0,0,0,0,0,0,0,0,0,0
50415,1,1,1999,0,0,0,0,0,0,0,0,0,0
50416,1,1,1999,7,7,7,7,7,7,7,7,7,7
50416,2,1,1999,12,12,12,12,12,12,12,12,12,12
50417,1,1,1999,0,0,0,0,0,0,0,0,0,0
50418,1,1,1999,0,0,0,0,0,0,0,0,0,0
50418,2,1,1999,35,35,35,35,35,35,35,35,35,35
50419,1,1,1999,0,0,0,0,0,0,0,0,0,0
50419,2,1,1999,0,0,0,0,0,0,0,0,0,0
50419,3,1,1999,0,0,0,0,0,0,0,0,0,0
50420,1,1,1999,17,17,17,17,17,17,17,17,17,17
50421,1,1,1999,0,0,0,0,0,0,0,0,0,0
50421,2,1,1999,0,0,0,0,0,0,0,0,0,0
50422,1,1,1999,0,0,0,0,0,0,0,0,0,0
50422,2,1,1999,0,0,0,0,0,0,0,0,0,0
50422,3,1,1999,0,0,0,0,0,0,0,0,0,0
50422,4,1,1999,0,0,0,0,0,0,0,0,0,0
50423,1,1,1999,0,0,0,0,0,0,0,0,0,0
50423,2,1,1999,0,0,0,0,0,0,0,0,0,0
50424,1,1,1999,0,0,0,0,0,0,0,0,0,0
50425,0,1,1999,0,0,0,0,0,0,0,0,0,0
50425,1,1,1999,0,0,0,0,0,0,0,0,0,0
50426,1,1,1999,0,0,0,0,0,0,0,0,0,0
50427,1,1,1999,0,0,0,0,0,0,0,0,0,0
50427,2,1,1999,0,0,0,0,0,0,0,0,0,0
50428,1,1,1999,15,15,15,15,15,15,15,15,15,15
50429,1,1,1999,0,0,0,0,0,0,0,0,0,0
50429,2,1,1999,0,0,0,0,0,0,0,0,0,0
50430,0,1,1999,20,20,20,20,20,20,20,20,20,20
50430,1,1,1999,0,0,0,0,0,0,0,0,0,0
50431,1,1,1999,0,0,0,0,0,0,0,0,0,0
50431,2,1,1999,0,0,0,0,0,0,0,0,0,0
50432,1,1,1999,22,0,0,0,0,0,0,0,0,0
50432,2,1,1999,0,15,0,0,0,0,0,0,0,0
50433,1,1,1999,4,12,12,0,0,0,4,0,0,0
50434,1,1,1999,16,0,0,21,0,0,0,0,0,0
50435,1,1,1999,0,0,0,0,0,0,0,0,0,0
50435,2,1,1999,0,0,0,0,0,0,0,0,0,0
50435,3,1,1999,0,0,0,0,0,0,0,0,0,0
50436,1,1,1999,0,0,0,0,0,0,0,19,0,0
50437,1,1,1999,0,0,0,0,0,0,0,0,0,0
50438,1,1,1999,0,0,0,0,0,0,0,0,0,0
50438,2,1,1999,0,4,0,0,0,0,10,0,0,0
50439,1,1,1999,0,0,0,0,0,0,0,0,0,0
50439,2,1,1999,0,0,0,0,0,0,0,0,0,0
50440,1,1,1999,0,0,0,0,0,0,0,0,0,0
50441,1,1,1999,0,0,0,0,0,0,0,0,14,0
50441,2,1,1999,23,23,23,23,23,23,23,23,23,23
50442,1,1,1999,32,32,32,32,32,32,32,32,32,32
50443,1,1,1999,12,0,0,0,0,0,0,0,0,0
50444,1,1,1999,0,0,0,0,0,0,0,0,0,0
50444,2,1,1999,16,16,16,16,16,16,16,16,16,16
50445,1,1,1999,0,0,0,0,0,0,0,0,0,0
50445,2,1,1999,10,10,10,10,10,10,10,10,10,10
50445,3,1,1999,0,0,0,6,0,18,18,17,0,0
50446,1,1,1999,0,0,0,0,0,0,0,0,0,0
50447,1,1,1999,0,0,0,0,0,0,0,0,0,0
50447,2,1,1999,0,0,0,0,0,0,0,0,0,0
50448,1,1,1999,0,0,0,0,0,0,0,0,0,0
50448,2,1,1999,12,12,12,12,12,12,12,12,12,12
50449,1,1,1999,0,0,0,0,0,0,0,0,0,0
50450,0,1,1999,0,0,0,0,0,0,0,0,0,0
50450,1,1,1999,0,0,0,0,0,0,0,0,0,0
50451,1,1,1999,32,32,32,32,32,32,32,32,32,32
50452,1,1,1999,14,14,14,14,14,14,14,14,14,14
50453,1,1,1999,0,0,0,0,0,0,0,0,0,0
50453,2,1,1999,0,0,9,0,0,0,0,0,0,0
50453,3,1,1999,0,0,0,0,0,0,0,0,0,0
50454,1,1,1999,0,0,0,0,0,0,0,0,0,0
50454,2,1,1999,0,0,0,0,0,0,0,0,0,0
50455,1,1,1999,0,0,0,0,0,0,0,0,0,0
50455,2,1,1999,5,5,5,5,5,5,5,5,5,5
50456,0,1,1999,0,0,0,0,0,0,0,0,0,0
50456,1,1,1999,0,0,0,0,0,0,0,0,0,0
50457,1,1,1999,12,23,0,18,0,20,31,0,11,0
50458,1,1,1999,0,0,0,0,0,0,0,0,0,0
50458,2,1,1999,0,0,0,0,0,0,0,0,0,0
50459,1,1,1999,19,19,19,19,19,19,19,19,19,19
50460,1,1,1999,0,0,0,0,0,0,0,0,0,0
50460,2,1,1999,0,0,0,0,0,0,0,0,0,0
50461,1,1,1999,15,15,15,15,15,15,15,15,15,15
50462,1,1,1999,0,0,0,0,0,0,0,0,0,0
50462,2,1,1999,0,0,0,0,0,0,0,0,0,0
50462,3,1,1999,0,0,0,0,0,0,0,0,0,0
50463,0,1,1999,0,0,0,0,0,0,0,0,0,0
50463,1,1,1999,0,0,0,0,0,0,8,0,0,0
50464,1,1,1999,0,0,0,0,0,0,0,0,0,0
50464,2,1,1999,0,0,0,0,0,0,0,0,0,0
50465,1,1,1999,6,6,6,6,6,6,6,6,6,6
50466,1,1,1999,0,0,0,0,0,0,0,0,0,0
50467,0,1,1999,30,30,30,30,30,30,30,30,30,30
50467,1,1,1999,0,0,0,0,0,0,0,0,0,0
50468,1,1,1999,0,0,0,0,0,0,0,0,0,0
50469,1,1,1999,26,26,26,26,26,26,26,26,26,26
50470,1,1,1999,0,0,0,0,0,0,0,0,0,0
50470,2,1,1999,7,0,0,0,18,0,0,0,0,14
50471,1,1,1999,0,0,0,0,0,0,0,0,0,0
50472,1,1,1999,0,0,0,0,0,0,0,0,0,0
50472,2,1,1999,0,0,39,0,30,0,0,0,0,0
50473,1,1,1999,0,0,0,0,0,0,0,0,0,0
50473,2,1,1999,0,0,0,0,0,0,0,0,0,0
50474,1,1,1999,0,0,0,0,0,0,0,0,0,0
50474,2,1,1999,0,0,0,0,0,0,0,0,0,0
50475,1,1,1999,9,9,9,9,9,9,9,9,9,9
50476,1,1,1999,2,2,2,2,2,2,2,2,2,2
50476,2,1,1999,0,0,0,0,0,0,0,0,0,0
50477,1,1,1999,0,0,0,0,32,0,0,0,27,22
50478,1,1,1999,0,0,4,0,0,12,0,0,8,0
50478,2,1,1999,0,0,0,0,0,0,0,0,0,0
50479,1,1,1999,0,0,0,0,0,0,0,0,0,0
50479,2,1,1999,0,0,0,0,0,0,0,0,0,0
50480,0,1,1999,0,0,0,0,0,0,0,0,0,0
50480,1,1,1999,0,0,0,0,0,0,0,0,0,0
50481,1,1,1999,24,23,0,22,0,0,0,32,0,0
50482,1,1,1999,0,0,0,0,0,0,0,0,0,0
50482,2,1,1999,0,0,0,0,0,0,0,0,0,0
50483,1,1,1999,17,17,17,17,17,17,17,17,17,17
50484,1,1,1999,13,13,13,13,13,13,13,13,13,13
50485,1,1,1999,4,4,4,4,4,4,4,4,4,4
50485,2,1,1999,0,0,0,0,0,0,0,0,0,0
50486,1,1,1999,0,0,0,0,0,0,0,0,0,0
50486,2,1,1999,4,4,4,4,4,4,4,4,4,4
50487,1,1,1999,0,0,0,0,0,0,0,0,0,0
50488,1,1,1999,1,1,1,1,1,1,1,1,1,1
50489,1,1,1999,0,0,0,0,0,0,0,0,0,0
50490,1,1,1999,0,0,0,0,0,0,0,0,0,0
50491,1,1,1999,0,0,0,0,0,0,0,0,0,0
50491,2,1,1999,0,0,0,0,0,0,0,0,0,0
50492,1,1,1999,26,26,26,26,26,26,26,26,26,26
50493,1,1,1999,0,0,0,0,0,0,0,0,0,0
50493,2,1,1999,0,0,0,0,0,0,0,0,0,0
50493,3,1,1999,0,0,0,0,0,0,0,0,0,0
50494,1,1,1999,12,20,13,8,0,9,0,16,20,18
50495,1,1,1999,0,0,0,14,12,8,0,0,0,0
50495,2,1,1999,0,0,0,0,0,0,0,0,0,0
50496,1,1,1999,22,22,22,22,22,22,22,22,22,22
50497,1,1,1999,18,18,18,18,18,18,18,18,18,18
50498,1,1,1999,28,28,28,28,28,28,28,28,28,28
50499,1,1,1999,0,0,0,0,0,0,0,0,0,0
50499,2,1,1999,0,0,0,0,0,0,0,0,0,0
50500,1,1,1999,0,0,0,0,0,0,0,0,0,0
50501,1,1,1999,20,20,20,20,20,20,20,20,20,20
50502,1,1,1999,22,22,22,22,22,22,22,22,22,22
50503,1,1,1999,0,0,0,0,0,0,0,0,0,0
50504,1,1,1999,0,0,0,0,0,0,0,0,0,0
50505,1,1,1999,0,0,0,0,0,0,0,0,0,0
50506,1,1,1999,0,0,0,0,0,0,0,0,0,0
50507,0,1,1999,0,0,0,11,0,0,0,0,0,0
50507,1,1,1999,38,19,36,5,30,0,0,14,27,18
50508,0,1,1999,0,0,0,0,0,0,0,0,0,0
50508,1,1,1999,0,0,0,0,0,0,0,0,0,0
50509,1,1,1999,0,0,0,0,0,0,0,0,0,0
50509,2,1,1999,0,0,0,0,0,0,0,0,0,0
50509,3,1,1999,0,0,0,0,0,0,0,0,0,0
50510,1,1,1999,23,23,23,23,23,23,23,23,23,23
50511,1,1,1999,0,0,0,13,0,0,0,0,18,0
50512,1,1,1999,0,0,0,0,0,0,0,0,0,0
50512,2,1,1999,0,0,0,0,0,0,0,0,0,0
50513,1,1,1999,0,0,0,0,0,0,0,0,0,0
50513,2,1,1999,0,0,0,0,0,0,0,0,0,0
50514,1,1,1999,0,0,0,0,0,0,0,0,0,0
50514,2,1,1999,22,22,22,22,22,22,22,22,22,22
50515,1,1,1999,0,19,0,0,0,0,0,0,0,0
50515,2,1,1999,0,0,0,0,0,0,0,0,0,0
50516,1,1,1999,0,0,0,0,0,0,0,0,0,0
50516,2,1,1999,0,0,0,0,0,0,0,0,0,0
50517,1,1,1999,0,0,0,0,0,0,0,0,17,0
50517,2,1,1999,0,0,16,0,0,0,0,0,0,17
50518,1,1,1999,0,0,0,0,0,0,0,0,0,0
50518,2,1,1999,33,33,33,33,33,33,33,33,33,33
50519,1,1,1999,0,0,0,0,0,0,0,0,0,0
50520,1,1,1999,15,15,15,15,15,15,15,15,15,15
50521,1,1,1999,0,0,0,0,0,0,0,0,0,0
50522,1,1,1999,0,0,0,0,0,0,0,0,0,0
50523,1,1,1999,0,0,0,0,0,0,0,0,0,0
50524,1,1,1999,0,0,0,0,0,0,0,0,0,0
50525,0,1,1999,0,0,0,0,0,0,0,0,0,0
50525,1,1,1999,0,0,0,0,0,0,0,0,0,0
50526,1,1,1999,12,12,12,12,12,12,12,12,12,12
50527,0,1,1999,0,0,0,8,0,0,0,0,0,0
50527,1,1,1999,0,0,0,0,0,0,0,0,0,0
50528,1,1,1999,0,0,0,0,0,15,0,0,0,0
50528,2,1,1999,0,0,0,0,0,0,0,0,0,0
50529,0,1,1999,0,0,0,0,0,0,0,0,0,0
50529,1,1,1999,0,0,0,0,0,0,0,0,0,0
50530,1,1,1999,22,22,22,22,22,22,22,22,22,22
50531,1,1,1999,0,0,0,0,0,0,0,0,0,0
50532,1,1,1999,0,0,0,0,0,0,0,0,0,0
50533,1,1,1999,0,0,0,0,0,0,0,0,0,0
50534,1,1,1999,0,0,0,0,0,0,0,0,0,0
50535,1,1,1999,0,0,0,0,0,0,0,6,0,0
50535,2,1,1999,0,0,0,0,0,0,0,0,0,0
50536,1,1,1999,0,0,0,0,0,0,0,0,0,0
50536,2,1,1999,4,4,4,4,4,4,4,4,4,4
50537,1,1,1999,0,0,0,0,0,0,0,0,0,0
50537,2,1,1999,0,0,0,0,0,0,0,0,0,0
50538,1,1,1999,18,18,18,18,18,18,18,18,18,18
50539,1,1,1999,9,9,9,9,9,9,9,9,9,9
50540,1,1,1999,18,18,18,18,18,18,18,18,18,18
80001,1,1,1999,0,0,0,0,0,0,0,0,0,0
80001,2,1,1999,0,0,0,0,0,0,0,0,0,0
80002,1,1,1999,23,23,23,23,23,23,23,23,23,23
80002,2,1,1999,0,0,0,0,0,0,0,0,0,0
80002,3,1,1999,0,0,0,0,0,0,0,0,0,0
80003,1,1,1999,0,0,0,0,0,0,0,0,0,0
80004,1,1,1999,0,0,0,0,0,0,0,0,0,0
80005,1,1,1999,26,26,26,26,26,26,26,26,26,26
80005,2,1,1999,12,12,12,12,12,12,12,12,12,12
80006,1,1,1999,14,14,14,14,14,14,14,14,14,14
80007,1,1,1999,0,0,0,0,0,0,0,0,0,0
80007,2,1,1999,0,0,0,0,0,0,0,0,10,0
80008,1,1,1999,0,0,0,0,0,0,0,0,0,0
80008,2,1,1999,0,0,0,0,0,0,0,0,0,0
80008,3,1,1999,0,0,0,0,0,0,0,0,0,0
80009,1,1,1999,0,0,0,0,0,0,0,0,0,0
80010,1,1,1999,0,0,0,0,0,0,0,0,0,0
80010,2,1,1999,0,0,0,0,0,0,0,0,0,0
80011,1,1,1999,12,12,12,12,12,12,12,12,12,12
80012,0,1,1999,20,20,20,20,20,20,20,20,20,20
80012,1,1,1999,0,0,0,0,0,0,0,0,0,0
80013,1,1,1999,0,0,0,0,0,0,0,0,0,0
80013,2,1,1999,0,0,0,0,0,0,0,0,0,0
80014,1,1,1999,0,0,0,0,0,0,0,0,0,0
80015,1,1,1999,0,0,0,0,0,0,0,0,0,0
80015,2,1,1999,0,0,0,0,0,0,0,0,0,0
80016,1,1,1999,0,0,0,0,0,0,0,0,0,0
80017,1,1,1999,18,18,18,18,18,18,18,18,18,18
80018,1,1,1999,19,19,19,19,19,19,19,19,19,19
80019,1,1,1999,18,18,18,18,18,18,18,18,18,18
80020,0,1,1999,24,24,24,24,24,24,24,24,24,24
80020,1,1,1999,0,0,0,0,0,0,0,0,0,0
80021,1,1,1999,9,9,9,9,9,9,9,9,9,9
80022,1,1,1999,0,0,0,0,0,0,0,0,0,0
80022,2,1,1999,0,0,0,0,0,0,0,0,0,0
80022,3,1,1999,0,0,0,0,0,0,0,0,0,0
80023,1,1,1999,0,0,0,0,0,0,0,0,0,0
80024,1,1,1999,0,0,0,0,0,0,0,0,0,0
80025,0,1,1999,0,0,0,0,0,0,0,0,0,0
80025,1,1,1999,0,0,0,0,0,0,0,0,0,0
80026,1,1,1999,0,0,0,0,0,0,0,0,0,0
80026,2,1,1999,0,0,0,0,0,0,0,0,0,0
80027,1,1,1999,5,5,5,5,5,5,5,5,5,5
80028,1,1,1999,0,16,12,10,0,24,27,3,15,19
80028,2,1,1999,0,0,0,0,0,0,0,19,0,0
80029,1,1,1999,17,17,17,17,17,17,17,17,17,17
80030,1,1,1999,29,29,29,29,29,29,29,29,29,29
80030,2,1,1999,0,0,0,0,0,0,0,0,0,0
80031,1,1,1999,0,0,0,0,0,0,0,0,0,0
80032,1,1,1999,0,0,0,0,0,0,0,0,0,0
80032,2,1,1999,0,0,0,0,0,0,0,20,0,0
80032,3,1,1999,0,0,0,0,0,0,0,0,0,0
80032,4,1,1999,0,0,0,0,0,0,0,16,0,0
80033,1,1,1999,12,12,12,12,12,12,12,12,12,12
80034,1,1,1999,26,26,26,26,26,26,26,26,26,26
80035,1,1,1999,0,0,0,0,0,0,0,0,0,0
80036,1,1,1999,0,8,6,0,0,0,0,7,0,0
80036,2,1,1999,0,0,0,0,0,0,0,0,0,0
80037,1,1,1999,0,0,0,0,0,0,0,0,0,0
80037,2,1,1999,0,0,0,0,0,0,0,0,0,0
80038,1,1,1999,41,41,41,41,41,41,41,41,41,41
80039,0,1,1999,0,0,0,0,0,0,0,0,0,0
80039,1,1,1999,0,0,0,0,0,0,0,0,0,0
80040,0,1,1999,0,0,0,0,0,0,0,0,0,31
80040,1,1,1999,0,0,0,0,0,0,0,0,0,0
80041,0,1,1999,1,1,1,1,1,1,1,1,1,1
80041,1,1,1999,5,0,0,0,13,12,9,6,8,22
80042,1,1,1999,0,0,0,0,0,0,0,0,0,0
80043,1,1,1999,0,0,12,0,0,0,0,0,0,0
80043,2,1,1999,0,0,0,0,0,0,0,0,0,0
80044,1,1,1999,0,0,0,0,0,0,0,0,0,0
80045,1,1,1999,0,0,0,0,0,0,0,0,0,0
80045,2,1,1999,0,0,0,0,0,0,0,0,0,0
80046,1,1,1999,15,15,15,15,15,15,15,15,15,15
80047,1,1,1999,0,0,0,0,0,0,0,0,0,0
80047,2,1,1999,0,0,0,0,0,0,0,0,0,0
80048,1,1,1999,0,0,0,0,0,0,0,0,0,0
80049,1,1,1999,18,18,18,18,18,18,18,18,18,18
80050,1,1,1999,15,15,15,15,15,15,15,15,15,15
80051,1,1,1999,0,0,0,0,0,0,0,0,0,0
80052,1,1,1999,0,0,0,0,0,0,0,0,0,0
80053,1,1,1999,25,25,25,25,25,25,25,25,25,25
80054,1,1,1999,3,3,3,3,3,3,3,3,3,3
80055,1,1,1999,43,43,43,43,43,43,43,43,43,43
80056,1,1,1999,0,0,0,0,0,0,0,0,0,0
80057,1,1,1999,0,0,0,0,0,0,0,0,0,0
80058,1,1,1999,24,24,24,24,24,24,24,24,24,24
80059,1,1,1999,25,25,25,25,25,25,25,25,25,25
80060,1,1,1999,13,13,13,13,13,13,13,13,13,13
80061,0,1,1999,13,13,13,13,13,13,13,13,13,13
80061,1,1,1999,0,0,0,0,0,0,0,0,0,0
80062,1,1,1999,0,0,0,0,0,0,0,0,0,0
80063,1,1,1999,15,15,15,15,15,15,15,15,15,15
80064,1,1,1999,0,0,0,0,0,0,0,0,0,0
80065,1,1,1999,0,0,0,0,0,0,0,0,0,0
80066,1,1,1999,32,32,32,32,32,32,32,32,32,32
80067,0,1,1999,27,27,27,27,27,27,27,27,27,27
80067,1,1,1999,0,0,0,0,0,0,0,0,0,0
80068,0,1,1999,15,15,15,15,15,15,15,15,15,15
80068,1,1,1999,13,0,24,0,0,0,10,0,0,0
80069,1,1,1999,21,21,21,21,21,21,21,21,21,21
80070,1,1,1999,0,0,0,0,0,0,0,0,0,0
80071,1,1,1999,16,16,16,16,16,16,16,16,16,16
80071,2,1,1999,0,0,0,0,0,0,0,0,0,0
80072,1,1,1999,0,0,0,0,0,0,0,0,0,0
80072,2,1,1999,23,23,23,23,23,23,23,23,23,23
80073,1,1,1999,0,0,0,0,0,0,0,0,0,0
80073,2,1,1999,0,0,0,0,0,0,0,0,0,0
80074,1,1,1999,0,0,0,0,0,0,0,0,0,0
80075,1,1,1999,20,20,20,20,20,20,20,20,20,20
80075,2,1,1999,0,0,0,0,0,0,0,0,0,0
80076,1,1,1999,0,0,0,0,0,0,0,0,0,0