ST_CASE,VEH_NO,PER_NO,YEAR,P1,P2,P3,P4,P5,P6,P7,P8,P9,P10
80076,2,1,1999,0,0,0,0,0,0,0,0,0,0
80077,1,1,1999,3,3,3,3,3,3,3,3,3,3
80077,2,1,1999,0,0,0,0,0,0,0,0,0,0
80078,1,1,1999,0,0,0,0,0,0,0,0,0,0
80078,2,1,1999,0,0,0,0,0,0,0,0,0,0
80079,1,1,1999,0,0,0,0,0,0,0,0,0,0
80080,1,1,1999,10,10,10,10,10,10,10,10,10,10
80080,2,1,1999,8,8,8,8,8,8,8,8,8,8
80081,1,1,1999,0,0,0,0,0,0,0,0,0,0
80081,2,1,1999,0,0,0,0,0,0,0,0,0,0
80082,1,1,1999,0,0,0,0,0,0,0,0,0,0
80082,2,1,1999,0,0,0,0,0,0,0,0,0,0
80083,1,1,1999,0,0,0,0,0,0,0,0,0,0
80083,2,1,1999,0,0,0,0,0,0,0,0,0,0
80084,1,1,1999,1,1,1,1,1,1,1,1,1,1
80084,2,1,1999,0,0,0,0,0,0,0,0,0,0
80085,1,1,1999,0,0,0,0,0,0,0,0,0,0
80085,2,1,1999,1,1,1,1,1,1,1,1,1,1
80086,1,1,1999,0,0,0,0,0,0,0,0,0,0
80086,2,1,1999,0,0,0,0,0,0,0,0,0,0
80087,1,1,1999,0,0,0,0,0,0,0,0,0,0
80088,1,1,1999,0,0,0,0,0,0,0,0,0,0
80088,2,1,1999,0,0,0,0,0,0,0,0,0,0
80089,0,1,1999,15,15,15,15,15,15,15,15,15,15
80089,1,1,1999,9,9,9,9,9,9,9,9,9,9
80090,0,1,1999,0,0,0,0,0,0,0,0,0,0
80090,1,1,1999,5,5,5,5,5,5,5,5,5,5
80091,1,1,1999,0,0,0,0,0,0,0,0,0,0
80091,2,1,1999,0,10,0,0,9,0,0,0,0,0
80092,1,1,1999,0,0,0,0,0,0,0,0,0,0
80092,2,1,1999,0,0,0,0,0,0,0,0,0,0
80093,1,1,1999,0,0,0,0,0,0,0,0,0,0
80094,1,1,1999,19,19,19,19,19,19,19,19,19,19
80095,1,1,1999,0,0,0,0,0,0,0,0,0,0
80095,2,1,1999,0,0,0,0,0,0,0,0,0,0
80096,1,1,1999,26,26,26,26,26,26,26,26,26,26
80096,2,1,1999,0,0,0,0,0,22,0,11,22,6
80096,3,1,1999,0,0,2,0,0,0,0,8,0,0
80097,1,1,1999,0,0,0,0,0,0,0,0,0,0
80097,2,1,1999,0,0,0,0,0,0,0,0,0,0
80097,3,1,1999,0,0,0,0,0,0,0,0,0,0
80097,4,1,1999,0,0,0,0,0,0,0,0,0,0
80098,1,1,1999,0,0,0,0,0,0,0,0,0,0
80099,1,1,1999,0,0,0,0,0,0,0,0,0,0
80099,2,1,1999,0,0,0,0,0,0,0,0,0,0
80100,1,1,1999,0,0,0,0,0,0,0,0,0,0
80100,2,1,1999,0,0,0,0,0,0,0,0,0,0
80101,1,1,1999,0,0,0,0,0,0,0,0,0,0
80101,2,1,1999,0,0,0,0,0,0,0,0,0,0
80101,3,1,1999,0,0,0,0,0,0,0,0,0,0
80102,1,1,1999,16,16,16,16,16,16,16,16,16,16
80103,1,1,1999,0,0,0,0,0,0,0,0,0,0
80103,2,1,1999,0,0,0,0,0,0,0,0,0,0
80104,1,1,1999,9,9,9,9,9,9,9,9,9,9
80105,1,1,1999,0,0,0,0,0,0,0,0,0,0
80105,2,1,1999,0,0,0,10,0,0,14,0,0,0
80106,1,1,1999,19,19,19,19,19,19,19,19,19,19
80106,2,1,1999,0,0,0,0,0,0,0,0,0,0
80107,1,1,1999,25,25,25,25,25,25,25,25,25,25
80108,1,1,1999,19,19,19,19,19,19,19,19,19,19
80109,1,1,1999,0,0,0,0,0,0,0,0,0,0
80109,2,1,1999,0,0,0,0,0,0,0,0,0,0
80110,1,1,1999,0,0,0,0,0,0,0,0,0,0
80110,2,1,1999,0,0,0,0,4,0,0,0,0,0
80111,1,1,1999,18,18,18,18,18,18,18,18,18,18
80112,1,1,1999,0,0,0,0,0,0,0,0,0,0
80113,1,1,1999,0,0,0,0,0,0,0,0,0,0
80113,2,1,1999,0,0,0,0,0,0,0,0,0,0
80114,1,1,1999,0,0,0,0,0,0,0,0,0,0
80115,1,1,1999,0,0,0,0,0,0,0,0,0,0
80115,2,1,1999,0,0,0,0,0,0,0,0,0,0
80116,1,1,1999,12,12,12,12,12,12,12,12,12,12
80117,1,1,1999,0,0,0,0,0,0,0,0,0,0
80117,2,1,1999,0,0,0,0,5,0,0,0,0,0
80118,1,1,1999,0,0,0,0,0,0,0,0,0,0
80119,0,1,1999,16,16,16,16,16,16,16,16,16,16
80119,1,1,1999,5,5,5,5,5,5,5,5,5,5
80120,0,1,1999,0,0,0,0,0,0,0,0,0,0
80120,1,1,1999,0,0,0,0,0,0,0,0,0,0
80121,1,1,1999,0,0,0,0,0,0,0,0,0,0
80122,1,1,1999,0,0,0,0,0,0,0,0,0,0
80122,2,1,1999,0,0,0,0,0,0,0,0,0,0
80123,1,1,1999,0,0,0,0,0,0,0,0,0,0
80124,1,1,1999,0,8,0,0,0,0,0,0,0,0
80124,2,1,1999,0,0,0,0,0,0,0,0,0,0
80125,0,1,1999,0,0,0,0,0,0,0,0,0,0
80125,1,1,1999,0,0,0,0,0,0,0,0,0,0
80126,1,1,1999,0,0,0,0,0,0,0,0,0,0
80126,2,1,1999,0,0,0,0,0,0,0,0,0,0
80127,1,1,1999,23,23,23,23,23,23,23,23,23,23
80128,1,1,1999,0,0,0,0,0,0,0,0,0,0
80128,2,1,1999,0,0,0,0,0,0,0,0,0,0
80129,1,1,1999,0,0,0,0,0,0,0,0,0,0
80130,1,1,1999,10,10,10,10,10,10,10,10,10,10
80131,1,1,1999,0,0,0,0,0,0,0,0,0,0
80132,0,1,1999,0,0,0,0,0,0,0,0,0,0
80132,0,2,1999,0,0,0,0,0,0,0,0,0,0
80132,1,1,1999,0,0,0,0,0,0,0,0,10,0
80132,2,1,1999,0,0,0,0,0,0,0,0,0,0
80133,0,1,1999,31,31,31,31,31,31,31,31,31,31
80133,1,1,1999,0,0,0,0,0,0,0,0,0,0
80134,1,1,1999,0,0,0,0,0,0,0,0,0,0
80135,0,1,1999,0,0,0,0,0,0,0,0,0,0
80135,1,1,1999,0,0,0,0,0,0,0,0,0,0
80136,1,1,1999,20,20,20,20,20,20,20,20,20,20
80136,2,1,1999,0,0,0,0,0,0,0,0,0,0
80137,1,1,1999,0,0,0,0,0,0,0,0,0,0
80138,1,1,1999,10,10,10,10,10,10,10,10,10,10
80139,1,1,1999,9,9,9,9,9,9,9,9,9,9
80140,1,1,1999,0,0,0,0,0,0,0,0,0,0
80140,2,1,1999,14,14,14,14,14,14,14,14,14,14
80141,0,1,1999,0,0,0,0,0,0,0,0,0,0
80141,1,1,1999,0,0,0,0,0,0,0,0,0,0
80142,1,1,1999,0,0,0,0,0,0,0,0,0,0
80143,1,1,1999,21,21,21,21,21,21,21,21,21,21
80143,2,1,1999,0,0,0,0,0,0,0,0,0,0
80144,1,1,1999,0,0,0,0,0,0,0,0,0,0
80145,1,1,1999,0,0,0,0,0,0,0,0,0,0
80146,1,1,1999,20,13,14,13,18,0,12,29,20,14
80147,1,1,1999,11,11,11,11,11,11,11,11,11,11
80147,2,1,1999,0,0,0,0,0,0,0,0,0,0
80148,1,1,1999,35,35,35,35,35,35,35,35,35,35
80149,1,1,1999,13,13,13,13,13,13,13,13,13,13
80150,1,1,1999,0,0,0,0,0,0,0,0,0,0
80151,1,1,1999,0,0,0,0,0,0,0,0,0,0
80152,1,1,1999,0,0,0,0,0,0,0,0,0,0
80152,2,1,1999,0,0,0,0,0,0,0,0,0,0
80153,1,1,1999,0,0,0,0,0,0,0,0,0,0
80154,1,1,1999,23,23,23,23,23,23,23,23,23,23
80155,1,1,1999,0,0,0,0,0,0,0,0,0,0
80156,1,1,1999,11,23,0,0,12,0,0,38,0,0
80157,1,1,1999,18,18,18,18,18,18,18,18,18,18
80158,1,1,1999,0,0,0,0,0,0,0,0,0,0
80159,0,1,1999,0,0,0,0,0,0,0,0,0,0
80159,1,1,1999,0,0,0,0,0,0,0,0,0,0
80160,1,1,1999,17,17,17,17,17,17,17,17,17,17
80161,1,1,1999,0,0,0,0,0,0,0,0,0,0
80162,1,1,1999,13,13,13,13,13,13,13,13,13,13
80163,0,1,1999,0,0,0,0,0,0,0,0,0,0
80163,1,1,1999,0,0,0,0,0,0,0,0,0,0
80164,1,1,1999,13,27,31,27,30,16,6,26,19,17
80164,2,1,1999,0,0,0,0,0,0,0,0,0,0
80165,1,1,1999,0,0,0,0,0,0,0,0,0,0
80166,1,1,1999,0,0,0,0,0,0,0,0,0,0
80167,1,1,1999,0,0,0,0,0,0,0,0,0,0
80168,1,1,1999,0,0,0,0,0,0,0,0,0,0
80169,1,1,1999,0,0,0,0,0,0,0,0,0,0
80170,1,1,1999,0,0,0,0,0,0,0,0,0,0
80171,1,1,1999,11,11,11,11,11,11,11,11,11,11
80172,1,1,1999,0,0,0,0,0,0,0,0,0,0
80173,1,1,1999,33,33,33,33,33,33,33,33,33,33
80174,1,1,1999,7,7,7,7,7,7,7,7,7,7
80174,2,1,1999,0,0,0,0,0,0,0,0,0,0
80175,1,1,1999,0,16,20,17,9,33,13,15,21,17
80176,0,1,1999,0,0,0,0,0,0,0,0,0,0
80176,1,1,1999,1,1,1,1,1,1,1,1,1,1
80177,1,1,1999,27,27,27,27,27,27,27,27,27,27
80178,0,1,1999,21,21,21,21,21,21,21,21,21,21
80178,1,1,1999,0,0,0,0,0,0,0,0,0,0
80179,1,1,1999,10,10,10,10,10,10,10,10,10,10
80180,1,1,1999,0,0,0,0,0,0,0,0,0,0
80180,2,1,1999,0,0,0,0,0,0,0,0,0,0
80181,1,1,1999,0,0,0,0,0,0,0,0,0,0
80182,1,1,1999,0,0,0,0,0,0,0,0,0,0
80183,1,1,1999,0,0,0,0,0,0,0,0,0,0
80184,1,1,1999,0,0,0,0,0,0,0,0,0,0
80185,1,1,1999,0,0,0,0,0,0,0,0,0,0
80186,1,1,1999,0,0,0,0,0,17,0,0,0,0
80186,2,1,1999,0,0,0,0,0,0,0,0,0,0
80187,1,1,1999,23,23,23,23,23,23,23,23,23,23
80188,1,1,1999,21,21,21,21,21,21,21,21,21,21
80188,2,1,1999,0,0,0,0,0,0,0,0,0,0
80189,1,1,1999,0,0,0,0,0,0,0,0,3,0
80190,1,1,1999,12,12,12,12,12,12,12,12,12,12
80190,2,1,1999,0,0,0,0,0,0,0,0,0,0
80191,1,1,1999,0,0,0,0,0,0,0,0,0,0
80192,1,1,1999,9,9,9,9,9,9,9,9,9,9
80192,2,1,1999,7,7,7,7,7,7,7,7,7,7
80193,1,1,1999,18,18,18,18,18,18,18,18,18,18
80194,1,1,1999,0,0,0,0,0,0,0,0,0,0
80195,1,1,1999,1,1,1,1,1,1,1,1,1,1
80196,1,1,1999,0,0,0,0,0,0,0,0,0,0
80197,1,1,1999,0,0,0,0,0,0,0,0,0,0
80198,1,1,1999,0,0,0,0,0,0,0,0,0,0
80199,1,1,1999,13,13,13,13,13,13,13,13,13,13
80200,1,1,1999,20,20,20,20,20,20,20,20,20,20
80201,1,1,1999,0,0,0,0,0,0,0,0,0,0
80202,1,1,1999,15,15,15,15,15,15,15,15,15,15
80203,1,1,1999,16,16,16,16,16,16,16,16,16,16
80203,2,1,1999,0,0,0,0,0,0,0,0,0,0
80203,3,1,1999,0,0,0,0,0,0,0,0,0,0
80203,4,1,1999,0,0,10,0,0,0,0,0,0,0
80204,1,1,1999,0,0,0,0,0,0,0,0,0,0
80204,2,1,1999,0,0,0,0,0,0,0,0,0,0
80205,1,1,1999,0,0,0,0,0,0,0,0,0,0
80205,2,1,1999,0,0,0,0,0,0,0,0,0,0
80205,3,1,1999,0,0,0,0,0,0,0,0,0,0
80205,4,1,1999,0,0,0,0,0,0,0,0,0,0
80206,0,1,1999,0,0,0,0,0,0,0,0,0,0
80206,1,1,1999,28,28,28,28,28,28,28,28,28,28
80206,2,1,1999,0,0,8,0,0,0,0,0,0,0
80207,1,1,1999,0,0,0,0,0,0,0,0,0,0
80207,2,1,1999,0,0,3,0,0,0,0,0,0,0
80207,3,1,1999,0,0,0,0,0,0,0,0,0,0
80208,1,1,1999,0,0,0,0,0,0,0,0,0,0
80208,2,1,1999,0,0,0,0,0,0,0,0,0,0
80209,1,1,1999,0,0,0,0,0,0,0,0,0,0
80209,2,1,1999,0,0,0,0,0,0,0,0,0,0
80210,0,1,1999,0,0,0,0,0,0,0,0,0,0
80210,1,1,1999,0,0,0,0,0,0,0,0,0,0
80211,1,1,1999,0,0,0,0,0,0,0,0,0,0
80211,2,1,1999,0,0,0,0,0,0,0,0,0,0
80211,3,1,1999,0,0,0,0,0,0,0,0,0,0
80212,1,1,1999,0,0,0,0,0,0,0,0,0,0
80212,2,1,1999,0,0,0,0,0,0,0,0,0,0
80212,3,1,1999,0,0,0,0,0,0,0,0,0,0
80213,1,1,1999,0,0,0,0,0,0,0,0,0,0
80213,2,1,1999,0,0,0,0,0,0,0,0,0,0
80214,1,1,1999,21,21,21,21,21,21,21,21,21,21
80214,2,1,1999,0,0,0,0,0,0,0,0,0,0
80214,3,1,1999,0,0,0,0,0,0,0,0,0,0
80215,1,1,1999,12,12,12,12,12,12,12,12,12,12
80215,2,1,1999,0,0,0,0,0,0,0,0,0,0
80215,3,1,1999,0,0,0,0,0,0,0,0,9,0
80216,1,1,1999,17,17,17,17,17,17,17,17,17,17
80216,2,1,1999,0,0,0,0,0,0,7,0,0,0
80217,1,1,1999,0,0,0,0,0,0,0,0,0,0
80218,1,1,1999,0,0,0,0,0,0,0,0,0,0
80218,2,1,1999,1,1,1,1,1,1,1,1,1,1
80218,3,1,1999,0,0,0,0,0,0,0,0,0,0
80219,1,1,1999,0,0,0,0,0,0,0,0,0,0
80220,1,1,1999,0,0,0,0,0,0,0,0,0,18
80220,2,1,1999,0,0,0,0,0,0,0,0,0,0
80221,1,1,1999,0,0,0,0,0,0,0,0,0,0
80221,2,1,1999,0,0,0,0,0,0,0,0,0,0
80222,1,1,1999,0,0,0,0,0,0,0,0,0,0
80223,1,1,1999,15,15,15,15,15,15,15,15,15,15
80223,2,1,1999,0,0,0,0,0,0,0,0,0,0
80223,3,1,1999,0,14,0,0,0,0,8,0,0,0
80224,0,1,1999,29,29,29,29,29,29,29,29,29,29
80224,1,1,1999,0,0,0,0,0,0,0,0,0,0
80225,1,1,1999,0,0,0,0,0,0,0,0,0,0
80225,2,1,1999,0,0,0,0,0,0,0,0,0,0
80226,1,1,1999,0,0,0,0,0,0,0,0,0,0
80226,2,1,1999,0,0,0,0,0,0,0,0,0,0
80227,1,1,1999,0,0,0,0,0,0,0,0,0,0
80227,2,1,1999,0,0,0,0,0,0,0,0,0,0
80228,1,1,1999,0,0,0,0,0,0,0,0,0,0
80228,2,1,1999,0,0,0,0,0,0,0,0,0,0
80229,1,1,1999,11,11,11,11,11,11,11,11,11,11
80230,0,1,1999,0,0,0,0,0,0,0,0,0,0
80230,1,1,1999,0,0,0,0,0,0,0,0,0,0
80231,1,1,1999,0,0,0,0,0,0,0,0,0,0
80231,2,1,1999,0,0,0,0,0,0,0,0,0,0
80232,0,1,1999,0,0,0,0,0,0,0,0,0,0
80232,1,1,1999,13,13,13,13,13,13,13,13,13,13
80233,1,1,1999,0,0,0,0,0,0,0,0,0,0
80234,1,1,1999,0,0,0,0,0,0,0,0,0,0
80234,2,1,1999,0,0,0,0,0,0,0,0,0,0
80234,3,1,1999,0,0,0,0,0,0,0,0,0,0
80235,1,1,1999,0,0,0,0,0,0,0,0,0,0
80236,1,1,1999,13,5,11,25,17,11,14,15,9,17
80237,1,1,1999,0,0,0,0,0,0,0,0,0,0
80237,2,1,1999,0,11,0,0,0,0,0,0,0,0
80238,1,1,1999,0,0,0,0,0,0,0,0,0,0
80239,1,1,1999,13,13,13,13,13,13,13,13,13,13
80240,1,1,1999,5,5,5,5,5,5,5,5,5,5
80241,1,1,1999,0,17,29,6,22,12,21,12,11,0
80242,1,1,1999,20,20,20,20,20,20,20,20,20,20
80243,1,1,1999,0,0,0,0,0,0,0,0,0,0
80244,1,1,1999,26,26,26,26,26,26,26,26,26,26
80245,1,1,1999,0,0,0,0,0,0,0,0,0,0
80246,1,1,1999,20,20,20,20,20,20,20,20,20,20
80246,2,1,1999,0,0,0,0,0,0,0,0,0,0
80247,1,1,1999,0,0,0,0,0,0,0,0,0,0
80247,2,1,1999,0,0,0,0,0,0,0,0,0,0
80248,1,1,1999,20,20,20,20,20,20,20,20,20,20
80249,1,1,1999,0,0,0,0,0,0,0,0,0,0
80250,1,1,1999,0,0,0,0,0,0,0,0,0,0
80251,1,1,1999,0,0,0,0,0,0,0,0,0,0
80252,0,1,1999,35,35,35,35,35,35,35,35,35,35
80252,1,1,1999,0,0,16,0,0,0,0,0,0,0
80253,0,1,1999,38,38,38,38,38,38,38,38,38,38
80253,1,1,1999,0,13,0,0,0,0,0,0,0,0
80254,1,1,1999,9,9,9,9,9,9,9,9,9,9
80255,1,1,1999,0,0,0,0,0,0,0,0,0,0
80256,1,1,1999,0,0,0,0,0,0,0,0,0,3
80257,1,1,1999,0,0,0,0,0,0,0,0,0,0
80258,1,1,1999,0,0,0,0,0,0,0,0,0,0
80259,1,1,1999,0,0,0,0,0,0,0,0,0,0
80259,2,1,1999,0,0,0,0,0,0,0,0,0,0
80260,1,1,1999,0,0,0,0,0,0,0,0,0,0
80260,2,1,1999,0,0,0,0,0,0,0,0,0,0
80261,1,1,1999,0,0,0,0,0,0,0,0,0,0
80261,2,1,1999,0,0,0,0,0,0,0,0,0,10
80261,3,1,1999,0,0,0,0,0,0,0,0,0,0
80261,4,1,1999,0,0,0,0,0,0,0,0,0,0
80261,5,1,1999,0,0,0,0,0,0,0,0,0,0
80262,1,1,1999,19,19,19,19,19,19,19,19,19,19
80263,1,1,1999,6,6,6,6,6,6,6,6,6,6
80263,2,1,1999,0,0,0,0,0,0,0,0,0,0
80264,1,1,1999,12,12,12,12,12,12,12,12,12,12
80265,1,1,1999,6,6,6,6,6,6,6,6,6,6
80265,2,1,1999,0,0,0,0,0,0,0,0,0,0
80266,1,1,1999,15,15,15,15,15,15,15,15,15,15
80267,1,1,1999,22,22,22,22,22,22,22,22,22,22
80268,0,1,1999,0,0,0,0,0,0,0,0,0,0
80268,1,1,1999,0,0,0,0,0,0,0,0,0,0
80268,2,1,1999,0,0,0,0,0,0,0,0,0,0
80268,3,1,1999,0,0,0,0,0,15,0,0,0,0
80269,0,1,1999,23,23,23,23,23,23,23,23,23,23
80269,1,1,1999,0,0,0,0,0,0,0,0,0,0
80270,1,1,1999,10,10,10,10,10,10,10,10,10,10
80271,1,1,1999,19,19,19,19,19,19,19,19,19,19
80272,0,1,1999,0,0,0,0,0,0,0,0,0,0
80272,1,1,1999,0,0,0,0,0,0,0,0,0,0
80273,1,1,1999,0,0,0,0,0,0,0,0,0,0
80273,2,1,1999,0,0,0,0,0,0,0,0,0,0
80274,1,1,1999,0,0,0,0,0,0,0,0,0,0
80274,2,1,1999,0,0,0,0,0,0,0,0,0,0
80275,1,1,1999,0,0,0,0,0,0,0,0,0,0
80275,2,1,1999,0,0,0,0,0,0,0,0,0,0
80276,1,1,1999,0,0,0,0,0,0,0,0,0,0
80277,1,1,1999,0,0,0,0,0,0,0,0,0,0
80277,2,1,1999,0,0,0,0,0,0,0,0,0,0
80278,1,1,1999,14,14,14,14,14,14,14,14,14,14
80278,2,1,1999,0,0,0,0,8,0,0,0,0,0
80278,3,1,1999,0,0,0,0,0,0,0,0,0,0
80279,1,1,1999,0,0,0,0,0,0,0,0,0,0
80280,0,1,1999,0,0,0,0,0,0,0,12,0,0
80280,0,2,1999,6,6,6,6,6,6,6,6,6,6
80280,1,1,1999,0,0,0,0,0,0,0,0,0,0
80281,1,1,1999,0,0,0,0,0,0,0,0,0,0
80282,1,1,1999,20,20,20,20,20,20,20,20,20,20
80283,1,1,1999,23,23,23,23,23,23,23,23,23,23
80284,1,1,1999,0,0,0,0,0,0,0,0,0,0
80284,2,1,1999,0,0,0,0,0,0,0,0,0,0
80285,1,1,1999,19,19,19,19,19,19,19,19,19,19
80286,1,1,1999,0,0,0,0,0,0,0,0,0,0
80287,1,1,1999,0,0,0,0,0,0,0,0,0,0
80287,2,1,1999,0,0,0,0,0,0,0,0,0,0
80288,1,1,1999,0,0,0,0,0,0,0,0,0,0
80288,2,1,1999,0,0,0,0,0,0,0,0,0,0
80289,1,1,1999,0,0,0,0,0,0,0,0,0,0
80290,1,1,1999,0,0,0,0,0,0,0,0,0,0
80290,2,1,1999,0,0,0,0,0,0,0,0,0,0
80291,1,1,1999,0,0,0,0,0,0,0,0,0,0
80291,2,1,1999,0,0,0,0,0,0,0,0,0,0
80292,1,1,1999,0,0,0,0,0,0,0,0,0,0
80292,2,1,1999,0,0,0,0,0,0,0,0,0,0
80293,1,1,1999,0,0,0,0,0,0,0,0,0,0
80293,2,1,1999,0,0,0,0,0,0,0,0,0,0
80294,0,1,1999,19,19,19,19,19,19,19,19,19,19
80294,1,1,1999,0,0,0,0,0,0,0,0,0,0
80295,1,1,1999,0,0,0,0,0,0,0,0,0,0
80295,2,1,1999,0,0,17,0,0,0,0,0,0,0
80296,1,1,1999,0,0,0,0,0,0,0,0,0,0
80296,2,1,1999,0,0,0,0,0,0,0,0,0,0
80296,3,1,1999,0,0,0,0,0,0,0,0,0,0
80297,1,1,1999,25,25,25,25,25,25,25,25,25,25
80297,2,1,1999,0,0,0,0,0,0,0,0,0,0
80298,1,1,1999,0,0,0,0,26,0,13,0,0,0
80299,1,1,1999,0,0,0,0,0,0,0,0,0,0
80299,2,1,1999,0,0,0,0,0,0,0,0,0,0
80300,0,1,1999,26,26,26,26,26,26,26,26,26,26
80300,0,2,1999,14,0,21,0,0,0,0,0,10,0
80300,1,1,1999,0,0,0,0,0,0,0,0,0,0
80301,1,1,1999,19,19,19,19,19,19,19,19,19,19
80302,0,1,1999,36,36,36,36,36,36,36,36,36,36
80302,1,1,1999,1,1,1,1,1,1,1,1,1,1
80302,2,1,1999,2,2,2,2,2,2,2,2,2,2
80302,3,1,1999,6,0,0,0,0,16,0,0,0,0
80303,1,1,1999,0,0,0,0,16,0,0,0,12,0
80304,0,1,1999,0,0,0,0,0,0,0,0,0,0
80304,1,1,1999,0,0,0,0,0,0,0,0,0,0
80305,1,1,1999,0,0,0,0,0,0,0,0,0,0
80306,1,1,1999,0,0,0,0,0,0,0,0,0,0
80306,2,1,1999,0,0,0,0,0,0,0,0,0,0
80307,1,1,1999,12,0,0,0,0,0,0,0,0,0
80307,2,1,1999,0,0,0,0,0,0,0,0,0,0
80307,3,1,1999,0,0,0,0,0,0,0,0,0,0
80308,1,1,1999,18,18,18,18,18,18,18,18,18,18
80309,1,1,1999,1,1,1,1,1,1,1,1,1,1
80310,1,1,1999,0,0,0,0,0,0,0,0,0,0
80311,1,1,1999,0,0,0,0,0,0,0,0,0,0
80311,2,1,1999,0,0,0,0,0,0,0,0,0,0
80312,1,1,1999,19,19,19,19,19,19,19,19,19,19
80312,2,1,1999,2,2,2,2,2,2,2,2,2,2
80313,1,1,1999,0,0,0,0,0,0,0,0,0,0
80313,2,1,1999,0,0,0,0,0,0,0,0,0,0
80314,1,1,1999,0,0,0,0,0,0,0,0,0,0
80314,2,1,1999,0,0,0,0,0,0,0,0,0,0
80315,1,3,1999,4,36,0,23,0,0,0,10,0,0
80316,1,1,1999,0,0,0,0,0,0,0,0,0,0
80316,2,1,1999,0,0,0,0,0,0,0,0,0,0
80317,1,1,1999,7,7,7,7,7,7,7,7,7,7
80317,2,1,1999,0,0,0,0,0,0,0,0,0,5
80317,3,1,1999,0,0,0,0,0,0,0,0,0,0
80318,1,1,1999,0,0,0,0,0,0,0,0,0,0
80318,2,1,1999,0,0,0,0,0,0,0,0,0,0
80319,1,1,1999,0,0,0,0,0,0,0,0,0,0
80320,1,1,1999,0,0,0,0,0,0,0,0,0,0
80320,2,1,1999,0,0,0,0,0,0,0,0,0,0
80321,1,1,1999,0,0,0,0,0,0,0,0,0,0
80322,1,1,1999,0,0,0,19,0,0,0,0,0,0
80323,1,1,1999,0,0,0,0,0,0,0,0,0,0
80324,1,1,1999,0,0,0,0,0,0,0,0,0,0
80325,1,1,1999,0,0,0,0,0,0,0,0,0,0
80326,1,1,1999,27,22,13,20,14,22,32,6,24,39
80327,1,1,1999,0,0,0,0,0,0,0,0,0,0
80328,1,1,1999,0,0,0,0,0,0,0,0,0,0
80329,1,1,1999,0,0,0,0,0,0,0,0,0,0
80330,1,1,1999,0,0,0,0,0,0,0,0,0,0
80330,2,1,1999,0,0,0,0,0,0,0,0,0,0
80331,1,1,1999,22,22,22,22,22,22,22,22,22,22
80332,1,1,1999,0,0,0,0,0,0,0,0,0,0
80333,1,1,1999,0,0,0,0,0,0,0,0,0,0
80334,1,1,1999,0,0,0,0,0,0,0,0,0,0
80335,1,1,1999,0,0,0,0,0,0,0,0,0,0
80335,2,1,1999,0,0,0,0,0,0,0,0,0,0
80336,1,1,1999,5,5,5,5,5,5,5,5,5,5
80337,1,1,1999,0,0,0,0,0,0,0,0,0,0
80338,0,1,1999,0,5,0,0,28,0,19,0,17,0
80338,0,2,1999,0,0,0,15,7,0,0,0,0,0
80338,1,1,1999,5,5,5,5,5,5,5,5,5,5
80339,1,1,1999,0,0,0,0,0,0,0,0,0,0
80340,1,1,1999,0,0,0,0,0,0,0,0,0,0
80341,0,1,1999,0,0,0,0,0,0,0,0,14,0
80341,1,1,1999,0,0,0,0,0,0,16,0,0,0
80342,1,1,1999,0,0,0,0,0,0,0,0,0,0
80343,1,1,1999,12,12,12,12,12,12,12,12,12,12
80344,1,1,1999,0,0,0,0,0,0,0,0,0,0
80344,2,1,1999,0,0,0,0,0,0,0,0,0,0
80345,1,1,1999,0,0,7,0,0,0,0,0,0,0
80346,1,1,1999,25,25,25,25,25,25,25,25,25,25
80347,0,1,1999,0,0,0,0,0,0,0,0,0,0
80347,1,1,1999,0,0,0,0,0,0,0,0,0,0
80348,1,1,1999,20,20,20,20,20,20,20,20,20,20
80349,1,1,1999,1,1,1,1,1,1,1,1,1,1
80349,2,1,1999,9,9,9,9,9,9,9,9,9,9
80350,1,1,1999,0,0,0,0,0,0,0,0,0,0
80350,2,1,1999,15,15,15,15,15,15,15,15,15,15
80351,1,1,1999,7,7,7,7,7,7,7,7,7,7
80351,2,1,1999,0,0,0,0,0,0,0,0,0,0
80352,1,1,1999,2,2,2,2,2,2,2,2,2,2
80353,1,1,1999,0,0,0,0,0,0,0,0,0,0
80354,1,1,1999,5,5,5,5,5,5,5,5,5,5
80355,1,1,1999,0,0,0,0,0,0,0,0,0,0
80356,1,1,1999,0,0,0,0,0,0,0,0,0,0
80357,0,1,1999,18,0,7,10,22,15,15,13,12,0
80357,1,1,1999,5,5,5,5,5,5,5,5,5,5
80358,1,1,1999,0,0,0,0,0,0,0,0,0,0
80358,2,1,1999,0,0,0,0,0,0,0,0,0,0
80359,1,1,1999,10,10,10,10,10,10,10,10,10,10
80360,0,1,1999,0,0,0,0,0,0,0,0,0,0
80360,1,1,1999,8,8,8,8,8,8,8,8,8,8
80361,0,1,1999,0,0,0,0,0,0,0,0,0,0
80361,1,1,1999,0,0,0,0,0,0,0,0,0,0
80362,0,1,1999,0,0,0,0,37,0,0,0,0,0
80362,1,1,1999,0,0,0,0,0,0,0,0,0,11
80363,0,1,1999,0,0,0,0,0,0,0,0,0,0
80363,1,1,1999,0,0,0,0,0,0,0,0,0,0
80364,1,1,1999,24,24,24,24,24,24,24,24,24,24
80365,1,1,1999,0,0,0,0,0,0,0,0,0,0
80366,1,1,1999,22,22,22,22,22,22,22,22,22,22
80367,1,1,1999,0,0,0,0,0,0,0,0,0,0
80367,2,1,1999,0,0,0,0,0,0,0,0,0,0
80368,1,1,1999,0,0,0,0,0,0,0,0,0,0
80368,2,1,1999,0,0,0,0,0,15,0,0,0,0
80369,1,1,1999,26,20,0,17,13,13,24,15,15,0
80370,1,1,1999,0,0,0,0,0,0,0,0,0,0
80370,2,1,1999,0,0,0,0,0,22,0,15,0,0
80371,0,1,1999,13,13,13,13,13,13,13,13,13,13
80371,1,1,1999,0,0,0,0,0,0,0,0,0,0
80372,1,1,1999,0,0,0,0,0,0,0,0,0,0