ST_CASE,VEH_NO,PER_NO,YEAR,P1,P2,P3,P4,P5,P6,P7,P8,P9,P10
80372,2,1,1999,0,0,0,0,0,0,0,0,0,0
80373,1,1,1999,0,0,0,0,0,0,0,0,0,0
80374,1,1,1999,0,0,0,0,0,0,0,0,0,0
80375,1,1,1999,0,0,0,0,0,0,0,0,0,0
80375,2,1,1999,0,0,0,0,0,0,0,0,0,0
80376,1,1,1999,0,0,0,0,0,0,0,0,0,0
80376,2,1,1999,0,0,0,0,0,0,0,0,0,0
80377,1,1,1999,10,0,23,0,0,0,0,21,0,0
80378,1,1,1999,0,0,0,0,0,0,0,0,0,0
80378,2,1,1999,0,0,0,0,0,0,0,0,0,0
80379,1,1,1999,24,24,24,24,24,24,24,24,24,24
80379,2,1,1999,0,0,0,0,0,0,0,0,0,0
80380,1,1,1999,0,0,0,0,0,0,0,0,0,0
80380,2,1,1999,0,0,0,0,0,0,0,0,0,0
80381,1,1,1999,12,12,12,12,12,12,12,12,12,12
80382,1,1,1999,0,0,0,0,0,0,0,0,0,0
80382,2,1,1999,0,0,0,0,0,0,0,0,0,0
80383,1,1,1999,0,0,0,0,0,0,0,0,0,0
80383,2,1,1999,0,0,0,0,0,0,0,0,0,0
80384,1,1,1999,0,0,0,0,0,0,0,0,0,0
80384,2,1,1999,0,0,0,0,0,0,0,10,0,0
80385,1,1,1999,26,26,26,26,26,26,26,26,26,26
80386,1,1,1999,0,0,0,0,0,0,0,0,0,18
80387,1,1,1999,33,33,33,33,33,33,33,33,33,33
80388,1,1,1999,0,0,0,0,0,0,0,0,0,0
80388,2,1,1999,0,0,0,0,0,0,0,0,0,0
80388,3,1,1999,9,9,9,9,9,9,9,9,9,9
80389,1,1,1999,24,24,24,24,24,24,24,24,24,24
80390,1,1,1999,10,10,10,10,10,10,10,10,10,10
80391,1,1,1999,0,0,0,0,0,0,0,0,0,0
80392,1,1,1999,0,0,0,0,0,0,0,0,0,0
80392,2,1,1999,0,0,0,0,0,0,0,0,0,0
80393,1,1,1999,0,0,0,0,0,0,0,0,0,0
80394,1,1,1999,6,6,6,6,6,6,6,6,6,6
80395,0,1,1999,0,0,0,0,0,0,0,0,0,0
80395,2,1,1999,0,0,0,0,0,0,0,0,0,0
80396,1,1,1999,0,0,0,0,0,0,0,0,0,0
80396,2,1,1999,0,0,0,0,0,0,0,0,0,0
80396,3,1,1999,0,0,0,0,0,0,0,0,0,0
80397,1,1,1999,0,0,0,0,0,0,0,0,0,0
80398,1,1,1999,0,0,0,0,0,0,0,0,0,0
80398,2,1,1999,0,0,0,0,0,0,0,0,0,0
80399,1,1,1999,0,0,0,0,0,0,0,0,0,0
80400,1,1,1999,0,0,0,0,0,0,0,0,0,0
80400,2,1,1999,0,0,0,0,0,0,0,0,0,0
80401,1,1,1999,0,0,0,0,0,0,0,0,0,0
80402,1,1,1999,13,13,13,13,13,13,13,13,13,13
80402,2,1,1999,0,0,0,0,0,0,0,0,0,0
80403,1,1,1999,0,0,0,0,0,0,0,0,0,0
80403,2,1,1999,0,0,0,10,0,19,0,0,0,0
80404,1,1,1999,3,3,3,3,3,3,3,3,3,3
80405,1,1,1999,26,26,26,26,26,26,26,26,26,26
80406,1,1,1999,0,0,0,0,0,0,0,0,0,0
80407,0,1,1999,30,30,30,30,30,30,30,30,30,30
80407,1,1,1999,0,0,0,0,0,0,0,0,0,0
80408,1,1,1999,0,0,0,0,0,0,0,0,0,0
80408,2,1,1999,0,0,0,0,0,0,0,0,0,0
80409,1,1,1999,0,0,0,0,0,0,0,0,0,0
80410,1,1,1999,0,18,0,0,0,0,12,0,0,0
80411,1,1,1999,0,0,0,0,0,0,0,0,0,0
80411,2,1,1999,0,0,0,0,0,0,0,0,0,0
80412,0,1,1999,21,21,21,21,21,21,21,21,21,21
80412,1,1,1999,0,0,0,0,0,7,0,0,4,0
80413,1,1,1999,0,0,0,0,0,11,10,0,8,0
80413,2,1,1999,0,0,0,0,6,17,0,0,0,0
80414,0,1,1999,0,0,19,0,0,0,0,0,0,0
80414,1,1,1999,0,0,0,0,0,0,0,0,0,0
80415,1,1,1999,0,0,0,0,0,0,0,0,0,0
80416,1,1,1999,0,0,0,0,0,0,0,0,0,0
80416,2,1,1999,0,0,0,0,0,0,0,0,0,0
80417,1,1,1999,0,0,0,0,0,0,0,0,0,0
80418,0,1,1999,0,8,0,0,0,0,23,0,0,18
80418,0,2,1999,0,0,0,0,0,0,0,0,0,0
80418,1,1,1999,0,0,0,0,0,0,0,0,0,0
80419,1,1,1999,4,4,4,4,4,4,4,4,4,4
80420,1,1,1999,0,0,0,0,0,0,0,0,0,0
80420,2,1,1999,0,0,0,0,0,0,0,0,0,0
80421,1,1,1999,0,0,0,0,0,0,0,0,0,0
80422,0,1,1999,0,0,0,0,0,0,0,0,0,0
80422,1,1,1999,0,0,0,0,0,0,0,0,0,0
80423,1,1,1999,19,19,19,19,19,19,19,19,19,19
80424,1,1,1999,11,11,11,11,11,11,11,11,11,11
80425,1,1,1999,0,0,0,0,0,0,0,0,0,0
80426,1,1,1999,14,14,14,14,14,14,14,14,14,14
80426,2,1,1999,0,0,0,0,0,0,0,0,0,0
80427,1,1,1999,0,0,0,0,0,0,0,0,0,0
80427,2,1,1999,0,0,0,0,0,0,0,0,0,0
80428,1,1,1999,0,0,0,0,0,0,0,0,0,0
80429,1,1,1999,10,10,10,10,10,10,10,10,10,10
80430,1,1,1999,0,0,0,0,0,0,0,0,0,0
80431,1,1,1999,15,15,15,15,15,15,15,15,15,15
80432,1,1,1999,0,0,0,0,0,0,0,0,0,0
80432,2,1,1999,0,0,0,0,0,0,0,0,0,0
80432,3,1,1999,0,0,0,0,0,0,0,0,0,0
80433,1,1,1999,0,0,0,0,0,0,0,0,0,0
80433,2,1,1999,0,0,0,0,0,0,0,0,0,0
80434,1,1,1999,10,10,10,10,10,10,10,10,10,10
80434,2,1,1999,0,0,0,0,0,0,0,0,0,0
80435,0,1,1999,0,0,11,0,0,0,0,0,0,0
80435,1,1,1999,0,0,0,0,0,0,0,0,0,0
80436,1,1,1999,0,0,0,0,0,0,0,0,0,0
80437,1,1,1999,0,0,0,0,0,0,0,0,0,0
80438,1,1,1999,0,0,0,0,0,0,0,0,0,0
80439,1,1,1999,0,0,0,0,0,0,0,13,0,0
80440,1,1,1999,19,19,19,19,19,19,19,19,19,19
80441,1,1,1999,0,0,0,0,0,0,0,0,0,0
80441,2,1,1999,0,0,0,0,0,0,0,0,0,0
80442,1,1,1999,0,0,0,0,0,0,4,0,0,17
80443,1,1,1999,0,0,0,0,0,0,0,0,0,0
80443,2,1,1999,0,0,0,0,0,0,0,0,0,0
80444,1,1,1999,0,0,0,0,0,0,0,0,16,0
80444,2,1,1999,0,0,0,0,0,0,0,0,0,0
80445,1,1,1999,23,23,23,23,23,23,23,23,23,23
80446,1,1,1999,0,0,0,0,0,0,0,0,0,0
80446,2,1,1999,0,0,0,0,0,0,0,0,0,0
80447,0,1,1999,0,0,0,0,0,0,0,0,0,0
80447,1,1,1999,0,0,0,0,0,0,0,0,0,0
80447,2,1,1999,0,0,0,0,0,0,0,0,0,0
80447,3,1,1999,0,0,0,0,0,0,0,0,0,0
80448,1,1,1999,0,0,0,0,0,0,0,0,0,0
80448,2,1,1999,0,0,0,0,0,0,0,0,0,0
80449,1,1,1999,0,0,0,0,0,0,0,0,0,0
80450,1,1,1999,0,0,0,0,0,0,0,0,0,0
80450,2,1,1999,0,0,0,0,0,0,0,0,0,0
80451,1,1,1999,0,0,0,0,0,0,0,0,0,0
80451,2,1,1999,0,0,0,0,0,0,0,0,0,0
80452,1,1,1999,0,0,0,0,0,0,0,0,0,0
80453,0,1,1999,0,16,14,25,19,20,42,29,16,13
80453,1,1,1999,0,0,0,0,0,0,0,0,0,0
80454,0,1,1999,0,0,0,0,0,0,0,0,0,0
80454,1,1,1999,0,0,0,0,0,0,0,0,0,0
80454,2,1,1999,0,0,0,0,16,0,0,0,0,0
80455,0,1,1999,26,26,26,26,26,26,26,26,26,26
80455,1,1,1999,0,0,0,0,0,0,0,0,0,0
80456,1,1,1999,0,0,0,0,0,0,0,0,0,0
80456,2,1,1999,0,0,0,0,0,0,0,0,0,0
80457,1,1,1999,0,0,0,0,0,0,0,0,0,0
80457,2,1,1999,0,0,0,0,0,0,0,0,0,0
80457,3,1,1999,0,0,0,0,0,0,0,0,0,0
80458,1,1,1999,0,0,0,0,0,0,0,0,0,0
80459,1,1,1999,22,22,22,22,22,22,22,22,22,22
80460,1,1,1999,21,21,21,21,21,21,21,21,21,21
80461,0,1,1999,19,19,19,19,19,19,19,19,19,19
80461,1,1,1999,14,0,0,0,0,0,0,0,0,0
80462,1,1,1999,7,7,7,7,7,7,7,7,7,7
80462,2,1,1999,14,14,14,14,14,14,14,14,14,14
80463,1,1,1999,0,0,0,0,0,0,0,0,0,0
80463,2,1,1999,0,0,0,0,0,0,0,0,0,0
80464,1,1,1999,0,0,0,0,0,0,0,0,0,0
80465,1,1,1999,0,0,0,0,0,0,0,0,0,0
80465,2,1,1999,0,0,0,0,0,0,0,0,0,0
80466,1,1,1999,25,0,0,0,0,0,0,0,0,6
80467,1,1,1999,11,4,15,15,16,14,8,18,15,5
80468,1,1,1999,1,1,1,1,1,1,1,1,1,1
80469,0,1,1999,7,7,7,7,7,7,7,7,7,7
80469,1,1,1999,0,0,0,0,0,0,0,0,0,0
80470,1,1,1999,0,0,0,14,0,18,0,0,12,0
80471,1,1,1999,0,0,0,0,0,0,0,0,0,0
80472,1,1,1999,0,0,0,0,0,0,0,0,0,0
80472,2,1,1999,0,0,0,0,0,0,0,0,0,0
80472,3,1,1999,0,0,0,0,0,0,0,0,0,0
80473,1,1,1999,0,0,0,0,0,0,0,0,0,0
80473,2,1,1999,0,0,0,0,0,0,0,0,0,0
80474,1,1,1999,0,0,0,0,0,0,0,0,0,0
80474,2,1,1999,0,0,0,0,0,0,0,0,0,0
80475,1,1,1999,22,22,22,22,22,22,22,22,22,22
80475,2,1,1999,0,4,13,0,25,0,0,22,25,0
80475,3,1,1999,0,0,0,0,0,0,0,0,0,14
80476,1,1,1999,0,0,0,0,0,0,0,0,0,0
80476,2,1,1999,0,0,0,0,0,0,0,0,0,0
80476,3,1,1999,0,0,15,0,0,0,0,0,0,0
80477,1,1,1999,0,0,0,0,0,0,0,0,0,0
80477,2,1,1999,0,0,0,0,0,0,0,0,0,0
80478,1,1,1999,0,0,0,0,0,0,0,0,0,0
80478,2,1,1999,0,0,0,0,0,0,0,0,0,0
80479,1,1,1999,0,0,0,0,0,0,0,0,0,0
80479,2,1,1999,0,0,0,0,0,0,0,0,0,0
80480,1,1,1999,0,0,0,0,0,0,0,0,0,0
80480,2,1,1999,0,0,0,0,0,0,0,0,0,0
80480,3,1,1999,0,0,0,0,0,0,0,0,0,0
80480,4,1,1999,0,0,0,0,0,0,0,0,0,0
80481,1,1,1999,0,0,0,0,0,0,0,0,0,0
80481,2,1,1999,0,0,0,0,0,0,0,0,0,0
80482,1,1,1999,0,0,0,0,0,0,0,0,0,0
80482,2,1,1999,0,0,0,0,0,0,0,0,0,0
80483,1,1,1999,0,0,0,0,0,0,0,0,0,0
80483,2,1,1999,0,0,0,0,0,0,0,0,0,0
80484,1,1,1999,0,0,0,0,0,0,0,0,0,0
80484,2,1,1999,0,0,0,0,0,0,0,0,0,0
80485,1,1,1999,0,0,0,0,0,0,0,0,0,0
80485,2,1,1999,0,0,0,0,0,0,0,0,0,0
80485,3,1,1999,0,0,0,0,0,0,0,0,0,0
80485,4,1,1999,0,0,0,0,16,0,0,0,0,17
80486,1,1,1999,8,8,8,8,8,8,8,8,8,8
80486,2,1,1999,0,0,0,0,0,0,0,0,0,0
80487,1,1,1999,0,0,0,0,0,0,0,0,0,0
80487,2,1,1999,0,0,0,0,0,0,0,0,0,0
80487,3,1,1999,0,0,0,0,0,0,0,0,0,0
80487,4,1,1999,0,0,0,0,0,0,0,0,0,0
80488,1,1,1999,0,0,0,0,0,0,0,0,0,0
80488,2,1,1999,0,0,0,0,0,0,0,0,0,0
80488,3,1,1999,0,0,0,0,0,0,0,0,0,0
80489,1,1,1999,0,0,0,0,0,0,0,0,0,0
80489,2,1,1999,0,0,0,0,0,0,0,0,0,0
80490,0,1,1999,0,0,0,0,0,0,0,0,0,0
80490,1,1,1999,0,0,0,0,0,0,0,0,0,0
80491,1,1,1999,0,0,0,0,0,0,0,0,0,0
80491,2,1,1999,0,0,0,0,0,0,0,0,0,0
80492,1,1,1999,0,0,0,0,0,0,0,0,0,0
80492,2,1,1999,0,0,0,0,0,0,0,0,0,0
80492,3,1,1999,0,0,0,0,0,0,0,0,0,0
80493,0,1,1999,0,0,0,0,0,0,0,0,0,0
80493,1,1,1999,4,0,0,0,0,0,0,0,0,0
80494,1,1,1999,0,0,0,0,0,0,0,0,0,0
80494,2,1,1999,0,0,0,0,0,0,0,0,0,0
80494,3,1,1999,0,0,0,0,0,0,0,0,0,0
80495,1,1,1999,30,30,30,30,30,30,30,30,30,30
80496,0,1,1999,0,0,0,0,0,0,0,0,0,0
80496,1,1,1999,1,1,1,1,1,1,1,1,1,1
80497,1,1,1999,0,0,0,0,0,0,0,0,0,0
80497,2,1,1999,0,0,0,0,0,0,0,0,0,0
80498,1,1,1999,30,30,30,30,30,30,30,30,30,30
80499,1,1,1999,0,0,0,0,0,0,0,0,0,0
80499,2,1,1999,0,0,0,0,0,0,0,0,0,0
80500,1,1,1999,0,0,0,0,0,0,0,0,0,0
80500,2,1,1999,0,0,0,0,0,0,0,0,0,0
80501,1,1,1999,0,0,0,0,0,0,0,0,0,0
80501,2,1,1999,0,0,0,0,0,0,0,0,0,0
80502,0,1,1999,20,20,20,20,20,20,20,20,20,20
80502,1,1,1999,0,0,0,0,0,0,0,0,0,0
80503,1,1,1999,0,0,0,0,0,0,0,0,0,0
80504,1,1,1999,0,0,0,0,0,0,0,0,0,0
80504,2,1,1999,0,0,0,0,0,0,0,0,0,0
80505,1,1,1999,0,0,0,0,0,0,0,0,0,0
80505,2,1,1999,0,0,0,0,0,0,0,0,0,0
80506,1,1,1999,0,0,0,0,0,0,0,0,0,0
80506,2,1,1999,0,0,0,0,0,0,0,0,0,0
80507,1,1,1999,0,0,0,0,0,0,0,0,0,0
80508,1,1,1999,0,0,0,0,0,0,0,0,0,0
80508,2,1,1999,0,0,0,0,0,0,0,0,0,0
80508,3,1,1999,0,0,0,0,0,0,0,0,0,0
80509,0,1,1999,0,0,0,0,0,0,0,0,31,0
80509,1,1,1999,0,0,0,22,0,0,0,0,0,0
80510,1,1,1999,11,11,11,11,11,11,11,11,11,11
80510,2,1,1999,7,7,7,7,7,7,7,7,7,7
80511,1,1,1999,0,0,0,0,0,0,0,0,0,0
80511,2,1,1999,0,0,0,0,0,0,0,0,0,0
80511,3,1,1999,0,17,0,0,0,0,0,0,0,0
80512,0,1,1999,0,0,0,0,0,0,0,0,0,0
80512,1,1,1999,0,0,0,0,0,0,0,0,0,0
80513,1,1,1999,0,0,0,0,0,0,0,0,0,0
80513,2,1,1999,0,0,0,0,0,0,0,0,0,0
80513,3,1,1999,0,0,0,0,0,0,0,0,0,0
80513,4,1,1999,0,0,0,0,0,0,0,0,0,0
80513,5,1,1999,0,0,0,0,0,0,0,0,0,0
80514,1,1,1999,0,0,0,0,0,0,0,0,0,0
80514,2,1,1999,0,0,0,0,0,0,0,0,0,0
80515,1,1,1999,3,3,3,3,3,3,3,3,3,3
80516,1,1,1999,12,12,12,12,12,12,12,12,12,12
80517,1,1,1999,16,16,16,16,16,16,16,16,16,16
80518,0,1,1999,2,2,2,2,2,2,2,2,2,2
80518,1,1,1999,0,0,10,0,0,0,0,0,0,0
80519,1,1,1999,13,13,13,13,13,13,13,13,13,13
80520,1,1,1999,20,20,20,20,20,20,20,20,20,20
80521,0,1,1999,0,0,0,0,0,0,0,0,0,0
80521,1,1,1999,0,0,0,0,0,0,0,0,0,0
80522,1,1,1999,0,0,0,0,0,0,0,0,0,0
80523,1,1,1999,0,0,0,0,0,0,0,0,0,0
80523,2,1,1999,0,0,0,0,0,0,0,0,0,0
80524,1,1,1999,0,0,0,0,0,0,0,0,0,0
80524,2,1,1999,0,0,0,0,0,0,0,0,0,0
80525,1,3,1999,0,0,0,0,0,0,0,0,0,0
80526,0,1,1999,4,4,4,4,4,4,4,4,4,4
80526,1,1,1999,10,8,11,12,8,12,14,20,9,16
80527,1,1,1999,0,0,0,0,0,0,0,0,0,0
80527,2,1,1999,0,0,0,0,0,0,0,0,0,0
80527,3,1,1999,0,0,0,0,0,0,0,0,0,0
80527,4,1,1999,0,0,0,0,0,0,0,0,0,0
80527,5,1,1999,0,0,0,0,0,0,0,0,0,0
80528,1,1,1999,21,21,21,21,21,21,21,21,21,21
80529,1,1,1999,15,15,15,15,15,15,15,15,15,15
80530,1,1,1999,0,0,0,0,0,0,0,0,0,0
80530,2,1,1999,0,0,0,0,0,0,0,0,0,0
80531,1,1,1999,18,18,18,18,18,18,18,18,18,18
80531,2,1,1999,0,0,0,0,0,0,0,0,0,0
80532,1,1,1999,0,0,0,0,0,0,0,0,0,0
80532,2,1,1999,0,0,0,0,0,0,0,0,0,0
80533,1,1,1999,0,0,0,0,0,0,0,0,0,0
80533,2,1,1999,0,0,0,0,0,0,0,0,0,0
80534,1,1,1999,17,17,17,17,17,17,17,17,17,17
80534,2,1,1999,0,0,0,0,0,0,0,0,0,0
80535,0,1,1999,31,31,31,31,31,31,31,31,31,31
80535,1,1,1999,0,0,0,0,0,0,0,0,0,0
80536,1,1,1999,0,0,0,0,0,0,0,0,0,0
80536,2,1,1999,0,0,0,0,0,12,0,0,0,0
80537,1,1,1999,0,0,0,0,0,0,0,0,0,0
80537,2,1,1999,0,0,0,0,0,0,0,0,0,0
80538,1,1,1999,0,0,0,0,0,0,0,0,0,0
80539,1,1,1999,8,8,8,8,8,8,8,8,8,8
80540,1,1,1999,24,24,24,24,24,24,24,24,24,24
80540,2,1,1999,0,0,0,0,0,0,0,0,0,0
80540,3,1,1999,0,0,0,0,0,0,0,0,0,0
80541,1,1,1999,0,0,0,0,0,0,0,0,0,0
80541,2,1,1999,0,0,0,0,0,0,0,0,0,0
80542,1,1,1999,0,0,0,0,0,0,0,0,0,0
80543,1,1,1999,0,0,1,8,0,8,0,0,0,0
80544,1,1,1999,0,0,0,0,0,0,0,0,0,0
80544,2,1,1999,0,0,0,0,0,0,0,0,0,0
80545,1,1,1999,0,0,0,0,0,0,0,0,0,0
80546,1,1,1999,0,0,0,0,0,0,0,0,0,0
80546,2,1,1999,0,0,0,0,0,0,0,0,0,0
80547,1,1,1999,12,0,0,21,0,0,27,10,25,0
80548,1,1,1999,0,0,0,0,0,0,0,0,0,0
80549,1,1,1999,0,0,0,0,0,0,0,0,0,0
80549,2,1,1999,0,0,0,0,0,0,0,0,0,0
80550,1,1,1999,0,0,0,0,0,0,0,0,0,0
80550,2,1,1999,0,0,0,0,0,0,0,0,0,0
80551,1,1,1999,0,0,0,0,0,0,0,0,0,0
80552,1,1,1999,0,0,0,0,0,0,0,0,0,0
80553,1,1,1999,0,0,0,0,0,0,0,0,0,0
80553,2,1,1999,0,0,0,0,0,0,0,0,0,0
80553,3,1,1999,0,0,0,0,0,0,0,0,0,0
80554,0,1,1999,0,0,0,38,0,0,0,0,0,0
80554,1,1,1999,0,0,0,0,0,0,0,0,0,0
80555,0,1,1999,0,0,0,0,0,0,0,0,0,0
80555,1,1,1999,0,0,0,0,0,0,0,0,0,0
80556,1,1,1999,0,0,0,0,0,0,0,0,0,0
80556,2,1,1999,0,0,0,0,0,0,0,0,0,0
80556,3,1,1999,0,0,0,0,0,0,0,0,0,0
80557,1,1,1999,14,14,14,14,14,14,14,14,14,14
80558,0,1,1999,0,0,0,0,0,0,0,0,0,0
80558,1,1,1999,0,0,0,0,0,0,0,0,0,0
90001,0,1,1999,0,0,0,0,0,0,0,0,0,0
90001,1,1,1999,0,0,0,9,0,0,0,0,0,0
90002,1,1,1999,0,0,0,0,0,0,0,0,0,0
90002,2,1,1999,0,0,0,0,0,0,0,0,0,0
90003,1,1,1999,18,18,18,18,18,18,18,18,18,18
90004,0,1,1999,0,0,0,0,0,0,0,0,0,0
90004,1,1,1999,0,0,0,0,0,0,0,0,0,0
90005,1,1,1999,0,19,0,10,0,28,22,3,25,23
90006,1,1,1999,0,0,0,0,0,0,0,0,0,0
90006,2,1,1999,0,0,0,0,0,0,0,0,0,0
90007,1,1,1999,23,23,23,23,23,23,23,23,23,23
90008,1,1,1999,3,3,3,3,3,3,3,3,3,3
90009,1,1,1999,0,0,0,0,0,0,0,0,0,0
90009,2,1,1999,0,0,0,0,0,0,0,0,0,0
90009,3,1,1999,0,0,0,0,0,0,0,0,0,0
90010,1,1,1999,19,19,19,19,19,19,19,19,19,19
90011,1,1,1999,0,0,0,0,0,0,0,0,0,0
90011,2,1,1999,0,0,0,0,0,0,0,0,0,0
90012,1,1,1999,0,0,0,0,0,0,0,0,0,0
90012,2,1,1999,0,0,0,15,0,0,0,0,0,0
90013,1,1,1999,0,0,0,0,0,0,0,0,0,0
90013,2,1,1999,0,0,0,0,0,3,18,0,0,0
90014,1,1,1999,0,0,0,0,0,10,0,0,0,0
90014,2,1,1999,0,0,0,0,0,0,0,0,0,0
90014,3,1,1999,0,0,0,0,0,0,0,0,0,0
90015,1,1,1999,25,25,25,25,25,25,25,25,25,25
90016,1,1,1999,15,15,15,15,15,15,15,15,15,15
90017,1,1,1999,0,0,0,0,0,0,0,0,0,0
90018,0,1,1999,0,0,0,0,0,0,0,0,0,0
90018,1,1,1999,0,0,0,0,0,0,0,0,0,0
90019,0,1,1999,0,0,0,0,0,0,0,0,0,0
90019,1,1,1999,21,0,0,0,0,0,0,15,0,0
90020,1,1,1999,0,0,0,0,0,0,0,0,0,0
90020,2,1,1999,0,0,0,0,0,0,0,14,0,0
90021,1,1,1999,0,0,0,0,0,0,0,0,0,0
90022,1,1,1999,20,20,20,20,20,20,20,20,20,20
90023,0,1,1999,22,22,22,22,22,22,22,22,22,22
90023,1,1,1999,0,0,0,0,0,0,0,0,0,0
90024,1,1,1999,23,23,23,23,23,23,23,23,23,23
90025,1,1,1999,0,0,0,0,0,0,0,0,0,0
90025,2,1,1999,0,0,0,0,0,0,0,0,0,0
90025,3,1,1999,0,0,0,0,0,0,0,0,0,0
90026,1,1,1999,0,0,0,0,0,0,0,0,0,0
90026,2,1,1999,0,0,0,0,0,0,0,0,0,0
90027,1,1,1999,9,9,9,9,9,9,9,9,9,9
90028,1,1,1999,12,12,12,12,12,12,12,12,12,12
90028,2,1,1999,0,0,0,11,0,0,0,0,0,0
90028,3,1,1999,10,0,19,0,24,0,0,0,0,0
90029,0,1,1999,33,33,33,33,33,33,33,33,33,33
90029,1,1,1999,0,0,0,0,0,0,0,0,0,0
90030,1,1,1999,34,34,34,34,34,34,34,34,34,34
90031,1,1,1999,0,0,0,0,0,0,0,0,0,0
90032,1,1,1999,20,20,20,20,20,20,20,20,20,20
90033,1,1,1999,0,0,0,0,0,0,0,0,0,0
90033,2,1,1999,0,0,0,0,0,0,0,4,0,0
90034,0,1,1999,0,0,0,0,0,0,0,0,0,0
90034,1,1,1999,0,0,0,0,0,0,0,0,0,0
90035,1,1,1999,0,0,0,0,0,0,0,7,0,0
90036,1,1,1999,0,0,0,0,0,0,0,0,0,0
90036,2,1,1999,0,0,0,0,0,0,0,0,0,0
90036,3,1,1999,0,0,0,0,0,0,0,0,0,0
90037,1,1,1999,0,0,0,0,0,0,0,0,0,0
90038,0,1,1999,0,0,0,0,0,0,0,0,0,0
90038,1,1,1999,0,0,0,0,0,0,0,0,0,0
90039,1,1,1999,14,14,14,14,14,14,14,14,14,14
90040,0,1,1999,30,30,30,30,30,30,30,30,30,30
90040,1,1,1999,21,0,0,0,0,0,0,0,0,0
90041,1,1,1999,32,32,32,32,32,32,32,32,32,32
90042,1,1,1999,0,0,0,0,0,0,0,0,0,0
90042,2,1,1999,0,0,0,0,0,0,0,0,0,0
90043,1,1,1999,0,0,0,0,0,0,0,0,0,0
90043,2,1,1999,0,0,0,0,0,0,0,0,0,0
90044,1,1,1999,0,0,0,0,0,0,0,0,0,0
90044,2,1,1999,1,1,1,1,1,1,1,1,1,1
90045,1,1,1999,24,24,24,24,24,24,24,24,24,24
90046,1,1,1999,0,0,13,0,0,0,0,0,0,0
90047,1,1,1999,0,0,0,0,0,0,0,0,0,0
90047,2,1,1999,0,0,0,0,0,0,0,0,0,0
90047,3,1,1999,0,0,0,0,0,0,0,0,0,0
90048,1,1,1999,0,0,0,0,0,0,0,0,0,0
90048,2,1,1999,0,0,0,0,0,0,0,0,0,0
90049,1,1,1999,24,17,0,16,25,19,0,14,15,13
90050,1,1,1999,12,12,12,12,12,12,12,12,12,12
90051,0,1,1999,0,0,0,0,0,0,0,5,0,0
90051,1,1,1999,4,4,4,4,4,4,4,4,4,4
90052,0,1,1999,33,33,33,33,33,33,33,33,33,33
90052,1,1,1999,0,0,0,0,0,0,0,0,0,0
90053,1,1,1999,0,0,0,0,0,0,0,0,0,0
90053,2,1,1999,0,18,0,16,0,0,0,15,7,0
90053,3,1,1999,0,0,0,0,0,0,0,0,0,0
90054,1,1,1999,0,0,0,0,0,0,0,0,0,0
90054,2,1,1999,0,0,0,0,0,0,0,0,0,0
90055,1,1,1999,0,20,0,7,0,10,0,19,0,11
90056,0,1,1999,8,8,8,8,8,8,8,8,8,8
90056,1,1,1999,20,20,20,20,20,20,20,20,20,20
90057,1,1,1999,0,0,0,0,0,0,0,0,0,10
90057,2,1,1999,0,0,0,0,16,18,0,0,0,12
90058,1,1,1999,0,0,0,0,0,0,0,0,0,0
90058,2,1,1999,0,0,0,0,0,0,0,0,0,0
90059,1,1,1999,17,15,28,9,14,10,11,24,5,4
90060,0,1,1999,0,0,0,0,0,0,0,0,0,0
90060,1,1,1999,3,20,26,0,0,0,0,0,0,0
90061,1,1,1999,0,6,22,17,0,0,10,18,0,36
90062,1,1,1999,0,0,0,0,0,0,0,0,0,0
90063,1,1,1999,0,0,0,0,0,0,0,0,0,0
90063,2,1,1999,0,0,0,0,0,0,0,0,0,0
90064,1,1,1999,20,20,20,20,20,20,20,20,20,20
90065,1,1,1999,0,0,0,0,0,0,0,0,0,0
90065,2,1,1999,0,0,0,0,0,0,0,0,0,0
90066,1,1,1999,0,0,0,0,0,0,0,0,0,0
90066,2,1,1999,0,0,0,0,0,0,0,0,0,0
90067,1,1,1999,0,0,0,0,0,0,0,0,0,0
90067,2,1,1999,0,0,0,0,0,0,0,0,0,0
90068,1,1,1999,0,0,0,0,0,0,0,0,0,0
90068,2,1,1999,0,0,0,0,0,0,0,0,0,0
90069,1,1,1999,14,14,14,14,14,14,14,14,14,14
90069,2,1,1999,0,0,0,0,0,9,0,0,0,0
90069,3,1,1999,0,0,0,8,0,0,0,0,9,0
90069,4,1,1999,0,0,0,23,0,0,0,0,0,0
90070,1,1,1999,0,0,0,0,0,0,0,0,0,0
90070,2,1,1999,0,0,0,0,0,0,0,0,0,0
90070,3,1,1999,0,0,0,0,0,0,0,0,0,0
90070,4,1,1999,13,0,0,0,11,0,0,0,14,0
90071,1,1,1999,0,0,0,0,34,0,0,13,0,0
90071,2,1,1999,18,0,0,0,0,0,0,0,0,0
90072,0,1,1999,0,0,0,0,0,0,0,0,0,0
90072,1,1,1999,0,0,0,0,0,5,16,0,0,0
90073,1,1,1999,0,0,8,0,0,0,0,13,0,6
90074,1,1,1999,0,0,0,0,0,0,0,0,0,0
90074,2,1,1999,0,0,0,0,0,0,0,0,0,0
90074,3,1,1999,0,0,18,0,0,0,11,0,0,0
90075,0,1,1999,0,0,0,0,0,0,0,0,0,0
90075,1,1,1999,0,0,0,0,0,0,0,0,0,0
90076,0,1,1999,0,0,0,0,0,0,0,0,0,0
90076,1,1,1999,0,0,0,5,0,0,0,0,0,27
90077,0,1,1999,14,14,14,14,14,14,14,14,14,14
90077,1,1,1999,15,15,15,15,15,15,15,15,15,15
90078,1,1,1999,0,0,0,0,0,0,0,10,0,0
90078,2,1,1999,0,0,0,0,0,18,0,0,0,0
90079,1,1,1999,0,0,0,0,0,0,0,0,0,0
90080,1,1,1999,0,0,0,0,0,0,0,0,0,0
90081,1,1,1999,0,0,0,0,0,0,0,0,0,0
90082,1,1,1999,17,17,17,17,17,17,17,17,17,17
90083,1,1,1999,0,0,0,0,0,0,0,0,0,0
90083,2,1,1999,0,0,0,0,0,0,0,0,0,0
90084,1,1,1999,0,0,0,0,0,0,0,0,0,0
90084,2,1,1999,0,0,0,0,0,0,0,0,0,0
90085,1,1,1999,32,32,32,32,32,32,32,32,32,32