ST_CASE,VEH_NO,PER_NO,YEAR,P1,P2,P3,P4,P5,P6,P7,P8,P9,P10
100088,1,1,1999,0,0,0,0,0,0,0,0,0,0
100089,1,1,1999,21,21,21,21,21,21,21,21,21,21
100089,2,1,1999,0,7,0,0,0,0,0,0,5,0
100090,1,1,1999,11,11,11,11,11,11,11,11,11,11
100091,1,1,1999,0,0,0,0,0,0,0,0,0,0
100091,2,1,1999,0,0,0,0,0,0,0,0,0,0
100092,1,1,1999,0,0,0,0,0,0,0,0,0,0
100092,2,1,1999,0,0,0,0,0,0,0,0,0,0
100093,1,1,1999,0,0,0,0,0,0,0,0,0,0
100093,2,1,1999,0,0,0,0,0,0,0,0,0,0
110001,1,1,1999,0,22,17,15,14,19,22,10,10,33
110002,0,1,1999,0,6,0,0,23,11,3,31,37,21
110002,1,1,1999,3,3,3,3,3,3,3,3,3,3
110003,0,1,1999,0,0,52,0,0,0,28,0,21,0
110003,1,1,1999,0,0,0,0,0,0,0,0,0,0
110004,0,1,1999,0,0,16,32,45,0,51,0,19,0
110004,1,1,1999,0,10,13,0,0,9,0,0,13,28
110005,0,1,1999,10,27,15,20,18,0,0,10,0,0
110005,1,1,1999,9,26,0,0,24,22,0,11,0,14
110006,1,1,1999,23,0,0,24,4,0,23,0,29,19
110008,0,1,1999,0,0,0,0,0,0,0,0,0,0
110008,1,1,1999,2,2,2,2,2,2,2,2,2,2
110009,0,1,1999,0,0,0,0,0,19,12,0,13,0
110009,1,1,1999,0,0,0,0,0,0,0,0,0,0
110010,0,1,1999,0,0,0,24,0,0,0,0,0,0
110010,1,1,1999,15,4,21,0,0,0,0,0,0,0
110011,1,1,1999,12,12,12,12,12,12,12,12,12,12
110011,2,1,1999,12,25,0,0,0,0,16,15,0,13
110012,1,1,1999,12,0,25,0,8,18,23,22,13,13
110012,2,1,1999,0,0,0,8,0,0,0,0,0,0
110013,1,1,1999,6,11,11,0,0,16,10,0,0,16
110014,1,1,1999,0,0,0,0,0,18,0,0,18,0
110014,2,1,1999,0,0,0,0,0,0,0,0,0,0
110015,1,1,1999,0,0,0,0,0,0,0,0,0,0
110015,2,1,1999,18,32,10,3,12,0,15,11,0,15
110015,3,1,1999,0,0,19,0,18,0,0,16,0,0
110016,1,1,1999,0,0,0,0,12,0,0,6,0,0
110016,2,1,1999,0,0,0,0,0,0,0,0,0,0
110017,0,1,1999,0,5,0,0,0,11,32,28,32,25
110017,1,1,1999,0,0,0,0,0,0,8,0,9,0
110017,2,1,1999,0,0,0,0,0,0,0,0,0,0
110017,3,1,1999,14,0,0,0,0,0,15,0,0,0
110018,1,1,1999,16,0,0,0,12,18,21,7,18,21
110019,1,1,1999,24,0,19,36,0,19,19,13,22,19
110020,1,1,1999,19,0,29,0,13,14,17,23,0,0
110021,1,1,1999,5,11,0,10,29,0,21,9,13,20
110022,1,1,1999,9,13,13,0,5,0,0,0,4,0
110023,0,1,1999,0,0,0,0,0,0,0,12,4,0
110023,1,1,1999,0,0,0,0,0,0,0,0,0,0
110023,2,1,1999,0,0,0,0,0,0,0,0,0,0
110024,1,1,1999,9,0,15,15,0,12,0,0,11,19
110025,1,1,1999,6,18,0,28,19,26,21,23,18,23
110026,1,1,1999,0,0,0,0,0,0,0,0,0,0
110026,2,1,1999,0,0,0,6,0,0,0,0,27,0
110027,0,1,1999,0,21,27,0,0,0,0,0,0,0
110027,1,1,1999,0,0,0,0,0,0,0,0,0,0
110028,1,1,1999,0,0,0,0,0,0,0,0,0,0
110028,2,1,1999,0,0,0,0,0,0,0,0,0,0
110029,1,1,1999,19,0,15,0,0,0,7,19,2,14
110029,2,1,1999,9,23,0,0,12,27,26,3,38,15
110029,3,1,1999,29,30,11,24,0,0,0,14,0,0
110029,4,1,1999,0,0,0,0,0,0,7,0,0,0
110030,0,1,1999,0,0,7,0,0,21,16,0,0,0
110030,1,1,1999,0,0,0,0,0,0,0,0,0,0
110031,0,1,1999,0,0,0,0,0,0,0,0,0,0
110031,1,1,1999,0,0,0,0,0,0,0,0,0,0
110032,0,1,1999,0,39,18,0,10,24,0,7,29,26
110032,1,1,1999,0,0,0,0,24,17,15,11,0,0
110033,1,1,1999,0,4,0,0,12,0,9,0,0,7
110033,2,1,1999,16,0,9,0,0,6,0,0,15,0
110034,0,1,1999,0,10,12,15,0,0,0,0,29,0
110034,0,2,1999,20,0,23,0,0,0,0,25,0,0
110034,1,1,1999,6,0,0,0,0,0,0,0,0,0
110035,0,1,1999,20,36,0,8,13,0,28,17,19,51
110035,1,1,1999,0,27,0,0,0,0,0,0,0,0
110036,0,1,1999,32,25,0,10,0,0,0,20,20,17
110036,1,1,1999,0,21,0,15,0,0,21,17,20,0
110037,0,1,1999,0,0,0,0,0,0,0,0,0,0
110037,1,1,1999,0,0,0,0,0,0,0,0,0,0
110038,1,1,1999,24,0,0,11,12,0,0,0,0,5
110038,2,1,1999,0,0,0,0,0,16,17,0,0,0
110039,1,1,1999,0,0,0,0,0,0,0,0,0,0
110039,2,1,1999,0,0,0,0,0,0,0,0,0,0
110040,1,1,1999,6,0,0,0,0,0,0,0,0,0
110041,1,1,1999,11,13,43,9,14,39,0,0,0,0
120001,1,1,1999,9,9,9,9,9,9,9,9,9,9
120002,0,1,1999,12,12,12,12,12,12,12,12,12,12
120002,1,1,1999,13,0,0,0,0,0,18,0,0,0
120003,1,1,1999,0,0,0,0,0,0,8,0,0,15
120003,2,1,1999,0,0,0,0,0,0,0,0,0,0
120004,1,1,1999,22,22,22,22,22,22,22,22,22,22
120005,1,1,1999,0,0,0,0,0,0,20,0,0,0
120006,0,1,1999,31,31,31,31,31,31,31,31,31,31
120006,1,1,1999,0,0,0,0,0,0,0,0,0,0
120007,0,1,1999,0,0,0,11,0,23,21,36,0,22
120007,1,1,1999,1,1,1,1,1,1,1,1,1,1
120008,1,1,1999,0,0,0,0,0,0,0,0,0,0
120009,1,1,1999,6,6,6,6,6,6,6,6,6,6
120009,2,1,1999,13,13,13,13,13,13,13,13,13,13
120010,1,1,1999,0,0,0,0,0,0,0,0,0,0
120010,2,1,1999,0,0,0,0,0,0,0,0,0,0
120011,1,1,1999,0,0,0,0,0,0,0,0,0,0
120011,2,1,1999,0,0,0,15,0,0,0,0,0,0
120012,0,1,1999,0,0,0,0,0,0,0,0,0,0
120012,1,1,1999,0,0,0,0,0,0,0,0,0,0
120013,0,1,1999,0,0,16,0,18,36,30,0,22,0
120013,1,1,1999,0,10,0,0,0,0,0,0,15,0
120014,1,1,1999,21,21,21,21,21,21,21,21,21,21
120015,1,1,1999,14,0,12,19,0,0,0,14,13,0
120015,2,1,1999,10,10,10,10,10,10,10,10,10,10
120015,3,1,1999,10,10,10,10,10,10,10,10,10,10
120016,1,1,1999,0,0,0,0,0,0,0,0,0,0
120017,1,1,1999,15,15,15,15,15,15,15,15,15,15
120017,2,1,1999,26,26,26,26,26,26,26,26,26,26
120018,0,1,1999,0,10,0,0,0,0,15,0,0,0
120018,1,1,1999,0,0,0,0,0,0,0,0,0,0
120019,1,1,1999,0,0,0,0,0,0,0,0,0,0
120019,2,1,1999,0,0,0,0,0,0,0,0,0,0
120020,0,1,1999,0,0,0,0,0,0,0,0,0,0
120020,1,1,1999,0,0,0,0,0,0,0,0,0,0
120021,1,1,1999,0,21,25,0,0,0,0,0,0,0
120021,2,1,1999,0,0,0,11,0,11,0,0,0,0
120022,0,1,1999,0,0,0,0,0,0,0,0,0,0
120022,0,2,1999,0,0,0,0,0,0,0,0,0,0
120022,1,1,1999,0,0,0,0,0,0,0,0,0,0
120023,1,1,1999,0,0,0,0,0,0,0,0,0,0
120023,2,1,1999,0,0,0,0,0,0,0,0,0,0
120024,1,1,1999,0,0,0,0,0,0,0,0,0,0
120025,1,1,1999,0,0,0,0,0,0,0,0,0,0
120025,2,1,1999,0,0,0,0,0,0,0,0,0,0
120026,0,1,1999,0,0,0,0,0,0,0,0,0,0
120026,1,1,1999,0,0,0,0,0,0,0,0,0,0
120027,0,1,1999,0,27,0,12,16,0,28,0,0,13
120027,1,1,1999,0,0,0,0,0,0,0,0,0,0
120028,1,1,1999,0,0,0,0,0,0,0,0,0,0
120029,1,1,1999,32,32,32,32,32,32,32,32,32,32
120030,0,1,1999,10,10,10,10,10,10,10,10,10,10
120030,1,1,1999,0,0,0,0,0,0,0,0,0,0
120031,0,1,1999,6,6,6,6,6,6,6,6,6,6
120031,1,1,1999,0,0,0,0,0,0,0,0,0,0
120032,1,1,1999,0,0,0,0,0,0,0,0,0,0
120032,2,1,1999,0,0,0,0,0,0,0,0,0,0
120033,1,1,1999,0,0,0,0,0,0,4,0,0,0
120033,2,1,1999,0,11,0,0,0,0,11,0,0,0
120034,1,1,1999,18,18,18,18,18,18,18,18,18,18
120035,1,1,1999,8,8,8,8,8,8,8,8,8,8
120036,1,1,1999,0,0,0,0,0,0,0,0,0,0
120036,2,1,1999,0,0,0,0,0,0,0,0,0,0
120037,0,1,1999,28,0,24,9,0,6,5,38,14,33
120037,1,1,1999,15,0,0,0,0,0,0,0,0,0
120038,1,1,1999,18,18,18,18,18,18,18,18,18,18
120038,2,1,1999,0,9,0,0,0,0,18,0,18,0
120039,1,1,1999,0,0,0,0,0,0,0,0,0,0
120039,2,1,1999,0,0,0,0,0,0,0,0,0,0
120040,1,1,1999,27,27,27,27,27,27,27,27,27,27
120040,2,1,1999,0,0,0,0,0,0,0,0,0,0
120041,1,1,1999,0,0,0,0,0,0,0,0,0,0
120041,2,1,1999,0,0,0,0,0,0,0,0,0,0
120042,1,1,1999,0,0,12,0,0,0,0,0,0,0
120043,0,1,1999,2,0,0,0,9,0,0,0,0,0
120043,1,1,1999,0,0,0,0,0,0,0,0,0,0
120044,1,1,1999,0,0,0,0,0,0,0,0,0,0
120044,2,1,1999,15,15,15,15,15,15,15,15,15,15
120045,1,1,1999,0,0,0,0,0,0,0,0,0,0
120045,2,1,1999,0,0,0,0,0,0,0,0,0,0
120046,1,1,1999,0,0,0,0,0,0,0,0,0,0
120047,1,1,1999,0,0,0,0,0,0,0,0,0,0
120048,1,1,1999,0,0,0,0,0,0,0,0,0,0
120048,2,1,1999,0,0,0,0,0,0,0,0,0,0
120048,3,1,1999,0,0,0,0,0,0,0,0,0,0
120049,1,1,1999,0,0,0,0,0,13,0,0,25,0
120049,2,1,1999,0,0,0,0,0,0,0,0,0,0
120049,3,1,1999,0,0,0,0,0,0,0,0,0,0
120050,1,1,1999,0,0,0,0,0,0,0,0,0,0
120051,0,1,1999,0,0,0,0,0,0,0,0,0,0
120051,1,1,1999,0,0,0,0,0,0,0,0,0,0
120052,1,1,1999,0,0,0,0,0,0,0,0,0,0
120052,2,1,1999,0,0,0,0,0,0,0,0,0,0
120053,1,1,1999,0,0,0,0,0,0,0,0,0,0
120053,2,1,1999,0,0,0,0,0,0,0,0,0,0
120054,1,1,1999,0,0,0,0,0,0,0,0,0,0
120055,1,1,1999,0,0,0,0,0,0,0,0,0,0
120056,1,1,1999,0,0,0,0,0,0,0,0,0,0
120057,1,1,1999,0,0,0,0,0,0,0,0,0,0
120057,2,1,1999,0,0,0,0,0,0,0,0,0,0
120058,1,1,1999,0,0,0,0,0,24,0,0,0,0
120059,1,1,1999,0,0,0,0,0,0,0,0,0,0
120060,1,1,1999,0,0,0,0,0,0,0,0,0,0
120060,2,1,1999,0,0,0,0,0,0,0,0,0,0
120061,1,1,1999,0,0,0,0,0,0,0,0,0,0
120061,2,1,1999,0,0,0,0,0,0,0,0,0,0
120062,1,1,1999,0,0,0,0,0,0,0,0,0,0
120062,2,1,1999,0,0,0,0,0,0,0,0,0,0
120063,0,1,1999,13,13,13,13,13,13,13,13,13,13
120063,1,1,1999,0,0,0,0,0,13,0,0,0,0
120064,1,1,1999,0,0,0,18,11,0,12,0,15,0
120064,2,1,1999,25,25,25,25,25,25,25,25,25,25
120065,0,1,1999,0,0,0,0,0,0,0,19,0,0
120065,1,1,1999,0,0,0,0,0,0,0,0,0,0
120066,1,1,1999,0,0,0,0,0,0,0,0,0,0
120067,0,1,1999,0,0,0,0,0,9,0,0,0,0
120067,1,1,1999,0,0,0,0,0,0,0,12,0,0
120068,0,1,1999,19,19,19,19,19,19,19,19,19,19
120068,1,1,1999,0,0,0,0,0,0,0,0,0,0
120069,0,1,1999,0,0,0,0,0,0,0,0,0,0
120069,1,1,1999,11,0,0,0,0,0,0,0,0,0
120070,1,1,1999,0,0,0,0,0,0,0,0,0,0
120070,2,1,1999,0,0,0,0,0,0,0,0,0,0
120070,3,1,1999,0,0,0,0,0,0,0,0,0,0
120071,0,1,1999,0,0,0,0,0,0,0,0,0,0
120071,1,1,1999,14,14,14,14,14,14,14,14,14,14
120072,1,1,1999,0,0,0,0,0,0,0,0,0,0
120072,2,1,1999,0,0,0,0,0,0,0,0,0,0
120073,0,1,1999,0,28,0,0,0,0,18,30,0,13
120073,1,1,1999,0,0,0,0,0,0,0,0,0,0
120074,1,1,1999,29,29,29,29,29,29,29,29,29,29
120075,1,1,1999,21,0,0,26,0,22,0,16,0,0
120076,1,1,1999,21,21,21,21,21,21,21,21,21,21
120077,0,1,1999,0,0,0,0,0,0,0,0,0,0
120077,1,1,1999,0,0,0,0,0,0,0,0,0,0
120078,1,1,1999,0,0,0,0,0,0,0,0,0,0
120078,2,1,1999,0,0,0,0,0,0,0,0,0,0
120079,1,1,1999,12,12,12,12,12,12,12,12,12,12
120079,2,1,1999,0,0,0,0,0,0,0,0,0,0
120080,1,1,1999,0,0,0,0,0,0,0,0,0,0
120080,2,1,1999,0,0,0,0,0,0,0,0,0,0
120081,1,1,1999,19,19,19,19,19,19,19,19,19,19
120082,1,1,1999,23,23,23,23,23,23,23,23,23,23
120083,1,1,1999,23,23,23,23,23,23,23,23,23,23
120084,1,1,1999,0,0,0,0,0,0,0,0,0,0
120085,1,1,1999,26,26,26,26,26,26,26,26,26,26
120085,2,1,1999,25,14,0,0,12,0,25,35,0,0
120086,0,1,1999,30,30,30,30,30,30,30,30,30,30
120086,1,1,1999,0,0,0,0,0,0,0,0,0,0
120086,2,1,1999,0,0,0,0,0,0,0,0,0,0
120087,1,1,1999,26,26,26,26,26,26,26,26,26,26
120088,1,1,1999,0,0,3,0,0,0,0,0,0,0
120089,1,1,1999,7,0,18,0,25,9,0,0,0,0
120089,2,1,1999,0,16,0,0,7,0,0,0,0,0
120090,1,1,1999,23,23,23,23,23,23,23,23,23,23
120091,0,1,1999,0,0,0,0,0,0,0,0,0,0
120091,1,1,1999,0,0,0,0,0,0,0,0,0,0
120091,2,1,1999,0,0,0,0,0,0,0,0,0,0
120092,1,1,1999,19,19,19,19,19,19,19,19,19,19
120093,1,1,1999,22,22,22,22,22,22,22,22,22,22
120094,1,1,1999,0,0,0,0,0,0,0,0,0,0
120094,2,1,1999,0,0,0,0,0,0,0,0,0,0
120095,0,1,1999,0,0,0,0,0,0,0,0,0,0
120095,1,1,1999,0,0,0,0,0,0,0,0,0,0
120095,2,1,1999,0,0,0,0,0,0,0,0,0,0
120096,1,1,1999,21,21,21,21,21,21,21,21,21,21
120097,1,1,1999,13,13,13,13,13,13,13,13,13,13
120097,2,1,1999,0,0,0,0,0,0,0,0,0,0
120098,1,1,1999,19,19,19,19,19,19,19,19,19,19
120098,2,1,1999,0,0,0,0,0,0,0,0,0,0
120099,0,1,1999,0,8,18,18,0,0,0,0,0,0
120099,0,2,1999,5,0,0,0,0,0,0,0,0,0
120099,1,1,1999,0,0,0,0,0,0,0,0,0,0
120100,1,1,1999,0,0,0,0,0,0,0,0,0,0
120100,2,1,1999,0,0,0,0,0,0,0,0,0,0
120101,0,1,1999,0,0,0,0,0,0,0,0,0,0
120101,1,1,1999,0,0,0,0,0,0,0,0,0,0
120102,1,1,1999,24,24,24,24,24,24,24,24,24,24
120102,2,1,1999,0,0,0,0,0,0,0,0,0,0
120103,1,1,1999,28,0,0,0,15,0,21,0,13,3
120103,2,1,1999,0,0,0,0,0,0,0,0,0,0
120104,1,1,1999,0,0,0,0,0,0,0,0,0,0
120104,2,1,1999,0,0,0,0,0,0,0,0,0,0
120105,1,1,1999,0,0,0,0,0,0,0,0,14,0
120106,1,1,1999,0,0,0,0,0,0,0,0,0,0
120106,2,1,1999,0,0,0,0,0,0,0,0,0,0
120107,1,1,1999,0,0,0,0,0,0,0,0,0,0
120107,2,1,1999,0,0,0,0,0,0,0,0,0,0
120108,1,1,1999,0,0,0,0,0,0,0,0,0,0
120109,1,1,1999,0,0,0,0,0,0,0,0,0,0
120109,2,1,1999,0,0,0,0,0,0,0,0,0,0
120110,0,1,1999,0,0,0,0,0,0,0,0,0,0
120110,1,1,1999,0,0,0,0,0,0,0,0,0,0
120111,1,1,1999,0,0,0,0,0,0,0,0,0,0
120111,2,1,1999,0,0,0,0,0,0,0,0,0,0
120111,3,1,1999,0,0,0,0,0,0,0,0,0,0
120112,1,1,1999,0,0,0,0,0,0,0,0,0,0
120112,2,1,1999,0,0,0,0,0,0,0,0,0,0
120113,1,1,1999,0,0,0,0,0,0,0,0,0,0
120113,2,1,1999,0,0,0,0,0,0,0,0,0,0
120114,1,1,1999,22,22,22,22,22,22,22,22,22,22
120115,1,1,1999,0,0,0,0,0,0,0,0,0,0
120115,2,1,1999,0,0,0,0,0,0,0,0,0,0
120116,1,1,1999,0,0,0,0,0,0,0,0,0,0
120116,2,1,1999,0,0,0,0,0,0,0,11,0,0
120117,1,1,1999,0,0,0,0,0,0,0,0,0,0
120117,2,1,1999,0,0,0,0,0,0,0,0,0,0
120118,0,1,1999,0,0,0,0,0,0,0,0,0,0
120118,1,1,1999,0,0,0,0,0,0,0,0,0,0
120119,1,1,1999,0,0,0,0,0,0,0,0,0,0
120119,2,1,1999,0,0,0,0,0,0,0,0,0,0
120119,3,1,1999,5,0,0,0,0,0,0,0,0,0
120120,1,1,1999,6,6,6,6,6,6,6,6,6,6
120121,1,1,1999,10,10,10,10,10,10,10,10,10,10
120121,2,1,1999,0,0,0,0,0,0,0,0,0,0
120122,1,1,1999,0,0,0,0,0,0,0,0,0,0
120122,2,1,1999,0,0,0,0,0,0,0,0,0,0
120123,1,1,1999,0,0,0,19,0,0,0,0,20,0
120124,1,1,1999,0,0,0,0,0,0,0,0,0,0
120125,0,1,1999,0,0,0,0,0,0,0,0,0,0
120125,1,1,1999,0,0,0,0,0,0,0,0,0,0
120126,1,1,1999,0,0,0,0,0,0,0,0,0,0
120126,2,1,1999,0,0,14,0,0,0,8,0,0,11
120126,3,1,1999,0,0,0,0,0,0,0,0,0,0
120127,0,1,1999,0,0,0,0,0,0,0,0,0,0
120127,1,1,1999,0,0,0,0,0,0,0,0,0,0
120128,1,1,1999,0,0,0,0,0,0,0,0,0,18
120129,1,1,1999,30,30,30,30,30,30,30,30,30,30
120129,2,1,1999,0,0,0,0,0,0,0,0,0,0
120130,1,1,1999,0,0,0,0,0,0,0,0,0,0
120131,1,1,1999,0,0,0,0,0,0,7,0,0,0
120131,2,1,1999,0,0,0,0,0,14,13,23,2,19
120132,0,1,1999,0,0,0,0,0,0,0,0,0,0
120132,1,1,1999,0,0,0,0,0,0,0,0,0,0
120133,1,1,1999,0,0,0,0,0,0,0,0,0,0
120133,2,1,1999,0,0,0,0,0,0,0,0,0,0
120134,1,1,1999,16,16,16,16,16,16,16,16,16,16
120135,1,1,1999,0,0,0,0,0,0,0,0,0,0
120135,2,1,1999,0,0,0,0,0,0,0,0,0,0
120136,1,1,1999,0,0,0,0,0,0,0,0,0,0
120136,2,1,1999,0,0,0,0,0,0,0,0,22,0
120137,0,1,1999,19,19,19,19,19,19,19,19,19,19
120137,1,1,1999,0,0,0,0,0,0,0,0,0,0
120138,1,1,1999,0,0,7,0,0,0,26,16,0,0
120138,2,1,1999,30,30,30,30,30,30,30,30,30,30
120139,1,1,1999,0,13,0,0,4,0,5,0,21,7
120140,1,1,1999,0,0,0,0,0,0,0,0,0,0
120141,1,1,1999,0,0,0,0,0,0,0,0,0,0
120142,1,1,1999,17,17,17,17,17,17,17,17,17,17
120142,2,1,1999,0,0,0,0,0,0,0,0,6,0
120142,3,1,1999,0,0,0,0,0,0,0,0,0,0
120143,0,1,1999,23,23,23,23,23,23,23,23,23,23
120143,1,1,1999,0,0,0,0,0,0,13,0,0,0
120144,0,1,1999,0,0,0,0,0,0,0,0,0,16
120144,1,1,1999,0,0,0,0,0,0,0,0,0,0
120145,1,1,1999,18,18,18,18,18,18,18,18,18,18
120146,1,1,1999,0,0,0,13,0,0,0,21,0,14
120146,2,1,1999,17,25,21,30,20,17,24,18,0,16
120147,1,1,1999,21,21,21,21,21,21,21,21,21,21
120148,1,1,1999,0,0,0,0,0,9,0,0,0,0
120149,0,1,1999,0,0,0,0,0,0,0,0,0,0
120149,2,1,1999,6,0,0,0,0,0,0,0,0,0
120149,3,1,1999,0,0,0,0,0,0,0,0,0,0
120150,1,1,1999,0,0,0,0,0,0,0,0,0,0
120150,2,1,1999,0,0,23,0,12,0,0,22,0,0
120151,1,1,1999,0,13,14,0,0,0,0,9,0,0
120151,2,1,1999,0,0,0,0,0,0,0,0,0,0
120152,1,1,1999,0,0,0,0,0,0,0,0,0,0
120152,2,1,1999,0,0,0,0,0,0,0,0,0,0
120153,1,1,1999,0,0,0,0,0,0,0,0,0,0
120154,0,1,1999,0,0,0,0,0,0,0,0,0,0
120154,1,1,1999,0,0,0,0,0,0,14,0,17,0
120155,1,1,1999,0,0,0,0,0,0,0,0,10,2
120155,2,1,1999,0,0,0,0,0,0,0,0,0,0
120155,3,1,1999,0,0,6,17,0,0,0,0,0,0
120156,1,1,1999,0,0,0,0,0,0,0,0,0,0
120156,2,1,1999,0,0,0,0,0,0,0,0,0,0
120157,0,1,1999,11,11,11,11,11,11,11,11,11,11
120157,1,1,1999,14,14,14,14,14,14,14,14,14,14
120158,0,1,1999,40,40,40,40,40,40,40,40,40,40
120158,1,1,1999,0,0,22,0,0,0,21,13,0,0
120159,1,1,1999,0,0,0,0,0,0,0,0,0,0
120159,2,1,1999,0,0,0,0,0,0,0,0,0,0
120160,0,1,1999,0,0,0,0,0,0,0,0,0,0
120160,1,1,1999,0,12,0,0,0,0,0,0,0,0
120161,1,1,1999,0,0,0,0,0,0,0,0,0,0
120161,2,1,1999,0,0,0,0,0,0,0,0,0,0
120162,1,1,1999,10,0,0,0,0,0,0,0,0,0
120163,1,1,1999,0,0,0,0,0,0,0,0,0,0
120163,2,1,1999,0,0,0,0,0,0,0,0,0,0
120164,1,1,1999,23,23,23,23,23,23,23,23,23,23
120164,2,1,1999,0,0,0,0,0,0,0,0,0,0
120165,1,1,1999,0,0,0,0,0,0,0,0,0,0
120166,1,1,1999,0,0,0,0,0,0,0,0,0,0
120167,1,1,1999,0,0,0,0,0,0,0,0,0,0
120168,0,1,1999,0,0,0,0,0,0,0,0,0,0
120168,1,1,1999,30,0,0,0,0,0,0,0,0,0
120169,1,1,1999,0,9,0,0,0,28,0,0,0,5
120170,0,1,1999,0,0,0,0,0,0,0,0,0,0
120170,0,2,1999,0,0,0,0,0,0,0,0,0,36
120170,1,1,1999,0,0,0,0,0,0,0,0,0,0
120170,2,1,1999,0,0,0,0,0,0,0,0,0,0
120171,1,1,1999,13,13,13,13,13,13,13,13,13,13
120172,1,1,1999,16,16,16,16,16,16,16,16,16,16
120172,2,1,1999,0,0,0,0,0,0,0,0,0,8
120173,1,1,1999,0,0,0,0,0,0,0,0,0,0
120173,2,1,1999,0,0,0,0,0,0,0,0,0,0
120174,0,1,1999,6,0,0,0,0,0,0,0,0,0
120174,1,1,1999,0,0,0,0,0,16,0,0,0,0
120175,0,1,1999,0,0,0,0,0,0,0,0,0,0
120175,1,1,1999,0,0,0,0,0,0,0,0,0,0
120176,1,1,1999,0,0,0,0,0,0,0,0,0,0
120176,2,1,1999,3,3,3,3,3,3,3,3,3,3
120177,0,1,1999,0,0,0,0,0,0,0,0,0,0
120177,1,1,1999,0,0,0,0,0,0,0,0,0,0
120178,0,1,1999,0,0,0,0,0,0,0,0,0,0
120178,1,1,1999,0,0,0,0,0,0,0,0,0,0
120179,0,1,1999,0,0,0,21,0,0,0,32,0,0
120179,1,1,1999,0,0,0,0,0,0,0,0,0,0
120180,0,1,1999,21,21,21,21,21,21,21,21,21,21
120180,1,1,1999,0,0,0,0,0,0,0,0,0,0
120181,0,1,1999,0,0,0,0,0,0,0,0,0,0
120181,1,1,1999,0,0,0,0,0,0,0,0,0,0
120182,1,1,1999,9,12,13,0,15,0,0,0,0,10
120182,2,1,1999,13,10,0,0,0,0,0,0,0,0
120183,1,1,1999,3,3,3,3,3,3,3,3,3,3
120184,1,1,1999,0,0,0,0,0,0,0,0,0,0
120184,2,1,1999,0,0,0,0,0,0,0,0,0,0
120185,0,1,1999,3,3,3,3,3,3,3,3,3,3
120185,1,1,1999,0,0,0,0,0,0,0,0,0,0
120186,0,1,1999,23,23,23,23,23,23,23,23,23,23
120186,1,1,1999,0,0,0,0,0,0,0,0,0,0
120186,2,1,1999,0,0,0,0,0,0,0,0,0,0
120187,0,1,1999,0,0,0,0,0,0,0,0,0,0
120187,1,1,1999,0,0,0,0,0,0,18,0,0,0
120188,1,1,1999,16,30,17,0,0,25,0,16,0,0
120189,1,1,1999,0,0,0,0,0,17,0,0,0,0
120189,2,1,1999,0,0,0,0,0,0,0,0,0,0
120190,1,1,1999,0,0,0,0,0,0,0,0,0,0
120190,2,1,1999,0,0,0,0,0,0,0,0,0,0
120191,1,1,1999,0,0,0,0,0,0,0,0,0,0
120192,1,1,1999,0,0,0,0,0,0,0,0,0,0
120193,0,1,1999,0,0,0,0,0,0,0,0,0,0
120193,1,1,1999,13,13,13,13,13,13,13,13,13,13
120194,1,1,1999,0,0,0,0,0,0,0,0,0,0
120194,2,1,1999,0,0,0,0,0,0,0,0,0,0
120194,3,1,1999,0,0,0,0,0,24,0,0,0,0
120195,1,1,1999,15,15,15,15,15,15,15,15,15,15
120196,1,1,1999,0,0,0,14,0,0,0,0,0,0
120197,1,1,1999,13,13,13,13,13,13,13,13,13,13
120197,2,1,1999,0,0,0,0,0,0,0,0,0,0
120198,1,1,1999,12,12,12,12,12,12,12,12,12,12
120198,2,1,1999,0,0,0,0,0,0,0,0,2,0
120199,0,1,1999,0,0,0,0,0,0,0,0,0,0
120199,1,1,1999,0,0,0,0,0,0,0,0,0,0
120200,1,1,1999,0,0,0,0,0,0,0,0,0,0
120201,1,1,1999,0,0,0,0,0,0,0,0,0,0
120201,2,1,1999,0,0,0,0,0,0,0,0,0,0
120202,1,1,1999,0,0,0,0,0,0,0,0,0,0
120202,2,1,1999,0,0,0,0,0,0,0,0,13,0
120203,1,1,1999,0,0,0,0,0,0,0,0,0,0
120203,2,1,1999,0,0,0,0,0,0,0,0,0,0
120204,1,1,1999,25,25,25,25,25,25,25,25,25,25
120205,1,1,1999,0,0,0,0,0,0,0,0,0,0
120205,2,1,1999,0,0,0,0,0,0,0,0,0,0
120206,1,1,1999,0,0,0,0,0,0,0,0,0,0
120206,2,1,1999,0,0,0,0,0,0,0,0,0,0
120207,1,1,1999,10,10,10,10,10,10,10,10,10,10
120208,1,1,1999,0,0,0,0,0,0,0,0,0,0
120208,2,1,1999,0,0,0,0,0,0,0,0,0,0
120209,1,1,1999,0,0,0,0,0,0,0,0,0,0
120209,2,1,1999,0,0,10,0,0,0,0,0,0,0
120210,1,1,1999,0,0,0,0,0,0,0,0,0,0
120210,2,1,1999,0,0,0,0,0,0,0,0,0,0
120210,3,1,1999,0,0,0,0,0,0,0,0,0,0