ST_CASE,VEH_NO,PER_NO,YEAR,P1,P2,P3,P4,P5,P6,P7,P8,P9,P10
120211,0,1,1999,23,23,23,23,23,23,23,23,23,23
120211,1,1,1999,0,0,0,0,0,0,0,0,0,0
120212,1,1,1999,30,30,30,30,30,30,30,30,30,30
120212,2,1,1999,0,0,0,0,0,0,0,0,0,0
120213,0,1,1999,0,0,0,0,29,0,0,0,0,0
120213,1,1,1999,9,9,9,9,9,9,9,9,9,9
120214,1,1,1999,8,8,8,8,8,8,8,8,8,8
120214,2,1,1999,0,0,0,0,0,0,0,0,0,0
120215,1,1,1999,0,0,0,0,0,0,0,0,0,0
120215,2,1,1999,0,0,0,0,0,0,0,0,0,0
120216,1,1,1999,0,0,0,0,0,0,0,0,0,0
120216,2,1,1999,0,0,0,0,0,0,0,0,0,0
120217,1,1,1999,0,0,0,0,0,0,0,0,0,0
120217,2,1,1999,0,0,0,0,0,0,0,0,0,0
120218,1,1,1999,0,0,0,0,0,0,0,0,0,0
120218,2,1,1999,0,0,0,0,0,0,0,0,0,0
120219,0,1,1999,33,33,33,33,33,33,33,33,33,33
120219,1,1,1999,0,0,0,0,0,0,0,0,0,0
120220,1,1,1999,26,26,26,26,26,26,26,26,26,26
120221,1,1,1999,27,27,27,27,27,27,27,27,27,27
120222,1,1,1999,0,0,0,0,0,0,0,0,0,0
120223,0,1,1999,31,31,31,31,31,31,31,31,31,31
120223,1,1,1999,0,0,0,0,0,0,0,0,0,0
120224,1,1,1999,0,0,0,0,0,0,0,0,0,0
120225,1,1,1999,0,0,0,0,0,0,0,0,0,0
120225,2,1,1999,0,0,0,0,0,0,0,0,0,0
120226,0,1,1999,0,0,0,0,0,0,0,0,0,0
120226,1,1,1999,0,0,0,0,0,0,0,0,0,0
120227,0,1,1999,0,0,0,0,0,0,0,0,0,0
120227,0,2,1999,1,1,1,1,1,1,1,1,1,1
120227,1,1,1999,0,0,0,0,0,0,0,0,0,25
120227,2,1,1999,0,0,13,0,0,0,0,0,0,0
120228,1,1,1999,0,0,0,0,0,0,0,0,0,0
120228,2,1,1999,0,0,0,0,0,22,17,0,17,0
120229,1,1,1999,0,0,0,0,0,0,0,0,0,0
120229,2,1,1999,0,0,0,0,0,0,0,0,0,0
120230,1,1,1999,25,25,25,25,25,25,25,25,25,25
120231,1,1,1999,0,0,0,0,0,0,0,0,0,0
120231,2,1,1999,0,0,0,0,0,0,0,0,0,0
120232,1,1,1999,16,16,16,16,16,16,16,16,16,16
120232,2,1,1999,0,0,0,0,0,0,0,0,0,0
120233,1,1,1999,0,0,0,0,0,0,0,0,0,0
120233,2,1,1999,0,0,0,0,0,0,0,0,0,0
120233,3,1,1999,0,0,0,0,0,0,0,0,0,0
120234,1,1,1999,0,0,0,0,0,0,0,0,0,0
120234,2,1,1999,0,0,0,0,0,0,0,0,0,0
120235,1,1,1999,18,18,18,18,18,18,18,18,18,18
120236,1,1,1999,4,4,4,4,4,4,4,4,4,4
120237,1,1,1999,0,0,0,0,0,0,0,0,0,0
120237,2,1,1999,0,0,0,0,0,0,0,0,0,0
120238,1,1,1999,0,0,0,0,0,0,0,0,0,0
120239,1,1,1999,16,16,16,16,16,16,16,16,16,16
120240,1,1,1999,0,0,0,0,0,0,0,0,0,19
120240,2,1,1999,0,0,0,0,0,0,0,0,0,0
120241,0,1,1999,0,0,28,0,19,0,0,0,0,0
120241,1,1,1999,0,0,0,0,0,0,0,0,0,0
120242,1,1,1999,16,16,16,16,16,16,16,16,16,16
120243,0,1,1999,0,0,0,0,0,14,0,0,0,8
120243,1,1,1999,0,0,0,0,0,0,0,0,0,0
120244,1,1,1999,13,13,13,13,13,13,13,13,13,13
120244,2,1,1999,0,0,0,0,0,0,0,0,0,0
120245,0,1,1999,0,0,0,0,0,0,0,0,0,0
120245,1,1,1999,0,0,0,0,0,0,0,0,0,0
120246,0,1,1999,13,13,13,13,13,13,13,13,13,13
120246,1,1,1999,0,0,0,0,0,0,0,0,0,0
120247,1,1,1999,0,0,0,0,0,0,0,0,0,0
120248,1,1,1999,0,0,0,0,0,0,0,0,0,0
120249,0,1,1999,0,0,0,0,0,35,0,0,0,0
120249,1,1,1999,0,0,0,0,0,0,0,0,0,0
120250,1,1,1999,16,16,16,16,16,16,16,16,16,16
120251,1,1,1999,0,0,0,0,0,0,0,0,0,0
120252,1,1,1999,0,0,0,0,0,0,0,0,0,0
120252,2,1,1999,0,0,0,0,0,0,0,0,0,0
120253,1,1,1999,0,0,0,0,0,0,0,0,0,0
120253,2,1,1999,0,0,0,0,0,0,0,0,0,0
120254,1,1,1999,0,0,0,0,0,0,0,0,0,0
120254,2,1,1999,0,0,0,0,0,0,0,0,0,0
120255,1,1,1999,0,0,0,0,0,0,0,0,0,0
120255,2,1,1999,0,0,0,0,0,0,0,0,0,0
120255,3,1,1999,0,0,0,0,0,0,0,0,0,0
120256,1,1,1999,0,0,0,0,0,0,0,0,0,0
120257,0,1,1999,0,0,0,0,0,0,0,0,0,0
120257,1,1,1999,0,0,5,0,0,0,0,0,0,0
120258,0,1,1999,0,18,18,0,0,0,0,0,0,19
120258,1,1,1999,0,0,0,0,0,0,3,0,0,0
120258,2,1,1999,0,0,0,0,0,0,0,0,0,0
120259,0,1,1999,25,25,25,25,25,25,25,25,25,25
120259,1,1,1999,0,0,0,0,0,0,0,0,0,0
120259,2,1,1999,8,0,11,0,0,0,0,0,0,0
120260,0,1,1999,0,0,0,0,23,0,17,0,0,0
120260,0,2,1999,0,0,0,0,0,0,0,0,0,0
120260,1,1,1999,0,0,0,0,0,0,0,0,0,0
120260,2,1,1999,0,0,0,0,0,0,0,0,0,0
120261,1,1,1999,0,0,0,0,0,0,0,0,0,0
120261,2,1,1999,0,16,0,0,0,0,0,0,0,0
120262,0,1,1999,0,0,0,18,0,0,8,0,0,7
120262,1,1,1999,13,0,0,0,0,0,0,0,0,0
120263,0,1,1999,0,0,0,0,0,0,0,0,0,0
120263,0,2,1999,5,5,5,5,5,5,5,5,5,5
120263,1,1,1999,0,0,0,0,0,5,0,0,0,0
120264,1,1,1999,0,0,0,0,0,0,0,0,0,0
120264,2,1,1999,0,0,0,0,0,0,0,0,0,0
120265,1,1,1999,0,0,0,0,0,0,0,0,0,0
120265,2,1,1999,0,0,0,0,0,0,0,0,0,0
120266,1,1,1999,0,0,0,0,0,0,0,0,0,0
120266,2,1,1999,21,21,21,21,21,21,21,21,21,21
120267,1,1,1999,0,0,0,0,0,0,0,0,0,0
120267,2,1,1999,0,0,0,0,0,0,0,0,0,0
120268,1,1,1999,0,0,0,0,0,0,0,0,0,0
120268,2,1,1999,6,6,6,6,6,6,6,6,6,6
120269,1,1,1999,0,0,0,0,0,0,0,0,0,0
120269,2,1,1999,0,0,0,0,0,0,0,0,0,0
120269,3,1,1999,0,0,0,0,0,0,0,0,0,0
120270,1,1,1999,0,0,0,0,0,0,0,0,0,0
120270,2,1,1999,0,0,0,0,0,0,0,0,0,0
120271,1,1,1999,0,0,0,20,0,0,0,0,0,0
120271,2,1,1999,0,0,0,0,0,0,0,0,0,0
120272,1,1,1999,0,0,0,0,0,0,0,0,0,0
120272,2,1,1999,0,0,0,0,0,0,0,0,0,0
120273,1,1,1999,0,0,0,0,0,0,0,0,0,0
120274,1,1,1999,11,0,0,2,0,10,0,16,0,0
120274,2,1,1999,0,0,0,0,0,0,0,0,0,0
120275,1,1,1999,0,0,0,0,0,0,0,0,0,0
120275,2,1,1999,0,0,0,0,0,0,0,0,0,0
120276,1,1,1999,0,0,0,0,0,0,0,0,19,0
120277,1,1,1999,0,0,0,0,0,0,0,0,0,0
120277,2,1,1999,0,0,0,0,0,0,0,0,0,0
120278,0,1,1999,0,0,0,0,0,0,0,0,0,0
120278,1,1,1999,0,0,0,0,0,0,0,0,0,0
120279,1,1,1999,0,0,0,0,0,0,0,0,0,0
120279,2,1,1999,0,0,0,0,0,0,0,0,0,0
120280,1,1,1999,0,0,0,0,0,0,0,0,0,0
120280,2,1,1999,0,0,0,0,0,0,0,0,0,0
120280,3,1,1999,0,0,0,0,0,0,0,0,0,0
120281,1,1,1999,0,22,18,0,24,14,11,0,25,0
120282,0,1,1999,0,0,0,0,0,0,0,0,0,0
120282,1,1,1999,0,0,0,0,0,0,0,0,0,0
120283,0,1,1999,0,0,0,0,0,0,0,0,0,0
120283,1,1,1999,0,0,0,0,0,0,0,0,0,0
120284,1,2,1999,17,17,17,17,17,17,17,17,17,17
120285,0,1,1999,0,0,0,0,0,0,0,0,0,0
120285,1,1,1999,15,0,0,0,0,0,0,0,0,0
120286,1,1,1999,16,16,16,16,16,16,16,16,16,16
120286,2,1,1999,0,0,0,0,0,0,0,0,0,0
120287,1,1,1999,0,0,0,0,0,0,0,0,0,0
120287,2,1,1999,0,0,0,0,0,0,0,0,0,0
120288,1,1,1999,38,38,38,38,38,38,38,38,38,38
120289,1,1,1999,0,6,0,0,0,0,0,0,0,0
120289,2,1,1999,0,0,0,0,0,0,0,0,0,0
120290,1,1,1999,0,0,0,0,0,0,0,0,0,0
120290,2,1,1999,0,0,0,0,0,0,0,0,0,0
120291,1,1,1999,0,0,0,0,0,0,0,0,0,0
120291,2,1,1999,0,0,0,0,0,0,0,0,0,0
120292,1,1,1999,0,0,0,0,0,0,0,0,0,0
120292,2,1,1999,0,0,0,0,0,0,0,0,0,0
120293,1,1,1999,0,0,0,0,0,0,0,0,0,0
120294,1,1,1999,0,0,0,0,0,0,0,0,0,0
120294,2,1,1999,0,0,0,0,0,0,0,0,0,0
120295,1,1,1999,0,0,19,0,0,0,0,0,26,0
120296,1,1,1999,0,0,0,0,0,0,0,0,0,0
120296,2,1,1999,0,0,0,0,0,0,0,0,0,0
120297,1,1,1999,0,0,0,0,0,0,0,0,0,0
120297,2,1,1999,0,0,0,0,0,0,0,0,0,0
120298,0,1,1999,15,15,15,15,15,15,15,15,15,15
120298,1,1,1999,0,0,0,0,0,0,0,0,0,0
120299,1,1,1999,15,15,15,15,15,15,15,15,15,15
120300,1,1,1999,0,0,0,0,0,0,0,0,0,0
120300,2,1,1999,0,0,0,0,12,0,0,0,0,0
120301,0,1,1999,0,0,0,0,0,0,0,0,0,0
120301,1,1,1999,0,0,0,0,0,0,0,11,0,0
120302,0,1,1999,34,34,34,34,34,34,34,34,34,34
120302,1,1,1999,0,0,0,0,0,0,0,0,0,0
120303,1,1,1999,9,9,9,9,9,9,9,9,9,9
120304,0,1,1999,0,12,0,0,0,14,0,29,0,0
120304,1,1,1999,0,0,0,0,0,0,0,0,0,0
120305,1,1,1999,16,16,16,16,16,16,16,16,16,16
120305,2,1,1999,0,0,0,0,0,0,0,0,0,0
120306,1,1,1999,24,24,24,24,24,24,24,24,24,24
120306,2,1,1999,0,0,0,0,0,0,0,0,0,0
120307,1,1,1999,11,11,11,11,11,11,11,11,11,11
120308,1,1,1999,5,5,5,5,5,5,5,5,5,5
120309,1,1,1999,0,0,0,0,0,0,0,0,0,0
120309,2,1,1999,0,0,0,0,0,0,0,0,0,0
120309,3,1,1999,0,0,0,0,0,0,0,0,0,0
120310,1,1,1999,0,0,0,0,0,0,0,0,0,0
120311,0,1,1999,0,0,0,0,0,0,0,0,0,0
120311,1,1,1999,0,0,0,0,0,0,0,0,0,0
120312,0,1,1999,23,23,23,23,23,23,23,23,23,23
120312,2,1,1999,10,10,10,10,10,10,10,10,10,10
120313,1,1,1999,0,0,0,0,0,0,0,0,0,0
120313,2,1,1999,0,0,0,0,0,0,0,0,0,0
120313,3,1,1999,0,0,0,0,0,0,0,0,0,12
120313,4,1,1999,0,0,0,0,0,0,0,0,0,0
120314,1,1,1999,0,0,0,0,0,0,0,0,0,0
120315,0,1,1999,25,25,25,25,25,25,25,25,25,25
120315,1,1,1999,0,0,0,0,0,0,0,0,0,0
120316,1,1,1999,0,0,0,0,0,0,0,0,0,0
120316,2,1,1999,0,0,0,0,0,0,0,0,0,0
120316,3,1,1999,0,0,0,0,0,0,0,0,0,0
120317,1,1,1999,0,0,0,0,5,0,0,0,0,0
120317,2,1,1999,0,0,0,0,0,0,0,0,0,0
120317,3,1,1999,0,0,0,0,0,0,0,0,0,0
120318,1,1,1999,0,0,0,0,0,0,0,0,0,0
120319,1,1,1999,0,0,0,0,0,0,0,0,0,0
120320,1,1,1999,0,0,0,0,0,0,0,0,0,0
120320,2,1,1999,15,15,15,15,15,15,15,15,15,15
120321,1,1,1999,0,0,0,0,0,0,0,0,0,0
120321,2,1,1999,0,0,0,0,0,0,6,0,0,0
120321,3,1,1999,0,0,0,0,0,0,0,0,0,0
120322,1,1,1999,0,0,0,0,0,0,0,0,0,0
120323,1,1,1999,20,20,20,20,20,20,20,20,20,20
120324,0,1,1999,7,7,7,7,7,7,7,7,7,7
120324,1,1,1999,0,0,0,0,9,0,0,0,7,0
120325,1,1,1999,0,0,0,0,0,0,0,0,0,0
120325,2,1,1999,0,0,0,0,0,0,0,0,0,0
120325,3,1,1999,0,0,0,0,0,0,0,0,0,0
120326,0,1,1999,0,0,0,0,0,0,0,0,0,0
120326,1,1,1999,3,0,0,0,0,0,0,0,0,0
120327,0,1,1999,0,0,23,0,0,0,19,26,0,20
120327,1,1,1999,0,0,0,0,0,0,0,0,0,0
120328,1,1,1999,0,0,0,0,0,0,0,0,0,0
120328,2,1,1999,0,0,0,0,0,0,0,0,0,0
120329,0,1,1999,0,0,0,0,0,0,0,0,0,0
120329,1,1,1999,0,0,0,0,0,0,0,0,42,0
120330,1,1,1999,26,26,26,26,26,26,26,26,26,26
120330,2,1,1999,0,0,0,0,0,0,0,0,0,0
120331,1,1,1999,0,0,0,0,0,0,0,0,0,0
120331,2,1,1999,0,0,0,0,0,0,0,9,0,0
120332,1,1,1999,18,0,0,23,0,0,0,0,20,13
120333,1,1,1999,0,0,0,0,0,0,0,0,0,0
120333,2,1,1999,0,0,0,0,0,3,0,0,0,0
120333,3,1,1999,0,0,0,0,0,0,0,0,0,0
120334,1,1,1999,0,0,0,9,0,0,7,0,0,0
120334,2,1,1999,0,0,0,0,0,0,0,0,0,0
120335,1,1,1999,11,11,11,11,11,11,11,11,11,11
120336,1,1,1999,0,0,0,0,0,0,0,0,0,0
120337,0,1,1999,0,0,13,0,0,0,0,0,0,0
120337,1,1,1999,0,0,0,0,0,0,0,0,0,0
120338,1,1,1999,0,0,0,0,0,0,0,0,0,0
120338,2,1,1999,0,0,0,0,0,0,0,0,0,0
120339,1,1,1999,0,0,0,0,0,0,0,0,0,0
120339,2,1,1999,0,0,0,0,0,0,0,20,0,0
120340,0,1,1999,0,0,0,0,0,0,0,0,0,0
120340,1,1,1999,15,15,15,15,15,15,15,15,15,15
120340,2,1,1999,0,0,0,0,0,0,0,17,0,0
120341,1,1,1999,0,0,0,0,0,0,0,0,0,0
120341,2,1,1999,0,0,0,3,0,0,0,0,0,0
120342,1,1,1999,22,22,22,22,22,22,22,22,22,22
120343,1,1,1999,0,0,0,0,0,0,0,0,0,0
120344,1,1,1999,0,0,0,4,0,0,0,0,0,0
120345,1,1,1999,12,12,12,12,12,12,12,12,12,12
120345,2,1,1999,23,19,3,0,0,13,0,10,31,0
120345,3,1,1999,0,0,0,0,20,0,20,0,0,0
120346,1,1,1999,6,6,6,6,6,6,6,6,6,6
120346,2,1,1999,0,0,0,0,0,0,0,0,0,0
120347,1,1,1999,24,24,24,24,24,24,24,24,24,24
120347,2,1,1999,0,0,0,0,0,0,0,0,0,0
120348,1,1,1999,0,0,0,0,0,0,0,0,0,0
120348,2,1,1999,0,0,0,0,0,0,0,0,0,0
120349,0,1,1999,0,0,0,0,0,0,0,0,0,0
120349,1,1,1999,0,0,0,0,0,0,0,0,0,0
120350,0,1,1999,0,0,0,28,0,0,0,0,11,0
120350,1,1,1999,0,0,0,0,0,0,0,0,0,0
120351,1,1,1999,0,0,0,0,0,0,0,0,0,0
120351,2,1,1999,6,0,0,0,0,0,0,0,13,0
120352,1,1,1999,23,23,23,23,23,23,23,23,23,23
120353,1,1,1999,0,0,0,0,0,0,0,0,18,0
120353,2,1,1999,0,0,0,0,0,0,0,0,0,0
120353,3,1,1999,4,0,0,0,0,0,0,0,0,0
120354,1,1,1999,0,0,0,0,0,10,0,0,0,0
120354,2,1,1999,0,0,0,0,0,0,0,0,0,0
120354,3,1,1999,0,0,0,0,0,0,0,0,0,0
120354,4,1,1999,0,0,0,0,0,0,0,0,0,0
120355,1,1,1999,9,9,9,9,9,9,9,9,9,9
120355,2,1,1999,6,0,25,14,0,0,0,12,0,0
120355,3,1,1999,0,0,0,0,0,0,0,0,0,0
120356,1,1,1999,0,0,0,0,0,0,0,0,0,0
120356,2,1,1999,0,0,9,0,0,0,0,0,0,0
120357,1,1,1999,0,0,0,0,0,0,0,0,0,0
120357,2,1,1999,22,22,22,22,22,22,22,22,22,22
120358,0,1,1999,26,0,0,0,0,23,26,15,0,0
120358,1,1,1999,0,0,20,0,0,0,5,0,0,0
120359,1,1,1999,0,0,0,0,0,0,0,0,0,0
120359,2,1,1999,0,0,0,0,0,0,0,3,0,0
120360,1,1,1999,0,0,0,0,0,0,0,0,0,0
120361,1,1,1999,23,23,23,23,23,23,23,23,23,23
120362,0,1,1999,0,0,0,0,0,0,0,0,0,0
120362,1,1,1999,0,0,0,0,0,0,0,0,0,0
120363,0,1,1999,0,0,0,0,0,0,0,0,0,0
120363,1,1,1999,0,0,0,0,24,0,0,0,0,0
120363,2,1,1999,19,19,19,19,19,19,19,19,19,19
120364,1,1,1999,0,0,0,0,0,0,0,0,0,0
120365,1,1,1999,0,0,0,0,0,0,0,0,0,0
120365,2,1,1999,0,0,0,0,19,0,0,0,0,0
120365,3,1,1999,0,0,0,0,0,0,0,0,0,0
120365,4,1,1999,0,0,0,0,0,0,0,0,0,0
120365,5,1,1999,0,0,0,0,0,0,0,0,0,0
120365,6,1,1999,0,0,0,0,0,0,0,0,0,0
120365,7,1,1999,0,11,0,0,0,0,0,0,0,0
120365,8,1,1999,0,0,0,0,0,0,0,0,0,0
120366,1,1,1999,0,0,0,0,0,0,0,0,0,0
120366,2,1,1999,0,0,0,0,0,0,0,0,0,0
120367,0,1,1999,0,0,0,0,0,0,0,0,0,0
120367,1,1,1999,8,0,0,16,0,0,0,9,6,0
120367,2,1,1999,0,12,0,0,0,0,0,0,0,0
120367,3,2,1999,0,4,11,0,0,8,0,0,0,0
120368,0,1,1999,27,27,27,27,27,27,27,27,27,27
120368,1,1,1999,0,2,0,0,0,0,0,0,0,0
120369,1,1,1999,0,0,0,0,0,0,0,0,0,0
120369,2,1,1999,0,0,0,0,0,0,0,0,0,0
120370,1,1,1999,0,0,0,0,0,0,0,0,0,0
120370,2,1,1999,0,0,0,0,0,0,0,4,0,0
120371,0,1,1999,18,18,18,18,18,18,18,18,18,18
120371,1,1,1999,0,0,0,0,0,0,19,9,3,0
120372,1,1,1999,0,0,0,0,0,0,0,0,0,0
120372,2,1,1999,0,0,0,0,0,0,0,0,0,0
120373,1,1,1999,5,5,5,5,5,5,5,5,5,5
120374,1,1,1999,0,0,0,0,0,0,0,0,0,0
120374,2,1,1999,9,0,0,0,0,0,0,0,0,0
120374,3,1,1999,0,0,0,0,0,0,0,0,0,0
120375,1,1,1999,14,0,0,0,0,0,0,0,0,0
120375,2,1,1999,0,0,0,0,0,0,0,0,0,0
120376,1,1,1999,0,0,0,0,0,0,0,0,0,0
120377,1,1,1999,10,10,10,10,10,10,10,10,10,10
120378,1,1,1999,0,0,0,0,0,0,0,0,0,0
120379,1,1,1999,0,0,0,0,0,0,0,17,0,0
120379,2,1,1999,0,0,0,18,0,0,0,0,0,15
120380,1,1,1999,21,21,21,21,21,21,21,21,21,21
120381,0,1,1999,0,0,0,0,0,0,0,0,0,0
120381,1,1,1999,0,0,0,0,0,0,0,0,0,0
120382,0,1,1999,0,0,0,0,0,0,0,0,0,0
120382,1,1,1999,0,0,0,0,0,0,0,0,2,0
120383,1,1,1999,0,0,0,0,0,0,0,0,0,0
120383,2,1,1999,0,0,0,0,0,0,0,0,0,0
120384,1,1,1999,3,3,3,3,3,3,3,3,3,3
120385,1,1,1999,0,0,0,18,0,0,0,0,0,0
120385,2,1,1999,5,0,0,8,0,16,0,0,4,28
120386,1,1,1999,0,0,0,0,0,0,0,0,0,0
120386,2,1,1999,0,0,0,0,0,0,0,0,0,0
120387,0,1,1999,0,0,0,0,0,0,0,0,0,6
120387,1,1,1999,0,0,0,0,0,0,0,0,0,0
120388,0,1,1999,0,0,0,0,23,0,0,0,0,0
120388,1,1,1999,0,0,0,0,0,0,0,0,0,0
120389,1,1,1999,5,5,5,5,5,5,5,5,5,5
120390,1,1,1999,0,0,0,0,0,0,0,0,0,0
120390,2,1,1999,0,6,20,0,0,0,0,0,0,0
120390,3,1,1999,8,8,8,8,8,8,8,8,8,8
120391,0,1,1999,0,0,0,17,0,0,0,0,23,0
120391,1,1,1999,7,0,0,0,0,0,0,0,0,0
120392,1,1,1999,0,0,0,0,0,0,0,0,0,0
120392,2,1,1999,7,7,7,7,7,7,7,7,7,7
120392,3,1,1999,0,0,0,0,0,0,0,0,10,0
120393,1,1,1999,0,0,0,0,0,0,0,0,0,0
120393,2,1,1999,0,0,0,0,0,0,0,0,0,0
120394,0,1,1999,0,0,0,0,0,0,0,0,0,0
120394,1,1,1999,0,0,0,0,0,0,0,0,13,0
120395,1,1,1999,5,5,5,5,5,5,5,5,5,5
120395,2,1,1999,0,0,0,0,0,0,0,0,0,0
120396,1,1,1999,0,0,0,0,0,0,0,0,0,0
120396,2,1,1999,19,19,19,19,19,19,19,19,19,19
120397,1,1,1999,10,10,10,10,10,10,10,10,10,10
120398,1,1,1999,0,0,0,0,0,0,0,0,0,0
120399,1,1,1999,0,0,0,0,0,0,0,0,0,0
120400,1,1,1999,0,0,0,0,0,0,0,0,0,0
120400,2,1,1999,0,0,0,0,0,0,0,0,0,0
120401,0,1,1999,18,18,18,18,18,18,18,18,18,18
120401,1,1,1999,0,0,0,0,0,0,0,0,0,0
120402,1,1,1999,3,3,3,3,3,3,3,3,3,3
120403,1,1,1999,0,0,0,22,0,0,0,0,0,7
120403,2,1,1999,0,0,0,0,0,0,0,0,0,0
120404,1,1,1999,16,16,16,16,16,16,16,16,16,16
120405,1,1,1999,0,0,0,0,0,0,0,0,0,0
120405,2,1,1999,9,9,9,9,9,9,9,9,9,9
120406,1,1,1999,4,4,4,4,4,4,4,4,4,4
120406,2,1,1999,0,0,0,0,0,0,0,0,0,0
120407,1,1,1999,8,8,8,8,8,8,8,8,8,8
120407,2,1,1999,0,0,0,0,0,0,0,0,0,0
120408,1,1,1999,19,19,19,19,19,19,19,19,19,19
120408,2,1,1999,0,0,0,0,0,0,0,0,0,0
120409,1,1,1999,25,25,25,25,25,25,25,25,25,25
120410,1,1,1999,0,0,0,0,0,0,0,0,0,0
120410,2,1,1999,0,0,0,0,0,0,0,0,0,0
120411,1,1,1999,0,0,0,0,0,0,0,0,0,0
120411,2,1,1999,0,0,0,0,0,0,0,0,0,0
120412,1,1,1999,14,14,14,14,14,14,14,14,14,14
120412,2,1,1999,0,0,0,0,0,0,0,0,0,0
120413,1,1,1999,0,0,0,0,0,0,0,0,0,0
120413,2,1,1999,0,0,10,18,0,0,0,0,0,0
120414,1,1,1999,0,10,0,0,0,0,0,0,0,0
120414,2,1,1999,13,13,13,13,13,13,13,13,13,13
120415,1,1,1999,0,0,0,0,0,0,0,0,0,0
120415,2,1,1999,0,0,16,0,22,0,0,0,0,0
120416,1,1,1999,41,16,0,0,9,26,0,0,0,0
120417,1,1,1999,0,0,0,14,0,0,0,0,0,0
120417,2,1,1999,0,0,0,0,0,0,0,0,0,0
120418,1,1,1999,0,0,0,0,0,0,0,0,0,0
120418,2,1,1999,0,0,0,0,0,0,0,0,0,0
120419,1,1,1999,0,0,0,0,0,0,0,0,0,0
120420,1,1,1999,0,0,0,0,0,0,0,0,0,0
120420,2,1,1999,0,11,0,0,0,0,0,0,0,0
120421,0,1,1999,0,0,0,9,22,0,0,21,31,0
120421,1,1,1999,0,0,0,0,0,0,0,0,0,0
120422,1,1,1999,0,0,0,0,0,0,0,0,0,0
120422,2,1,1999,0,0,0,0,0,0,0,0,0,0
120423,0,1,1999,0,0,0,0,0,0,0,0,0,0
120423,1,1,1999,0,0,0,0,7,0,0,0,0,0
120424,0,1,1999,0,0,0,0,0,0,0,0,0,0
120424,1,1,1999,0,0,0,0,0,0,0,0,0,0
120425,1,1,1999,0,24,0,24,0,0,27,11,14,0
120425,2,1,1999,0,0,0,0,0,0,8,0,0,0
120426,0,1,1999,0,0,0,0,0,0,0,0,0,0
120426,0,2,1999,0,0,0,0,0,0,0,0,0,0
120426,1,1,1999,0,0,0,0,0,0,0,0,0,0
120426,2,1,1999,0,0,0,0,24,0,0,0,0,0
120427,1,1,1999,0,0,0,6,0,9,0,0,0,0
120428,1,1,1999,0,0,0,0,0,0,6,0,0,0
120428,2,1,1999,0,0,0,0,0,0,0,0,0,0
120429,1,1,1999,0,0,0,0,0,0,0,0,0,0
120430,0,1,1999,0,0,0,0,0,0,0,0,0,0
120430,1,1,1999,0,0,0,12,0,0,0,0,10,13
120430,2,1,1999,0,0,0,0,0,0,0,0,0,0
120431,0,1,1999,0,0,0,0,0,0,0,0,0,0
120431,1,1,1999,0,0,0,0,0,0,0,0,0,0
120432,1,1,1999,0,0,0,0,0,0,0,0,0,0
120432,2,1,1999,0,0,0,0,0,0,0,0,0,0
120433,1,1,1999,0,0,0,0,0,0,0,0,0,13
120433,2,1,1999,0,0,0,0,0,0,0,0,0,0
120434,0,4,1999,0,0,0,13,0,0,0,0,0,0
120434,1,1,1999,0,0,0,0,0,0,0,0,0,0
120434,2,1,1999,0,0,0,0,0,0,0,0,0,0
120435,1,1,1999,20,20,20,20,20,20,20,20,20,20
120436,1,1,1999,14,14,14,14,14,14,14,14,14,14
120437,1,1,1999,0,0,0,0,0,0,0,0,0,0
120438,1,1,1999,0,0,0,0,0,0,0,0,0,0
120438,2,1,1999,0,0,0,0,0,0,0,0,0,0
120438,3,1,1999,0,0,0,0,22,0,0,0,0,0
120439,1,1,1999,0,0,0,0,0,0,0,0,0,0
120439,2,1,1999,0,0,0,0,0,0,0,0,0,0
120440,1,1,1999,0,0,0,19,0,0,0,0,0,0
120441,1,1,1999,0,0,0,0,0,0,0,0,0,0
120442,1,1,1999,14,14,14,14,14,14,14,14,14,14
120443,1,1,1999,0,0,0,0,0,0,0,0,0,0
120443,2,1,1999,0,0,0,0,0,0,0,0,0,0
120444,1,1,1999,0,0,0,0,0,0,0,0,0,0
120444,2,1,1999,2,2,2,2,2,2,2,2,2,2
120445,1,1,1999,21,21,21,21,21,21,21,21,21,21
120446,1,1,1999,16,16,16,16,16,16,16,16,16,16
120447,1,1,1999,19,19,19,19,19,19,19,19,19,19
120448,1,1,1999,13,13,13,13,13,13,13,13,13,13
120448,2,1,1999,0,0,0,0,0,0,0,0,0,0
120449,1,1,1999,0,0,13,0,0,0,0,0,0,0
120449,2,1,1999,0,0,0,0,0,0,0,0,0,0
120449,3,1,1999,8,0,0,0,0,0,0,0,9,0
120450,1,1,1999,0,0,0,0,0,0,0,0,0,0
120450,2,1,1999,0,0,15,0,0,0,0,0,0,0
120450,3,1,1999,0,0,0,0,0,0,0,0,0,0
120451,1,1,1999,0,0,0,0,0,0,0,0,0,0
120451,2,1,1999,0,0,0,0,0,0,0,0,0,0
120452,1,1,1999,0,0,0,0,0,0,0,0,0,0
120452,2,1,1999,0,0,0,0,0,0,0,0,0,0
120453,1,1,1999,18,18,18,18,18,18,18,18,18,18
120454,1,1,1999,0,0,0,0,0,0,0,0,0,0
120455,0,1,1999,27,27,27,27,27,27,27,27,27,27
120455,1,1,1999,7,9,0,0,0,0,0,0,0,0
120456,1,1,1999,1,1,1,1,1,1,1,1,1,1
120456,2,1,1999,22,12,17,10,0,18,11,0,21,0
120457,1,1,1999,22,22,22,22,22,22,22,22,22,22