ST_CASE,VEH_NO,PER_NO,YEAR,P1,P2,P3,P4,P5,P6,P7,P8,P9,P10
120457,2,1,1999,0,0,0,0,0,0,0,0,0,0
120458,1,1,1999,6,0,0,0,0,0,0,7,0,0
120458,2,1,1999,0,0,0,5,0,13,0,20,0,14
120459,0,1,1999,0,0,0,0,0,0,0,0,0,0
120459,1,1,1999,0,0,0,0,0,0,0,0,0,0
120460,0,1,1999,20,20,20,20,20,20,20,20,20,20
120460,2,1,1999,0,0,0,0,0,0,0,3,0,0
120460,3,1,1999,13,0,0,0,0,8,0,0,0,0
120461,1,1,1999,13,0,28,24,0,0,20,41,0,0
120462,0,1,1999,17,17,17,17,17,17,17,17,17,17
120462,1,1,1999,0,0,0,0,0,0,0,0,0,0
120463,1,1,1999,11,11,11,11,11,11,11,11,11,11
120464,0,1,1999,15,15,15,15,15,15,15,15,15,15
120464,1,1,1999,0,0,0,0,0,0,6,0,0,0
120465,1,1,1999,0,0,0,0,0,0,0,0,0,0
120466,0,1,1999,0,0,0,0,0,0,0,0,0,0
120466,0,2,1999,0,0,7,0,0,0,0,0,0,0
120466,0,3,1999,0,0,0,0,0,0,0,0,0,0
120466,0,4,1999,0,0,0,0,0,0,0,0,0,0
120466,1,1,1999,0,0,0,0,0,0,0,0,0,0
120467,1,1,1999,20,5,0,12,17,19,20,13,0,0
120468,1,1,1999,0,0,0,0,0,0,0,0,0,0
120468,2,1,1999,0,0,0,0,0,0,0,0,0,0
120469,1,1,1999,16,16,16,16,16,16,16,16,16,16
120469,2,1,1999,10,0,0,0,0,0,0,0,11,0
120470,1,1,1999,0,0,18,19,20,27,0,0,10,0
120471,0,1,1999,0,0,0,0,0,0,0,0,0,0
120471,1,1,1999,0,0,0,0,0,0,0,0,0,0
120472,1,1,1999,0,0,11,0,0,0,0,0,24,0
120472,2,1,1999,0,0,0,0,0,0,0,0,0,0
120473,1,1,1999,0,0,0,0,0,0,0,0,0,0
120474,0,1,1999,0,0,0,0,0,0,0,0,0,0
120474,1,1,1999,0,0,0,0,0,0,0,18,0,0
120475,0,1,1999,22,22,22,22,22,22,22,22,22,22
120475,1,1,1999,16,16,16,16,16,16,16,16,16,16
120476,1,1,1999,15,15,15,15,15,15,15,15,15,15
120477,1,1,1999,0,0,0,0,0,0,0,0,0,0
120478,1,1,1999,27,27,27,27,27,27,27,27,27,27
120479,1,1,1999,0,0,0,0,0,0,0,0,0,0
120479,2,1,1999,0,0,0,0,0,0,0,0,0,0
120479,3,1,1999,0,0,0,0,0,0,0,0,0,0
120480,1,1,1999,0,0,0,0,0,0,0,0,0,0
120480,2,1,1999,0,0,0,0,0,0,0,0,0,14
120480,3,1,1999,0,0,12,0,20,0,0,0,0,18
120481,1,1,1999,0,0,0,0,0,0,0,0,0,0
120481,2,1,1999,0,0,0,0,0,0,0,0,0,0
120481,3,1,1999,0,0,0,0,0,0,0,0,0,0
120482,1,1,1999,0,0,0,0,0,0,0,0,0,0
120483,1,1,1999,0,0,0,0,0,16,0,0,0,0
120483,2,1,1999,0,0,0,0,0,0,0,0,0,0
120484,1,1,1999,0,0,0,0,0,0,0,0,0,0
120485,1,1,1999,17,17,17,17,17,17,17,17,17,17
120485,2,1,1999,0,0,0,0,0,0,0,0,0,0
120486,1,1,1999,29,27,9,0,16,17,27,13,15,28
120487,1,1,1999,0,0,0,0,0,0,0,0,0,0
120487,2,1,1999,0,0,0,0,0,0,0,0,0,0
120488,0,1,1999,15,15,15,15,15,15,15,15,15,15
120488,1,1,1999,0,0,4,0,0,0,0,0,0,0
120489,1,1,1999,0,0,0,0,0,0,0,0,0,0
120489,2,1,1999,0,0,0,0,0,0,0,0,0,0
120490,1,1,1999,0,0,0,0,0,0,0,0,0,0
120491,1,1,1999,0,0,0,0,0,0,0,0,0,0
120492,0,1,1999,0,0,0,0,0,0,0,0,0,0
120492,1,1,1999,0,0,0,0,0,0,0,0,0,0
120492,2,1,1999,0,0,0,0,0,0,0,0,0,0
120493,1,1,1999,22,22,22,22,22,22,22,22,22,22
120494,1,1,1999,0,0,0,0,0,0,0,0,0,0
120494,2,1,1999,0,0,0,0,0,0,0,0,0,0
120495,1,1,1999,0,0,0,0,0,0,0,0,0,0
120495,2,1,1999,0,0,0,0,0,0,0,0,0,0
120496,1,1,1999,9,9,9,9,9,9,9,9,9,9
120496,2,1,1999,0,0,0,0,0,0,0,0,0,0
120497,1,1,1999,0,0,0,0,0,0,0,0,0,0
120497,2,1,1999,0,0,0,0,0,0,0,0,0,0
120498,1,1,1999,0,0,0,0,0,0,0,0,0,0
120498,2,1,1999,0,0,0,0,0,0,0,0,0,0
120499,1,1,1999,21,21,21,21,21,21,21,21,21,21
120499,2,1,1999,0,0,0,0,0,0,0,0,0,0
120500,1,1,1999,0,0,0,0,0,0,0,0,0,0
120501,1,1,1999,0,10,0,0,0,0,0,0,0,0
120502,1,1,1999,16,0,0,0,0,0,0,0,0,9
120503,1,1,1999,0,0,16,0,0,0,0,0,0,0
120504,0,1,1999,0,0,0,0,0,0,0,0,0,0
120504,1,1,1999,0,0,0,0,0,0,0,0,0,0
120505,1,1,1999,0,0,0,0,0,0,0,0,0,0
120506,1,1,1999,0,0,0,0,0,0,0,0,0,0
120507,1,1,1999,5,5,5,5,5,5,5,5,5,5
120508,1,1,1999,0,0,0,0,0,0,0,0,0,0
120508,2,1,1999,0,0,0,0,0,0,0,0,0,0
120509,1,1,1999,0,0,0,0,0,0,0,0,0,0
120509,2,1,1999,0,0,0,0,0,0,0,0,0,0
120510,1,1,1999,0,0,0,0,0,0,0,2,0,0
120510,2,1,1999,0,0,0,0,0,0,0,0,0,0
120510,3,1,1999,0,0,0,0,0,0,0,0,0,0
120511,1,1,1999,0,0,0,0,0,0,0,0,0,0
120511,2,1,1999,0,0,0,0,5,0,0,0,0,0
120512,0,1,1999,24,0,0,0,0,18,0,0,14,29
120512,0,2,1999,15,13,2,18,20,8,0,0,0,0
120512,1,1,1999,0,0,0,0,0,0,0,0,0,0
120513,1,1,1999,19,19,19,19,19,19,19,19,19,19
120514,1,1,1999,0,0,0,0,0,0,0,0,0,0
120514,2,1,1999,0,0,0,0,0,0,13,0,0,0
120515,1,1,1999,19,19,19,19,19,19,19,19,19,19
120516,1,1,1999,12,12,12,12,12,12,12,12,12,12
120516,2,1,1999,0,0,0,0,0,0,0,0,0,0
120517,1,1,1999,15,15,15,15,15,15,15,15,15,15
120517,2,1,1999,6,6,6,6,6,6,6,6,6,6
120518,0,1,1999,0,0,0,0,0,0,0,0,0,0
120518,1,1,1999,0,0,0,0,0,0,0,0,0,0
120519,1,1,1999,25,25,25,25,25,25,25,25,25,25
120520,1,1,1999,0,0,0,0,0,0,0,0,0,0
120520,2,1,1999,0,0,0,0,0,0,4,0,0,0
120521,1,1,1999,0,0,0,0,0,0,0,0,0,0
120522,1,1,1999,0,0,0,0,0,0,0,0,0,0
120522,2,1,1999,9,9,9,9,9,9,9,9,9,9
120523,1,1,1999,0,0,16,0,0,0,0,0,0,0
120524,0,1,1999,19,19,19,19,19,19,19,19,19,19
120524,1,1,1999,0,6,0,0,0,0,0,0,0,0
120525,1,1,1999,0,0,0,0,0,0,0,0,0,0
120525,2,1,1999,7,7,7,7,7,7,7,7,7,7
120525,3,1,1999,0,0,0,0,0,0,0,0,0,0
120526,1,1,1999,7,7,7,7,7,7,7,7,7,7
120527,1,1,1999,18,18,18,18,18,18,18,18,18,18
120528,0,1,1999,30,30,30,30,30,30,30,30,30,30
120528,1,1,1999,0,0,0,0,0,0,0,0,0,0
120529,1,1,1999,15,15,15,15,15,15,15,15,15,15
120530,1,1,1999,0,0,0,0,0,0,0,0,0,0
120530,2,1,1999,0,0,0,0,0,0,0,0,0,0
120531,0,1,1999,28,28,28,28,28,28,28,28,28,28
120531,1,1,1999,0,0,0,0,0,0,0,0,0,0
120532,0,1,1999,7,7,7,7,7,7,7,7,7,7
120532,1,1,1999,0,0,21,0,0,0,0,0,0,0
120533,1,1,1999,6,6,6,6,6,6,6,6,6,6
120533,2,1,1999,0,0,0,0,0,0,0,0,0,0
120534,1,1,1999,0,0,0,0,0,0,0,0,0,0
120534,2,1,1999,0,0,0,0,0,0,0,0,0,0
120534,3,1,1999,0,0,0,0,0,0,0,0,0,0
120535,0,1,1999,26,26,26,26,26,26,26,26,26,26
120535,1,1,1999,0,0,0,0,0,0,0,0,0,0
120536,1,1,1999,22,22,22,22,22,22,22,22,22,22
120537,1,1,1999,18,18,18,18,18,18,18,18,18,18
120538,0,1,1999,3,3,3,3,3,3,3,3,3,3
120538,1,1,1999,24,24,24,24,24,24,24,24,24,24
120539,1,1,1999,27,27,27,27,27,27,27,27,27,27
120539,2,1,1999,0,0,0,0,0,0,0,0,0,0
120540,1,1,1999,0,0,0,0,0,0,0,0,0,0
120541,1,1,1999,0,0,0,0,0,0,0,0,0,0
120541,2,1,1999,0,0,0,0,0,0,0,0,0,0
120542,0,1,1999,0,0,0,0,0,0,0,0,0,0
120542,1,1,1999,0,0,0,0,0,0,0,0,0,0
120543,0,1,1999,0,0,0,0,0,0,0,0,0,0
120543,1,1,1999,0,0,0,0,0,0,0,0,0,0
120544,1,1,1999,0,0,0,0,0,0,0,0,0,0
120544,2,1,1999,0,0,0,0,0,0,0,0,0,0
120545,1,1,1999,0,0,0,0,0,0,0,0,0,0
120545,2,1,1999,0,0,0,0,0,0,0,0,0,0
120546,0,1,1999,14,0,0,0,0,19,0,0,0,0
120547,1,1,1999,12,0,21,0,0,0,0,0,17,0
120548,1,1,1999,3,3,3,3,3,3,3,3,3,3
120548,2,1,1999,0,0,0,0,0,0,0,0,0,0
120549,1,1,1999,0,0,0,0,0,0,0,0,0,0
120549,2,1,1999,0,0,0,0,0,0,0,0,0,0
120549,3,1,1999,0,0,0,0,0,29,26,0,0,0
120550,1,1,1999,0,0,0,0,0,0,0,0,0,0
120550,2,1,1999,0,0,0,0,0,0,0,0,0,0
120551,0,1,1999,0,0,29,0,0,0,0,0,0,0
120551,1,1,1999,0,0,0,0,0,0,0,0,0,0
120552,0,1,1999,0,0,0,0,0,0,0,0,17,0
120552,1,1,1999,11,0,0,0,0,0,0,0,0,0
120553,1,1,1999,0,0,0,0,0,0,0,0,0,0
120553,2,1,1999,0,0,0,0,0,0,0,0,0,0
120554,0,1,1999,0,0,0,0,0,0,0,0,0,0
120554,1,1,1999,0,0,0,0,0,0,0,0,0,0
120555,1,1,1999,0,0,0,0,0,0,0,0,0,0
120555,2,1,1999,0,0,0,0,0,0,0,0,0,0
120556,0,1,1999,29,29,29,29,29,29,29,29,29,29
120556,1,1,1999,0,0,0,0,0,0,0,0,0,0
120557,0,1,1999,0,0,0,0,0,0,0,0,0,0
120557,1,1,1999,0,0,0,0,0,0,0,0,0,0
120557,2,1,1999,0,0,0,0,0,0,0,0,0,0
120558,1,1,1999,32,32,32,32,32,32,32,32,32,32
120558,2,1,1999,0,0,28,0,0,0,5,0,0,0
120559,1,1,1999,0,0,0,0,0,0,0,0,0,0
120560,1,1,1999,0,0,0,0,0,0,0,0,0,0
120561,1,1,1999,0,0,0,0,0,0,0,0,0,0
120561,2,1,1999,0,0,0,0,0,0,0,0,0,0
120562,1,1,1999,0,0,0,0,0,0,0,0,0,0
120562,2,1,1999,0,0,0,0,0,0,0,0,0,0
120563,1,1,1999,0,0,0,0,0,0,0,0,0,0
120563,2,1,1999,0,0,0,0,0,0,0,0,0,0
120564,1,1,1999,0,0,0,0,0,0,0,0,0,0
120564,2,1,1999,0,0,0,0,0,0,0,0,0,0
120565,0,1,1999,0,0,0,0,0,0,0,0,0,0
120565,1,1,1999,0,0,0,0,0,0,0,0,0,0
120566,1,1,1999,23,23,23,23,23,23,23,23,23,23
120567,1,1,1999,0,0,0,0,0,0,0,0,0,0
120567,2,1,1999,0,0,0,0,0,0,0,0,0,0
120568,1,1,1999,11,11,11,11,11,11,11,11,11,11
120569,1,1,1999,0,0,0,0,0,0,0,0,0,0
120570,1,1,1999,0,0,0,0,0,0,0,0,0,0
120570,2,1,1999,0,0,0,0,0,0,0,0,0,0
120571,1,1,1999,9,9,9,9,9,9,9,9,9,9
120572,1,1,1999,0,0,0,0,0,0,0,0,0,0
120573,0,1,1999,0,0,0,0,0,0,0,0,0,0
120573,1,1,1999,0,0,0,0,0,0,0,0,0,0
120574,1,1,1999,0,0,0,0,0,0,0,0,0,0
120574,2,1,1999,0,0,0,0,0,0,0,0,0,0
120575,1,1,1999,0,0,0,0,0,0,7,0,0,0
120575,2,1,1999,9,0,0,0,2,8,0,0,0,0
120576,0,1,1999,14,14,14,14,14,14,14,14,14,14
120576,1,1,1999,0,0,0,0,12,0,0,0,0,0
120577,0,1,1999,0,0,0,0,0,0,0,0,0,0
120577,1,1,1999,0,0,0,0,0,0,0,0,0,0
120578,1,1,1999,0,0,0,0,0,0,0,0,0,0
120579,1,1,1999,0,0,0,0,0,0,0,0,0,0
120579,2,1,1999,9,9,9,9,9,9,9,9,9,9
120580,1,1,1999,12,12,12,12,12,12,12,12,12,12
120580,2,1,1999,18,18,18,18,18,18,18,18,18,18
120581,1,1,1999,0,0,0,0,0,0,0,0,0,0
120581,2,1,1999,0,0,0,0,0,0,0,0,0,0
120582,1,1,1999,0,0,0,0,0,0,0,0,0,0
120582,2,1,1999,0,0,0,0,12,0,0,0,0,0
120583,1,1,1999,0,13,0,0,0,0,0,0,19,0
120584,1,1,1999,23,23,23,23,23,23,23,23,23,23
120584,2,1,1999,0,0,0,0,0,0,0,0,0,0
120585,1,1,1999,8,8,8,8,8,8,8,8,8,8
120585,2,1,1999,0,0,0,0,0,0,0,0,0,0
120585,3,1,1999,0,0,0,0,0,0,0,0,0,0
120585,4,1,1999,0,0,0,0,0,0,0,0,0,0
120586,1,1,1999,19,19,19,19,19,19,19,19,19,19
120586,2,1,1999,0,0,0,0,0,0,0,0,0,0
120587,1,1,1999,0,0,0,0,0,0,0,0,0,0
120587,2,1,1999,0,0,0,0,0,0,0,0,0,0
120588,1,1,1999,0,0,27,0,0,0,0,0,0,0
120588,2,1,1999,0,0,0,0,0,0,0,0,0,0
120589,0,1,1999,0,0,0,0,0,0,0,0,0,0
120589,1,1,1999,0,0,0,0,0,0,0,0,0,0
120590,1,1,1999,18,18,18,18,18,18,18,18,18,18
120591,0,1,1999,0,0,20,0,0,0,48,0,33,17
120591,1,1,1999,0,0,0,0,0,0,0,0,0,0
120592,1,1,1999,20,20,20,20,20,20,20,20,20,20
120593,1,1,1999,0,0,0,0,0,0,0,0,0,0
120593,2,1,1999,0,0,0,0,0,0,0,0,0,0
120593,3,1,1999,0,0,0,0,0,0,0,0,0,0
120594,0,1,1999,0,0,0,0,0,0,0,0,14,0
120594,1,1,1999,0,0,0,0,0,0,0,33,0,0
120595,1,1,1999,0,0,0,0,0,0,0,6,0,0
120595,2,1,1999,0,0,0,0,0,0,0,0,0,0
120595,3,1,1999,0,0,0,0,0,0,0,0,0,0
120596,0,1,1999,0,0,0,0,0,0,0,0,0,0
120596,1,1,1999,0,0,0,0,0,0,0,0,0,0
120597,1,1,1999,8,8,8,8,8,8,8,8,8,8
120597,2,1,1999,0,0,0,0,0,0,0,0,0,11
120598,0,1,1999,16,16,16,16,16,16,16,16,16,16
120598,1,1,1999,0,0,0,0,0,0,0,0,0,0
120599,1,1,1999,20,20,20,20,20,20,20,20,20,20
120599,2,1,1999,0,13,0,0,0,0,0,0,0,0
120599,3,1,1999,0,0,0,0,0,0,0,0,0,0
120600,1,1,1999,30,30,30,30,30,30,30,30,30,30
120601,1,1,1999,0,0,0,0,0,0,0,0,0,0
120601,2,1,1999,0,0,0,0,0,0,0,0,0,0
120601,3,1,1999,0,0,0,0,0,0,0,0,0,0
120602,0,1,1999,0,0,0,0,0,0,0,0,0,0
120602,1,1,1999,0,0,0,0,0,0,0,0,0,0
120603,1,1,1999,19,19,19,19,19,19,19,19,19,19
120604,1,1,1999,20,20,20,20,20,20,20,20,20,20
120605,1,1,1999,3,3,3,3,3,3,3,3,3,3
120606,1,1,1999,15,15,15,15,15,15,15,15,15,15
120606,2,1,1999,19,0,0,0,0,0,0,0,0,0
120606,3,1,1999,0,0,0,0,0,0,0,0,0,0
120607,1,1,1999,0,0,0,15,0,0,0,0,0,11
120607,2,1,1999,0,0,20,0,0,0,0,0,0,0
120608,1,1,1999,27,27,27,27,27,27,27,27,27,27
120609,1,1,1999,0,0,0,0,0,0,0,0,0,0
120609,2,1,1999,0,0,0,0,0,0,0,0,0,0
120610,1,1,1999,0,0,0,0,0,0,0,0,0,0
120610,2,1,1999,0,0,5,0,0,0,0,0,0,0
120610,3,1,1999,0,0,0,0,0,0,0,0,0,0
120611,1,1,1999,0,0,0,0,0,0,0,0,0,0
120611,2,1,1999,0,0,0,0,0,0,0,0,0,0
120612,0,1,1999,41,41,41,41,41,41,41,41,41,41
120612,1,1,1999,0,0,0,0,0,0,0,0,0,0
120613,0,1,1999,11,11,11,11,11,11,11,11,11,11
120613,1,1,1999,0,13,0,0,19,0,21,0,0,0
120614,0,1,1999,27,27,27,27,27,27,27,27,27,27
120614,1,1,1999,0,0,0,0,0,0,0,0,0,0
120615,1,1,1999,10,10,10,10,10,10,10,10,10,10
120616,1,1,1999,22,24,0,0,0,0,0,0,0,0
120617,1,1,1999,0,0,0,0,0,0,0,0,0,0
120617,2,1,1999,0,0,0,0,0,0,0,0,0,0
120618,1,1,1999,0,0,0,0,0,0,0,0,0,0
120618,2,1,1999,0,0,0,0,6,0,0,0,0,0
120618,3,1,1999,0,0,0,0,0,0,0,0,0,0
120618,4,1,1999,0,0,0,0,0,0,0,0,0,0
120619,1,1,1999,0,0,0,0,0,0,0,0,0,0
120619,2,1,1999,0,0,0,0,0,0,0,0,0,0
120619,3,1,1999,0,0,0,0,0,0,0,0,0,5
120620,1,1,1999,0,0,0,0,0,0,0,0,0,21
120621,1,1,1999,14,14,14,14,14,14,14,14,14,14
120621,2,1,1999,0,0,0,0,0,0,0,0,0,0
120622,0,1,1999,0,0,0,0,0,0,0,0,0,0
120622,1,1,1999,0,0,0,0,0,0,0,0,0,0
120623,0,1,1999,9,9,9,9,9,9,9,9,9,9
120623,1,1,1999,12,12,12,12,12,12,12,12,12,12
120624,0,1,1999,15,15,15,15,15,15,15,15,15,15
120624,0,2,1999,10,8,0,0,10,6,0,0,0,0
120624,1,1,1999,28,28,28,28,28,28,28,28,28,28
120625,1,1,1999,0,0,0,0,0,0,0,0,0,0
120626,1,1,1999,13,13,13,13,13,13,13,13,13,13
120627,0,1,1999,0,0,0,0,0,0,0,0,0,0
120627,0,2,1999,0,0,7,0,0,17,0,0,0,0
120627,1,1,1999,0,0,0,0,0,0,0,0,0,0
120628,1,1,1999,15,15,15,15,15,15,15,15,15,15
120629,1,1,1999,0,0,0,0,0,0,0,0,0,0
120629,2,1,1999,0,0,0,0,0,24,0,0,13,0
120630,1,1,1999,0,0,0,0,0,0,0,0,0,0
120631,1,1,1999,0,0,0,0,0,0,0,0,0,0
120631,2,1,1999,0,0,0,0,0,0,0,12,0,0
120632,1,1,1999,0,0,0,0,0,0,0,0,5,0
120632,2,1,1999,0,0,7,0,0,0,0,0,0,0
120633,1,1,1999,0,0,0,0,0,0,0,0,0,0
120633,2,1,1999,0,0,0,0,0,0,0,0,0,0
120634,1,1,1999,0,0,0,0,0,0,0,0,0,0
120634,2,1,1999,0,0,0,0,0,0,0,0,0,0
120635,1,1,1999,0,0,0,0,0,0,0,0,0,0
120635,2,1,1999,0,0,0,0,0,0,0,0,0,0
120636,1,1,1999,21,21,21,21,21,21,21,21,21,21
120637,0,1,1999,0,0,0,0,0,0,0,0,0,0
120637,1,1,1999,0,0,0,0,28,0,0,0,0,0
120638,1,1,1999,0,0,0,0,0,0,0,0,0,0
120639,0,1,1999,0,0,0,0,0,0,0,0,0,0
120639,0,2,1999,0,0,0,0,0,0,0,0,0,0
120639,1,1,1999,0,0,0,0,0,0,0,0,0,0
120639,2,1,1999,0,0,0,0,0,0,0,0,0,0
120640,1,1,1999,0,0,0,0,0,0,0,0,0,0
120640,2,1,1999,0,0,0,0,0,0,0,0,0,0
120641,1,1,1999,0,0,0,0,0,0,0,0,0,0
120641,2,1,1999,0,0,0,7,0,0,0,0,0,0
120642,0,1,1999,0,37,45,0,35,0,46,0,25,0
120642,1,1,1999,18,18,18,18,18,18,18,18,18,18
120643,1,1,1999,16,16,16,16,16,16,16,16,16,16
120644,1,1,1999,18,18,18,18,18,18,18,18,18,18
120644,2,1,1999,0,0,0,0,0,0,0,0,0,0
120645,1,1,1999,0,0,0,0,0,0,0,0,0,0
120645,2,1,1999,0,0,0,0,0,0,0,0,0,0
120646,0,1,1999,0,0,0,0,0,0,0,0,0,0
120646,1,1,1999,0,0,0,0,0,0,0,0,0,0
120647,1,1,1999,0,32,0,23,23,16,33,10,23,11
120648,0,1,1999,0,0,0,25,0,19,15,0,11,0
120648,1,1,1999,13,0,0,0,0,0,0,0,0,0
120649,0,1,1999,0,0,0,0,0,0,0,0,0,0
120649,1,1,1999,0,0,0,0,0,0,0,0,0,0
120650,1,1,1999,0,0,0,0,0,0,0,0,0,0
120651,0,1,1999,35,35,35,35,35,35,35,35,35,35
120651,1,1,1999,0,0,1,0,0,0,0,0,0,0
120652,1,1,1999,0,0,0,0,0,0,0,0,0,0
120653,0,1,1999,3,3,3,3,3,3,3,3,3,3
120653,1,1,1999,0,0,0,0,0,0,0,0,0,0
120654,0,1,1999,0,0,0,0,0,0,0,0,0,0
120654,1,1,1999,0,0,0,0,0,0,0,0,0,8
120655,1,1,1999,0,0,0,0,0,0,0,0,0,0
120655,2,1,1999,0,0,0,0,0,0,0,0,0,0
120655,3,1,1999,0,14,0,0,0,0,0,0,0,0
120655,4,1,1999,0,0,0,0,0,0,0,0,0,0
120655,5,1,1999,0,0,0,0,0,0,0,0,0,0
120655,6,1,1999,0,0,0,0,0,0,0,0,0,0
120656,0,1,1999,0,0,0,0,0,0,22,0,0,0
120656,1,1,1999,0,0,0,0,0,0,0,0,0,0
120657,1,1,1999,0,0,0,0,0,0,0,0,0,0
120657,2,1,1999,0,0,0,0,0,0,0,0,0,0
120657,3,1,1999,11,0,0,0,0,0,0,0,0,0
120658,1,1,1999,35,35,35,35,35,35,35,35,35,35
120658,2,1,1999,4,0,0,0,7,0,0,0,0,0
120659,1,1,1999,15,15,15,15,15,15,15,15,15,15
120660,1,1,1999,0,0,0,0,0,0,0,0,0,15
120660,2,1,1999,0,0,0,0,0,0,0,0,0,0
120661,0,1,1999,23,23,23,23,23,23,23,23,23,23
120661,1,1,1999,0,0,0,0,0,0,0,0,0,0
120662,1,1,1999,20,20,20,20,20,20,20,20,20,20
120663,1,1,1999,0,0,0,0,0,0,0,0,0,0
120664,1,1,1999,0,0,0,0,0,0,0,0,0,0
120664,2,1,1999,0,0,0,0,0,0,0,0,0,0
120665,1,1,1999,0,0,0,0,0,0,0,0,0,0
120665,2,1,1999,0,0,0,0,0,0,0,0,0,0
120665,3,1,1999,0,0,0,0,0,0,0,0,0,0
120666,1,1,1999,0,0,0,0,0,0,0,0,3,0
120667,0,1,1999,20,20,20,20,20,20,20,20,20,20
120667,1,1,1999,0,0,0,0,0,0,0,0,0,0
120668,1,1,1999,23,23,23,23,23,23,23,23,23,23
120668,2,1,1999,13,12,0,0,0,0,0,0,0,0
120669,0,1,1999,0,0,0,0,0,0,0,0,0,0
120669,1,1,1999,0,0,0,0,5,0,0,0,0,0
120670,1,1,1999,0,0,0,0,0,0,0,0,0,0
120671,0,1,1999,0,0,0,0,0,0,0,22,0,0
120671,1,1,1999,0,0,0,0,0,0,0,0,0,0
120672,1,1,1999,0,0,0,0,0,0,0,0,0,0
120672,2,1,1999,0,0,0,0,0,0,0,0,0,0
120673,1,1,1999,0,0,0,0,0,0,0,0,0,0
120673,2,1,1999,0,0,0,0,0,0,0,0,0,0
120673,3,1,1999,0,0,0,0,0,0,0,0,0,0
120674,0,1,1999,17,17,17,17,17,17,17,17,17,17
120674,1,1,1999,8,0,0,0,0,0,0,0,0,0
120675,1,1,1999,0,0,0,0,0,0,0,0,0,0
120675,2,1,1999,0,0,0,0,0,0,0,0,0,0
120676,1,1,1999,3,3,3,3,3,3,3,3,3,3
120677,0,1,1999,27,27,27,27,27,27,27,27,27,27
120677,1,1,1999,0,0,0,0,0,0,0,0,0,0
120678,1,1,1999,0,0,0,0,0,0,0,16,0,0
120678,2,1,1999,0,0,0,0,0,0,0,0,0,0
120679,0,1,1999,11,11,11,11,11,11,11,11,11,11
120679,1,1,1999,0,0,0,0,0,0,0,0,0,0
120680,0,1,1999,0,23,24,0,0,10,0,0,0,0
120680,0,2,1999,0,0,0,0,0,0,0,0,0,0
120680,0,3,1999,0,0,0,0,0,23,23,0,0,0
120680,0,4,1999,0,0,0,0,0,0,0,0,0,0
120680,1,1,1999,0,0,0,0,0,0,0,0,0,0
120681,1,1,1999,0,0,0,0,0,0,0,0,0,0
120681,2,1,1999,0,0,0,0,0,0,0,0,0,0
120682,1,1,1999,0,0,0,0,0,0,0,0,0,0
120682,2,1,1999,0,0,0,0,0,0,0,0,0,0
120683,0,1,1999,0,0,0,0,16,0,0,0,0,0
120683,1,1,1999,0,0,0,0,0,0,0,0,0,0
120684,0,1,1999,30,30,30,30,30,30,30,30,30,30
120684,1,1,1999,0,0,0,0,0,10,0,0,0,0
120685,1,1,1999,0,0,0,0,0,0,0,0,0,0
120685,2,1,1999,0,0,0,0,0,0,0,0,0,0
120686,1,1,1999,20,20,20,20,20,20,20,20,20,20
120687,0,1,1999,0,0,0,0,0,0,0,0,0,0
120687,1,1,1999,0,0,0,0,0,0,0,0,0,0
120688,0,1,1999,28,28,28,28,28,28,28,28,28,28
120688,1,1,1999,0,0,0,0,0,0,0,0,0,0
120689,1,1,1999,0,0,0,0,0,0,0,0,0,0
120689,2,1,1999,0,0,0,0,0,0,0,0,0,0
120690,1,1,1999,18,18,18,18,18,18,18,18,18,18
120690,2,1,1999,0,0,0,0,0,0,0,0,0,0
120691,0,1,1999,16,16,16,16,16,16,16,16,16,16
120691,1,1,1999,0,0,0,0,0,0,0,0,0,0
120692,1,1,1999,19,19,19,19,19,19,19,19,19,19
120692,2,1,1999,0,0,0,0,0,0,0,0,0,0
120693,0,1,1999,29,29,29,29,29,29,29,29,29,29
120693,1,1,1999,0,0,0,0,0,11,0,0,0,0
120694,1,1,1999,15,15,15,15,15,15,15,15,15,15
120695,1,1,1999,14,14,14,14,14,14,14,14,14,14
120697,1,1,1999,22,22,22,22,22,22,22,22,22,22
120697,2,1,1999,0,0,0,0,0,0,0,0,0,0
120698,1,1,1999,0,0,0,0,0,0,0,0,0,0
120698,2,1,1999,0,0,0,0,0,0,0,0,0,0
120699,1,1,1999,15,15,15,15,15,15,15,15,15,15
120700,0,1,1999,19,19,19,19,19,19,19,19,19,19
120700,1,1,1999,6,6,6,6,6,6,6,6,6,6
120701,1,1,1999,13,13,13,13,13,13,13,13,13,13
120702,1,1,1999,0,0,0,0,0,0,0,0,0,0
120702,2,1,1999,1,1,1,1,1,1,1,1,1,1
120702,3,1,1999,0,0,0,0,0,0,0,0,0,0
120702,4,1,1999,0,0,0,0,0,0,0,0,0,0
120703,0,1,1999,23,23,23,23,23,23,23,23,23,23
120703,0,2,1999,0,0,0,0,0,0,0,0,0,0
120703,1,1,1999,0,0,0,0,0,0,0,0,0,0
120704,1,1,1999,16,16,16,16,16,16,16,16,16,16
120705,1,1,1999,26,26,26,26,26,26,26,26,26,26