ST_CASE,VEH_NO,PER_NO,YEAR,P1,P2,P3,P4,P5,P6,P7,P8,P9,P10
120706,1,1,1999,0,0,0,0,0,0,0,0,0,0
120706,2,1,1999,0,0,0,11,0,0,0,0,0,0
120706,3,1,1999,0,0,0,0,0,0,0,0,0,0
120707,1,1,1999,0,0,0,0,0,0,0,0,0,0
120707,2,1,1999,0,0,7,0,0,0,0,0,0,0
120708,1,1,1999,0,0,0,0,0,0,0,0,0,0
120708,2,1,1999,0,0,0,0,0,0,0,0,0,0
120709,1,1,1999,0,0,0,0,0,0,0,0,0,0
120710,1,1,1999,0,0,0,0,0,0,0,0,0,0
120711,1,1,1999,0,0,0,0,0,0,0,0,0,0
120712,1,1,1999,0,0,0,0,0,0,0,0,0,0
120712,2,1,1999,0,0,0,0,0,10,0,0,0,0
120712,3,1,1999,7,7,7,7,7,7,7,7,7,7
120712,4,1,1999,0,0,0,0,0,0,15,0,0,0
120713,1,1,1999,3,0,0,0,0,0,0,0,0,0
120713,2,1,1999,0,0,0,0,0,0,0,0,0,0
120714,0,1,1999,0,0,0,0,0,0,0,0,0,0
120714,1,1,1999,0,0,0,0,0,0,18,0,0,0
120715,1,1,1999,10,10,10,10,10,10,10,10,10,10
120715,2,1,1999,0,0,0,0,0,0,0,0,0,0
120716,1,1,1999,0,0,0,0,0,0,0,0,0,0
120716,2,1,1999,0,0,0,0,0,0,0,0,0,0
120717,1,1,1999,0,0,0,0,0,0,0,0,0,0
120717,2,1,1999,0,0,0,0,0,0,0,0,0,0
120718,1,1,1999,0,0,0,0,0,0,0,0,0,0
120719,1,1,1999,25,25,25,25,25,25,25,25,25,25
120719,2,1,1999,0,0,0,0,0,0,0,0,0,0
120720,1,1,1999,0,0,0,0,0,0,0,0,0,0
120720,2,1,1999,0,0,0,0,0,0,0,0,0,0
120721,1,1,1999,33,0,0,0,0,0,0,0,0,0
120722,0,1,1999,21,21,21,21,21,21,21,21,21,21
120722,1,1,1999,0,5,0,0,0,0,0,0,0,0
120722,2,1,1999,0,0,0,0,11,0,0,0,0,0
120723,1,1,1999,18,18,18,18,18,18,18,18,18,18
120724,1,1,1999,0,0,0,0,0,0,0,0,0,0
120725,1,1,1999,0,0,0,0,0,0,0,0,0,0
120725,2,1,1999,0,0,0,0,0,0,0,0,0,0
120725,3,1,1999,0,0,0,0,0,0,0,0,0,0
120726,1,1,1999,0,0,0,0,0,0,0,0,0,0
120726,2,1,1999,0,0,0,0,0,0,0,0,0,0
120727,1,1,1999,0,0,0,0,0,0,0,0,0,0
120727,2,1,1999,0,0,0,0,0,0,0,0,0,0
120728,1,1,1999,0,0,0,0,0,0,0,0,0,0
120728,2,1,1999,0,0,0,0,0,0,0,0,0,0
120729,1,1,1999,0,0,0,0,0,0,0,0,0,0
120729,2,1,1999,0,0,0,0,0,0,0,0,0,0
120730,1,1,1999,0,0,0,0,0,0,0,0,0,0
120730,2,1,1999,19,19,19,19,19,19,19,19,19,19
120731,1,1,1999,0,0,0,0,0,0,0,0,0,0
120731,2,1,1999,28,0,0,0,0,0,0,3,0,0
120731,3,1,1999,0,0,0,0,0,0,0,0,0,0
120732,1,1,1999,0,0,0,0,0,0,0,0,0,0
120732,2,1,1999,0,0,0,0,0,0,0,0,0,0
120733,1,1,1999,0,0,0,0,0,0,0,31,0,0
120733,2,1,1999,0,0,0,0,0,0,0,0,0,0
120734,1,1,1999,4,4,4,4,4,4,4,4,4,4
120735,1,1,1999,0,0,0,0,0,0,0,0,0,18
120736,1,1,1999,0,0,0,0,0,0,0,0,0,16
120736,2,1,1999,0,0,0,0,0,0,0,0,0,0
120737,0,1,1999,0,0,0,0,0,0,0,0,0,0
120737,1,1,1999,0,0,0,0,0,0,0,0,0,0
120737,2,1,1999,0,0,0,0,0,0,0,0,0,0
120738,1,1,1999,35,35,35,35,35,35,35,35,35,35
120739,1,1,1999,0,0,0,0,0,0,0,0,0,0
120740,1,1,1999,0,0,0,0,0,0,0,0,0,0
120740,2,1,1999,0,0,0,0,0,0,0,0,0,0
120741,0,1,1999,21,21,21,21,21,21,21,21,21,21
120741,1,1,1999,25,19,17,20,0,0,0,0,0,0
120742,1,1,1999,22,22,22,22,22,22,22,22,22,22
120743,0,1,1999,26,26,26,26,26,26,26,26,26,26
120743,1,1,1999,0,0,0,0,0,0,0,0,0,0
120744,1,1,1999,0,0,0,0,0,0,0,0,0,0
120744,2,1,1999,0,28,0,0,0,0,0,0,0,0
120744,3,1,1999,0,0,8,0,7,0,0,0,0,0
120744,4,1,1999,0,6,0,0,0,0,0,0,0,0
120745,1,1,1999,0,0,0,0,0,0,0,0,0,0
120745,2,1,1999,0,0,0,0,0,0,0,0,0,0
120746,1,1,1999,0,0,0,0,0,0,0,0,0,11
120747,1,1,1999,17,17,17,17,17,17,17,17,17,17
120748,1,1,1999,0,0,0,14,26,0,0,0,0,17
120748,2,1,1999,0,0,0,0,0,4,0,0,0,0
120748,3,1,1999,0,0,0,0,0,0,0,0,0,0
120749,1,1,1999,0,0,0,0,0,0,0,0,0,0
120749,2,1,1999,0,0,0,0,0,0,0,0,0,0
120750,1,1,1999,0,0,0,0,0,0,0,0,0,0
120750,2,1,1999,0,0,0,0,0,0,0,0,0,0
120751,1,1,1999,0,0,0,7,0,0,0,0,0,0
120752,0,1,1999,23,23,23,23,23,23,23,23,23,23
120752,1,1,1999,0,0,0,0,0,0,0,0,0,0
120753,1,1,1999,0,0,0,0,0,0,0,0,0,0
120754,1,1,1999,15,15,15,15,15,15,15,15,15,15
120755,0,1,1999,0,0,0,41,0,0,0,35,0,27
120755,1,1,1999,0,0,0,0,0,0,0,0,0,0
120756,0,1,1999,0,0,0,0,0,0,0,0,0,0
120756,0,2,1999,0,0,0,0,0,14,0,0,26,0
120756,1,1,1999,0,0,0,0,0,0,0,0,0,0
120757,1,1,1999,15,15,15,15,15,15,15,15,15,15
120758,1,1,1999,0,0,0,0,0,0,0,0,0,0
120759,1,1,1999,0,0,0,0,0,0,0,0,0,0
120759,2,1,1999,5,0,0,0,0,0,0,0,0,0
120760,1,1,1999,11,11,11,11,11,11,11,11,11,11
120760,2,1,1999,0,0,0,0,0,0,0,0,0,0
120761,1,1,1999,11,13,21,13,7,15,22,15,16,11
120762,1,1,1999,0,0,0,0,0,0,0,0,0,0
120762,2,1,1999,0,0,0,0,0,0,0,0,0,0
120763,1,1,1999,0,0,0,0,0,0,0,0,0,0
120763,2,1,1999,0,0,0,0,0,0,0,0,0,0
120764,1,1,1999,0,0,0,0,0,0,0,0,0,0
120764,2,1,1999,0,0,0,0,0,0,0,0,0,0
120765,1,1,1999,0,0,0,0,0,0,0,0,0,0
120765,2,1,1999,0,0,0,0,0,0,0,0,0,0
120766,1,1,1999,26,26,26,26,26,26,26,26,26,26
120766,2,1,1999,0,0,0,0,0,0,0,0,0,0
120767,1,1,1999,0,0,0,0,0,0,0,0,0,0
120767,2,1,1999,0,0,0,0,0,0,0,0,0,0
120768,0,1,1999,33,33,33,33,33,33,33,33,33,33
120768,1,1,1999,0,0,0,0,0,0,0,20,0,0
120769,1,1,1999,0,0,0,0,0,0,0,0,0,0
120770,1,1,1999,0,0,0,0,0,0,0,0,0,0
120770,2,1,1999,0,0,0,0,0,0,0,0,0,0
120770,3,1,1999,0,0,0,0,0,0,0,0,0,0
120771,1,1,1999,13,0,3,8,0,0,0,7,0,0
120771,2,1,1999,0,0,4,0,0,0,0,0,0,0
120772,1,1,1999,0,0,7,0,0,0,0,0,30,0
120772,2,1,1999,0,0,0,0,0,0,0,0,0,0
120773,1,1,1999,0,0,0,0,0,0,0,0,0,0
120774,1,1,1999,0,0,0,0,0,0,0,0,0,0
120775,1,1,1999,0,0,0,0,0,0,0,0,0,0
120776,1,1,1999,0,0,0,0,0,0,0,0,0,0
120776,2,1,1999,0,0,0,0,0,0,0,0,0,0
120776,3,1,1999,0,0,0,0,0,0,0,0,0,0
120777,1,1,1999,8,8,8,8,8,8,8,8,8,8
120778,1,1,1999,14,14,14,14,14,14,14,14,14,14
120779,0,1,1999,0,0,0,0,0,0,0,0,0,0
120779,1,1,1999,0,0,0,0,0,0,19,0,0,0
120780,1,1,1999,17,17,17,17,17,17,17,17,17,17
120781,1,1,1999,25,25,25,25,25,25,25,25,25,25
120783,1,1,1999,0,0,0,0,0,0,0,0,0,0
120783,2,1,1999,24,24,24,24,24,24,24,24,24,24
120784,0,1,1999,0,0,0,0,0,0,0,0,0,0
120784,0,2,1999,0,0,0,0,0,0,0,0,0,0
120784,1,1,1999,0,0,0,0,0,0,0,0,0,0
120785,1,1,1999,28,28,28,28,28,28,28,28,28,28
120786,1,1,1999,0,0,0,0,0,0,0,0,0,0
120787,0,1,1999,17,0,0,0,0,17,17,14,32,0
120787,1,1,1999,10,10,10,10,10,10,10,10,10,10
120788,0,1,1999,0,0,0,0,0,0,0,0,0,0
120788,1,1,1999,0,0,0,0,0,0,0,0,0,0
120789,0,1,1999,0,0,0,0,0,0,0,0,0,0
120789,1,1,1999,0,0,0,0,0,0,0,0,0,0
120790,0,1,1999,0,0,0,0,0,0,0,0,0,0
120790,1,1,1999,0,0,0,0,0,0,0,0,0,0
120791,1,1,1999,0,0,0,0,0,0,0,0,0,0
120792,1,1,1999,19,19,19,19,19,19,19,19,19,19
120793,0,1,1999,0,0,0,0,0,0,0,0,0,0
120793,1,1,1999,0,0,0,0,0,0,0,0,0,0
120794,1,1,1999,0,0,0,0,0,0,0,15,0,0
120795,1,1,1999,0,0,0,0,0,0,0,0,14,0
120796,1,1,1999,0,0,0,0,0,0,0,0,0,0
120796,2,1,1999,0,0,0,0,0,0,0,0,0,0
120797,1,1,1999,0,0,0,0,0,0,0,0,0,0
120797,2,1,1999,0,0,0,0,0,0,0,0,0,0
120798,1,1,1999,0,0,0,0,0,0,0,0,0,14
120798,2,1,1999,0,0,0,0,0,0,0,0,0,0
120799,1,1,1999,9,9,9,9,9,9,9,9,9,9
120799,2,1,1999,0,5,0,0,34,0,0,0,0,10
120800,0,1,1999,27,27,27,27,27,27,27,27,27,27
120800,1,1,1999,0,0,0,0,0,0,0,0,0,0
120801,1,1,1999,0,0,0,0,0,0,0,0,0,0
120802,1,1,1999,0,0,0,0,0,0,0,0,0,0
120803,1,1,1999,0,0,0,0,0,0,0,0,0,0
120803,2,1,1999,0,0,8,0,0,0,0,0,0,0
120803,3,1,1999,0,0,0,0,0,0,0,0,0,0
120803,4,1,1999,0,0,0,0,0,0,0,0,0,0
120804,1,1,1999,17,17,17,17,17,17,17,17,17,17
120804,2,1,1999,0,0,0,0,0,0,0,0,0,0
120804,3,1,1999,0,0,0,0,0,0,0,0,0,0
120805,1,1,1999,0,0,0,0,0,0,0,0,0,0
120805,2,1,1999,3,3,3,3,3,3,3,3,3,3
120806,1,1,1999,0,0,0,0,0,0,0,0,0,0
120806,2,1,1999,0,0,0,0,0,0,0,0,0,0
120807,1,1,1999,9,9,9,9,9,9,9,9,9,9
120808,1,1,1999,0,0,0,0,0,0,0,0,0,0
120808,2,1,1999,0,0,0,0,0,0,0,0,0,0
120809,0,1,1999,0,0,5,0,0,0,0,0,0,0
120809,1,1,1999,0,0,0,0,0,0,0,0,0,0
120810,0,1,1999,0,0,0,0,0,0,0,0,0,0
120810,1,1,1999,0,0,0,0,0,0,0,0,0,7
120810,2,1,1999,0,0,0,0,0,0,0,0,0,0
120811,0,1,1999,18,32,0,12,0,0,11,0,0,0
120811,0,2,1999,0,0,0,0,0,0,17,0,0,0
120811,1,1,1999,0,0,0,0,0,0,0,0,0,0
120812,0,1,1999,34,34,34,34,34,34,34,34,34,34
120812,1,1,1999,0,22,0,0,0,0,0,0,0,0
120813,1,1,1999,16,16,16,16,16,16,16,16,16,16
120814,1,1,1999,22,22,22,22,22,22,22,22,22,22
120814,2,1,1999,0,0,0,0,0,0,0,0,0,0
120814,3,1,1999,0,0,17,10,10,17,23,0,0,20
120815,0,1,1999,28,28,28,28,28,28,28,28,28,28
120815,1,1,1999,5,5,5,5,5,5,5,5,5,5
120816,1,1,1999,29,29,29,29,29,29,29,29,29,29
120817,1,1,1999,19,19,19,19,19,19,19,19,19,19
120818,1,1,1999,12,0,8,0,0,26,16,19,0,0
120819,1,1,1999,0,0,0,0,0,0,0,0,0,0
120819,2,1,1999,0,0,0,0,0,0,0,0,0,0
120819,3,1,1999,0,0,0,0,0,0,0,0,0,0
120820,1,1,1999,0,0,0,0,0,0,0,0,0,0
120820,2,1,1999,0,0,0,0,0,0,0,0,0,0
120821,1,1,1999,22,22,22,22,22,22,22,22,22,22
120822,1,1,1999,19,19,19,19,19,19,19,19,19,19
120823,1,1,1999,18,18,18,18,18,18,18,18,18,18
120824,1,1,1999,0,0,0,0,0,25,0,14,0,0
120825,1,1,1999,35,35,35,35,35,35,35,35,35,35
120826,0,1,1999,0,0,0,0,0,35,0,0,0,0
120826,1,1,1999,0,0,0,0,0,0,0,0,0,0
120827,1,1,1999,13,13,13,13,13,13,13,13,13,13
120827,2,1,1999,0,0,0,0,0,0,0,0,0,0
120828,1,1,1999,0,0,0,0,0,0,0,0,0,0
120829,1,1,1999,28,28,28,28,28,28,28,28,28,28
120830,1,1,1999,0,0,0,0,0,0,0,0,0,0
120830,2,1,1999,12,12,12,12,12,12,12,12,12,12
120831,1,1,1999,0,0,0,0,0,0,0,0,0,0
120831,2,1,1999,0,0,0,0,0,0,0,0,0,0
120832,1,1,1999,11,0,0,17,0,14,0,0,0,0
120832,2,1,1999,0,0,0,17,0,0,0,0,0,17
120832,3,1,1999,0,0,38,0,0,17,0,16,0,0
120833,1,1,1999,0,0,0,0,0,0,0,0,0,0
120833,2,1,1999,0,0,0,0,0,0,0,0,0,0
120834,1,1,1999,16,16,16,16,16,16,16,16,16,16
120834,2,1,1999,0,0,0,0,0,0,0,0,0,0
120835,1,1,1999,0,0,0,0,0,0,0,0,0,0
120835,2,1,1999,0,0,0,0,0,0,0,0,0,0
120836,1,1,1999,0,0,0,0,0,0,0,0,0,0
120836,2,1,1999,0,0,0,0,0,0,0,0,0,0
120837,1,1,1999,0,0,0,0,0,0,0,0,0,0
120837,2,1,1999,0,0,0,0,0,0,0,0,0,0
120838,0,1,1999,12,12,12,12,12,12,12,12,12,12
120838,1,1,1999,0,0,0,0,0,0,0,0,0,0
120839,1,1,1999,0,0,0,0,0,0,0,0,0,0
120839,2,1,1999,0,0,0,0,0,0,0,0,0,0
120841,0,1,1999,23,23,23,23,23,23,23,23,23,23
120841,1,1,1999,0,0,0,0,9,0,0,0,0,0
120842,1,1,1999,0,0,0,0,0,0,0,0,0,0
120842,2,1,1999,0,0,0,0,0,0,0,0,0,0
120843,1,1,1999,0,0,0,0,0,0,0,0,0,0
120843,2,1,1999,0,0,0,0,0,0,0,0,0,0
120844,1,1,1999,0,0,0,0,0,0,0,0,0,0
120844,2,1,1999,0,0,0,0,0,0,0,0,0,0
120845,1,1,1999,0,0,0,0,0,0,0,0,0,0
120845,2,1,1999,0,0,0,0,0,0,0,0,0,0
120846,1,1,1999,0,0,0,0,0,0,0,0,0,0
120847,1,1,1999,0,0,0,0,0,0,0,0,0,0
120847,2,1,1999,0,0,9,0,0,0,0,0,0,0
120847,3,1,1999,0,0,0,0,0,0,0,0,0,0
120847,4,1,1999,17,0,0,0,0,0,0,0,0,0
120847,5,1,1999,0,0,0,0,0,0,0,0,0,0
120848,1,1,1999,16,16,16,16,16,16,16,16,16,16
120848,2,1,1999,0,0,0,0,0,0,0,0,0,0
120849,1,1,1999,14,14,14,14,14,14,14,14,14,14
120849,2,1,1999,0,0,0,0,0,0,0,0,0,0
120850,1,1,1999,15,15,15,15,15,15,15,15,15,15
120850,2,1,1999,0,0,0,0,0,0,0,0,0,0
120851,1,1,1999,0,0,0,0,0,0,0,0,0,0
120852,1,1,1999,32,32,32,32,32,32,32,32,32,32
120853,1,1,1999,0,0,0,0,0,0,0,0,0,0
120853,2,1,1999,0,0,0,0,0,0,0,0,0,0
120854,1,1,1999,0,0,0,0,0,0,0,0,0,0
120854,2,1,1999,0,0,0,0,0,0,0,0,0,0
120855,1,1,1999,0,0,0,0,0,0,0,0,0,0
120855,2,1,1999,0,0,0,0,0,0,0,0,0,0
120856,1,1,1999,0,0,0,0,0,0,0,0,0,0
120856,2,1,1999,0,0,0,0,0,0,0,0,0,0
120857,0,1,1999,23,23,23,23,23,23,23,23,23,23
120857,1,1,1999,0,0,0,0,0,0,0,0,0,0
120858,0,1,1999,0,0,0,0,0,0,0,0,0,0
120858,1,1,1999,0,0,0,0,0,0,0,0,0,0
120859,1,1,1999,0,0,0,0,0,0,0,0,0,0
120859,2,1,1999,0,0,0,0,0,0,0,0,0,0
120860,1,1,1999,15,15,15,15,15,15,15,15,15,15
120861,1,1,1999,0,0,0,0,0,0,0,0,0,0
120862,1,1,1999,0,0,0,0,0,0,0,0,0,0
120862,2,1,1999,0,0,0,0,0,0,0,0,0,0
120863,1,1,1999,14,14,14,14,14,14,14,14,14,14
120863,2,1,1999,0,11,0,0,0,0,0,0,0,0
120864,1,1,1999,0,0,0,0,0,0,0,0,0,0
120865,0,1,1999,0,11,0,0,0,0,0,0,0,0
120865,1,1,1999,0,0,0,0,0,0,0,0,0,0
120866,1,1,1999,0,0,0,0,0,0,0,0,0,0
120866,2,1,1999,0,0,0,0,0,0,0,0,0,0
120867,1,1,1999,3,3,3,3,3,3,3,3,3,3
120868,1,1,1999,0,0,0,0,0,0,0,0,0,0
120868,2,1,1999,25,0,0,0,0,0,0,0,0,0
120869,0,1,1999,17,0,23,0,31,0,0,0,0,0
120869,1,1,1999,0,0,0,0,0,0,0,7,0,0
120870,0,1,1999,16,16,16,16,16,16,16,16,16,16
120870,1,1,1999,0,0,0,0,0,0,0,0,0,0
120870,2,1,1999,0,0,0,0,0,0,0,0,0,0
120871,1,1,1999,0,0,0,0,0,0,0,0,0,0
120871,2,1,1999,0,0,0,0,0,0,0,0,0,0
120871,3,1,1999,0,0,0,0,0,0,0,0,0,0
120872,1,1,1999,0,0,0,0,0,0,0,0,0,0
120873,1,1,1999,0,0,0,0,0,0,0,0,0,0
120873,2,1,1999,0,0,0,0,0,0,0,0,0,0
120874,1,1,1999,29,29,29,29,29,29,29,29,29,29
120875,1,1,1999,26,26,26,26,26,26,26,26,26,26
120876,1,1,1999,17,17,17,17,17,17,17,17,17,17
120877,1,1,1999,0,0,0,0,0,0,0,0,0,0
120877,2,1,1999,0,0,0,0,0,0,0,0,0,0
120878,1,1,1999,20,20,20,20,20,20,20,20,20,20
120879,1,1,1999,0,0,0,0,0,0,0,0,0,0
120879,2,1,1999,0,0,0,0,0,0,0,0,0,0
120880,0,1,1999,0,0,4,0,0,0,0,0,0,0
120880,1,1,1999,0,0,0,0,0,0,0,0,0,0
120881,1,1,1999,0,0,0,0,0,0,0,0,0,0
120881,2,1,1999,0,0,0,0,0,0,0,0,0,0
120882,1,1,1999,26,26,26,26,26,26,26,26,26,26
120883,1,1,1999,0,0,0,0,0,0,0,0,0,0
120884,1,1,1999,0,0,0,0,0,0,0,0,0,0
120884,2,1,1999,0,0,0,0,0,0,0,0,0,0
120885,0,1,1999,13,13,13,13,13,13,13,13,13,13
120885,1,1,1999,0,0,0,0,0,0,0,0,0,0
120886,1,1,1999,6,6,6,6,6,6,6,6,6,6
120887,1,1,1999,28,28,28,28,28,28,28,28,28,28
120888,1,1,1999,0,0,0,0,0,0,0,0,0,0
120888,2,1,1999,0,0,0,0,0,0,0,0,0,0
120889,0,1,1999,3,3,3,3,3,3,3,3,3,3
120889,0,2,1999,6,6,6,6,6,6,6,6,6,6
120889,1,1,1999,0,0,0,23,0,0,0,0,19,0
120890,1,1,1999,0,0,0,0,0,0,0,0,0,0
120890,2,1,1999,0,0,0,0,0,0,0,0,0,0
120891,1,1,1999,0,0,0,0,0,0,0,0,0,0
120891,2,1,1999,0,0,0,0,0,0,0,0,12,0
120892,1,1,1999,0,0,0,0,0,0,0,0,0,0
120893,1,1,1999,0,0,0,0,0,0,0,0,0,0
120893,2,1,1999,14,14,14,14,14,14,14,14,14,14
120894,1,1,1999,0,0,0,0,0,0,0,0,0,0
120894,2,1,1999,0,0,0,0,0,0,0,0,0,0
120895,1,1,1999,0,0,0,0,0,0,0,0,0,0
120895,2,1,1999,0,0,0,0,0,0,0,0,0,0
120895,3,1,1999,0,0,0,0,0,0,0,0,0,0
120896,1,1,1999,0,0,0,0,0,0,0,0,0,0
120896,2,1,1999,16,0,0,0,0,0,0,0,0,0
120897,1,1,1999,0,0,0,0,0,0,0,0,0,0
120898,1,1,1999,19,0,0,0,14,10,0,32,11,0
120899,0,1,1999,0,0,0,0,0,0,0,0,0,0
120899,1,1,1999,0,0,0,0,0,0,0,0,0,0
120900,0,1,1999,10,0,0,0,0,0,0,0,0,0
120900,1,1,1999,0,0,0,0,0,0,0,0,0,0
120901,1,1,1999,16,16,16,16,16,16,16,16,16,16
120901,2,1,1999,0,0,0,0,0,0,0,17,26,0
120902,1,1,1999,15,15,15,15,15,15,15,15,15,15
120903,1,1,1999,0,0,0,0,0,0,0,0,0,0
120904,1,1,1999,13,13,13,13,13,13,13,13,13,13
120905,1,1,1999,30,30,30,30,30,30,30,30,30,30
120906,1,1,1999,0,0,0,0,0,0,0,0,0,0
120906,2,1,1999,0,0,0,0,0,0,0,0,0,0
120907,1,1,1999,0,0,0,0,0,0,0,0,0,0
120907,2,1,1999,0,0,0,0,0,0,0,0,33,0
120908,1,1,1999,0,0,0,0,0,0,0,0,0,0
120909,1,1,1999,0,0,0,0,0,0,0,0,0,0
120909,2,1,1999,0,0,0,0,0,0,0,0,0,0
120910,1,1,1999,0,0,0,0,0,0,0,0,0,0
120910,2,1,1999,0,0,0,0,0,0,0,0,0,0
120911,1,1,1999,0,0,0,0,0,0,0,0,0,0
120911,2,1,1999,0,0,0,0,0,0,0,0,0,0
120912,0,1,1999,0,0,0,33,0,0,8,0,14,0
120912,1,1,1999,0,0,0,0,0,0,0,0,0,0
120913,1,1,1999,0,0,0,0,0,0,0,0,0,0
120913,2,1,1999,0,0,0,0,0,0,0,0,0,0
120914,1,1,1999,0,0,0,0,0,0,0,0,0,0
120914,2,1,1999,0,0,0,0,0,0,0,0,0,8
120914,3,1,1999,0,0,0,0,0,0,0,0,0,0
120914,4,1,1999,0,0,0,5,0,0,0,0,0,0
120915,1,1,1999,0,0,0,0,0,0,0,0,0,0
120915,2,1,1999,0,0,0,0,0,0,0,0,0,0
120916,1,1,1999,0,0,0,0,0,0,0,0,0,0
120916,2,1,1999,0,0,0,0,0,0,0,0,0,0
120916,3,1,1999,0,0,0,0,0,0,0,0,0,0
120916,4,1,1999,0,0,0,0,0,0,0,0,0,0
120916,5,1,1999,0,0,0,0,0,0,0,0,0,0
120916,6,1,1999,0,0,0,0,0,0,0,0,0,22
120917,1,1,1999,0,0,0,0,0,0,0,0,0,0
120917,2,1,1999,0,0,0,0,0,0,0,0,0,0
120918,1,1,1999,0,0,0,0,0,0,0,0,0,0
120918,2,1,1999,0,0,0,0,0,0,0,0,0,0
120919,1,1,1999,8,8,8,8,8,8,8,8,8,8
120919,2,1,1999,0,0,0,0,0,0,0,0,0,0
120920,0,1,1999,12,0,22,0,6,0,0,0,0,0
120920,1,1,1999,0,0,0,0,0,0,0,0,0,0
120921,0,1,1999,21,21,21,21,21,21,21,21,21,21
120921,1,1,1999,0,0,0,0,0,0,0,0,0,25
120922,0,1,1999,0,0,0,0,0,0,0,0,0,0
120922,1,1,1999,0,0,0,0,0,0,0,0,0,0
120923,1,1,1999,29,34,22,10,0,23,26,11,19,28
120924,1,1,1999,0,0,0,0,0,0,0,0,0,0
120924,2,1,1999,0,0,0,0,0,0,0,0,0,0
120925,1,1,1999,0,0,0,0,0,0,0,0,0,0
120925,2,1,1999,0,0,0,0,0,0,0,0,0,0
120925,3,1,1999,2,0,0,0,0,0,0,0,0,0
120926,1,1,1999,0,0,0,0,0,0,0,0,0,0
120926,2,1,1999,0,0,0,0,0,0,0,0,0,0
120927,1,1,1999,0,0,0,0,0,0,0,0,0,0
120927,2,1,1999,0,0,0,0,0,0,0,0,0,0
120927,3,1,1999,0,0,0,0,0,0,0,0,0,0
120928,1,1,1999,38,38,38,38,38,38,38,38,38,38
120929,1,1,1999,0,0,0,0,0,0,0,0,0,0
120930,1,1,1999,0,0,0,0,0,0,0,0,0,0
120930,2,1,1999,0,0,0,0,0,0,0,0,0,0
120931,0,1,1999,0,0,0,0,0,0,0,0,0,0
120931,1,1,1999,27,27,27,27,27,27,27,27,27,27
120932,1,1,1999,18,18,18,18,18,18,18,18,18,18
120932,2,1,1999,0,0,0,0,0,0,0,0,0,0
120933,1,1,1999,0,0,0,0,0,0,0,0,0,0
120933,2,1,1999,0,0,0,0,0,0,0,0,0,0
120934,1,1,1999,0,0,0,0,0,13,0,0,0,0
120935,0,1,1999,17,0,31,0,27,0,22,0,0,34
120935,1,1,1999,0,0,11,0,0,0,0,0,0,0
120936,0,1,1999,0,12,0,34,0,0,24,19,22,5
120936,1,1,1999,0,0,0,0,0,6,0,0,0,0
120936,2,1,1999,12,0,5,12,0,8,0,10,0,14
120937,1,1,1999,11,11,11,11,11,11,11,11,11,11
120937,2,1,1999,0,19,0,0,0,0,0,0,0,0
120937,3,1,1999,0,0,0,0,0,0,0,0,0,0
120937,4,1,1999,0,0,0,0,0,0,0,0,0,0
120937,5,1,1999,0,0,0,0,0,0,0,0,0,0
120938,0,1,1999,0,0,0,0,0,0,0,0,0,0
120938,1,1,1999,0,0,0,0,0,0,0,0,0,0
120939,1,1,1999,0,0,0,0,0,0,0,0,0,0
120939,2,1,1999,0,0,0,0,0,0,0,0,0,0
120940,1,1,1999,0,8,0,0,0,0,16,0,0,0
120941,1,1,1999,0,0,0,0,0,0,0,17,0,0
120942,1,1,1999,0,0,0,0,0,0,0,0,0,16
120942,2,1,1999,0,0,0,0,0,0,0,0,0,0
120942,3,1,1999,0,0,0,0,0,0,0,0,0,0
120942,4,1,1999,0,0,0,0,0,0,0,0,0,0
120943,1,1,1999,9,16,22,15,22,25,31,0,0,17
120944,1,1,1999,0,0,0,0,0,0,0,0,0,0
120944,2,1,1999,0,0,0,0,0,0,0,0,0,0
120945,1,1,1999,0,0,0,0,0,0,0,0,0,0
120946,1,1,1999,0,0,0,0,0,0,0,0,0,0
120947,0,1,1999,0,0,0,0,0,0,0,0,0,0
120947,1,1,1999,0,0,0,0,0,0,0,0,0,0
120948,1,1,1999,0,0,0,0,0,0,0,0,0,0
120948,2,1,1999,0,0,0,0,0,0,0,0,0,0
120948,3,1,1999,0,0,0,0,0,0,0,0,0,0
120949,0,1,1999,0,0,0,0,0,0,0,0,0,0
120949,1,1,1999,0,0,0,0,0,0,0,0,0,0
120950,1,1,1999,0,0,0,0,0,0,0,0,0,0
120951,1,1,1999,0,0,0,0,0,0,0,0,0,0
120951,2,1,1999,0,0,0,0,0,0,0,0,0,0
120951,3,1,1999,0,0,0,0,0,0,0,0,0,0
120952,0,1,1999,0,0,0,0,0,0,0,0,0,0
120952,1,1,1999,0,0,0,0,0,0,0,0,0,0
120953,0,1,1999,30,30,30,30,30,30,30,30,30,30
120953,1,1,1999,16,0,17,0,0,0,0,0,0,0
120954,1,1,1999,20,20,20,20,20,20,20,20,20,20
120954,2,1,1999,0,0,0,0,0,0,0,0,0,0
120955,1,1,1999,25,25,25,25,25,25,25,25,25,25
120956,1,1,1999,0,0,0,0,0,0,0,0,0,0
120956,2,1,1999,0,0,0,0,0,0,0,0,0,0
120957,1,1,1999,0,0,0,0,0,0,0,0,0,0
120957,2,1,1999,0,0,0,0,0,0,0,0,0,0
120958,1,1,1999,16,16,16,16,16,16,16,16,16,16