ST_CASE,VEH_NO,PER_NO,YEAR,P1,P2,P3,P4,P5,P6,P7,P8,P9,P10
121210,1,1,1999,0,0,0,0,0,0,0,0,0,0
121211,1,1,1999,25,25,25,25,25,25,25,25,25,25
121212,1,1,1999,0,0,0,0,0,0,0,0,0,0
121212,2,1,1999,0,0,0,0,0,0,0,0,0,0
121212,3,1,1999,0,0,17,0,0,0,22,0,0,0
121213,1,1,1999,0,0,0,0,0,0,0,0,0,0
121213,2,1,1999,0,0,0,0,0,0,0,0,0,0
121213,3,1,1999,0,0,0,0,0,0,0,0,0,0
121213,4,1,1999,0,0,0,0,0,0,0,0,0,0
121213,6,1,1999,0,0,0,0,0,0,0,0,0,0
121213,7,1,1999,0,0,0,0,0,0,0,0,0,0
121213,9,1,1999,0,0,0,0,0,0,0,0,0,0
121213,10,1,1999,0,0,0,0,0,0,0,0,0,0
121213,11,1,1999,0,0,0,0,0,0,0,0,0,0
121213,12,1,1999,0,0,0,0,0,0,0,0,0,0
121214,0,1,1999,0,0,0,0,0,0,0,0,0,0
121214,1,1,1999,0,0,0,0,0,0,0,0,0,0
121215,1,1,1999,0,0,0,0,0,0,0,0,0,0
121215,2,1,1999,0,0,0,0,0,0,0,0,0,0
121216,1,1,1999,0,0,0,0,0,0,0,0,0,0
121217,1,1,1999,19,19,19,19,19,19,19,19,19,19
121218,1,1,1999,0,0,0,0,0,0,0,0,0,0
121218,2,1,1999,0,0,0,0,0,0,0,0,0,0
121219,1,1,1999,6,6,6,6,6,6,6,6,6,6
121219,2,1,1999,0,0,0,0,0,0,0,0,0,0
121220,0,1,1999,0,0,0,0,0,0,0,0,0,0
121220,1,1,1999,0,0,0,0,0,0,0,0,0,0
121221,1,1,1999,18,18,18,18,18,18,18,18,18,18
121222,1,1,1999,0,0,0,0,0,0,0,0,0,0
121222,2,1,1999,0,0,0,0,0,0,0,0,0,0
121223,1,1,1999,15,15,15,15,15,15,15,15,15,15
121224,1,1,1999,0,0,0,0,0,0,0,0,0,0
121224,2,1,1999,0,0,0,0,0,0,0,0,0,0
121225,0,1,1999,0,0,0,0,0,0,0,0,0,0
121225,1,1,1999,0,0,0,0,0,0,0,0,0,0
121226,1,1,1999,0,0,0,0,0,0,0,0,0,0
121227,1,1,1999,0,0,0,0,0,0,0,0,0,0
121228,1,1,1999,26,21,0,0,0,0,0,0,0,0
121228,2,1,1999,0,0,0,0,0,0,0,12,0,0
121228,3,1,1999,0,0,0,0,0,0,0,0,0,0
121228,4,1,1999,8,0,0,0,0,0,0,0,0,0
121229,1,1,1999,0,0,0,0,0,0,0,0,0,0
121229,2,1,1999,0,0,0,0,0,0,0,19,0,0
121230,0,1,1999,29,29,29,29,29,29,29,29,29,29
121230,1,1,1999,11,11,11,11,11,11,11,11,11,11
121231,1,1,1999,0,0,0,0,0,0,0,0,0,14
121232,1,1,1999,17,17,17,17,17,17,17,17,17,17
121233,1,1,1999,20,20,20,20,20,20,20,20,20,20
121233,2,1,1999,0,0,0,0,0,0,0,0,9,0
121234,1,1,1999,0,0,0,0,0,0,0,0,0,0
121235,1,1,1999,12,12,12,12,12,12,12,12,12,12
121235,2,1,1999,0,0,0,0,0,0,14,0,0,0
121235,3,1,1999,0,0,0,0,0,0,0,0,0,0
121236,1,1,1999,24,0,16,0,23,0,0,0,0,20
121237,1,1,1999,24,24,24,24,24,24,24,24,24,24
121238,1,1,1999,0,0,0,0,0,0,0,0,0,0
121239,1,1,1999,26,26,26,26,26,26,26,26,26,26
121239,2,1,1999,5,5,5,5,5,5,5,5,5,5
121239,3,1,1999,0,0,0,0,0,0,0,0,0,0
121240,1,1,1999,0,0,0,0,0,0,0,0,0,0
121240,2,1,1999,0,0,6,0,0,0,0,0,0,0
121240,3,1,1999,0,0,0,0,0,0,0,0,0,0
121241,1,1,1999,0,0,0,0,0,0,0,0,0,0
121241,2,1,1999,0,0,0,0,0,0,0,0,0,0
121242,1,1,1999,21,21,21,21,21,21,21,21,21,21
121243,1,1,1999,0,0,0,0,0,0,0,0,0,0
121243,2,1,1999,0,0,0,0,0,0,0,0,0,0
121244,1,1,1999,5,5,5,5,5,5,5,5,5,5
121245,1,1,1999,0,0,0,0,0,0,0,0,0,0
121246,1,1,1999,0,0,0,0,0,0,0,0,0,0
121246,2,1,1999,0,0,0,0,0,0,0,0,0,0
121247,1,1,1999,0,0,0,0,0,0,0,0,0,0
121247,2,1,1999,0,0,0,0,0,0,0,0,0,0
121248,1,1,1999,0,0,0,0,0,0,0,0,0,0
121249,1,1,1999,4,4,4,4,4,4,4,4,4,4
121250,0,1,1999,3,3,3,3,3,3,3,3,3,3
121250,1,1,1999,0,0,0,0,0,0,0,0,0,0
121251,1,1,1999,35,0,0,30,18,17,10,11,25,0
121252,1,1,1999,0,0,0,0,0,0,0,0,0,0
121252,2,1,1999,0,0,0,0,0,0,0,0,0,0
121253,1,1,1999,0,0,0,0,0,3,0,0,0,0
121253,2,1,1999,0,0,0,0,0,7,0,0,0,0
121254,1,1,1999,5,5,5,5,5,5,5,5,5,5
121254,2,1,1999,2,2,2,2,2,2,2,2,2,2
121255,0,1,1999,0,0,0,0,0,0,0,0,0,0
121255,0,2,1999,0,0,0,0,0,0,0,0,0,0
121255,1,1,1999,14,14,14,14,14,14,14,14,14,14
121256,1,1,1999,0,0,0,0,0,0,0,0,0,0
121256,2,1,1999,0,0,0,0,0,0,0,0,0,0
121257,1,1,1999,0,0,0,0,0,0,0,0,0,0
121258,1,1,1999,23,23,23,23,23,23,23,23,23,23
121258,2,1,1999,0,0,0,0,0,0,0,0,0,0
121259,0,1,1999,33,33,33,33,33,33,33,33,33,33
121259,1,1,1999,0,10,0,0,0,0,0,0,18,0
121260,1,1,1999,0,0,0,16,0,0,9,4,0,0
121261,1,1,1999,21,21,21,21,21,21,21,21,21,21
121262,1,1,1999,0,0,0,0,0,0,0,0,0,0
121262,2,1,1999,0,0,0,0,0,0,0,0,0,0
121263,1,1,1999,0,0,0,0,0,0,0,0,0,0
121263,2,1,1999,0,0,0,0,0,0,0,0,0,0
121264,1,1,1999,29,29,29,29,29,29,29,29,29,29
121265,1,1,1999,0,0,0,0,0,0,0,0,0,0
121265,2,1,1999,0,0,0,0,19,0,0,0,0,0
121266,0,1,1999,0,0,0,0,0,0,0,0,0,0
121266,1,1,1999,0,0,0,0,0,0,0,0,0,0
121267,0,1,1999,27,27,27,27,27,27,27,27,27,27
121267,1,1,1999,0,0,0,0,0,0,0,0,16,0
121267,2,1,1999,0,0,0,0,0,0,0,0,0,0
121268,1,1,1999,0,0,0,0,0,0,0,0,0,0
121268,2,1,1999,0,0,0,0,0,0,0,0,0,0
121269,1,1,1999,15,15,15,15,15,15,15,15,15,15
121269,2,1,1999,4,4,4,4,4,4,4,4,4,4
121270,1,1,1999,0,0,0,0,0,0,0,0,0,0
121270,2,1,1999,0,12,0,0,0,0,0,0,0,0
121271,1,1,1999,31,0,20,19,0,18,0,0,0,0
121272,1,1,1999,14,14,14,14,14,14,14,14,14,14
121272,2,1,1999,11,0,0,0,0,0,26,0,21,0
121273,1,1,1999,0,0,0,9,19,0,0,20,11,0
121273,2,1,1999,0,0,0,0,0,10,0,0,0,21
121274,1,1,1999,0,0,0,0,0,0,0,0,0,0
121274,2,1,1999,0,0,0,0,0,0,0,0,0,0
121275,1,1,1999,0,0,0,0,0,0,0,0,0,0
121275,2,1,1999,25,22,16,11,0,0,0,0,0,0
121276,1,1,1999,0,0,0,0,0,0,0,0,0,0
121276,2,1,1999,0,0,0,0,0,0,0,0,0,0
121276,3,1,1999,0,0,0,0,0,0,0,0,0,0
121277,0,1,1999,12,12,12,12,12,12,12,12,12,12
121277,1,1,1999,0,0,0,0,0,0,0,0,0,0
121278,1,1,1999,0,0,0,0,0,0,0,0,0,0
121278,2,1,1999,0,0,0,0,0,0,0,0,0,0
121279,1,1,1999,0,0,0,7,0,0,0,0,0,0
121280,1,1,1999,0,0,0,0,10,0,0,0,0,0
121280,2,1,1999,0,0,0,0,0,0,0,0,0,0
121281,1,1,1999,0,0,0,0,21,10,0,0,0,0
121282,1,1,1999,25,25,25,25,25,25,25,25,25,25
121282,2,1,1999,0,0,0,0,0,0,0,0,0,0
121283,1,1,1999,0,0,0,0,0,0,0,0,0,0
121283,2,1,1999,0,0,0,0,0,0,0,0,0,0
121284,1,1,1999,20,20,20,20,20,20,20,20,20,20
121285,1,1,1999,0,0,0,0,9,0,0,0,0,0
121286,0,1,1999,0,0,0,0,0,0,0,0,0,31
121286,0,2,1999,0,0,0,0,0,0,0,0,0,0
121286,1,1,1999,0,0,0,0,0,0,0,21,0,0
121287,0,1,1999,8,8,8,8,8,8,8,8,8,8
121287,1,1,1999,0,0,0,0,0,0,0,0,0,0
121288,0,1,1999,13,4,9,12,17,8,11,24,29,22
121288,1,1,1999,0,0,0,0,0,0,0,0,0,0
121289,1,1,1999,0,0,0,0,0,0,0,0,0,0
121290,1,1,1999,24,24,24,24,24,24,24,24,24,24
121290,2,1,1999,0,0,0,0,0,0,0,0,0,0
121291,0,1,1999,0,0,0,0,0,0,0,0,0,0
121291,1,1,1999,11,0,0,0,0,0,0,0,0,0
121292,0,1,1999,28,28,28,28,28,28,28,28,28,28
121292,1,1,1999,0,0,0,0,0,0,0,0,0,0
121293,1,1,1999,0,0,0,0,0,0,0,0,0,0
121293,2,1,1999,0,0,0,0,0,0,0,0,0,0
121294,1,1,1999,19,19,19,19,19,19,19,19,19,19
121295,1,1,1999,0,15,13,21,16,0,0,18,0,0
121295,2,1,1999,0,0,0,0,0,0,0,16,18,22
121296,1,1,1999,19,19,19,19,19,19,19,19,19,19
121296,2,1,1999,22,0,0,10,10,0,13,0,0,12
121297,1,1,1999,5,5,5,5,5,5,5,5,5,5
121298,1,1,1999,0,0,0,0,0,0,0,0,0,0
121298,2,1,1999,0,0,0,0,0,0,0,0,0,0
121299,0,1,1999,0,0,0,0,0,0,0,0,0,0
121299,0,2,1999,0,10,0,0,0,0,0,0,14,0
121299,0,3,1999,5,0,8,0,0,0,0,0,0,0
121299,0,4,1999,0,0,0,0,0,0,0,21,0,0
121299,1,1,1999,3,3,3,3,3,3,3,3,3,3
121300,1,1,1999,0,0,0,0,0,0,0,0,0,0
121300,2,1,1999,0,0,0,12,9,0,0,0,0,0
121301,1,1,1999,0,0,0,0,0,0,0,0,0,0
121302,1,1,1999,1,1,1,1,1,1,1,1,1,1
121302,2,1,1999,0,0,0,0,0,0,0,0,0,0
121303,1,1,1999,11,11,11,11,11,11,11,11,11,11
121303,2,1,1999,16,16,16,16,16,16,16,16,16,16
121304,1,1,1999,0,0,0,0,0,0,0,0,0,0
121305,1,1,1999,6,43,27,15,0,8,15,19,13,23
121307,1,1,1999,0,0,0,0,0,0,0,0,0,0
121308,1,1,1999,0,0,0,0,0,0,0,0,0,0
121308,2,1,1999,0,0,0,0,0,0,0,0,0,0
121309,1,1,1999,13,21,10,24,11,10,0,29,0,0
121310,0,1,1999,25,0,18,42,16,21,8,0,27,24
121310,1,1,1999,8,8,8,8,8,8,8,8,8,8
121311,1,1,1999,14,14,14,14,14,14,14,14,14,14
121311,2,1,1999,10,10,10,10,10,10,10,10,10,10
121312,0,1,1999,29,29,29,29,29,29,29,29,29,29
121312,1,1,1999,0,0,0,0,0,0,16,0,0,0
121313,1,1,1999,10,10,10,10,10,10,10,10,10,10
121314,0,1,1999,17,17,17,17,17,17,17,17,17,17
121314,1,1,1999,9,9,9,9,9,9,9,9,9,9
121315,1,1,1999,14,14,14,14,14,14,14,14,14,14
121316,1,1,1999,0,0,0,0,0,0,0,0,0,0
121316,2,1,1999,0,0,0,0,0,29,7,0,0,0
121317,1,1,1999,0,22,0,10,0,0,0,0,0,0
121317,2,1,1999,0,0,0,0,0,0,0,0,0,0
121318,1,1,1999,0,0,0,0,0,0,0,0,0,0
121319,1,1,1999,0,0,0,0,0,0,0,0,0,0
121320,1,1,1999,22,22,22,22,22,22,22,22,22,22
121320,2,1,1999,0,0,0,0,0,0,0,0,0,0
121321,1,1,1999,0,0,0,0,0,0,0,0,0,0
121321,2,1,1999,0,0,0,0,0,0,0,0,0,0
121322,1,1,1999,25,25,25,25,25,25,25,25,25,25
121323,1,1,1999,0,0,0,0,14,0,0,0,0,0
121323,2,1,1999,0,0,0,0,0,0,0,0,0,0
121324,1,1,1999,16,16,16,16,16,16,16,16,16,16
121325,1,1,1999,0,0,0,0,0,0,0,0,0,0
121326,1,1,1999,0,0,0,0,0,0,0,0,0,0
121326,2,1,1999,0,0,0,0,0,0,0,0,0,0
121327,1,1,1999,0,0,0,0,0,0,0,0,0,0
121327,2,1,1999,0,0,0,0,0,0,0,0,0,0
121328,1,1,1999,0,0,0,0,0,0,0,0,0,0
121328,2,1,1999,0,0,0,0,0,0,0,0,0,0
121329,1,1,1999,18,0,0,0,0,0,0,0,0,0
121330,0,1,1999,0,0,0,0,0,0,0,0,0,0
121330,1,1,1999,12,0,17,0,0,0,7,0,0,0
121331,1,1,1999,0,0,0,0,0,0,0,0,0,0
121332,0,1,1999,0,0,0,0,0,0,0,0,0,0
121332,1,1,1999,0,0,0,0,0,0,0,0,0,0
121333,1,1,1999,0,0,0,0,0,0,0,0,0,0
121333,2,1,1999,0,0,0,0,0,2,0,0,0,0
121334,0,1,1999,0,0,0,0,0,0,0,0,0,0
121334,1,1,1999,0,0,0,0,0,0,0,0,0,0
121335,1,1,1999,0,25,0,0,0,22,0,0,0,0
121336,1,1,1999,0,0,0,0,0,0,0,0,0,0
121336,2,1,1999,0,0,0,0,0,0,0,0,0,0
121337,0,1,1999,0,0,0,0,0,0,0,0,0,0
121337,1,1,1999,0,0,0,0,0,0,0,8,0,0
121338,1,1,1999,0,0,0,0,0,0,0,0,0,0
121338,2,1,1999,0,0,0,0,0,0,0,0,0,0
121338,3,1,1999,0,0,0,0,0,0,0,0,0,0
121339,1,1,1999,26,26,26,26,26,26,26,26,26,26
121340,1,1,1999,16,16,16,16,16,16,16,16,16,16
121340,2,1,1999,0,0,0,0,0,0,0,0,0,0
121341,1,1,1999,0,10,0,26,0,16,12,0,0,0
121341,2,1,1999,0,0,0,22,0,28,9,25,0,0
121342,1,1,1999,7,0,0,28,26,32,0,21,0,23
121343,1,1,1999,17,17,17,17,17,17,17,17,17,17
121344,1,1,1999,0,0,0,0,0,0,0,0,0,0
121344,2,1,1999,0,0,0,0,0,0,0,0,0,0
121345,0,1,1999,0,0,0,0,0,0,0,0,0,0
121345,1,1,1999,0,0,0,0,0,0,0,15,0,0
121346,1,1,1999,0,0,0,0,0,20,0,0,0,0
121346,2,1,1999,0,0,0,0,0,0,0,0,0,9
121347,1,1,1999,0,0,0,0,0,0,0,0,0,0
121347,2,1,1999,0,0,0,0,0,0,0,0,0,0
121347,3,1,1999,0,0,0,0,0,0,0,0,0,0
121348,1,1,1999,0,0,0,0,0,0,0,0,0,0
121349,0,1,1999,0,0,0,0,0,0,0,0,0,0
121349,1,1,1999,6,6,6,6,6,6,6,6,6,6
121350,1,1,1999,0,0,0,0,0,0,0,0,0,0
121350,2,1,1999,0,0,0,0,0,0,0,0,0,0
121350,3,1,1999,0,0,0,0,0,0,0,0,0,0
121351,1,1,1999,29,29,29,29,29,29,29,29,29,29
121352,0,1,1999,35,35,35,35,35,35,35,35,35,35
121352,1,1,1999,0,0,0,0,0,0,0,0,17,0
121353,1,1,1999,0,9,0,0,0,0,0,0,0,0
121354,1,1,1999,0,0,10,0,0,0,0,0,0,0
121354,2,1,1999,0,0,0,0,11,0,0,0,0,0
121355,1,1,1999,0,0,0,0,0,0,0,0,0,0
121355,2,1,1999,25,0,0,0,0,0,0,0,0,0
121356,1,1,1999,0,0,0,0,0,0,0,0,0,0
121357,1,1,1999,0,0,0,0,17,0,0,0,0,0
121357,2,1,1999,0,0,0,0,0,0,0,0,0,0
121358,1,1,1999,18,18,18,18,18,18,18,18,18,18
121359,1,1,1999,0,0,0,0,0,0,0,0,0,0
121359,2,1,1999,0,0,0,0,0,0,0,0,0,0
121361,1,1,1999,19,19,19,19,19,19,19,19,19,19
121362,1,1,1999,0,0,0,0,0,0,0,0,0,0
121362,2,1,1999,11,11,11,11,11,11,11,11,11,11
121363,1,1,1999,0,0,0,0,0,0,0,0,0,0
121363,2,1,1999,0,0,0,0,0,0,0,0,0,0
121364,0,1,1999,25,0,0,0,20,0,0,19,0,0
121364,1,1,1999,32,0,0,0,0,0,0,0,0,0
121365,1,1,1999,0,0,0,0,0,0,0,0,0,0
121366,0,1,1999,23,23,23,23,23,23,23,23,23,23
121366,1,1,1999,0,0,0,0,0,0,0,0,0,0
121367,1,1,1999,0,0,0,0,0,0,10,0,0,0
121367,2,1,1999,20,0,0,0,0,0,0,0,0,0
121368,0,1,1999,0,0,0,0,0,0,0,0,0,0
121368,1,1,1999,0,0,0,0,0,0,0,0,0,0
121369,1,1,1999,0,0,0,0,0,0,0,0,0,0
121369,2,1,1999,0,0,0,0,0,0,0,0,0,0
121370,0,1,1999,22,22,22,22,22,22,22,22,22,22
121370,1,1,1999,0,0,0,0,0,0,0,0,0,0
121370,2,1,1999,0,0,0,0,0,0,0,0,0,0
121371,1,1,1999,0,0,0,0,0,0,0,0,0,0
121371,2,1,1999,11,11,11,11,11,11,11,11,11,11
121372,1,1,1999,0,0,0,0,33,0,0,0,0,0
121373,1,1,1999,10,10,10,10,10,10,10,10,10,10
121374,0,1,1999,0,0,0,31,23,0,0,0,0,10
121374,1,1,1999,0,0,0,0,0,0,0,11,0,0
121375,1,1,1999,7,0,0,0,0,8,0,0,0,0
121375,2,1,1999,0,0,0,0,0,0,0,0,0,0
121376,1,1,1999,0,0,0,0,0,0,0,0,0,0
121376,2,1,1999,0,0,0,0,0,0,0,0,0,0
121377,1,1,1999,0,0,0,0,0,0,0,0,0,0
121377,2,1,1999,0,0,0,0,0,0,0,0,0,0
121378,1,1,1999,0,0,0,0,0,0,0,0,0,0
121379,1,1,1999,0,0,0,0,0,0,0,0,0,0
121379,2,1,1999,0,0,0,0,0,0,0,17,0,0
121380,1,1,1999,0,0,0,0,0,0,0,0,0,0
121381,1,1,1999,6,6,6,6,6,6,6,6,6,6
121382,1,1,1999,0,27,17,30,0,16,0,28,14,23
121383,0,1,1999,0,0,0,0,0,0,0,0,0,0
121383,1,1,1999,19,19,19,19,19,19,19,19,19,19
121384,1,1,1999,0,0,0,0,0,0,0,0,0,0
121384,2,1,1999,16,0,0,0,0,16,0,0,0,0
121385,0,1,1999,35,0,7,0,0,0,0,0,0,0
121385,1,1,1999,0,0,0,0,0,0,0,18,0,0
121386,1,1,1999,0,0,0,0,0,0,0,0,0,0
121386,2,1,1999,0,0,0,0,0,0,0,0,0,0
121387,1,1,1999,2,2,2,2,2,2,2,2,2,2
121388,1,1,1999,0,0,0,0,0,0,0,0,0,0
121388,2,1,1999,0,0,0,0,0,0,0,0,3,0
121388,3,1,1999,0,0,0,0,0,0,0,0,0,0
121389,0,1,1999,0,0,0,0,0,0,0,0,0,0
121389,1,1,1999,19,0,0,0,0,0,0,0,0,0
121390,0,1,1999,42,42,42,42,42,42,42,42,42,42
121390,1,1,1999,6,6,6,6,6,6,6,6,6,6
121391,1,1,1999,4,0,0,8,0,0,14,0,0,0
121391,2,1,1999,0,0,0,4,0,26,0,0,0,0
121392,0,1,1999,21,21,21,21,21,21,21,21,21,21
121392,1,1,1999,0,0,0,0,0,0,0,0,0,0
121393,1,1,1999,19,19,19,19,19,19,19,19,19,19
121393,2,1,1999,1,1,1,1,1,1,1,1,1,1
121394,1,1,1999,0,0,0,0,0,0,0,0,0,0
121394,2,1,1999,0,0,0,0,0,0,0,0,0,0
121394,3,1,1999,0,0,0,0,0,0,0,0,0,0
121394,4,1,1999,0,0,0,0,0,0,0,0,0,0
121395,1,1,1999,0,0,0,0,0,0,0,0,0,0
121395,2,1,1999,0,0,0,0,0,0,0,0,0,0
121395,3,1,1999,0,0,0,0,0,0,0,0,0,0
121396,1,1,1999,0,0,0,0,0,0,0,0,0,0
121396,2,1,1999,0,0,0,0,0,0,0,0,0,0
121397,1,1,1999,0,0,0,0,0,0,0,0,0,0
121397,2,1,1999,0,0,0,0,0,0,0,0,0,0
121398,1,1,1999,12,12,12,12,12,12,12,12,12,12
121399,1,1,1999,0,0,0,0,0,0,0,0,0,0
121400,1,1,1999,0,0,0,0,0,0,0,0,0,0
121400,2,1,1999,0,0,0,0,0,0,0,0,0,0
121400,3,1,1999,0,0,0,0,0,0,0,0,0,0
121400,4,1,1999,0,0,0,0,0,0,0,0,0,0
121400,5,1,1999,0,0,0,0,0,0,0,0,0,0
121400,6,1,1999,0,0,0,0,0,0,13,0,0,0
121401,0,1,1999,10,16,29,0,0,12,11,26,0,30
121401,1,1,1999,16,0,0,0,0,0,0,0,0,0
121402,1,1,1999,0,0,0,0,0,0,0,0,0,0
121403,1,1,1999,0,0,0,0,0,0,0,0,0,0
121404,1,1,1999,0,0,0,0,0,0,0,0,0,0
121405,1,1,1999,0,0,0,0,0,0,0,0,0,0
121405,2,1,1999,0,0,0,0,0,0,0,0,0,0
121406,1,1,1999,0,0,0,0,0,0,0,0,0,0
121407,1,1,1999,0,0,0,0,0,0,0,0,0,0
121407,2,1,1999,0,0,0,0,0,0,0,0,0,0
121408,1,1,1999,0,0,0,0,0,0,0,0,0,0
121408,2,1,1999,0,0,0,0,0,0,0,0,0,0
121409,1,1,1999,0,0,0,0,0,0,0,0,0,0
121410,1,1,1999,0,5,0,0,0,0,0,0,0,0
121411,1,1,1999,20,20,20,20,20,20,20,20,20,20
121412,0,1,1999,0,0,0,0,0,0,0,0,0,0
121412,1,1,1999,0,0,0,0,0,0,0,0,0,0
121413,1,1,1999,0,0,11,0,0,0,0,0,0,0
121413,2,1,1999,0,0,0,0,0,0,0,0,0,0
121414,0,1,1999,0,0,0,0,24,0,0,0,0,0
121414,1,1,1999,0,0,0,0,0,0,0,0,0,0
121415,1,1,1999,0,0,0,0,0,0,0,0,0,0
121415,2,1,1999,0,0,0,0,0,0,0,0,0,0
121416,1,1,1999,0,0,10,0,0,0,0,0,0,0
121416,2,1,1999,0,0,0,0,0,0,0,0,0,0
121416,3,1,1999,0,0,0,0,0,0,0,0,0,0
121416,4,1,1999,0,0,0,0,0,0,0,0,0,0
121417,1,1,1999,0,0,0,0,0,0,0,0,0,0
121417,2,1,1999,0,0,0,0,0,0,21,0,0,0
121417,3,1,1999,0,0,0,0,0,0,0,0,0,0
121418,0,1,1999,10,10,10,10,10,10,10,10,10,10
121418,1,1,1999,0,0,0,0,0,0,0,0,19,0
121419,1,1,1999,0,0,0,0,0,0,0,0,0,0
121419,2,1,1999,0,0,0,0,0,0,0,0,0,0
121420,1,1,1999,0,0,0,0,0,0,0,0,0,0
121420,2,1,1999,0,0,0,0,0,0,0,0,0,0
121421,0,1,1999,0,0,0,0,0,0,0,0,0,0
121421,1,1,1999,0,0,0,0,0,0,0,0,0,0
121422,1,1,1999,0,0,0,0,0,0,0,0,0,0
121422,2,1,1999,0,0,0,0,0,0,0,0,0,0
121423,1,1,1999,0,0,0,0,0,0,0,0,0,0
121423,2,1,1999,0,0,0,0,0,0,0,0,0,0
121424,1,1,1999,0,0,0,0,0,0,0,0,0,0
121424,2,1,1999,11,0,0,0,0,0,8,0,0,0
121425,1,1,1999,0,0,0,0,0,0,0,0,0,0
121425,2,1,1999,0,0,0,0,0,0,0,0,0,0
121426,1,1,1999,0,0,0,0,0,0,0,0,0,0
121426,2,1,1999,0,0,0,0,0,0,0,0,0,0
121426,3,1,1999,0,0,0,0,12,0,0,0,0,0
121427,1,1,1999,14,14,14,14,14,14,14,14,14,14
121427,2,1,1999,0,0,0,0,0,0,0,0,0,0
121427,3,1,1999,0,0,0,0,0,0,0,0,0,0
121427,4,1,1999,0,0,0,0,0,0,0,0,0,0
121428,1,1,1999,0,0,0,0,0,0,0,0,0,0
121428,2,1,1999,0,0,0,0,0,0,0,0,0,0
121429,1,1,1999,44,44,44,44,44,44,44,44,44,44
121430,1,1,1999,26,26,26,26,26,26,26,26,26,26
121431,1,1,1999,0,0,0,0,0,0,0,0,0,0
121431,2,1,1999,0,0,0,0,0,0,0,0,0,0
121431,3,1,1999,0,0,0,0,0,0,0,0,0,0
121431,4,1,1999,0,0,0,0,0,0,0,0,0,0
121432,1,1,1999,13,13,13,13,13,13,13,13,13,13
121433,0,1,1999,4,4,4,4,4,4,4,4,4,4
121433,0,2,1999,11,9,24,14,12,19,0,0,14,0
121433,1,1,1999,24,24,24,24,24,24,24,24,24,24
121433,2,1,1999,12,12,12,12,12,12,12,12,12,12
121434,0,1,1999,1,1,1,1,1,1,1,1,1,1
121434,1,1,1999,1,1,1,1,1,1,1,1,1,1
121435,1,1,1999,31,31,31,31,31,31,31,31,31,31
121436,1,1,1999,0,0,0,0,0,0,0,0,0,0
121436,2,1,1999,0,0,0,0,0,0,0,0,0,0
121437,1,1,1999,0,0,0,0,0,0,0,0,0,0
121437,2,1,1999,0,0,0,0,0,0,0,0,0,0
121438,1,1,1999,33,33,33,33,33,33,33,33,33,33
121439,1,1,1999,0,0,0,0,0,0,0,0,0,0
121439,2,1,1999,0,0,0,0,0,0,0,0,0,0
121439,3,1,1999,0,0,0,0,0,0,0,0,0,0
121440,1,1,1999,0,0,0,0,0,0,0,0,0,0
121440,2,1,1999,16,16,16,16,16,16,16,16,16,16
121441,0,1,1999,21,21,21,21,21,21,21,21,21,21
121441,1,1,1999,0,0,0,0,0,0,0,0,0,0
121442,1,1,1999,17,17,17,17,17,17,17,17,17,17
121442,2,1,1999,11,11,11,11,11,11,11,11,11,11
121443,1,1,1999,0,0,0,0,0,0,0,0,0,0
121444,1,1,1999,0,0,0,0,0,0,0,0,0,0
121444,2,1,1999,0,0,0,0,0,0,0,0,0,0
121445,1,1,1999,0,0,0,0,0,0,0,0,0,0
121445,2,1,1999,31,16,0,0,0,0,0,0,0,0
121446,0,1,1999,36,36,36,36,36,36,36,36,36,36
121446,1,1,1999,11,11,11,11,11,11,11,11,11,11
121447,1,1,1999,0,0,0,0,0,0,0,0,0,0
121447,2,1,1999,0,0,0,0,0,0,0,0,0,0
121448,1,1,1999,0,0,0,0,0,0,0,0,0,0
121448,2,1,1999,0,0,0,0,0,0,0,0,0,0
121448,3,1,1999,0,0,0,0,0,0,0,0,0,0
121449,1,1,1999,5,7,0,0,0,0,0,0,0,6
121450,0,1,1999,22,13,4,13,0,13,24,0,0,11
121450,0,2,1999,0,0,0,6,0,0,5,0,0,12
121450,1,1,1999,0,0,0,0,0,0,0,0,12,0
121451,1,1,1999,0,0,0,0,0,0,0,0,0,0
121451,2,1,1999,0,0,0,0,0,0,0,0,0,0
121452,1,1,1999,24,24,24,24,24,24,24,24,24,24
121452,2,1,1999,0,0,0,0,0,0,0,0,0,0
121452,3,1,1999,0,0,0,0,0,0,0,0,0,0
121453,1,1,1999,0,0,0,0,0,0,0,0,0,0
121453,2,1,1999,0,0,0,0,0,0,0,0,0,0
121454,1,1,1999,0,0,0,0,0,0,0,0,0,0
121454,2,1,1999,0,0,0,0,0,0,0,0,0,0
121455,1,1,1999,0,0,0,0,0,0,0,0,0,0
121455,2,1,1999,0,0,0,0,0,0,0,0,0,0
121456,1,1,1999,0,0,0,0,0,0,0,0,0,0
121456,2,1,1999,0,0,0,0,0,0,0,0,0,0
121457,0,1,1999,0,0,0,0,0,0,0,0,0,0
121457,1,1,1999,0,0,19,22,0,0,0,0,0,0
121457,2,1,1999,0,0,0,0,0,0,0,0,0,0
121458,1,1,1999,13,13,13,13,13,13,13,13,13,13