ST_CASE,VEH_NO,PER_NO,YEAR,P1,P2,P3,P4,P5,P6,P7,P8,P9,P10
121458,2,1,1999,0,12,0,0,0,0,0,0,0,0
121459,1,1,1999,0,0,8,0,0,0,0,0,0,0
121459,2,1,1999,21,18,17,0,21,0,0,0,0,0
121460,1,1,1999,0,0,0,0,0,0,0,0,0,0
121460,2,1,1999,0,0,0,0,0,0,0,0,0,0
121461,1,1,1999,19,19,19,19,19,19,19,19,19,19
121461,2,1,1999,0,0,0,0,0,0,0,0,0,0
121462,0,1,1999,2,2,2,2,2,2,2,2,2,2
121462,0,2,1999,0,0,0,0,0,0,0,0,0,0
121462,1,1,1999,0,0,0,0,0,0,0,0,0,0
121463,1,1,1999,0,0,0,0,0,0,0,0,0,0
121463,2,1,1999,0,0,0,0,0,0,0,0,0,0
121464,1,1,1999,8,8,8,8,8,8,8,8,8,8
121465,1,1,1999,13,13,13,13,13,13,13,13,13,13
121466,1,1,1999,0,0,0,0,0,0,0,0,0,0
121466,2,1,1999,0,0,0,0,0,0,0,0,0,0
121467,0,1,1999,0,0,0,0,0,0,0,0,0,0
121467,1,1,1999,0,0,0,0,0,0,0,0,0,0
121468,0,1,1999,28,28,28,28,28,28,28,28,28,28
121468,1,1,1999,0,0,0,0,0,0,0,0,0,0
121469,1,1,1999,0,0,0,0,0,0,0,0,0,0
121470,1,1,1999,21,21,21,21,21,21,21,21,21,21
121470,2,1,1999,0,0,0,0,0,0,0,10,0,0
121471,1,1,1999,0,0,0,0,0,0,0,0,0,0
121472,1,1,1999,0,0,0,0,0,0,0,0,0,0
121472,2,1,1999,0,0,0,0,0,0,0,0,0,0
121473,0,1,1999,0,0,0,0,0,0,0,0,0,0
121473,1,1,1999,0,0,0,12,0,0,14,0,26,0
121474,1,1,1999,0,3,7,21,0,0,0,0,16,18
121474,2,1,1999,0,0,0,0,0,0,0,0,0,0
121475,1,1,1999,19,19,19,19,19,19,19,19,19,19
121475,2,1,1999,0,0,0,0,0,0,0,0,0,0
121476,1,1,1999,0,0,0,0,0,0,0,0,0,0
121477,0,4,1999,0,0,0,0,0,0,0,0,0,0
121477,1,1,1999,0,0,0,0,0,0,18,13,0,0
121478,1,1,1999,20,20,20,20,20,20,20,20,20,20
121479,1,1,1999,0,0,0,0,0,0,0,0,0,0
121479,2,1,1999,0,0,0,0,0,0,0,0,0,0
121480,1,1,1999,0,0,0,0,0,0,0,0,0,0
121480,2,1,1999,0,0,0,0,0,0,0,0,0,0
121481,1,1,1999,17,17,17,17,17,17,17,17,17,17
121482,1,1,1999,0,0,0,0,0,0,0,0,0,0
121483,1,1,1999,0,0,0,0,0,0,0,0,0,0
121484,1,1,1999,4,0,2,0,0,0,5,0,0,0
121484,2,1,1999,15,15,15,15,15,15,15,15,15,15
121485,1,1,1999,24,24,24,24,24,24,24,24,24,24
121486,1,1,1999,7,7,7,7,7,7,7,7,7,7
121486,2,1,1999,0,0,0,0,0,0,0,0,0,0
121487,1,1,1999,0,0,0,0,0,0,0,0,0,0
121487,2,1,1999,0,0,0,0,0,0,0,0,0,0
121488,1,1,1999,0,0,21,0,0,0,0,8,0,0
121489,0,1,1999,14,14,14,14,14,14,14,14,14,14
121489,1,1,1999,0,0,0,0,0,13,0,0,0,0
121490,1,1,1999,0,13,0,0,0,28,0,0,0,0
121491,1,1,1999,0,0,32,0,0,0,0,15,51,0
121492,1,1,1999,17,17,17,17,17,17,17,17,17,17
121493,1,1,1999,30,30,30,30,30,30,30,30,30,30
121494,1,1,1999,0,0,0,0,0,0,0,0,0,0
121494,2,1,1999,0,0,0,0,0,0,0,0,0,0
121495,1,1,1999,17,17,17,17,17,17,17,17,17,17
121496,1,1,1999,0,0,0,0,0,0,0,0,0,0
121496,2,1,1999,0,0,0,0,0,0,0,0,0,0
121497,1,1,1999,0,0,0,0,0,0,0,0,0,0
121497,2,1,1999,0,0,0,0,0,0,0,0,0,0
121497,3,1,1999,0,0,0,0,0,0,0,17,0,0
121498,1,1,1999,0,0,0,0,0,0,0,0,0,0
121498,2,1,1999,0,0,0,0,0,0,0,0,0,0
121498,3,1,1999,0,0,0,0,0,16,0,0,14,0
121500,1,1,1999,0,0,0,0,0,0,0,0,0,0
121501,1,1,1999,27,27,27,27,27,27,27,27,27,27
121502,1,1,1999,0,0,0,0,0,0,0,0,0,0
121502,2,1,1999,0,0,0,0,0,0,0,0,0,0
121503,1,1,1999,0,0,0,0,0,0,0,0,0,0
121503,2,1,1999,0,0,0,0,0,0,0,0,0,0
121504,0,1,1999,0,0,0,0,0,0,0,0,0,0
121504,1,1,1999,0,0,0,0,0,0,0,0,0,0
121505,1,1,1999,23,23,23,23,23,23,23,23,23,23
121506,1,1,1999,11,11,11,11,11,11,11,11,11,11
121506,2,1,1999,0,0,0,0,0,0,0,0,0,0
121506,3,1,1999,0,0,0,0,0,0,0,0,0,0
121507,1,1,1999,0,0,0,0,0,0,0,0,0,0
121508,1,1,1999,0,0,0,0,0,0,0,0,0,0
121508,2,1,1999,0,0,0,0,0,0,0,0,0,0
121509,0,1,1999,24,24,24,24,24,24,24,24,24,24
121509,1,1,1999,20,20,20,20,20,20,20,20,20,20
121510,1,1,1999,10,10,10,10,10,10,10,10,10,10
121511,1,1,1999,0,0,0,0,0,0,0,0,0,0
121511,2,1,1999,0,0,0,0,0,0,0,0,0,0
121512,0,1,1999,0,0,0,0,0,0,0,0,0,0
121512,1,1,1999,0,0,0,0,0,0,0,0,0,0
121513,0,1,1999,0,0,0,0,12,0,0,0,0,0
121513,1,1,1999,0,0,0,0,0,0,0,0,0,0
121514,1,1,1999,0,0,0,0,0,0,0,0,0,0
121514,2,1,1999,0,0,0,13,0,0,4,0,0,0
121515,1,1,1999,0,0,0,0,0,0,0,5,0,0
121515,2,1,1999,0,0,0,0,0,0,0,0,0,7
121516,1,1,1999,6,24,0,0,2,8,0,0,0,0
121517,1,1,1999,20,20,20,20,20,20,20,20,20,20
121518,1,1,1999,20,20,20,20,20,20,20,20,20,20
121519,1,1,1999,18,18,18,18,18,18,18,18,18,18
121520,1,1,1999,0,0,0,0,0,0,0,0,0,0
121521,1,1,1999,0,0,0,0,0,0,0,0,0,0
121522,0,1,1999,0,0,0,0,0,0,0,0,0,0
121522,1,1,1999,0,0,0,0,0,0,0,0,0,0
121523,1,1,1999,0,0,0,0,0,0,0,0,0,0
121523,2,1,1999,0,0,0,0,0,0,0,0,0,0
121524,1,1,1999,0,0,0,0,0,0,0,0,0,0
121525,1,1,1999,0,0,0,0,0,0,0,0,0,0
121525,2,1,1999,0,0,14,0,0,0,0,0,0,0
121526,1,1,1999,0,0,0,0,0,0,0,0,0,0
121526,2,1,1999,0,0,0,0,0,0,0,6,0,0
121527,1,1,1999,0,0,0,0,0,0,0,0,0,0
121528,0,1,1999,34,34,34,34,34,34,34,34,34,34
121528,1,1,1999,10,10,10,10,10,10,10,10,10,10
121529,1,1,1999,0,0,0,0,0,0,0,0,0,0
121530,1,1,1999,0,0,0,0,0,0,0,0,0,0
121531,1,1,1999,0,0,0,0,0,0,0,0,0,0
121531,2,1,1999,0,0,0,0,0,0,0,0,0,0
121532,1,1,1999,14,14,14,14,14,14,14,14,14,14
121532,2,1,1999,0,0,0,0,0,0,0,0,0,0
121533,1,1,1999,0,0,0,0,0,0,0,0,0,0
121533,2,1,1999,0,0,0,0,0,0,0,0,0,0
121534,1,1,1999,0,0,0,0,0,0,0,0,0,0
121534,2,1,1999,0,0,0,0,0,0,0,0,0,0
121534,3,1,1999,6,6,6,6,6,6,6,6,6,6
121535,1,1,1999,0,0,0,0,0,0,0,0,0,0
121535,2,1,1999,0,0,0,0,0,0,0,0,0,0
121536,1,1,1999,0,0,0,0,0,0,0,0,0,0
121536,2,1,1999,0,0,0,0,0,0,0,0,0,0
121537,0,1,1999,0,0,0,0,0,0,0,0,0,0
121537,1,1,1999,0,0,0,0,0,0,19,0,0,0
121538,1,1,1999,26,26,26,26,26,26,26,26,26,26
121538,2,1,1999,0,0,0,0,0,0,0,0,0,0
121539,1,1,1999,0,0,0,0,0,0,0,0,0,0
121539,2,1,1999,0,0,0,0,0,0,0,0,0,0
121540,1,1,1999,1,1,1,1,1,1,1,1,1,1
121540,2,1,1999,6,6,6,6,6,6,6,6,6,6
121540,3,1,1999,0,0,0,0,0,0,0,0,0,0
121540,4,1,1999,0,0,0,0,0,0,0,0,0,15
121541,1,1,1999,0,0,0,0,0,0,0,0,0,0
121542,0,1,1999,0,0,0,0,0,0,0,0,0,0
121542,1,1,1999,0,0,0,0,0,0,0,0,0,0
121543,0,1,1999,10,10,10,10,10,10,10,10,10,10
121543,1,1,1999,27,0,0,0,0,0,0,0,0,0
121544,1,1,1999,13,13,13,13,13,13,13,13,13,13
121545,1,1,1999,0,0,0,0,0,0,0,0,0,0
121545,2,1,1999,0,10,0,0,0,10,0,0,0,0
121546,0,1,1999,0,0,0,0,0,0,0,0,0,0
121546,1,1,1999,10,10,10,10,10,10,10,10,10,10
121547,0,1,1999,35,35,35,35,35,35,35,35,35,35
121547,1,1,1999,7,0,22,0,0,0,0,0,0,0
121548,1,1,1999,0,0,0,0,0,0,0,0,0,0
121548,2,1,1999,0,0,0,0,0,0,0,0,0,0
121549,1,1,1999,0,0,0,0,0,0,0,0,0,0
121549,2,1,1999,0,0,0,0,0,0,0,0,0,0
121550,0,1,1999,0,0,0,0,0,0,0,9,0,0
121550,1,1,1999,0,0,0,0,0,0,0,0,0,0
121551,1,1,1999,7,7,7,7,7,7,7,7,7,7
121552,1,1,1999,23,23,23,23,23,23,23,23,23,23
121553,1,1,1999,0,3,0,4,0,0,17,0,0,5
121553,2,1,1999,13,13,13,13,13,13,13,13,13,13
121554,1,1,1999,11,11,11,11,11,11,11,11,11,11
121555,1,1,1999,0,0,0,0,0,15,16,25,0,0
121556,1,1,1999,0,0,0,0,0,0,0,0,0,0
121557,0,6,1999,0,25,9,0,16,24,16,36,0,0
121557,1,1,1999,0,0,0,0,0,0,0,0,0,0
121558,1,1,1999,0,0,0,0,0,0,0,0,0,0
121559,1,1,1999,0,0,0,0,0,0,0,0,0,0
121559,2,1,1999,0,0,0,0,0,0,0,0,0,0
121560,1,1,1999,0,0,0,0,0,0,0,0,0,0
121560,2,1,1999,0,0,13,0,0,0,0,0,0,0
121561,0,1,1999,24,24,24,24,24,24,24,24,24,24
121561,1,1,1999,0,0,0,0,0,0,0,0,0,0
121562,0,1,1999,11,11,11,11,11,11,11,11,11,11
121562,1,1,1999,0,0,0,0,19,0,0,0,0,6
121563,1,1,1999,0,0,7,18,0,0,0,25,0,0
121564,1,1,1999,0,0,0,0,0,0,0,0,0,0
121565,1,1,1999,0,0,0,0,0,0,0,0,0,0
121565,2,1,1999,0,0,0,0,0,0,0,0,0,0
121566,0,1,1999,23,23,23,23,23,23,23,23,23,23
121566,1,1,1999,2,0,0,0,20,31,23,38,12,0
121567,1,1,1999,0,0,0,0,0,0,0,0,0,0
121568,1,1,1999,0,0,0,0,0,0,0,0,0,0
121568,2,1,1999,0,0,0,0,0,0,0,0,0,0
121569,1,1,1999,0,0,0,0,0,0,0,0,0,0
121569,2,1,1999,0,0,0,0,0,0,0,0,0,0
121570,1,1,1999,0,0,0,0,0,0,0,0,0,0
121571,0,1,1999,19,19,19,19,19,19,19,19,19,19
121571,1,1,1999,0,0,0,0,0,0,0,0,0,0
121571,2,1,1999,0,0,0,0,0,0,0,12,0,0
121572,1,1,1999,0,0,0,0,0,0,0,0,0,0
121572,2,1,1999,0,0,0,0,0,0,0,0,0,0
121573,1,1,1999,0,0,0,0,0,0,0,0,0,0
121573,2,1,1999,0,0,0,0,0,0,0,0,0,0
121574,1,1,1999,4,4,4,4,4,4,4,4,4,4
121574,2,1,1999,0,0,0,0,0,0,0,0,0,0
121575,1,1,1999,0,0,0,0,0,0,0,0,0,0
121575,2,1,1999,0,0,0,0,0,0,0,0,0,0
121576,1,1,1999,17,17,17,17,17,17,17,17,17,17
121576,2,1,1999,0,0,0,0,0,0,0,0,0,0
121576,3,1,1999,0,0,0,0,0,11,0,0,0,0
121577,1,1,1999,25,0,0,0,0,0,0,0,0,0
121577,2,1,1999,2,2,2,2,2,2,2,2,2,2
121578,0,1,1999,0,0,0,0,0,0,0,0,0,0
121578,1,1,1999,0,0,0,0,0,0,0,5,0,0
121579,1,1,1999,0,0,0,0,0,0,0,0,0,0
121579,2,1,1999,0,0,0,0,0,0,0,0,0,0
121580,1,1,1999,0,0,0,0,0,0,0,0,0,0
121581,1,1,1999,18,18,18,18,18,18,18,18,18,18
121581,2,1,1999,0,0,0,0,0,0,0,0,0,0
121582,0,1,1999,25,19,0,0,14,0,0,0,0,0
121582,1,1,1999,0,0,0,0,0,0,0,0,0,0
121583,1,1,1999,0,11,13,19,0,25,11,0,52,12
121584,1,1,1999,0,0,0,0,0,0,0,0,0,0
121585,1,1,1999,12,12,12,12,12,12,12,12,12,12
121585,2,1,1999,3,3,3,3,3,3,3,3,3,3
121586,1,1,1999,0,0,0,0,0,0,0,0,0,0
121586,2,1,1999,0,0,0,0,7,0,0,0,0,9
121587,1,1,1999,0,0,0,0,0,0,0,0,13,0
121588,0,1,1999,0,0,0,0,0,0,0,0,0,0
121588,1,1,1999,0,0,0,0,0,0,0,0,0,0
121589,1,1,1999,16,16,16,16,16,16,16,16,16,16
121589,2,1,1999,0,0,0,0,0,0,0,0,0,0
121590,0,1,1999,26,26,26,26,26,26,26,26,26,26
121590,1,1,1999,16,0,0,0,0,0,0,0,0,0
121591,1,1,1999,0,0,0,0,0,0,0,0,0,0
121591,2,1,1999,0,0,0,0,0,0,0,0,0,0
121592,1,1,1999,0,0,0,0,0,0,0,0,0,8
121592,2,1,1999,0,0,0,0,0,0,0,0,0,0
121593,1,1,1999,0,0,0,0,0,0,0,0,0,0
121593,2,1,1999,0,0,0,0,0,0,0,0,0,0
121593,3,1,1999,0,0,0,0,0,0,0,0,0,0
121594,1,1,1999,0,0,0,8,0,0,0,0,0,0
121594,2,1,1999,0,8,0,0,0,0,0,0,0,0
121595,1,1,1999,0,0,0,0,0,0,0,0,0,0
121596,1,1,1999,0,0,0,0,0,0,0,0,0,0
121596,2,1,1999,0,0,0,0,0,0,0,0,0,0
121596,3,1,1999,0,0,0,0,0,8,8,0,0,0
121597,1,1,1999,29,29,29,29,29,29,29,29,29,29
121598,1,1,1999,19,19,19,19,19,19,19,19,19,19
121599,1,1,1999,0,0,0,0,0,0,0,0,0,0
121600,1,1,1999,0,0,0,0,3,7,0,13,12,18
121601,1,1,1999,0,0,0,0,0,0,0,0,0,0
121601,2,1,1999,0,0,0,0,0,0,0,8,0,0
121601,3,1,1999,0,0,0,0,6,0,0,0,0,0
121601,4,1,1999,0,0,0,0,0,0,0,0,0,0
121602,1,1,1999,0,0,0,0,0,0,0,0,0,0
121603,1,1,1999,0,0,0,0,0,0,0,0,0,0
121603,2,1,1999,0,0,0,0,0,0,0,0,0,0
121604,1,1,1999,0,0,0,0,0,0,0,0,0,0
121604,2,1,1999,0,0,0,0,0,0,0,0,0,0
121605,0,1,1999,17,17,17,17,17,17,17,17,17,17
121605,1,1,1999,0,0,0,7,0,0,0,0,0,11
121606,0,1,1999,0,0,0,0,0,0,15,0,0,0
121606,1,1,1999,0,0,0,0,0,0,0,0,0,0
121607,0,1,1999,0,0,13,8,11,0,24,0,0,0
121607,1,1,1999,0,0,0,0,0,0,0,0,0,0
121607,2,1,1999,0,0,0,0,0,0,0,0,0,0
121608,0,1,1999,0,0,0,0,0,0,0,0,0,0
121608,1,1,1999,0,0,0,0,0,0,0,0,0,0
121609,1,1,1999,0,0,0,0,0,0,0,0,0,0
121610,1,1,1999,0,0,0,0,0,0,0,0,0,0
121610,2,1,1999,1,1,1,1,1,1,1,1,1,1
121611,1,1,1999,0,0,0,0,0,0,0,0,0,0
121612,1,1,1999,16,16,16,16,16,16,16,16,16,16
121613,1,1,1999,0,0,0,0,0,0,0,0,0,0
121613,2,1,1999,0,0,0,0,0,0,0,0,0,0
121614,1,1,1999,0,8,0,0,0,0,0,0,0,0
121614,2,1,1999,0,0,0,0,0,0,0,0,0,0
121615,1,1,1999,0,10,0,0,0,11,7,11,0,2
121615,2,1,1999,0,0,0,0,0,0,13,0,0,0
121616,1,1,1999,0,0,0,0,0,0,0,0,0,0
121616,2,1,1999,22,0,0,0,0,0,0,0,0,0
121616,3,1,1999,0,0,0,0,0,0,0,0,0,0
121617,1,1,1999,0,0,0,0,0,29,0,0,0,0
121617,2,1,1999,0,0,0,0,0,0,0,0,0,8
121618,1,1,1999,0,0,0,0,0,0,0,0,0,0
121618,2,1,1999,0,0,0,0,0,0,0,0,0,0
121619,1,1,1999,0,0,0,0,0,0,0,0,0,0
121619,2,1,1999,0,0,0,0,0,0,0,0,0,0
121619,3,1,1999,0,0,0,0,0,0,0,0,0,0
121620,1,1,1999,0,12,0,0,0,0,0,0,0,0
121621,0,1,1999,0,0,0,0,0,0,0,0,0,0
121621,1,1,1999,0,0,0,0,0,0,0,0,0,0
121621,2,1,1999,11,0,0,0,0,25,0,0,0,0
121621,3,1,1999,9,0,0,0,0,0,0,0,0,0
121622,1,1,1999,0,0,0,0,0,0,0,0,0,0
121622,2,1,1999,0,0,0,0,0,0,0,0,0,0
121623,1,1,1999,10,10,10,10,10,10,10,10,10,10
121623,2,1,1999,0,0,0,0,0,0,0,0,0,0
121624,1,1,1999,0,0,0,0,0,0,0,0,0,0
121624,2,1,1999,0,0,0,0,0,0,0,0,0,0
121625,1,1,1999,0,0,0,0,7,0,0,0,0,0
121625,2,1,1999,0,0,0,0,0,0,0,0,0,0
121626,1,1,1999,0,0,0,0,0,0,0,0,0,0
121626,2,1,1999,0,0,0,0,0,0,0,0,0,0
121626,3,1,1999,0,0,0,0,0,0,0,0,0,0
121627,1,1,1999,0,0,0,0,0,0,0,0,0,0
121628,1,1,1999,0,0,0,0,0,0,0,0,0,0
121629,1,1,1999,0,0,0,0,0,0,0,0,0,0
121629,2,1,1999,0,0,0,0,0,0,0,0,0,0
121630,1,1,1999,0,0,0,0,0,0,0,0,0,0
121630,2,1,1999,0,0,0,0,0,0,0,0,0,0
121631,1,1,1999,0,0,0,0,0,0,0,0,0,0
121631,2,1,1999,0,0,0,0,0,0,0,6,0,0
121632,1,1,1999,7,0,0,0,13,0,0,0,0,0
121632,2,1,1999,0,25,0,0,0,0,0,0,0,0
121633,1,1,1999,23,23,23,23,23,23,23,23,23,23
121633,2,1,1999,0,0,0,0,0,0,0,0,0,0
121634,1,1,1999,0,0,0,0,0,0,0,0,0,0
121635,1,1,1999,12,12,12,12,12,12,12,12,12,12
121636,1,1,1999,19,19,19,19,19,19,19,19,19,19
121637,0,1,1999,0,0,0,0,0,0,0,0,0,0
121637,1,1,1999,0,0,0,0,0,0,0,0,0,0
121638,1,1,1999,0,0,0,0,0,8,0,0,0,0
121638,2,1,1999,5,5,5,5,5,5,5,5,5,5
121639,0,1,1999,0,0,0,0,0,0,35,0,0,0
121639,1,1,1999,0,0,0,0,0,0,0,0,0,18
121640,1,1,1999,33,0,9,9,16,5,27,11,11,0
121640,2,1,1999,0,0,0,0,0,0,0,0,0,0
121641,1,1,1999,0,0,0,0,0,0,0,0,0,0
121642,1,1,1999,19,19,19,19,19,19,19,19,19,19
121642,2,1,1999,9,9,9,9,9,9,9,9,9,9
121643,1,1,1999,0,0,0,0,0,0,0,0,0,0
121643,2,1,1999,0,0,0,0,0,0,0,0,0,0
121644,1,1,1999,0,0,0,0,0,0,0,0,0,0
121644,2,1,1999,0,0,0,0,0,0,0,0,0,0
121645,1,1,1999,0,0,8,0,0,0,0,17,0,0
121646,0,1,1999,0,0,0,0,0,0,0,9,0,0
121646,1,1,1999,0,0,0,0,0,0,0,0,0,0
121646,2,1,1999,0,0,0,0,0,0,0,0,0,0
121647,0,1,1999,0,0,0,0,0,0,0,0,0,0
121647,1,1,1999,0,0,0,0,0,0,0,0,0,0
121648,1,1,1999,20,0,18,6,0,0,0,6,0,0
121649,1,1,1999,0,0,0,0,0,0,0,0,0,0
121649,2,1,1999,0,0,0,0,0,0,0,0,0,0
121650,0,1,1999,24,9,29,0,18,16,0,0,5,0
121650,1,1,1999,0,0,0,0,0,0,0,0,0,0
121651,1,1,1999,0,0,0,0,0,0,0,0,0,0
121651,2,1,1999,0,0,0,0,0,0,0,0,0,0
121652,1,1,1999,0,0,0,0,0,0,0,0,0,0
121652,2,1,1999,0,0,0,0,0,0,0,0,0,0
121652,3,1,1999,0,0,0,0,0,0,0,0,0,0
121653,1,1,1999,0,0,0,23,0,0,0,23,0,0
121653,2,1,1999,0,0,0,0,0,0,0,0,0,0
121653,3,1,1999,0,0,0,0,0,0,0,0,20,0
121654,1,1,1999,0,0,0,0,0,0,0,0,0,0
121654,2,1,1999,0,0,0,0,0,0,0,0,0,0
121655,1,1,1999,0,0,0,0,0,0,0,0,0,0
121655,2,1,1999,0,0,0,0,0,0,0,0,0,0
121656,1,1,1999,0,0,0,0,0,0,0,13,0,0
121657,1,1,1999,26,26,26,26,26,26,26,26,26,26
121658,1,1,1999,17,17,17,17,17,17,17,17,17,17
121659,1,1,1999,0,0,0,0,0,0,0,0,0,0
121659,2,1,1999,0,0,0,0,0,0,0,0,0,0
121660,1,1,1999,21,0,0,0,0,13,0,0,0,0
121661,1,1,1999,12,12,12,12,12,12,12,12,12,12
121662,1,1,1999,0,0,0,0,0,0,0,0,0,0
121662,2,1,1999,0,0,0,0,0,0,0,0,0,0
121663,1,1,1999,0,0,0,0,0,0,0,0,0,0
121663,2,1,1999,0,0,0,0,0,0,0,0,0,0
121663,3,1,1999,0,0,0,0,0,0,0,23,0,0
121664,1,1,1999,0,0,0,0,0,0,0,0,0,0
121664,2,1,1999,0,0,0,0,0,0,0,0,0,0
121665,0,1,1999,21,21,21,21,21,21,21,21,21,21
121665,1,1,1999,0,0,0,0,0,0,0,0,0,0
121666,1,1,1999,0,0,0,0,0,0,0,0,0,0
121666,2,1,1999,0,0,0,0,0,0,0,0,0,0
121667,1,1,1999,0,0,0,0,0,0,0,0,0,0
121667,2,1,1999,0,0,0,0,0,0,0,0,0,0
121667,3,1,1999,0,0,0,0,0,0,0,0,0,0
121668,1,1,1999,14,14,14,14,14,14,14,14,14,14
121668,2,1,1999,0,0,0,0,0,0,0,0,0,0
121668,3,1,1999,0,0,0,0,0,0,0,0,0,0
121669,1,1,1999,0,0,0,0,0,0,0,0,0,6
121670,1,1,1999,0,0,0,0,0,0,0,0,0,0
121670,2,1,1999,25,25,25,25,25,25,25,25,25,25
121670,3,1,1999,0,0,0,0,0,0,0,0,0,0
121671,0,1,1999,32,32,32,32,32,32,32,32,32,32
121671,1,1,1999,8,0,0,20,5,0,0,0,0,0
121672,1,1,1999,0,0,0,0,0,0,0,0,21,6
121673,1,1,1999,8,8,8,8,8,8,8,8,8,8
121673,2,1,1999,0,0,0,0,0,0,0,0,0,0
121674,1,1,1999,0,0,0,0,0,0,0,0,0,0
121674,2,1,1999,0,0,0,0,0,0,0,22,0,0
121675,0,1,1999,26,0,34,24,0,25,0,26,0,37
121675,1,1,1999,0,0,0,0,0,0,0,0,0,0
121675,2,1,1999,0,0,0,0,0,0,0,0,0,0
121676,0,1,1999,0,0,0,0,0,0,19,0,0,0
121676,1,1,1999,0,0,0,0,0,0,0,0,0,0
121677,1,1,1999,0,0,0,0,0,0,0,0,0,0
121678,1,1,1999,16,16,16,16,16,16,16,16,16,16
121679,1,1,1999,0,0,17,0,0,0,0,0,0,0
121679,2,1,1999,0,0,0,0,0,0,0,0,0,0
121680,1,1,1999,0,0,0,0,0,0,0,0,0,0
121681,1,1,1999,0,0,0,0,0,0,0,0,0,0
121681,2,1,1999,0,0,0,0,9,0,0,0,0,0
121682,1,1,1999,0,0,0,17,0,0,0,0,0,0
121682,2,1,1999,0,0,0,0,0,0,0,0,0,0
121683,1,1,1999,0,0,0,0,0,0,0,0,0,0
121683,2,1,1999,0,0,0,16,0,0,0,0,0,0
121684,0,1,1999,0,0,0,0,0,0,0,0,0,0
121684,1,1,1999,0,0,0,0,0,0,0,0,0,0
121685,1,1,1999,0,0,0,0,0,0,0,0,0,0
121685,2,1,1999,0,0,0,0,0,0,0,0,0,0
121686,1,1,1999,18,0,0,0,0,0,0,0,0,0
121686,2,1,1999,0,0,0,0,0,0,0,0,0,0
121687,1,1,1999,19,19,19,19,19,19,19,19,19,19
121687,2,1,1999,0,0,0,0,0,0,0,0,0,0
121688,1,1,1999,17,17,17,17,17,17,17,17,17,17
121689,1,1,1999,25,25,25,25,25,25,25,25,25,25
121690,0,1,1999,13,13,13,13,13,13,13,13,13,13
121690,1,1,1999,0,0,0,0,0,0,0,0,0,0
121691,1,1,1999,27,27,27,27,27,27,27,27,27,27
121692,0,1,1999,0,0,0,0,0,0,0,0,0,0
121692,1,1,1999,0,0,0,0,0,0,0,0,0,0
121693,0,1,1999,17,7,0,13,0,0,7,0,25,0
121693,1,1,1999,15,0,0,0,0,0,0,0,0,0
121694,1,1,1999,0,0,0,0,0,0,0,0,0,0
121694,2,1,1999,0,0,0,0,0,0,0,0,0,0
121695,1,1,1999,37,37,37,37,37,37,37,37,37,37
121695,2,1,1999,0,0,0,0,0,0,0,0,0,0
121696,1,1,1999,6,6,6,6,6,6,6,6,6,6
121697,1,1,1999,0,0,0,0,0,0,0,0,0,0
121698,1,1,1999,26,15,35,16,0,12,0,0,14,0
121699,1,1,1999,0,0,0,0,0,0,0,0,0,0
121699,2,1,1999,0,0,0,0,0,0,0,0,0,0
121699,3,1,1999,0,0,0,0,0,0,0,0,0,0
121700,1,1,1999,0,0,0,0,0,0,0,0,0,0
121700,2,1,1999,0,0,0,0,0,0,0,0,0,20
121700,3,1,1999,0,0,0,0,0,0,0,0,0,0
121700,4,1,1999,0,0,0,0,0,0,0,0,0,0
121701,1,1,1999,0,0,0,0,0,0,0,0,0,0
121702,1,1,1999,0,0,0,0,0,0,0,0,0,0
121703,1,1,1999,15,15,15,15,15,15,15,15,15,15
121703,2,1,1999,0,0,0,0,0,0,0,0,0,0
121704,1,1,1999,31,31,31,31,31,31,31,31,31,31
121704,2,1,1999,0,0,0,9,16,0,0,0,0,0
121705,1,1,1999,13,13,13,13,13,13,13,13,13,13
121706,1,1,1999,0,0,0,0,0,0,0,0,0,0
121706,2,1,1999,0,0,0,0,0,0,0,0,0,0
121707,1,1,1999,24,24,24,24,24,24,24,24,24,24
121707,2,1,1999,0,0,0,0,0,0,0,0,0,0
121707,3,1,1999,0,0,0,0,0,0,0,0,0,0
121708,0,1,1999,0,0,0,0,4,0,0,0,0,0
121708,1,1,1999,0,0,0,0,0,0,5,0,0,0
121708,2,1,1999,0,0,0,0,0,0,0,0,0,0
121709,1,1,1999,0,0,0,0,0,0,0,0,0,0
121709,2,1,1999,0,0,0,0,0,3,0,0,0,0
121710,1,1,1999,23,23,23,23,23,23,23,23,23,23
121711,0,1,1999,0,0,0,0,0,0,0,0,0,0
121711,1,1,1999,0,0,19,0,0,0,0,0,8,0
121712,1,1,1999,20,20,20,20,20,20,20,20,20,20
121713,0,1,1999,0,0,0,0,0,0,0,0,0,0
121713,1,1,1999,0,0,0,0,0,0,0,0,0,0
121714,1,1,1999,0,0,0,0,0,0,0,0,0,0
121714,2,1,1999,0,0,0,0,0,0,0,0,0,0
121715,1,1,1999,0,0,0,0,0,0,0,0,0,0
121716,1,1,1999,0,0,0,0,0,0,0,0,0,0
121716,2,1,1999,0,0,0,0,0,0,0,0,0,0
121717,1,1,1999,8,8,8,8,8,8,8,8,8,8
121718,0,1,1999,30,30,30,30,30,30,30,30,30,30
121718,1,1,1999,0,0,0,0,0,0,0,0,0,0
121718,2,1,1999,0,0,0,0,0,0,0,0,0,0