ST_CASE,VEH_NO,PER_NO,YEAR,P1,P2,P3,P4,P5,P6,P7,P8,P9,P10
121719,1,1,1999,0,0,0,0,0,0,0,0,0,0
121719,2,1,1999,0,0,0,0,0,0,0,0,0,0
121719,3,1,1999,0,0,0,0,0,0,0,0,0,0
121720,0,1,1999,0,0,0,0,0,0,0,0,0,0
121720,1,1,1999,0,0,0,0,0,0,0,0,0,0
121721,0,1,1999,0,0,0,0,0,0,0,13,0,0
121721,1,1,1999,0,0,0,0,0,0,0,0,0,0
121722,0,1,1999,0,23,25,0,6,0,10,0,0,0
121722,1,1,1999,0,0,0,0,0,0,0,0,0,0
121722,2,1,1999,0,0,0,0,0,0,0,0,0,0
121723,1,1,1999,0,0,29,0,0,0,0,0,0,0
121724,1,1,1999,6,6,6,6,6,6,6,6,6,6
121724,2,1,1999,14,9,0,0,0,0,0,0,0,0
121725,1,1,1999,0,17,0,0,0,0,0,0,0,0
121726,1,1,1999,26,26,26,26,26,26,26,26,26,26
121727,1,1,1999,0,0,0,0,0,0,0,0,0,0
121727,2,1,1999,0,0,0,0,0,0,0,0,0,0
121727,3,1,1999,0,0,0,0,0,0,0,0,0,0
121728,1,1,1999,13,13,13,13,13,13,13,13,13,13
121728,2,1,1999,0,0,0,0,0,0,0,0,0,0
121729,1,1,1999,24,24,24,24,24,24,24,24,24,24
121730,1,1,1999,0,0,0,0,0,0,0,0,0,0
121730,2,1,1999,0,0,0,0,0,0,0,0,0,0
121730,3,1,1999,0,0,0,0,0,0,0,0,0,0
121731,1,1,1999,0,0,0,0,0,0,0,0,0,0
121732,0,1,1999,23,23,23,23,23,23,23,23,23,23
121732,1,1,1999,0,0,0,0,0,0,0,10,0,0
121733,1,1,1999,0,0,0,0,0,0,0,0,0,0
121733,2,1,1999,0,0,0,0,0,0,0,0,0,0
121733,3,1,1999,0,0,25,0,0,0,0,0,0,0
121734,1,1,1999,0,0,0,0,0,0,0,0,0,0
121734,2,1,1999,0,0,0,0,0,0,0,0,0,0
121735,1,1,1999,0,0,0,0,0,0,0,0,0,0
121735,2,1,1999,0,0,0,0,0,0,0,0,0,0
121735,3,1,1999,0,0,0,0,0,0,0,10,0,0
121736,1,1,1999,0,0,0,0,0,0,0,0,0,0
121736,2,1,1999,0,0,0,0,0,0,0,0,0,0
121737,1,1,1999,0,0,0,0,0,0,19,0,41,0
121738,1,1,1999,0,6,0,0,0,0,0,0,0,0
121738,2,1,1999,0,0,0,0,0,0,0,0,0,0
121738,3,1,1999,0,0,12,0,0,0,0,0,0,0
121739,1,1,1999,0,0,0,0,0,0,0,0,0,0
121739,2,1,1999,0,0,0,0,0,0,0,0,0,0
121740,0,1,1999,0,0,0,0,0,0,0,0,0,0
121740,1,1,1999,0,0,0,0,0,0,0,0,0,0
121741,1,1,1999,18,18,18,18,18,18,18,18,18,18
121742,1,1,1999,0,0,0,0,16,0,0,0,0,0
121742,2,1,1999,0,0,0,5,0,0,0,0,0,0
121743,1,1,1999,12,12,12,12,12,12,12,12,12,12
121744,1,1,1999,0,0,0,0,0,0,0,0,0,0
121744,2,1,1999,0,0,0,0,0,0,0,0,0,0
121746,0,1,1999,0,0,0,0,0,0,0,0,0,0
121746,1,1,1999,0,0,0,0,0,0,0,0,0,0
121747,1,1,1999,0,0,0,8,0,0,0,0,9,0
121748,1,1,1999,11,11,11,11,11,11,11,11,11,11
121749,1,1,1999,0,0,0,0,0,0,0,0,0,0
121749,2,1,1999,0,0,0,0,0,0,0,0,0,0
121750,1,1,1999,0,0,0,0,0,0,0,0,0,0
121751,1,1,1999,0,0,0,0,0,0,0,0,0,0
121751,2,1,1999,0,0,0,0,0,0,0,0,0,0
121752,1,1,1999,0,0,0,0,0,0,0,0,0,0
121752,2,1,1999,0,0,0,0,0,0,0,0,0,0
121753,1,1,1999,0,0,0,0,0,0,0,0,0,0
121753,2,1,1999,0,0,0,0,0,0,0,0,0,0
121754,1,1,1999,0,0,0,0,0,0,0,0,0,9
121754,2,1,1999,0,0,0,0,0,0,0,0,0,0
121755,1,1,1999,0,0,0,0,0,0,0,0,0,0
121755,2,1,1999,0,0,0,0,0,0,0,0,0,0
121756,1,1,1999,0,0,0,0,0,0,0,0,0,0
121756,2,1,1999,0,0,0,0,0,0,0,0,0,0
121757,0,1,1999,0,10,31,24,13,7,22,0,0,19
121757,1,1,1999,3,3,3,3,3,3,3,3,3,3
121757,2,1,1999,0,0,0,0,0,0,0,0,0,0
121758,1,1,1999,0,0,20,0,0,0,0,16,0,0
121758,2,1,1999,0,0,0,0,0,0,0,0,11,0
121759,1,1,1999,0,0,0,0,0,0,0,0,0,0
121759,2,1,1999,0,0,0,0,0,0,0,0,0,0
121760,1,1,1999,0,0,0,0,0,0,0,0,0,0
121761,1,1,1999,0,0,0,0,0,0,0,0,0,0
121762,1,1,1999,11,0,0,0,0,0,0,0,0,0
121762,2,1,1999,0,0,0,0,0,0,0,0,0,0
121762,3,1,1999,0,0,0,0,0,0,0,0,0,0
121762,4,1,1999,0,0,0,0,13,0,0,0,0,31
121763,1,1,1999,28,28,28,28,28,28,28,28,28,28
121764,1,1,1999,0,0,0,0,0,0,0,0,0,15
121764,2,1,1999,0,0,0,0,0,0,0,0,0,0
121765,1,1,1999,5,17,0,0,9,0,9,0,0,6
121766,0,1,1999,0,0,0,0,0,0,0,0,0,0
121766,1,1,1999,0,0,0,0,0,0,0,0,0,0
121766,2,1,1999,0,0,0,0,0,0,0,0,0,0
121767,1,1,1999,0,0,0,0,0,0,0,0,0,0
121767,2,1,1999,0,0,0,0,0,0,0,0,0,0
121767,3,1,1999,0,0,0,0,0,0,0,0,0,0
121768,1,1,1999,0,12,0,0,0,0,0,0,0,0
121768,2,2,1999,0,0,0,0,0,0,0,0,7,0
121769,0,1,1999,0,0,0,0,0,0,0,0,0,0
121769,1,1,1999,0,0,0,0,0,0,15,0,0,0
121770,0,1,1999,0,0,0,0,0,0,0,0,0,0
121770,1,1,1999,0,0,0,0,0,0,0,0,0,0
121771,0,1,1999,0,0,0,0,0,0,0,0,0,0
121771,1,1,1999,0,15,0,0,0,0,0,0,0,0
121772,0,1,1999,27,27,27,27,27,27,27,27,27,27
121772,1,1,1999,0,0,0,0,0,0,0,0,0,0
121773,1,1,1999,0,0,0,0,28,0,0,0,0,0
121773,2,1,1999,15,15,15,15,15,15,15,15,15,15
121774,1,1,1999,0,14,0,4,33,0,15,0,0,0
121775,1,1,1999,14,14,14,14,14,14,14,14,14,14
121776,1,1,1999,0,0,0,0,0,0,0,0,0,0
121776,2,1,1999,0,0,0,0,0,0,0,0,0,0
121777,1,1,1999,0,0,0,0,0,0,0,0,0,0
121777,2,1,1999,0,0,0,0,0,0,0,0,0,0
121778,1,1,1999,0,0,8,0,0,27,35,0,0,0
121779,1,1,1999,15,15,15,15,15,15,15,15,15,15
121780,1,1,1999,14,14,14,14,14,14,14,14,14,14
121781,0,1,1999,0,0,0,0,0,0,0,0,0,0
121781,1,1,1999,0,0,0,0,0,0,0,0,0,0
121782,0,1,1999,16,18,0,18,0,0,0,0,0,0
121782,1,1,1999,0,0,0,0,0,0,0,0,0,0
121783,1,1,1999,11,11,11,11,11,11,11,11,11,11
121784,1,1,1999,5,0,0,0,0,0,0,0,0,0
121785,0,1,1999,22,22,22,22,22,22,22,22,22,22
121785,1,1,1999,20,18,21,8,14,13,6,19,0,0
121786,0,1,1999,0,25,0,0,0,0,0,9,30,0
121786,1,1,1999,0,0,0,0,0,0,0,0,0,0
121786,2,1,1999,0,0,0,0,17,0,0,0,0,0
121787,0,1,1999,8,8,8,8,8,8,8,8,8,8
121787,1,1,1999,0,0,0,0,0,0,0,0,0,0
121788,1,1,1999,0,18,0,0,0,0,0,0,0,0
121788,2,1,1999,0,0,0,26,0,0,0,0,0,0
121789,1,1,1999,0,0,0,0,0,0,4,0,10,0
121789,2,1,1999,0,0,0,0,0,0,0,0,0,0
121790,1,1,1999,0,0,0,0,46,0,0,0,0,0
121790,2,1,1999,0,0,0,0,0,0,0,0,0,0
121791,0,1,1999,0,0,0,0,0,2,22,0,0,0
121791,1,1,1999,0,0,0,0,0,0,0,0,0,0
121792,1,1,1999,0,0,0,0,0,0,0,0,0,0
121792,2,1,1999,0,0,0,0,0,0,0,0,0,0
121793,1,1,1999,5,5,5,5,5,5,5,5,5,5
121794,0,1,1999,0,7,2,0,0,0,0,0,0,0
121794,1,1,1999,0,0,0,0,0,13,0,0,0,0
121795,1,1,1999,0,0,0,0,0,0,0,0,0,0
121795,2,1,1999,0,0,0,0,0,0,29,0,0,0
121796,0,1,1999,0,0,0,0,0,0,0,0,0,0
121796,1,1,1999,0,0,0,0,0,0,0,0,0,0
121797,1,1,1999,0,19,0,0,0,26,15,13,0,9
121797,2,1,1999,0,0,0,0,0,0,3,0,0,0
121798,1,1,1999,0,0,0,0,0,0,0,0,0,0
121798,2,1,1999,0,0,0,0,0,0,0,0,0,0
121799,1,1,1999,0,0,0,0,16,0,12,0,20,14
121799,2,1,1999,0,0,0,0,0,0,0,0,0,0
121800,1,1,1999,0,0,0,3,0,0,0,0,0,0
121801,0,1,1999,0,0,0,0,0,0,0,0,0,0
121801,1,1,1999,0,0,0,0,0,0,0,0,0,0
121802,1,1,1999,16,16,16,16,16,16,16,16,16,16
121803,1,1,1999,13,13,13,13,13,13,13,13,13,13
121804,1,1,1999,15,15,15,15,15,15,15,15,15,15
121804,2,1,1999,4,4,4,4,4,4,4,4,4,4
121804,3,1,1999,26,26,26,26,26,26,26,26,26,26
121805,0,1,1999,23,23,23,23,23,23,23,23,23,23
121805,1,1,1999,0,0,0,0,0,0,0,6,0,0
121806,1,1,1999,22,22,22,22,22,22,22,22,22,22
121807,0,1,1999,0,17,22,0,25,5,32,13,0,17
121807,1,1,1999,0,0,15,0,0,5,0,5,22,0
121808,1,1,1999,0,0,0,0,0,0,0,0,0,0
121809,0,1,1999,0,0,0,0,0,0,0,0,0,0
121809,1,1,1999,6,0,0,0,0,0,0,0,0,0
121809,2,1,1999,0,0,0,0,0,0,0,0,0,0
121810,1,1,1999,24,24,24,24,24,24,24,24,24,24
121811,1,1,1999,5,0,0,0,0,0,0,0,0,0
121812,1,1,1999,0,0,0,0,0,0,0,0,0,0
121813,1,1,1999,0,0,0,0,0,25,0,0,0,0
121814,1,1,1999,0,0,0,0,0,0,0,0,0,0
121814,2,1,1999,0,0,0,0,0,0,0,0,0,0
121815,1,1,1999,7,7,7,7,7,7,7,7,7,7
121815,2,1,1999,0,0,0,0,0,0,0,0,0,0
121816,1,1,1999,0,0,0,0,0,0,0,0,0,0
121816,2,1,1999,0,0,0,0,0,0,0,0,0,0
121817,1,1,1999,0,0,0,0,0,0,0,0,0,0
121818,0,1,1999,0,0,0,0,0,0,0,0,0,0
121818,1,1,1999,0,0,0,0,0,0,0,0,0,0
121819,1,1,1999,0,0,0,0,0,0,0,0,0,0
121820,0,1,1999,0,0,0,0,0,0,0,0,0,0
121820,0,2,1999,0,0,32,0,0,0,0,0,0,0
121820,1,1,1999,0,0,0,0,0,0,0,0,0,0
121821,1,1,1999,0,0,0,0,0,0,0,0,0,0
121821,2,1,1999,0,24,0,0,0,0,0,0,0,0
121822,1,1,1999,0,0,0,0,0,0,0,0,0,0
121822,2,1,1999,0,0,0,0,0,0,0,0,0,0
121823,1,1,1999,0,0,0,0,0,0,0,0,0,0
121824,0,1,1999,35,35,35,35,35,35,35,35,35,35
121824,1,1,1999,16,44,19,22,25,0,25,13,22,32
121825,0,1,1999,0,0,0,0,0,0,0,6,0,30
121825,1,1,1999,18,18,18,18,18,18,18,18,18,18
121826,1,1,1999,8,8,8,8,8,8,8,8,8,8
121827,0,1,1999,8,35,34,14,17,16,8,0,0,12
121827,1,1,1999,15,15,15,15,15,15,15,15,15,15
121828,1,1,1999,0,0,0,0,0,0,0,0,0,0
121829,0,1,1999,0,18,26,0,0,10,2,11,0,16
121829,0,2,1999,40,11,21,8,0,48,0,10,0,9
121829,0,3,1999,16,14,22,5,2,0,18,0,0,0
121829,1,1,1999,23,23,23,23,23,23,23,23,23,23
121830,1,1,1999,0,0,0,0,0,0,36,0,6,0
121830,2,1,1999,0,0,0,0,0,0,0,0,0,0
121831,1,1,1999,0,0,0,0,0,0,0,0,0,0
121831,2,1,1999,0,0,0,0,8,0,0,0,0,0
121832,0,1,1999,0,0,0,0,0,0,0,0,0,0
121832,1,1,1999,0,0,0,8,0,0,0,0,0,0
121833,1,1,1999,9,9,9,9,9,9,9,9,9,9
121834,1,1,1999,7,7,7,7,7,7,7,7,7,7
121834,2,1,1999,0,0,0,0,0,0,0,0,0,0
121835,1,1,1999,0,0,0,0,0,0,0,0,0,0
121835,2,1,1999,0,0,0,0,0,0,0,0,0,0
121835,3,1,1999,0,0,0,0,0,0,0,0,0,0
121836,0,1,1999,4,4,4,4,4,4,4,4,4,4
121836,1,1,1999,0,0,0,0,0,0,0,0,0,0
121837,1,1,1999,0,0,0,0,0,0,0,0,0,0
121838,1,1,1999,0,0,0,0,0,0,0,0,0,0
121838,2,1,1999,0,0,0,0,0,0,0,0,0,0
121838,3,1,1999,0,0,0,0,0,0,0,0,0,0
121839,0,1,1999,15,32,11,0,32,15,0,0,0,28
121839,1,1,1999,0,0,0,0,0,0,0,0,0,0
121840,1,1,1999,0,0,0,0,11,0,0,0,0,0
121841,1,1,1999,0,0,0,0,0,0,0,0,0,0
121842,1,1,1999,0,0,0,0,0,0,0,0,0,0
121842,2,1,1999,0,0,0,0,0,0,0,0,0,0
121843,1,1,1999,0,0,0,0,0,0,0,0,0,0
121843,2,1,1999,0,0,0,0,0,0,0,0,0,0
121844,1,1,1999,0,0,0,0,0,0,0,0,0,0
121844,2,1,1999,0,0,0,0,0,0,0,0,0,0
121845,1,1,1999,10,21,8,18,10,22,14,0,21,22
121846,1,1,1999,0,21,0,0,0,0,0,0,0,0
121847,1,1,1999,0,0,0,0,0,0,0,0,0,0
121848,0,1,1999,0,0,0,0,0,0,0,0,0,0
121848,1,1,1999,0,0,0,0,0,0,0,0,0,0
121849,0,1,1999,0,0,17,37,25,22,15,0,0,0
121849,1,1,1999,0,0,0,0,0,0,0,0,0,0
121850,1,1,1999,0,0,0,0,0,0,0,0,0,0
121851,0,1,1999,0,0,0,7,21,0,0,32,0,0
121851,1,1,1999,0,0,0,0,0,0,0,0,0,0
121852,1,1,1999,26,26,26,26,26,26,26,26,26,26
121853,0,1,1999,0,0,0,0,0,0,56,0,0,0
121853,1,1,1999,0,0,0,0,0,0,0,0,0,0
121854,1,1,1999,0,0,0,0,8,0,0,0,0,0
121854,2,1,1999,0,0,0,0,0,0,0,0,0,0
121855,1,1,1999,0,0,0,0,0,0,0,0,0,0
121856,0,1,1999,13,13,13,13,13,13,13,13,13,13
121856,1,1,1999,0,0,0,0,0,0,0,0,0,0
121857,1,1,1999,31,29,12,0,20,23,0,28,0,16
121858,1,1,1999,0,0,13,32,0,18,10,19,24,11
121859,1,1,1999,0,0,0,0,0,0,0,0,0,0
121860,1,1,1999,0,0,0,0,0,0,0,0,0,8
121860,2,1,1999,0,0,0,0,0,0,0,0,0,0
121861,0,1,1999,0,0,0,0,0,0,0,0,0,0
121861,1,1,1999,0,0,0,0,0,0,0,0,0,0
121862,0,1,1999,0,0,0,0,0,0,0,0,0,0
121862,1,1,1999,0,0,0,0,0,0,0,0,0,16
121863,0,1,1999,0,0,0,0,0,0,0,15,0,0
121864,1,1,1999,0,0,0,0,0,0,0,0,0,0
121864,2,1,1999,0,0,0,0,0,0,0,0,0,0
121865,0,1,1999,0,18,0,0,0,0,0,0,0,0
121865,1,1,1999,0,0,0,0,0,0,0,0,0,0
121865,2,1,1999,0,0,0,0,0,0,0,0,0,0
121865,3,1,1999,0,0,0,0,0,0,0,0,0,0
121866,1,1,1999,0,0,18,11,0,0,0,0,0,0
121867,1,1,1999,0,0,16,0,19,17,0,0,0,0
121868,1,1,1999,0,0,0,0,0,0,0,0,0,0
121869,1,1,1999,0,0,0,22,0,0,0,0,0,0
121870,1,1,1999,0,12,0,13,22,0,0,16,18,0
121871,0,1,1999,10,5,0,0,22,0,0,0,0,0
121871,1,1,1999,0,0,12,0,0,0,0,27,0,0
121872,0,1,1999,0,0,0,0,0,0,0,0,0,0
121872,1,1,1999,0,0,0,0,0,0,0,0,0,0
121873,1,1,1999,0,0,0,0,0,0,0,0,0,0
121874,1,1,1999,2,2,2,2,2,2,2,2,2,2
121875,1,1,1999,0,0,0,0,0,0,0,0,0,0
121875,2,1,1999,2,0,0,0,0,0,0,0,0,0
121876,1,1,1999,0,0,0,17,0,0,0,0,0,10
121876,2,1,1999,19,12,0,0,0,0,0,0,0,0
121877,1,1,1999,14,14,14,14,14,14,14,14,14,14
121877,2,1,1999,0,0,0,0,0,0,0,0,0,0
121878,1,1,1999,0,0,0,0,0,0,0,0,0,0
121878,2,1,1999,0,0,0,0,0,0,0,0,0,0
121879,1,1,1999,21,21,21,21,21,21,21,21,21,21
121880,0,1,1999,0,0,0,0,0,0,0,0,0,0
121880,1,1,1999,0,0,0,0,0,0,0,0,0,0
121880,2,1,1999,0,0,0,0,0,0,0,0,0,0
121880,3,1,1999,0,0,0,0,17,0,0,0,0,0
121880,4,1,1999,0,0,0,0,0,0,0,0,0,0
121881,0,1,1999,0,0,0,0,0,0,0,0,0,0
121881,1,1,1999,0,0,0,0,0,0,0,0,0,0
121882,1,1,1999,4,4,4,4,4,4,4,4,4,4
121883,1,1,1999,0,0,0,0,0,0,0,0,0,0
121883,2,1,1999,0,0,0,0,0,0,0,0,0,0
121884,0,1,1999,0,12,0,0,0,0,0,0,0,0
121884,1,1,1999,0,0,20,0,0,0,0,0,0,0
121885,1,1,1999,18,18,18,18,18,18,18,18,18,18
121886,1,1,1999,21,21,21,21,21,21,21,21,21,21
121887,1,1,1999,6,6,6,6,6,6,6,6,6,6
121887,2,1,1999,0,0,0,0,0,0,0,0,0,0
121888,1,1,1999,0,0,0,0,0,0,0,0,0,0
121888,2,1,1999,0,0,0,0,0,0,0,4,0,0
121888,3,1,1999,0,0,0,0,0,0,0,0,0,0
121889,1,1,1999,0,0,0,0,0,0,0,0,0,0
121890,1,1,1999,32,32,32,32,32,32,32,32,32,32
121890,2,1,1999,0,0,0,0,0,0,0,0,0,0
121891,1,1,1999,23,23,23,23,23,23,23,23,23,23
121891,2,1,1999,14,0,21,0,26,13,3,20,7,15
121891,3,1,1999,0,0,0,0,0,0,13,12,12,0
121892,1,1,1999,10,10,10,10,10,10,10,10,10,10
121893,0,1,1999,20,20,20,20,20,20,20,20,20,20
121893,0,2,1999,0,16,18,14,39,5,12,15,33,14
121893,1,1,1999,0,0,0,0,0,0,0,0,0,0
121894,1,1,1999,0,0,0,0,0,0,0,0,0,0
121894,2,1,1999,0,0,0,0,0,0,0,0,0,0
121894,3,1,1999,0,0,0,0,0,0,0,0,0,2
121894,4,1,1999,0,0,0,0,0,0,0,0,0,0
121895,1,1,1999,0,0,0,0,0,0,0,0,0,0
121896,1,1,1999,27,27,27,27,27,27,27,27,27,27
121897,1,1,1999,11,11,11,11,11,11,11,11,11,11
121898,1,1,1999,0,0,0,0,0,0,0,0,0,0
121899,1,1,1999,18,18,18,18,18,18,18,18,18,18
121900,1,1,1999,20,20,20,20,20,20,20,20,20,20
121901,1,1,1999,25,25,25,25,25,25,25,25,25,25
121902,0,1,1999,1,1,1,1,1,1,1,1,1,1
121902,1,1,1999,26,26,26,26,26,26,26,26,26,26
121903,1,1,1999,0,0,0,0,0,0,0,0,0,0
121903,2,1,1999,0,0,0,0,0,0,0,0,0,0
121904,1,1,1999,0,0,0,0,0,0,0,0,0,0
121904,2,1,1999,0,0,0,0,0,0,0,0,0,0
121905,1,1,1999,0,0,0,0,0,0,0,0,0,0
121905,2,1,1999,0,0,0,0,0,0,0,0,0,0
121906,0,1,1999,26,26,26,26,26,26,26,26,26,26
121906,1,1,1999,0,0,0,0,0,0,0,0,0,0
121907,0,1,1999,0,0,0,0,0,0,0,0,0,0
121907,1,1,1999,0,0,0,0,0,0,0,0,0,0
121908,1,1,1999,0,0,0,0,0,0,0,0,0,0
121908,2,1,1999,0,0,0,0,0,0,0,0,0,0
121908,3,1,1999,0,0,0,0,0,0,0,0,0,0
121908,4,1,1999,0,16,0,0,0,0,0,0,0,0
121908,5,1,1999,0,0,0,0,0,0,0,0,0,0
121908,6,1,1999,0,6,0,0,0,0,0,0,0,0
121908,7,1,1999,0,0,0,0,0,0,0,0,0,0
121908,8,1,1999,0,0,0,0,0,0,0,0,8,0
121909,0,1,1999,0,0,0,0,22,25,0,21,0,24
121909,1,1,1999,0,0,0,0,0,0,0,0,0,0
121909,2,1,1999,0,0,0,0,14,0,0,0,0,0
121910,0,1,1999,28,33,0,25,28,14,0,27,19,0
121910,1,1,1999,0,0,0,0,0,0,0,0,0,0
121911,0,1,1999,0,0,0,0,0,0,0,0,0,0
121911,1,1,1999,9,0,0,0,0,0,13,0,0,0
121912,0,1,1999,16,16,16,16,16,16,16,16,16,16
121912,1,1,1999,0,0,0,0,0,0,0,0,0,0
121913,1,1,1999,23,23,23,23,23,23,23,23,23,23
121914,1,1,1999,0,0,0,0,0,0,0,0,0,0
121915,1,1,1999,0,0,0,0,0,0,17,0,0,0
121915,2,1,1999,0,0,0,0,0,0,0,0,0,0
121916,1,1,1999,0,0,0,0,0,0,0,0,0,0
121916,2,1,1999,0,0,0,0,0,0,0,0,0,0
121917,0,1,1999,39,39,39,39,39,39,39,39,39,39
121917,1,1,1999,0,0,0,0,0,0,0,0,0,0
121918,1,1,1999,0,0,0,0,0,0,0,0,0,0
121918,2,1,1999,0,0,0,0,0,0,0,0,0,0
121919,1,1,1999,0,0,0,0,0,0,0,0,0,0
121920,1,1,1999,0,0,0,0,0,0,0,0,0,0
121920,2,1,1999,0,0,0,0,0,0,0,0,24,0
121921,1,1,1999,0,0,0,0,0,15,0,0,0,0
121921,2,1,1999,0,0,0,0,0,0,0,0,0,0
121922,1,1,1999,8,8,8,8,8,8,8,8,8,8
121922,2,1,1999,0,0,0,0,0,0,0,0,0,0
121922,3,1,1999,0,0,0,0,0,0,0,0,0,0
121923,1,1,1999,0,0,0,0,0,0,0,0,0,0
121923,2,1,1999,0,0,0,0,0,0,0,0,0,0
121924,0,1,1999,0,33,0,0,0,0,0,0,23,0
121924,1,1,1999,0,0,0,0,0,0,0,0,0,0
121925,0,1,1999,12,12,12,12,12,12,12,12,12,12
121925,1,1,1999,0,0,0,0,0,0,0,0,0,0
121926,1,1,1999,0,0,0,0,0,0,0,0,0,0
121926,2,1,1999,4,4,4,4,4,4,4,4,4,4
121927,1,1,1999,0,0,0,0,0,0,0,0,0,0
121927,2,1,1999,0,0,0,0,0,0,0,0,0,0
121928,1,1,1999,0,0,0,0,0,0,0,0,0,0
121928,2,1,1999,0,0,0,0,0,0,0,0,0,0
121928,3,1,1999,0,0,0,0,0,0,0,0,0,0
121929,0,1,1999,16,41,27,34,0,22,19,31,0,20
121929,1,1,1999,0,0,0,0,7,0,0,27,7,0
121930,1,1,1999,0,0,0,0,0,0,0,0,0,3
121930,2,1,1999,0,0,0,0,0,0,0,0,12,0
121931,0,1,1999,0,0,0,0,0,0,0,0,0,0
121931,1,1,1999,0,0,0,0,3,0,0,0,0,0
121932,1,1,1999,16,16,16,16,16,16,16,16,16,16
121933,0,1,1999,0,0,0,0,0,0,0,0,0,0
121933,1,1,1999,0,0,0,0,0,0,0,0,0,0
121934,1,1,1999,0,0,0,0,0,0,0,0,0,0
121935,1,1,1999,0,0,0,0,0,0,0,0,0,0
121935,2,1,1999,0,0,0,0,0,0,0,0,0,0
121936,1,1,1999,9,9,9,9,9,9,9,9,9,9
121937,1,1,1999,0,0,0,0,0,0,0,0,0,0
121937,2,1,1999,0,0,0,0,0,0,0,0,0,0
121938,1,1,1999,0,0,12,17,0,24,19,16,0,0
121938,2,1,1999,0,0,0,0,16,0,33,0,0,0
121939,1,1,1999,0,0,0,0,0,0,0,0,0,0
121940,1,1,1999,0,0,0,0,0,0,0,0,0,16
121941,1,1,1999,20,20,20,20,20,20,20,20,20,20
121942,1,1,1999,16,16,16,16,16,16,16,16,16,16
121943,1,1,1999,25,25,25,25,25,25,25,25,25,25
121943,2,1,1999,0,0,0,0,0,0,0,0,0,0
121944,1,1,1999,0,4,0,0,0,0,0,0,0,0
121945,1,1,1999,6,6,6,6,6,6,6,6,6,6
121946,0,1,1999,26,26,26,26,26,26,26,26,26,26
121946,1,1,1999,0,0,0,0,0,0,0,0,0,0
121947,1,1,1999,31,31,31,31,31,31,31,31,31,31
121947,2,1,1999,0,0,0,0,0,0,0,0,0,0
121948,0,1,1999,26,26,26,26,26,26,26,26,26,26
121948,2,1,1999,0,0,0,0,0,0,0,0,0,0
121949,0,1,1999,38,38,38,38,38,38,38,38,38,38
121949,1,1,1999,0,0,0,0,0,0,0,0,0,7
121950,1,1,1999,0,0,0,0,0,0,0,0,0,0
121951,0,1,1999,46,46,46,46,46,46,46,46,46,46
121951,1,1,1999,13,13,13,13,13,13,13,13,13,13
121952,1,1,1999,25,25,25,25,25,25,25,25,25,25
121953,1,1,1999,34,34,34,34,34,34,34,34,34,34
121953,2,1,1999,0,0,0,0,0,0,0,0,0,0
121954,1,1,1999,21,21,21,21,21,21,21,21,21,21
121955,1,1,1999,0,0,0,0,12,0,0,0,0,0
121955,2,1,1999,0,0,0,0,0,0,0,0,0,0
121956,1,1,1999,0,0,0,12,0,0,0,0,0,0
121956,2,1,1999,0,0,0,0,0,0,0,0,0,0
121957,1,1,1999,0,3,14,0,11,0,0,0,0,8
121957,2,1,1999,0,0,0,0,0,0,5,0,0,0
121958,1,1,1999,0,0,0,0,0,0,0,0,0,0
121958,2,1,1999,0,0,0,0,0,0,0,0,0,0
121958,3,1,1999,0,0,0,0,0,0,0,0,0,0
121959,1,1,1999,28,28,28,28,28,28,28,28,28,28
121959,2,1,1999,0,0,0,0,0,8,0,0,0,0
121960,1,1,1999,0,0,0,0,0,0,0,0,0,0
121961,0,1,1999,18,18,18,18,18,18,18,18,18,18
121961,1,1,1999,0,0,0,0,0,0,0,0,0,0
121962,1,1,1999,0,0,0,0,0,0,0,0,0,0
121962,2,1,1999,0,0,0,0,0,0,0,0,0,0
121963,1,1,1999,0,0,0,0,0,0,0,0,0,0
121963,2,1,1999,3,3,3,3,3,3,3,3,3,3
121964,1,1,1999,0,0,0,0,0,0,0,0,0,0
121964,2,1,1999,0,0,0,0,0,0,0,0,0,0
121964,3,1,1999,0,0,0,0,0,0,0,0,0,0
121964,4,1,1999,0,0,0,0,0,0,0,0,0,0
121965,1,1,1999,0,0,0,0,0,0,0,0,0,0
121966,1,1,1999,0,0,0,0,0,0,0,0,0,0
121966,2,1,1999,23,23,23,23,23,23,23,23,23,23
121966,3,1,1999,0,0,0,0,0,0,0,0,0,0
121967,1,1,1999,0,0,0,0,0,0,0,0,0,0
121967,2,1,1999,0,0,0,0,0,0,0,0,0,0
121968,1,1,1999,13,13,13,13,13,13,13,13,13,13
121968,2,1,1999,0,0,0,0,0,0,0,0,0,0
121968,3,1,1999,0,0,0,0,0,0,0,0,0,0
121969,1,1,1999,0,0,0,0,0,0,0,0,0,0
121970,1,1,1999,19,19,19,19,19,19,19,19,19,19
121970,2,1,1999,0,0,0,0,0,0,0,0,0,0
121971,0,1,1999,0,0,0,0,0,0,0,0,0,0
121971,1,1,1999,0,0,0,0,0,0,0,0,0,0
121972,0,1,1999,16,16,16,16,16,16,16,16,16,16
121972,1,1,1999,0,0,0,0,0,0,0,0,0,0
121973,1,1,1999,0,0,0,0,0,0,0,0,0,0
121974,1,1,1999,0,0,0,0,0,0,0,0,0,0