ST_CASE,VEH_NO,PER_NO,YEAR,P1,P2,P3,P4,P5,P6,P7,P8,P9,P10
121974,2,1,1999,0,0,0,0,0,0,0,0,0,0
121975,1,1,1999,0,0,0,0,0,0,0,0,0,0
121975,2,1,1999,0,0,0,0,0,0,0,0,0,0
121976,0,1,1999,28,0,10,0,16,0,0,42,0,0
121976,1,1,1999,0,0,0,0,0,0,0,0,25,0
121977,1,1,1999,0,0,0,37,13,0,9,0,28,0
121978,1,1,1999,20,20,20,20,20,20,20,20,20,20
121979,0,1,1999,25,28,19,24,18,20,0,22,0,20
121979,1,1,1999,0,0,0,0,0,0,0,0,0,0
121979,2,1,1999,0,0,0,0,0,0,0,0,0,0
121980,0,1,1999,0,0,0,0,0,26,14,0,34,0
121980,1,1,1999,0,0,0,0,0,0,0,0,0,0
121981,1,1,1999,0,0,0,0,0,0,0,0,0,0
121981,2,1,1999,0,0,0,0,0,0,0,0,0,0
121981,3,1,1999,0,0,0,0,0,0,0,0,0,0
121981,4,1,1999,0,17,0,0,0,0,0,0,0,0
121982,1,1,1999,0,0,0,0,0,0,0,0,0,0
121982,2,1,1999,0,0,0,0,0,0,0,0,0,0
121983,1,1,1999,12,12,12,12,12,12,12,12,12,12
121983,2,1,1999,21,0,13,8,0,0,0,0,0,0
121984,1,1,1999,0,0,0,0,0,0,0,0,0,0
121984,2,1,1999,0,0,0,0,0,0,0,0,0,5
121985,1,1,1999,17,17,17,17,17,17,17,17,17,17
121985,2,1,1999,0,0,0,0,0,0,0,0,0,0
121985,3,1,1999,0,10,0,0,0,0,0,0,18,0
121986,1,1,1999,0,0,0,0,0,0,0,0,0,0
121986,2,1,1999,0,0,0,0,0,0,0,0,0,0
121987,1,1,1999,0,0,0,0,0,0,0,0,0,0
121987,2,1,1999,0,0,0,0,0,0,0,0,0,0
121988,1,1,1999,0,0,0,0,0,0,0,0,0,0
121988,2,1,1999,0,0,0,0,0,0,0,0,0,0
121989,1,1,1999,0,0,0,0,0,0,0,0,0,0
121990,1,1,1999,0,0,0,0,0,0,0,0,0,0
121990,2,1,1999,0,0,0,0,0,0,0,0,0,0
121991,1,1,1999,0,0,0,0,0,0,0,0,0,0
121991,2,1,1999,0,0,0,0,0,0,0,0,0,0
121992,1,1,1999,0,0,0,0,0,0,0,0,0,0
121992,2,1,1999,0,0,0,0,0,0,0,0,0,0
121993,0,1,1999,0,0,0,0,0,0,0,0,0,0
121993,1,1,1999,0,0,0,0,0,0,0,0,0,0
121994,1,1,1999,0,0,0,0,0,0,0,0,0,0
121994,2,1,1999,0,0,0,0,0,0,0,0,0,0
121995,0,1,1999,0,0,0,0,0,0,0,0,0,0
121995,1,1,1999,0,0,0,0,0,0,0,0,0,0
121996,1,1,1999,0,0,0,0,0,0,0,0,0,0
121996,2,1,1999,0,0,0,0,0,0,0,0,0,0
121996,3,1,1999,0,0,0,0,0,0,0,0,0,0
121997,0,1,1999,0,0,0,0,0,0,0,0,0,0
121997,1,1,1999,0,0,0,0,0,0,0,0,0,0
121998,1,1,1999,0,0,0,0,0,0,0,0,0,0
121998,2,1,1999,0,2,0,0,7,0,0,0,0,0
121999,0,1,1999,0,0,0,0,0,0,0,0,0,0
121999,1,1,1999,0,0,0,0,0,0,0,0,0,0
122000,0,1,1999,0,0,0,0,0,0,0,0,0,0
122000,1,1,1999,0,0,0,0,0,0,0,0,0,0
122001,0,1,1999,18,18,18,18,18,18,18,18,18,18
122001,1,1,1999,0,0,0,0,0,0,0,0,11,0
122002,1,1,1999,45,45,45,45,45,45,45,45,45,45
122003,1,1,1999,0,0,0,0,0,0,0,0,0,0
122003,2,1,1999,0,0,0,0,0,0,0,0,0,0
122004,1,1,1999,31,18,17,17,0,10,11,0,10,0
122005,0,1,1999,0,0,0,0,0,0,0,0,0,0
122005,0,2,1999,0,11,31,0,12,18,14,0,0,44
122005,1,1,1999,17,0,0,0,0,0,0,0,0,0
122006,1,1,1999,24,24,24,24,24,24,24,24,24,24
122007,0,1,1999,0,0,0,0,0,0,0,0,0,0
122007,1,1,1999,0,0,0,0,0,0,0,0,0,0
122008,1,1,1999,0,0,0,0,0,0,0,0,0,0
122008,2,1,1999,5,5,5,5,5,5,5,5,5,5
122009,1,1,1999,0,0,0,0,0,0,0,0,0,0
122009,2,1,1999,0,0,0,0,0,0,0,0,0,0
122010,0,1,1999,0,0,0,0,42,0,0,29,0,0
122010,0,2,1999,0,0,22,0,0,0,0,31,0,0
122010,2,1,1999,0,0,0,0,0,0,0,0,0,0
122010,3,1,1999,0,0,0,0,0,0,0,0,0,0
122010,4,1,1999,0,0,0,0,0,0,0,0,0,0
122010,5,1,1999,0,0,0,0,0,0,5,0,0,0
122011,1,1,1999,18,18,18,18,18,18,18,18,18,18
122012,0,1,1999,21,21,21,21,21,21,21,21,21,21
122012,1,1,1999,0,0,0,0,0,0,0,0,0,12
122013,1,1,1999,27,27,27,27,27,27,27,27,27,27
122013,2,1,1999,0,0,0,0,0,0,0,0,0,0
122013,3,1,1999,0,0,0,0,0,0,0,0,0,0
122014,0,1,1999,1,1,1,1,1,1,1,1,1,1
122014,1,1,1999,0,7,0,8,0,0,0,2,0,0
122015,1,1,1999,25,25,25,25,25,25,25,25,25,25
122016,0,1,1999,0,0,0,0,0,0,0,0,0,0
122016,1,1,1999,0,0,0,0,0,0,0,0,0,0
122017,0,1,1999,20,20,20,20,20,20,20,20,20,20
122017,1,1,1999,8,8,8,8,8,8,8,8,8,8
122018,1,1,1999,0,0,0,0,0,0,0,0,0,0
122019,1,1,1999,0,0,0,0,0,0,0,0,0,0
122019,2,1,1999,0,0,0,0,0,0,0,0,0,0
122020,0,1,1999,0,0,0,0,0,0,0,0,0,0
122020,1,1,1999,0,0,0,0,0,0,0,0,20,0
122021,1,1,1999,0,0,0,0,0,0,0,0,0,0
122022,1,1,1999,0,0,0,0,0,0,0,0,0,0
122023,1,1,1999,4,4,4,4,4,4,4,4,4,4
122023,2,1,1999,0,0,0,0,0,0,0,0,0,0
122023,3,1,1999,0,0,0,0,0,0,0,0,0,0
122024,0,1,1999,32,32,32,32,32,32,32,32,32,32
122024,1,1,1999,0,0,0,0,0,0,0,24,0,0
122025,1,1,1999,0,0,0,18,0,0,0,0,0,0
122025,2,1,1999,0,0,0,0,0,0,0,0,0,0
122026,1,1,1999,0,0,0,0,0,0,0,0,0,0
122026,2,1,1999,0,0,0,0,0,0,0,0,0,0
122027,1,1,1999,0,0,0,0,0,0,0,0,0,0
122027,2,1,1999,0,0,0,0,0,0,0,0,0,0
122027,3,1,1999,0,0,0,0,0,0,0,0,0,0
122027,4,1,1999,0,0,0,0,0,0,0,0,0,0
122028,1,1,1999,0,0,0,0,0,0,0,0,0,0
122028,2,1,1999,0,0,0,0,0,0,0,0,0,0
122028,3,1,1999,0,0,0,0,0,0,0,0,0,0
122029,1,1,1999,0,0,0,0,0,0,0,8,0,0
122029,2,1,1999,0,0,0,0,0,0,0,0,0,0
122030,1,1,1999,0,0,0,0,0,0,0,0,0,0
122030,2,1,1999,0,0,0,0,0,0,0,0,0,0
122031,1,1,1999,0,0,0,0,0,0,0,0,0,0
122031,2,1,1999,0,0,0,0,0,0,0,0,0,0
122032,1,1,1999,0,0,0,0,0,0,0,0,0,0
122033,0,1,1999,0,0,0,0,0,0,0,0,0,0
122033,1,1,1999,0,0,0,0,0,0,0,0,0,0
122034,1,1,1999,0,0,0,0,0,0,0,8,0,0
122035,1,1,1999,0,0,0,0,0,0,0,0,0,0
122035,2,1,1999,0,0,0,0,0,0,0,0,0,0
122036,1,1,1999,0,0,0,0,0,0,0,0,0,0
122036,2,1,1999,0,0,0,0,0,0,0,0,0,0
122037,1,1,1999,13,13,13,13,13,13,13,13,13,13
122037,2,1,1999,0,0,0,0,0,0,0,0,0,0
122037,3,1,1999,0,0,0,0,0,0,0,0,0,0
122037,4,1,1999,0,0,0,0,0,0,0,0,0,0
122038,1,1,1999,29,29,29,29,29,29,29,29,29,29
122039,1,1,1999,0,0,0,0,0,0,0,0,0,0
122040,0,1,1999,23,23,23,23,23,23,23,23,23,23
122040,1,1,1999,0,0,0,0,0,0,0,0,0,0
122041,0,1,1999,38,38,38,38,38,38,38,38,38,38
122041,1,1,1999,0,0,0,0,0,0,0,0,0,0
122041,2,1,1999,0,0,0,0,0,0,0,0,0,0
122042,1,1,1999,0,0,0,0,0,0,5,0,0,0
122042,2,1,1999,0,0,0,0,0,0,0,0,0,0
122043,0,1,1999,0,0,0,0,0,0,0,0,0,0
122043,1,1,1999,0,0,0,0,0,0,0,0,0,0
122044,1,1,1999,0,0,0,0,0,0,0,0,0,0
122044,2,1,1999,0,0,0,0,0,0,0,0,0,0
122045,1,1,1999,0,0,0,0,0,0,0,0,0,0
122045,2,1,1999,0,0,0,0,0,0,0,0,0,0
122045,3,1,1999,0,0,0,0,0,0,0,0,0,0
122046,1,1,1999,5,5,5,5,5,5,5,5,5,5
122047,1,1,1999,0,0,0,0,0,0,0,0,0,0
122047,2,1,1999,0,0,0,0,0,0,0,0,0,0
122048,1,1,1999,0,0,0,0,0,0,0,0,0,0
122048,2,1,1999,0,0,0,0,0,0,0,0,0,0
122049,0,1,1999,13,13,13,13,13,13,13,13,13,13
122049,1,1,1999,0,0,0,0,0,0,0,0,0,0
122050,1,1,1999,0,0,23,0,0,23,0,11,5,23
122051,0,1,1999,0,0,0,0,0,0,0,0,0,21
122051,1,1,1999,0,15,0,0,0,0,0,0,0,13
122051,2,1,1999,16,0,0,0,0,0,0,0,0,0
122052,0,1,1999,0,0,0,0,0,0,0,0,0,0
122052,1,1,1999,0,0,12,40,11,15,0,5,0,0
122053,1,1,1999,0,0,0,0,0,0,0,0,0,0
122053,2,1,1999,0,0,0,0,0,0,0,0,0,0
122054,1,1,1999,0,0,0,0,0,0,0,0,0,0
122054,2,1,1999,0,0,0,0,0,0,11,0,0,0
122055,0,1,1999,0,0,16,0,44,14,12,0,0,19
122055,1,1,1999,8,8,8,8,8,8,8,8,8,8
122056,1,1,1999,23,0,0,13,0,14,16,0,0,0
122056,2,1,1999,0,0,0,0,0,0,0,0,0,0
122057,1,1,1999,0,0,0,0,0,0,0,0,0,0
122057,2,1,1999,0,0,0,0,9,0,0,0,0,0
122057,3,1,1999,0,0,0,0,0,0,0,0,0,0
122058,1,1,1999,0,0,0,0,0,0,0,0,0,0
122059,1,1,1999,19,19,19,19,19,19,19,19,19,19
122060,1,1,1999,0,7,0,0,0,0,0,0,0,0
122061,1,1,1999,10,0,0,0,0,0,0,0,0,0
122061,2,1,1999,0,0,0,0,0,0,0,0,0,0
122062,1,1,1999,24,24,24,24,24,24,24,24,24,24
122063,1,1,1999,0,0,0,0,0,19,0,0,19,7
122064,1,1,1999,0,0,0,0,0,0,0,0,0,0
122065,1,1,1999,0,0,0,0,0,0,0,0,0,0
122066,1,1,1999,26,26,26,26,26,26,26,26,26,26
122066,2,1,1999,0,0,0,0,0,0,0,0,0,0
122067,1,1,1999,16,16,16,16,16,16,16,16,16,16
122068,0,1,1999,0,0,27,0,0,0,0,0,35,0
122068,1,1,1999,0,0,0,0,0,0,0,0,0,0
122069,1,1,1999,0,12,0,30,13,42,15,10,26,30
122070,1,1,1999,0,0,10,0,0,0,0,0,0,0
122070,2,1,1999,0,0,0,0,0,0,0,0,0,0
122071,1,1,1999,19,19,19,19,19,19,19,19,19,19
122071,2,1,1999,0,9,0,0,0,0,0,0,23,0
122072,1,1,1999,5,5,5,5,5,5,5,5,5,5
122072,2,1,1999,0,0,0,0,0,0,0,0,0,0
122072,3,1,1999,0,0,0,0,0,0,0,0,0,0
122073,1,1,1999,29,29,29,29,29,29,29,29,29,29
122073,2,1,1999,0,0,0,0,0,0,0,0,0,0
122074,0,1,1999,30,30,30,30,30,30,30,30,30,30
122074,1,1,1999,0,0,0,0,0,0,0,0,0,6
122075,1,1,1999,0,0,0,0,0,10,16,0,0,0
122075,2,1,1999,0,0,0,0,0,0,0,0,0,0
122076,1,1,1999,0,0,0,0,0,0,0,0,0,0
122076,2,1,1999,0,0,0,0,0,0,0,0,0,0
122077,0,1,1999,0,0,0,0,0,0,0,0,0,0
122077,1,1,1999,0,0,0,0,0,0,4,0,0,0
122078,1,1,1999,16,16,16,16,16,16,16,16,16,16
122078,2,1,1999,0,0,0,0,0,0,0,0,0,0
122079,1,1,1999,13,13,13,13,13,13,13,13,13,13
122079,2,1,1999,0,0,0,0,0,0,0,0,0,0
122080,1,1,1999,0,0,0,0,0,0,0,6,0,0
122081,1,1,1999,0,0,0,0,0,0,0,0,0,0
122081,2,1,1999,0,0,0,0,0,0,0,0,0,0
122082,1,1,1999,0,0,0,0,0,0,0,0,0,0
122083,1,1,1999,0,0,0,0,0,0,0,0,0,0
122083,2,1,1999,0,0,0,0,0,0,0,0,0,0
122084,1,1,1999,21,21,21,21,21,21,21,21,21,21
122085,1,1,1999,16,16,16,16,16,16,16,16,16,16
122085,2,1,1999,0,0,0,0,0,0,0,0,0,0
122086,1,1,1999,0,0,0,0,0,0,0,0,0,0
122086,2,1,1999,0,0,0,0,0,0,0,0,0,0
122087,1,1,1999,0,0,0,0,0,0,0,0,0,0
122087,2,1,1999,0,0,0,0,0,0,0,0,0,0
122088,1,1,1999,12,12,12,12,12,12,12,12,12,12
122088,2,1,1999,0,0,0,0,0,0,0,0,0,0
122089,1,1,1999,0,0,0,0,19,8,9,0,0,0
122090,1,1,1999,17,17,17,17,17,17,17,17,17,17
122090,2,1,1999,0,0,0,0,0,0,0,0,0,0
122091,1,1,1999,0,0,0,0,0,0,0,0,0,0
122091,2,1,1999,0,0,0,0,0,0,0,0,0,0
122092,1,1,1999,25,25,25,25,25,25,25,25,25,25
122093,1,1,1999,21,21,21,21,21,21,21,21,21,21
122094,1,1,1999,0,0,0,0,0,0,0,0,0,0
122095,1,1,1999,0,0,0,3,0,0,0,0,0,0
122095,2,1,1999,0,0,0,0,0,0,0,0,0,0
122096,1,1,1999,0,0,0,0,0,0,0,0,0,0
122096,2,1,1999,0,0,0,0,0,0,0,0,0,0
122097,1,1,1999,0,0,0,0,0,0,0,0,0,0
122097,2,1,1999,0,0,0,0,0,0,0,0,0,0
122097,3,1,1999,0,0,0,0,0,0,0,0,0,0
122098,1,1,1999,0,0,0,0,0,0,0,0,0,0
122098,2,1,1999,0,0,0,0,0,0,0,0,0,0
122098,3,1,1999,0,0,0,0,0,0,0,0,0,0
122099,1,1,1999,0,0,6,18,20,0,0,8,0,20
122100,1,1,1999,12,12,12,12,12,12,12,12,12,12
122101,1,1,1999,0,0,0,0,0,0,0,0,0,0
122102,1,1,1999,0,0,8,0,13,0,0,0,0,0
122102,2,1,1999,0,0,0,0,0,0,0,0,0,0
122103,1,1,1999,0,0,0,0,0,0,0,0,0,0
122104,1,1,1999,11,0,0,0,0,0,13,19,13,0
122105,0,1,1999,0,0,0,0,0,0,0,0,0,0
122105,1,1,1999,0,0,0,0,0,0,0,0,0,0
122106,1,1,1999,14,0,19,0,0,0,0,0,0,0
122107,1,1,1999,0,0,0,0,0,0,0,0,0,0
122107,2,1,1999,0,0,0,0,0,0,0,0,0,0
122108,1,1,1999,38,38,38,38,38,38,38,38,38,38
122109,0,1,1999,0,0,0,0,0,0,0,0,0,0
122109,1,1,1999,0,0,0,0,0,0,0,0,0,0
122110,1,1,1999,0,0,0,0,0,0,0,0,0,0
122110,2,1,1999,0,0,0,0,0,0,0,0,0,0
122111,0,1,1999,6,0,0,0,32,0,7,0,0,0
122111,0,2,1999,13,27,7,8,29,15,2,32,14,15
122111,1,1,1999,26,26,26,26,26,26,26,26,26,26
122112,0,1,1999,13,13,13,13,13,13,13,13,13,13
122112,1,1,1999,0,0,0,0,0,0,0,0,0,0
122112,2,1,1999,0,0,12,0,0,0,0,0,0,0
122113,1,1,1999,0,0,0,0,25,0,0,0,0,0
122114,0,1,1999,36,36,36,36,36,36,36,36,36,36
122114,1,1,1999,0,0,0,0,0,0,0,0,0,0
122115,0,1,1999,11,11,11,11,11,11,11,11,11,11
122115,1,1,1999,0,0,0,0,17,0,0,0,0,12
122116,0,1,1999,0,25,17,0,16,0,12,20,32,32
122116,1,1,1999,0,10,14,0,0,0,0,8,0,0
122117,1,1,1999,0,0,0,0,0,0,0,0,0,0
122117,2,1,1999,0,0,0,0,0,0,0,0,0,0
122117,3,1,1999,0,0,0,0,0,0,0,0,6,0
122118,1,1,1999,29,29,29,29,29,29,29,29,29,29
122119,1,1,1999,0,0,0,0,0,0,0,0,0,0
122119,2,1,1999,0,0,0,0,0,0,0,0,0,0
122120,1,1,1999,0,0,0,0,0,0,0,0,0,0
122120,2,1,1999,0,0,0,0,0,0,0,0,0,6
122121,0,1,1999,16,21,6,0,0,5,0,0,0,0
122121,1,1,1999,0,0,0,0,0,0,16,0,0,0
122122,0,1,1999,0,0,0,0,0,0,0,0,0,0
122122,1,1,1999,0,0,0,0,0,0,0,0,0,0
122123,0,1,1999,0,0,0,0,0,0,0,0,0,0
122123,1,1,1999,0,0,0,0,0,0,0,0,0,0
122124,0,1,1999,0,0,0,0,0,0,0,0,0,0
122124,1,1,1999,0,0,0,0,0,0,0,0,0,0
122125,0,1,1999,0,0,0,0,0,0,0,0,0,0
122125,1,1,1999,0,0,0,0,0,0,0,0,0,0
122126,1,1,1999,13,13,13,13,13,13,13,13,13,13
122126,2,1,1999,0,0,0,0,0,0,3,0,0,0
122127,1,1,1999,0,0,0,0,0,0,0,0,0,0
122127,2,1,1999,0,0,0,0,0,0,0,0,0,0
122128,1,1,1999,0,0,0,0,0,0,0,0,0,0
122128,2,1,1999,0,0,0,0,0,0,0,0,0,0
122129,1,1,1999,9,0,12,0,0,0,0,0,0,0
122129,2,1,1999,0,0,0,0,0,0,0,0,0,9
122129,3,1,1999,0,0,0,0,0,0,0,0,0,0
122130,1,1,1999,24,24,24,24,24,24,24,24,24,24
122131,0,1,1999,0,0,0,26,21,26,0,0,0,0
122131,1,1,1999,6,6,6,6,6,6,6,6,6,6
122132,0,1,1999,0,0,0,0,0,0,0,0,0,0
122132,1,1,1999,0,0,0,0,0,0,0,0,0,0
122133,1,1,1999,28,28,28,28,28,28,28,28,28,28
122134,0,1,1999,30,30,30,30,30,30,30,30,30,30
122134,1,1,1999,16,0,12,9,0,0,5,0,0,11
122135,1,1,1999,0,0,0,0,0,0,0,0,0,0
122135,2,1,1999,0,0,0,0,0,0,0,0,0,0
122136,1,1,1999,0,0,0,0,0,0,0,0,0,0
122137,0,1,1999,20,20,20,20,20,20,20,20,20,20
122137,1,1,1999,0,0,0,0,0,0,0,0,0,0
122138,1,1,1999,1,1,1,1,1,1,1,1,1,1
122138,2,1,1999,0,0,0,0,0,0,0,0,0,0
122139,0,1,1999,0,0,0,0,0,0,0,0,0,0
122139,1,1,1999,0,0,0,0,0,0,0,0,0,0
122140,1,1,1999,0,0,0,0,0,0,0,0,0,0
122140,2,1,1999,0,0,0,0,0,0,0,0,0,0
122141,0,1,1999,0,0,0,0,0,0,0,0,0,0
122141,1,1,1999,0,0,0,0,0,0,0,0,0,0
122142,1,1,1999,17,17,17,17,17,17,17,17,17,17
122142,2,1,1999,0,0,0,0,0,0,0,0,0,0
122143,1,1,1999,0,0,0,0,0,0,0,0,0,0
122143,2,1,1999,0,0,0,0,17,0,0,0,0,0
122144,1,1,1999,0,0,0,0,0,0,0,0,0,18
122144,2,1,1999,0,0,0,0,0,0,0,0,0,0
122145,0,1,1999,14,14,14,14,14,14,14,14,14,14
122145,1,1,1999,0,0,0,0,0,0,0,0,0,0
122146,1,1,1999,0,0,0,0,0,0,0,0,0,0
122146,2,1,1999,0,0,0,0,0,0,0,0,0,0
122147,1,1,1999,0,0,0,0,0,0,0,0,0,0
122147,2,1,1999,0,0,0,0,0,0,0,0,0,0
122148,0,1,1999,0,0,0,0,0,0,0,13,0,0
122148,1,1,1999,0,0,0,0,0,0,0,0,0,0
122149,1,1,1999,0,0,0,0,0,0,0,0,0,0
122149,2,1,1999,0,0,0,0,0,0,0,0,0,0
122150,1,1,1999,8,8,8,8,8,8,8,8,8,8
122150,2,1,1999,0,0,0,0,0,0,0,0,0,0
122151,1,1,1999,0,0,0,0,0,0,0,0,0,0
122151,2,1,1999,33,6,24,0,11,11,17,6,19,7
122152,0,1,1999,7,0,30,0,0,0,7,0,37,0
122152,1,1,1999,0,0,0,0,0,0,0,0,0,0
122153,1,1,1999,0,0,0,0,0,0,0,0,0,13
122154,0,1,1999,0,0,0,0,0,0,0,0,0,0
122154,1,1,1999,0,0,0,0,0,0,0,0,0,0
122155,1,1,1999,0,0,0,0,0,0,0,0,0,0
122155,2,1,1999,0,0,0,0,0,0,0,0,0,0
122156,1,1,1999,0,0,0,0,0,0,0,0,0,0
122156,2,1,1999,0,0,0,0,0,0,0,0,0,0
122156,3,1,1999,0,0,0,0,0,0,0,0,0,0
122157,1,1,1999,0,0,0,0,0,0,0,2,0,0
122157,2,1,1999,0,0,0,0,0,0,0,0,0,0
122158,1,1,1999,0,0,0,0,0,0,0,0,0,0
122158,2,1,1999,15,15,15,15,15,15,15,15,15,15
122159,1,1,1999,0,0,0,0,0,0,0,0,0,0
122159,2,1,1999,0,0,0,0,0,0,0,0,0,0
122160,0,1,1999,0,0,0,0,0,0,0,0,0,0
122160,1,1,1999,0,0,0,0,0,0,0,0,0,0
122161,1,1,1999,23,23,23,23,23,23,23,23,23,23
122162,1,1,1999,0,0,0,0,0,0,0,0,0,0
122162,2,1,1999,0,0,0,0,0,0,0,0,0,0
122162,3,1,1999,0,0,0,0,0,0,0,0,0,0
122162,4,1,1999,0,0,0,0,0,0,0,0,0,0
122163,1,1,1999,21,21,21,21,21,21,21,21,21,21
122163,2,1,1999,23,23,23,23,23,23,23,23,23,23
122164,1,1,1999,0,0,0,0,0,0,0,0,0,0
122164,2,1,1999,0,0,0,0,0,0,0,0,0,0
122165,1,1,1999,0,18,2,17,9,0,0,0,6,11
122165,2,1,1999,0,0,0,0,0,0,0,0,0,0
122165,3,1,1999,0,0,0,0,0,0,0,0,0,0
122166,0,1,1999,19,19,19,19,19,19,19,19,19,19
122166,1,1,1999,0,0,0,0,0,0,0,0,0,0
122166,2,1,1999,0,0,0,0,0,0,0,0,0,0
122166,3,1,1999,0,0,0,0,0,0,0,0,18,0
122166,4,1,1999,0,0,0,0,0,0,0,0,0,0
122167,1,1,1999,0,0,0,0,0,0,0,0,0,0
122168,1,1,1999,9,9,9,9,9,9,9,9,9,9
122169,1,1,1999,28,28,28,28,28,28,28,28,28,28
122170,1,1,1999,0,0,0,0,0,0,0,0,0,0
122170,2,1,1999,0,0,0,0,0,0,0,8,0,0
122171,0,1,1999,17,17,17,17,17,17,17,17,17,17
122171,1,1,1999,0,0,0,0,0,0,0,0,0,0
122172,1,1,1999,4,4,4,4,4,4,4,4,4,4
122173,0,1,1999,13,13,13,13,13,13,13,13,13,13
122173,1,1,1999,0,0,0,0,0,0,0,0,0,0
122174,0,1,1999,0,0,0,0,0,0,0,0,0,0
122174,1,1,1999,0,0,0,0,0,0,0,0,0,0
122175,1,1,1999,0,0,0,0,0,8,0,0,0,0
122175,2,1,1999,0,0,7,0,0,0,0,0,0,0
122176,1,1,1999,15,15,15,15,15,15,15,15,15,15
122176,2,1,1999,0,0,0,0,0,0,0,0,0,0
122177,1,1,1999,0,0,0,0,0,0,0,0,0,0
122177,2,1,1999,0,0,0,0,0,0,0,0,0,0
122177,3,1,1999,0,0,0,0,0,0,0,0,0,0
122178,1,1,1999,0,0,0,0,0,0,0,0,0,0
122178,2,1,1999,0,0,0,0,0,0,0,0,0,0
122178,3,1,1999,11,0,0,0,0,0,0,0,0,0
122179,1,1,1999,0,0,0,0,0,0,0,0,0,0
122179,2,1,1999,0,0,0,0,0,0,0,0,0,0
122180,1,1,1999,0,0,0,0,0,0,0,0,0,0
122180,2,1,1999,0,0,0,0,0,0,0,0,0,0
122181,0,1,1999,8,0,0,0,0,0,0,0,0,21
122181,1,1,1999,0,0,0,0,0,0,0,0,0,0
122182,1,1,1999,0,0,0,0,0,0,0,0,0,0
122182,2,1,1999,0,0,0,0,0,0,0,0,0,8
122183,1,1,1999,23,23,23,23,23,23,23,23,23,23
122183,2,1,1999,0,10,0,0,0,0,0,14,0,0
122184,0,1,1999,0,26,24,20,21,44,41,0,19,44
122184,1,1,1999,0,0,0,0,0,0,0,0,0,0
122185,1,1,1999,0,0,0,0,0,0,0,0,0,0
122186,1,1,1999,0,0,0,0,0,0,0,0,0,0
122186,2,1,1999,0,0,0,0,0,0,0,0,0,0
122187,1,1,1999,12,0,0,10,22,0,0,0,0,0
122188,1,1,1999,12,12,12,12,12,12,12,12,12,12
122189,1,1,1999,1,1,1,1,1,1,1,1,1,1
122189,2,1,1999,0,0,0,0,0,0,0,0,0,0
122190,1,1,1999,0,0,0,0,7,0,0,0,0,0
122190,2,1,1999,0,0,0,0,0,0,0,0,0,0
122191,1,1,1999,30,30,30,30,30,30,30,30,30,30
122191,2,1,1999,18,18,18,18,18,18,18,18,18,18
122192,1,1,1999,13,13,13,13,13,13,13,13,13,13
122193,1,1,1999,4,4,4,4,4,4,4,4,4,4
122194,1,1,1999,0,0,0,0,39,0,0,0,0,0
122194,2,1,1999,0,0,0,0,0,0,0,0,0,0
122195,1,1,1999,0,0,0,0,0,0,0,0,0,0
122196,0,1,1999,33,33,33,33,33,33,33,33,33,33
122196,1,1,1999,0,0,0,0,0,0,0,0,0,0
122197,1,1,1999,5,5,5,5,5,5,5,5,5,5
122198,1,1,1999,0,0,0,0,0,0,0,0,0,0
122199,0,1,1999,0,0,0,23,0,0,0,0,0,0
122199,1,1,1999,0,0,0,0,0,0,4,0,0,0
122200,1,1,1999,0,0,0,0,0,0,0,0,0,0
122200,2,1,1999,0,0,0,0,0,0,0,0,0,0
122200,3,1,1999,0,0,0,12,0,0,0,0,0,0
122201,1,1,1999,27,27,27,27,27,27,27,27,27,27
122202,0,1,1999,27,14,13,0,0,0,25,12,0,22
122202,1,1,1999,0,0,0,0,0,0,0,0,0,0
122203,1,1,1999,0,0,0,0,0,0,0,0,0,0
122203,2,1,1999,0,0,0,0,0,0,0,0,0,0
122204,1,1,1999,0,0,0,0,0,0,0,0,0,0
122205,1,1,1999,0,0,0,0,0,0,0,0,0,0
122205,2,1,1999,0,0,0,0,0,0,0,0,0,0
122205,3,1,1999,0,0,0,0,0,0,0,0,0,0
122206,0,1,1999,33,33,33,33,33,33,33,33,33,33
122206,1,1,1999,0,0,0,0,0,0,0,0,0,0
122207,0,1,1999,21,21,21,21,21,21,21,21,21,21
122207,1,1,1999,11,0,0,0,0,0,0,0,0,0
122208,1,1,1999,0,0,0,0,0,0,0,0,0,0
122209,1,1,1999,0,13,0,0,0,0,0,5,0,0
122210,1,1,1999,5,5,5,5,5,5,5,5,5,5
122210,2,1,1999,0,0,0,0,0,0,0,0,0,0
122211,1,1,1999,0,0,0,0,0,0,0,0,0,0
122211,2,1,1999,0,0,0,0,10,0,0,0,0,0
122212,0,1,1999,0,0,0,0,0,0,0,0,0,0
122212,1,1,1999,0,0,0,0,0,0,0,0,0,0
122213,1,1,1999,0,0,0,0,0,0,0,0,0,0
122214,0,1,1999,0,0,0,0,0,0,0,0,0,0
122214,1,1,1999,0,0,0,0,0,0,0,0,0,0
122215,1,1,1999,0,0,0,0,0,0,0,0,0,0
122215,2,1,1999,0,0,0,0,0,0,0,0,0,0
122216,0,1,1999,0,0,0,0,0,0,0,0,0,0
122216,1,1,1999,0,0,0,0,0,0,0,0,0,0
122217,1,1,1999,0,0,0,0,0,0,0,0,0,0
122217,2,1,1999,0,0,0,0,0,0,0,0,0,0
122218,1,1,1999,4,4,4,4,4,4,4,4,4,4
122218,2,1,1999,0,0,0,0,0,0,0,0,0,0