ST_CASE,VEH_NO,PER_NO,YEAR,P1,P2,P3,P4,P5,P6,P7,P8,P9,P10
122219,1,1,1999,0,0,0,0,0,0,0,0,0,0
122219,2,1,1999,0,0,0,0,0,0,0,0,0,0
122220,1,1,1999,14,14,14,14,14,14,14,14,14,14
122220,2,1,1999,24,24,24,24,24,24,24,24,24,24
122221,1,1,1999,0,0,0,0,0,0,0,0,0,0
122221,2,1,1999,0,0,0,0,0,0,0,0,0,0
122222,1,1,1999,0,0,0,0,0,0,0,0,0,0
122222,2,1,1999,0,0,0,0,0,0,0,0,0,0
122223,1,1,1999,0,0,0,0,0,0,0,0,0,0
122224,1,1,1999,0,0,0,0,0,0,0,0,0,0
122224,2,1,1999,0,0,0,0,0,0,0,0,0,0
122225,1,1,1999,22,22,22,22,22,22,22,22,22,22
122226,1,1,1999,0,0,0,0,0,0,0,0,0,0
122227,1,1,1999,0,0,0,0,0,0,0,0,0,0
122227,2,1,1999,28,28,28,28,28,28,28,28,28,28
122228,1,1,1999,0,0,0,0,0,0,0,0,0,0
122229,1,1,1999,22,22,22,22,22,22,22,22,22,22
122229,2,1,1999,0,0,0,29,0,22,34,15,0,11
122230,1,1,1999,0,0,0,0,0,0,0,0,0,0
122230,2,1,1999,0,0,0,0,0,0,0,0,0,0
122230,3,1,1999,0,0,0,0,0,0,0,0,0,0
122231,0,1,1999,0,0,0,21,0,0,0,0,0,0
122231,1,1,1999,0,0,0,0,0,0,0,0,0,0
122232,1,1,1999,24,24,24,24,24,24,24,24,24,24
122233,1,1,1999,5,5,5,5,5,5,5,5,5,5
122233,2,1,1999,0,0,0,0,0,9,0,0,0,0
122234,1,1,1999,0,0,0,0,0,0,0,0,0,0
122234,2,1,1999,10,17,0,0,0,0,28,0,0,0
122235,1,1,1999,16,16,16,16,16,16,16,16,16,16
122235,2,1,1999,0,0,0,0,0,0,0,0,0,0
122236,1,1,1999,0,0,0,0,0,0,0,0,0,0
122236,2,1,1999,0,0,0,0,0,0,0,0,0,0
122237,0,1,1999,0,0,0,0,0,0,0,0,0,0
122237,1,1,1999,11,0,0,0,0,0,0,0,0,0
122238,1,1,1999,0,0,0,0,0,0,0,0,0,0
122238,2,1,1999,0,0,0,0,0,0,0,0,0,0
122239,1,1,1999,0,0,0,0,0,0,0,0,0,0
122239,2,1,1999,0,0,0,0,0,0,0,0,0,0
122240,1,1,1999,0,0,0,0,0,0,0,0,0,0
122240,2,1,1999,0,0,0,0,0,0,0,0,0,0
122240,3,1,1999,0,0,0,0,0,0,0,0,0,0
122241,1,1,1999,0,0,0,0,0,0,0,0,0,0
122242,1,1,1999,0,0,0,0,0,8,0,0,0,0
122242,2,1,1999,0,0,0,0,0,0,0,0,0,0
122242,3,1,1999,0,0,0,0,0,12,0,0,4,0
122243,1,1,1999,0,0,0,0,43,0,0,0,0,0
122244,1,1,1999,0,0,0,0,0,0,0,0,0,0
122244,2,1,1999,0,0,0,0,0,0,0,0,0,0
122245,1,1,1999,0,0,0,0,0,0,0,0,0,0
122245,2,1,1999,0,0,0,0,0,0,0,0,0,0
122246,0,1,1999,0,0,0,0,0,0,0,0,0,0
122246,1,1,1999,0,0,0,0,0,0,0,0,0,0
122247,1,1,1999,0,0,0,0,7,0,5,0,0,10
122248,1,1,1999,0,0,0,0,0,0,0,0,0,0
122248,2,1,1999,0,0,0,0,0,0,8,0,0,0
122249,1,1,1999,0,0,0,0,0,0,0,0,0,0
122249,2,1,1999,0,0,0,0,0,0,0,0,0,0
122250,1,1,1999,0,0,0,0,0,0,0,0,0,0
122250,2,1,1999,0,0,0,0,0,10,0,0,0,0
122251,1,1,1999,0,0,0,0,0,0,0,0,15,0
122251,2,1,1999,0,0,0,0,0,0,0,0,0,0
122251,3,1,1999,0,0,0,0,0,0,0,0,0,0
122252,1,1,1999,12,12,12,12,12,12,12,12,12,12
122252,2,1,1999,0,0,0,0,0,0,0,0,0,0
122253,1,1,1999,15,15,15,15,15,15,15,15,15,15
122253,2,1,1999,0,0,0,0,0,0,0,0,0,0
122254,1,1,1999,0,0,0,12,0,0,21,0,0,0
122255,1,1,1999,0,0,0,0,0,0,0,0,0,0
122255,2,1,1999,0,0,0,0,0,0,0,0,0,0
122256,1,1,1999,0,0,0,0,0,0,0,0,0,0
122257,1,1,1999,0,0,0,0,0,0,0,0,0,0
122257,2,1,1999,0,0,0,0,0,0,0,0,0,0
122257,3,1,1999,0,0,0,0,0,0,0,0,0,0
122257,4,1,1999,0,0,0,0,0,0,0,0,0,0
122257,5,1,1999,0,0,0,0,0,0,0,0,0,0
122258,1,1,1999,0,0,0,0,0,0,0,0,0,0
122259,1,1,1999,0,0,0,0,0,0,0,0,0,0
122260,0,1,1999,0,0,0,0,21,0,0,0,0,0
122260,1,1,1999,0,0,0,0,0,0,0,0,0,0
122261,1,1,1999,0,0,0,0,0,0,0,0,0,0
122262,1,1,1999,21,21,21,21,21,21,21,21,21,21
122262,2,1,1999,0,0,0,0,0,0,0,0,0,0
122262,3,1,1999,0,0,0,0,0,0,0,0,0,0
122262,4,1,1999,0,0,0,0,0,0,0,0,0,0
122263,0,1,1999,4,4,4,4,4,4,4,4,4,4
122263,1,1,1999,0,0,0,0,0,0,0,0,0,0
122264,1,1,1999,0,0,0,0,0,0,0,0,0,0
122264,2,1,1999,4,22,15,13,0,14,0,0,0,0
122265,1,1,1999,17,17,17,17,17,17,17,17,17,17
122266,1,1,1999,10,10,10,10,10,10,10,10,10,10
122267,1,1,1999,0,0,0,0,0,0,0,0,0,0
122267,2,1,1999,0,0,0,0,0,0,0,0,31,0
122267,3,1,1999,0,0,0,0,0,0,0,0,0,0
122268,1,1,1999,0,0,0,0,0,0,0,0,0,0
122268,2,1,1999,0,0,0,0,0,0,0,0,0,0
122269,1,1,1999,0,0,0,0,0,0,0,0,0,0
122269,2,1,1999,0,0,0,0,0,0,0,0,0,0
122270,1,1,1999,15,15,15,15,15,15,15,15,15,15
122271,1,1,1999,0,0,0,0,0,0,0,0,0,0
122271,2,1,1999,0,0,0,0,0,0,0,0,0,0
122272,0,1,1999,42,42,42,42,42,42,42,42,42,42
122272,1,1,1999,0,0,0,0,0,0,0,0,0,0
122273,1,1,1999,0,0,0,0,0,0,0,0,0,0
122273,2,1,1999,0,0,0,0,0,0,0,0,0,0
122274,1,1,1999,0,0,0,0,0,0,0,0,0,0
122275,1,1,1999,0,0,0,0,0,0,0,0,0,0
122276,0,1,1999,12,12,12,12,12,12,12,12,12,12
122276,1,1,1999,0,0,0,0,0,0,0,0,0,0
122276,2,1,1999,0,0,0,0,0,0,0,0,0,0
122277,1,1,1999,0,0,0,0,0,0,0,0,0,0
122277,2,1,1999,0,0,0,0,0,0,0,0,0,0
122277,3,1,1999,0,0,0,0,0,0,0,0,0,0
122278,0,1,1999,0,0,0,0,0,0,0,0,0,0
122278,1,1,1999,0,0,0,0,0,0,0,0,0,0
122279,1,1,1999,0,0,0,0,0,0,0,0,0,0
122279,2,1,1999,0,0,0,0,0,0,0,0,0,0
122280,1,1,1999,0,0,0,0,0,0,0,0,0,0
122280,2,1,1999,0,0,0,0,15,0,0,0,0,0
122281,1,1,1999,0,0,0,0,0,0,0,0,0,0
122281,2,1,1999,0,0,0,0,0,0,0,0,0,0
122281,3,1,1999,0,0,0,0,0,0,0,0,0,0
122281,4,1,1999,0,0,0,0,0,0,0,0,0,0
122282,0,1,1999,23,23,23,23,23,23,23,23,23,23
122282,1,1,1999,0,0,0,0,0,0,0,0,0,0
122283,1,1,1999,16,16,16,16,16,16,16,16,16,16
122284,1,1,1999,0,0,27,15,0,0,0,0,8,14
122284,2,1,1999,0,0,0,0,0,0,0,0,0,0
122285,0,1,1999,0,0,0,9,15,0,0,0,0,13
122285,0,2,1999,0,0,0,0,9,0,0,0,0,0
122285,1,1,1999,0,0,0,0,0,0,0,0,0,0
122286,0,1,1999,0,23,0,24,0,0,0,0,0,28
122286,1,1,1999,26,26,26,26,26,26,26,26,26,26
122287,1,1,1999,0,10,0,0,0,0,23,0,0,0
122288,0,1,1999,0,0,0,0,0,0,0,0,0,0
122288,1,1,1999,0,0,0,0,0,0,0,0,0,0
122289,1,1,1999,29,29,29,29,29,29,29,29,29,29
122289,2,1,1999,0,0,0,0,0,0,0,0,0,0
122290,1,1,1999,20,20,20,20,20,20,20,20,20,20
122291,0,1,1999,8,18,30,0,0,0,0,0,52,0
122291,1,1,1999,0,0,0,0,0,21,0,0,0,0
122291,2,1,1999,15,15,15,15,15,15,15,15,15,15
122292,1,1,1999,0,0,0,0,0,0,0,0,0,0
122292,2,1,1999,0,12,0,18,10,13,11,0,0,0
122293,0,1,1999,27,27,27,27,27,27,27,27,27,27
122293,1,1,1999,17,0,0,0,0,21,0,0,0,0
122294,1,1,1999,0,0,0,0,0,0,0,0,0,0
122294,2,1,1999,0,0,0,0,0,0,0,0,0,0
122294,3,1,1999,0,0,0,0,0,0,0,0,0,0
122295,0,1,1999,0,0,0,0,0,0,0,0,0,0
122295,1,1,1999,0,0,0,0,0,0,0,0,0,0
122296,1,1,1999,0,19,0,0,0,0,41,0,34,0
122296,2,1,1999,0,0,0,0,0,17,0,0,0,0
122297,1,1,1999,0,0,0,0,0,0,0,0,0,0
122298,1,1,1999,20,20,20,20,20,20,20,20,20,20
122299,0,1,1999,0,0,27,0,14,0,0,0,0,0
122299,1,1,1999,0,0,0,0,0,0,0,0,0,0
122300,0,1,1999,0,0,0,0,0,0,0,0,0,0
122300,1,1,1999,0,0,0,0,0,0,0,0,0,0
122301,1,1,1999,2,2,2,2,2,2,2,2,2,2
122302,1,1,1999,0,0,0,0,0,0,0,0,0,0
122302,2,1,1999,0,0,0,0,0,0,0,0,0,0
122302,3,1,1999,0,0,0,0,0,0,0,0,0,0
122303,1,1,1999,21,21,21,21,21,21,21,21,21,21
122303,2,1,1999,0,0,0,0,0,29,0,0,0,16
122304,0,1,1999,20,20,20,20,20,20,20,20,20,20
122304,1,1,1999,12,11,13,0,0,9,9,0,0,20
122305,1,1,1999,14,0,0,0,0,0,0,0,0,0
122305,2,1,1999,0,0,0,0,0,0,0,0,0,0
122306,1,1,1999,4,4,4,4,4,4,4,4,4,4
122307,1,1,1999,0,0,0,0,0,0,0,0,0,0
122307,2,1,1999,0,0,0,0,0,0,0,0,0,0
122308,1,1,1999,0,0,0,0,0,0,0,0,0,0
122309,1,1,1999,0,0,0,0,0,0,0,0,0,0
122310,0,1,1999,0,0,0,0,0,0,0,0,0,0
122310,1,1,1999,0,0,0,0,0,0,0,0,0,0
122311,1,1,1999,0,0,0,0,0,0,0,0,0,0
122311,2,1,1999,0,0,0,0,0,0,0,0,0,0
122312,1,1,1999,0,0,0,0,0,0,0,0,0,0
122312,2,1,1999,0,0,0,0,0,0,0,0,0,0
122313,0,1,1999,0,0,0,0,0,0,0,0,0,0
122313,0,2,1999,0,14,14,55,0,0,0,0,0,0
122313,1,1,1999,0,0,0,0,0,0,0,0,0,0
122314,1,1,1999,0,0,0,0,0,0,0,0,0,0
122314,2,1,1999,0,0,0,0,0,0,0,0,0,0
122315,0,1,1999,0,0,0,0,0,0,0,0,0,0
122315,1,1,1999,0,0,0,0,0,0,0,0,0,0
122316,0,1,1999,18,18,18,18,18,18,18,18,18,18
122316,1,1,1999,0,0,0,0,0,0,0,0,0,0
122317,0,1,1999,27,27,27,27,27,27,27,27,27,27
122317,1,1,1999,0,0,0,0,12,0,0,0,0,0
122318,1,1,1999,0,0,0,0,0,0,0,0,0,0
122318,2,1,1999,0,0,0,0,0,0,0,0,0,0
122319,1,1,1999,0,0,0,0,0,0,0,0,0,19
122319,2,1,1999,4,0,0,0,0,0,0,0,0,0
122320,1,1,1999,12,3,0,0,16,0,0,0,0,0
122321,1,1,1999,23,42,21,7,10,15,29,14,9,6
122322,1,1,1999,0,0,0,0,0,0,0,0,0,0
122322,2,1,1999,0,0,0,0,0,0,0,0,0,23
122323,0,1,1999,27,27,27,27,27,27,27,27,27,27
122323,1,1,1999,0,0,0,0,0,0,0,0,0,0
122324,1,1,1999,0,0,0,0,0,0,0,0,0,0
122325,0,1,1999,27,27,27,27,27,27,27,27,27,27
122325,1,1,1999,0,0,0,0,0,0,0,0,0,0
122325,2,1,1999,0,0,0,0,0,0,0,0,0,0
122326,1,1,1999,0,0,0,0,0,0,0,0,0,0
122326,2,1,1999,0,0,0,0,4,0,0,0,0,0
122327,0,1,1999,40,15,30,25,14,32,0,17,42,29
122327,1,1,1999,0,0,0,0,0,0,0,0,0,0
122328,1,1,1999,0,0,0,0,0,0,0,0,0,0
122328,2,1,1999,0,0,0,0,0,0,0,0,0,0
122329,1,1,1999,0,0,0,0,0,0,0,0,0,0
122329,2,1,1999,0,0,0,0,0,0,0,0,0,0
122330,1,1,1999,0,0,0,0,0,0,0,0,0,0
122330,2,1,1999,0,0,0,0,0,0,0,0,0,0
122331,1,1,1999,0,0,0,0,0,26,0,0,0,6
122331,2,1,1999,26,18,0,33,0,0,0,0,0,0
122332,0,1,1999,45,45,45,45,45,45,45,45,45,45
122332,1,1,1999,0,0,0,0,0,0,0,0,0,0
122333,0,1,1999,0,0,12,0,0,31,0,0,0,0
122333,0,2,1999,0,0,10,0,0,0,0,0,0,0
122333,0,3,1999,0,0,0,11,0,0,0,0,0,0
122333,1,1,1999,0,0,0,0,0,0,0,0,0,0
122334,1,1,1999,0,0,0,0,0,0,0,0,0,0
122334,2,1,1999,0,0,0,0,0,0,0,0,0,0
122335,1,1,1999,25,0,0,8,12,0,0,23,22,5
122336,0,1,1999,0,0,0,0,0,0,0,0,0,0
122336,0,2,1999,0,0,0,0,0,0,0,0,0,0
122336,1,1,1999,0,0,0,0,0,0,0,0,0,0
122336,2,1,1999,0,0,0,0,0,0,0,0,0,0
122337,0,1,1999,0,0,0,18,0,8,0,0,0,8
122337,0,2,1999,0,0,0,0,0,0,0,0,0,0
122337,1,1,1999,0,0,0,0,0,0,0,0,0,0
122338,1,1,1999,0,0,0,0,0,0,0,0,0,0
122339,1,1,1999,0,0,0,0,0,0,0,0,0,0
122339,2,1,1999,0,0,0,0,0,0,0,0,0,0
122340,0,1,1999,0,0,0,0,0,0,0,0,0,0
122340,1,1,1999,0,0,0,0,0,0,0,0,0,0
122341,0,1,1999,21,21,21,21,21,21,21,21,21,21
122341,1,1,1999,8,8,8,8,8,8,8,8,8,8
122342,1,1,1999,0,0,0,0,0,0,0,0,0,8
122342,2,1,1999,0,0,0,0,0,0,0,0,0,0
122342,3,1,1999,0,0,0,0,0,0,0,0,0,0
122343,1,1,1999,7,7,7,7,7,7,7,7,7,7
122344,1,1,1999,0,0,0,0,0,0,0,0,0,0
122344,2,1,1999,0,0,0,0,0,0,0,0,0,0
122344,3,1,1999,0,0,0,0,0,0,0,8,0,0
122345,0,1,1999,0,0,0,0,0,0,0,0,0,0
122345,1,1,1999,0,0,0,0,0,0,0,0,0,0
122346,1,1,1999,0,0,0,0,0,0,0,0,0,0
122346,2,1,1999,0,0,0,0,0,0,0,0,0,0
122347,1,1,1999,0,0,0,0,0,0,0,0,0,0
122347,2,1,1999,1,1,1,1,1,1,1,1,1,1
122348,0,1,1999,0,0,0,0,33,0,0,0,0,0
122348,1,1,1999,0,0,0,0,0,0,0,0,0,0
122349,1,1,1999,30,30,30,30,30,30,30,30,30,30
122349,2,1,1999,0,0,0,0,0,0,0,0,0,0
122350,1,1,1999,0,0,0,0,0,0,0,0,0,0
122351,1,1,1999,23,23,23,23,23,23,23,23,23,23
122351,2,1,1999,0,0,0,0,0,0,0,0,0,0
122352,0,1,1999,21,31,0,31,0,0,19,0,0,31
122352,1,1,1999,0,0,0,0,0,0,0,0,0,0
122353,1,1,1999,0,0,0,0,0,0,0,0,0,0
122353,2,1,1999,0,0,0,0,0,0,0,0,0,0
122354,1,1,1999,0,0,0,0,0,0,0,0,0,0
122354,2,1,1999,0,0,0,0,0,0,0,0,0,0
122355,1,1,1999,0,0,0,0,0,0,0,0,0,0
122356,0,1,1999,21,21,21,21,21,21,21,21,21,21
122356,1,1,1999,15,15,15,15,15,15,15,15,15,15
122357,0,1,1999,0,0,0,0,0,0,0,0,34,0
122357,1,1,1999,0,0,0,0,17,0,0,0,0,0
122358,0,1,1999,26,26,26,26,26,26,26,26,26,26
122358,1,1,1999,0,0,0,17,0,0,0,0,0,0
122359,1,1,1999,29,29,29,29,29,29,29,29,29,29
122359,2,1,1999,3,3,3,3,3,3,3,3,3,3
122359,3,1,1999,18,22,0,0,0,19,35,0,0,10
122360,1,1,1999,10,10,10,10,10,10,10,10,10,10
122361,1,1,1999,0,0,0,0,0,0,0,0,0,0
122361,2,1,1999,21,21,21,21,21,21,21,21,21,21
122362,0,1,1999,15,15,15,15,15,15,15,15,15,15
122362,1,1,1999,0,22,0,0,0,0,0,0,23,0
122363,0,1,1999,0,0,0,0,0,0,0,0,0,0
122363,1,1,1999,0,0,0,0,0,0,0,0,0,0
122364,1,1,1999,0,0,0,0,0,0,0,0,0,0
122364,2,1,1999,0,0,0,0,0,0,0,0,0,0
122365,1,1,1999,0,0,0,0,0,0,0,0,0,0
122365,2,1,1999,0,0,0,0,0,0,0,0,0,0
122366,1,1,1999,0,0,0,0,0,0,0,0,0,14
122366,2,1,1999,0,0,0,0,0,0,0,0,0,0
122367,0,1,1999,0,0,0,0,0,0,0,0,0,0
122367,1,1,1999,0,0,0,0,0,0,0,0,0,0
122368,0,1,1999,0,0,0,18,0,0,0,0,0,0
122368,1,1,1999,0,0,0,0,0,0,0,0,0,0
122369,1,1,1999,0,0,0,0,0,0,0,0,0,0
122369,2,1,1999,0,0,0,0,0,0,0,0,0,0
122369,3,1,1999,0,0,0,0,0,0,0,0,0,0
122370,1,1,1999,0,0,0,0,0,0,0,0,0,0
122370,2,1,1999,0,0,0,0,0,0,0,0,0,0
122371,1,1,1999,0,0,0,0,0,0,0,0,0,15
122371,2,1,1999,0,0,0,0,0,0,0,0,0,0
122372,1,1,1999,5,5,5,5,5,5,5,5,5,5
122373,0,1,1999,0,0,0,0,0,0,0,0,0,0
122373,1,1,1999,0,0,0,0,0,0,0,0,0,0
122374,0,1,1999,0,0,0,0,0,0,0,0,0,0
122374,1,1,1999,0,0,0,0,0,0,0,0,0,0
122375,0,1,1999,28,28,28,28,28,28,28,28,28,28
122375,1,1,1999,0,0,0,0,0,0,0,0,0,0
122376,1,1,1999,23,23,23,23,23,23,23,23,23,23
122376,2,1,1999,0,0,0,0,0,0,0,0,0,0
122377,0,1,1999,0,0,0,0,0,0,0,28,0,0
122377,1,1,1999,0,0,0,0,0,0,0,0,0,0
122378,0,1,1999,0,0,0,0,0,0,0,0,0,0
122378,1,1,1999,0,0,0,0,0,0,0,0,0,0
122379,1,1,1999,0,0,0,0,0,0,0,0,0,0
122379,2,1,1999,0,0,0,0,0,0,0,0,0,0
122380,1,1,1999,0,18,0,0,0,0,0,0,0,0
122380,2,1,1999,0,0,0,0,0,0,0,0,0,0
122381,0,1,1999,0,3,26,0,15,15,18,0,12,11
122381,1,1,1999,0,0,0,0,0,0,0,0,0,0
122382,0,1,1999,0,41,0,0,0,0,0,0,31,31
122382,1,1,1999,0,0,0,0,0,0,0,0,0,0
122383,1,1,1999,16,16,16,16,16,16,16,16,16,16
122383,2,1,1999,0,0,0,0,0,0,0,0,0,0
122384,1,1,1999,0,16,0,11,21,44,0,0,11,15
122385,1,1,1999,0,0,0,0,0,0,0,0,0,0
122385,2,1,1999,0,0,0,0,0,0,0,0,0,0
122386,1,1,1999,0,0,0,0,0,0,0,0,0,0
122386,2,1,1999,0,0,0,0,0,0,0,0,0,0
122387,1,1,1999,0,0,0,0,0,0,0,0,0,0
122387,2,1,1999,0,0,0,0,0,0,0,0,0,0
122388,0,1,1999,0,0,0,0,0,0,0,0,0,0
122388,0,2,1999,0,0,0,0,0,0,0,0,0,0
122388,1,1,1999,0,0,0,0,0,17,0,3,0,0
122389,1,1,1999,0,0,0,0,0,0,0,0,0,0
122389,2,1,1999,0,0,0,0,0,0,0,0,0,0
122389,3,1,1999,0,0,0,0,0,0,0,0,0,0
122390,1,1,1999,0,0,0,0,0,0,0,0,0,0
122390,2,1,1999,0,0,0,0,0,0,0,0,0,0
122391,1,1,1999,0,0,0,0,0,0,0,0,0,0
122391,2,1,1999,0,0,0,0,0,0,0,0,0,0
122392,1,1,1999,35,35,35,35,35,35,35,35,35,35
122393,1,1,1999,0,0,0,0,0,0,0,0,0,0
122393,2,1,1999,0,0,0,0,0,0,0,0,0,0
122394,1,1,1999,9,9,9,9,9,9,9,9,9,9
122395,1,1,1999,0,0,0,0,0,0,0,0,0,0
122395,2,1,1999,0,0,0,0,0,0,27,0,26,0
122396,1,1,1999,18,18,18,18,18,18,18,18,18,18
122397,0,1,1999,18,11,26,9,0,0,23,18,18,0
122397,1,1,1999,0,0,0,20,15,12,0,0,26,16
122398,0,1,1999,28,28,28,28,28,28,28,28,28,28
122398,1,1,1999,0,0,0,0,0,0,0,0,0,0
122399,1,1,1999,0,0,0,0,0,0,0,0,0,0
122399,2,1,1999,0,0,0,0,0,0,0,0,0,0
122400,0,1,1999,0,0,0,0,0,0,0,0,0,0
122400,1,1,1999,0,0,0,0,0,0,0,18,0,9
122401,0,1,1999,0,0,0,0,0,0,0,0,0,0
122401,1,1,1999,0,0,0,0,0,0,0,0,0,0
122402,0,1,1999,36,36,36,36,36,36,36,36,36,36
122402,1,1,1999,0,0,0,0,0,0,0,0,0,0
122403,0,1,1999,23,0,0,6,0,15,0,0,0,0
122403,1,1,1999,16,0,0,0,0,16,0,0,0,0
122404,1,1,1999,0,0,0,0,0,0,0,0,0,0
122404,2,1,1999,0,0,0,0,0,0,2,0,0,0
122405,0,1,1999,0,0,0,0,0,0,0,0,0,0
122405,1,1,1999,0,0,0,0,0,0,0,0,0,0
122405,2,1,1999,0,0,0,0,0,0,0,0,0,0
122405,3,1,1999,0,0,0,0,0,0,0,0,0,0
122405,4,1,1999,0,0,0,0,0,0,0,0,0,0
122405,5,1,1999,0,0,0,0,0,0,0,0,0,0
122405,6,1,1999,0,0,0,0,0,13,32,0,0,0
122405,7,1,1999,0,0,0,0,0,0,0,0,11,0
122406,1,1,1999,0,0,0,0,0,0,0,0,0,0
122406,2,1,1999,0,0,0,0,0,0,0,0,0,0
122406,3,1,1999,0,0,6,0,0,0,0,0,0,0
122406,4,1,1999,0,0,0,0,0,0,0,0,0,0
122407,1,1,1999,27,27,27,27,27,27,27,27,27,27
122408,1,1,1999,11,11,11,11,11,11,11,11,11,11
122409,1,1,1999,0,0,0,0,0,0,0,0,0,0
122410,0,1,1999,41,41,41,41,41,41,41,41,41,41
122410,1,1,1999,6,6,6,6,6,6,6,6,6,6
122411,1,1,1999,21,21,21,21,21,21,21,21,21,21
122411,2,1,1999,0,0,0,0,0,0,0,0,0,0
122411,3,1,1999,0,0,0,0,0,0,0,0,0,0
122411,4,1,1999,0,0,0,0,0,0,0,0,0,0
122412,0,1,1999,0,0,0,0,0,0,0,0,0,0
122412,0,2,1999,0,10,18,0,0,13,0,0,0,0
122412,1,1,1999,0,0,0,0,0,0,0,0,0,18
122413,1,1,1999,15,15,15,15,15,15,15,15,15,15
122413,2,1,1999,0,0,0,0,0,0,0,0,0,0
122414,1,1,1999,0,0,3,0,11,0,29,26,0,16
122414,2,1,1999,0,0,0,0,0,0,0,0,0,0
122414,3,1,1999,0,0,0,0,0,0,0,0,0,0
122414,4,1,1999,0,0,0,0,0,0,0,0,0,0
122414,5,1,1999,0,0,0,0,0,0,0,0,0,0
122414,6,1,1999,0,7,0,12,0,0,0,0,0,19
122415,1,1,1999,0,0,0,0,0,0,0,0,0,0
122415,2,1,1999,0,0,0,0,0,0,0,0,0,0
122416,0,1,1999,0,0,0,0,0,0,0,0,0,0
122416,1,1,1999,0,0,0,0,0,0,0,0,0,0
122417,1,1,1999,0,0,0,0,0,0,0,0,0,0
122417,2,1,1999,0,0,0,0,0,0,0,5,0,0
122418,0,1,1999,0,0,0,0,0,0,0,0,0,0
122418,1,1,1999,0,0,0,0,0,0,0,0,0,0
122419,0,1,1999,0,0,0,0,0,0,0,0,0,0
122419,1,1,1999,0,0,0,0,0,0,9,0,0,0
122420,1,1,1999,0,20,0,0,15,15,17,15,21,14
122421,1,1,1999,0,0,0,0,0,0,0,0,0,0
122421,2,1,1999,26,26,26,26,26,26,26,26,26,26
122422,1,1,1999,0,0,0,0,0,0,13,27,0,0
122423,1,1,1999,0,0,0,0,0,0,0,0,0,0
122423,2,1,1999,0,0,0,0,0,0,0,0,0,0
122424,1,1,1999,0,0,0,0,0,0,0,0,0,0
122424,2,1,1999,0,0,0,0,0,0,0,0,0,0
122424,3,1,1999,8,0,0,0,0,0,0,0,0,0
122425,1,1,1999,0,0,0,0,0,0,0,0,0,0
122425,2,1,1999,0,0,39,0,0,0,0,0,0,0
122426,0,1,1999,0,0,15,0,0,11,0,0,0,0
122426,1,1,1999,0,0,0,0,0,0,0,0,0,0
122426,2,1,1999,0,0,0,0,0,0,0,0,0,0
122427,0,1,1999,0,0,0,2,0,0,0,0,0,0
122427,1,1,1999,0,0,0,0,0,0,0,0,0,0
122428,1,1,1999,0,0,0,0,0,0,0,0,0,0
122428,2,1,1999,9,9,9,9,9,9,9,9,9,9
122429,0,1,1999,0,0,0,0,0,0,0,0,0,0
122429,1,1,1999,18,0,0,0,0,0,0,0,0,0
122430,1,1,1999,20,20,20,20,20,20,20,20,20,20
122430,2,1,1999,0,0,0,0,0,0,0,0,0,0
122431,1,1,1999,0,23,0,0,0,0,0,0,0,0
122431,2,1,1999,0,0,0,0,0,0,0,0,0,0
122432,1,1,1999,0,0,0,0,0,0,0,0,0,0
122432,2,1,1999,0,0,0,0,0,0,0,0,0,0
122433,1,1,1999,0,0,0,0,0,0,0,0,0,0
122433,2,1,1999,0,0,0,0,0,0,0,0,0,0
122434,1,1,1999,8,8,8,8,8,8,8,8,8,8
122435,1,1,1999,0,0,0,0,0,0,7,0,0,0
122436,0,1,1999,30,30,30,30,30,30,30,30,30,30
122436,1,1,1999,3,3,3,3,3,3,3,3,3,3
122437,1,1,1999,0,0,0,0,0,0,0,0,0,0
122437,2,1,1999,0,0,0,0,0,0,0,0,0,0
122438,1,1,1999,2,2,2,2,2,2,2,2,2,2
122438,2,1,1999,0,0,0,0,0,0,0,0,0,0
122439,1,1,1999,23,23,23,23,23,23,23,23,23,23
122440,1,1,1999,23,0,0,20,24,16,14,0,0,12
122440,2,1,1999,0,0,28,0,0,0,0,0,0,0
122441,1,1,1999,0,0,0,12,0,0,0,0,0,0
122441,2,1,1999,0,0,0,0,0,0,0,0,0,0
122441,3,1,1999,0,0,0,0,0,0,0,0,0,0
122442,1,1,1999,0,0,0,0,0,0,0,0,0,0
122442,2,1,1999,0,0,0,0,0,20,0,0,0,0
122443,0,1,1999,0,0,0,0,0,0,0,0,0,0
122443,1,1,1999,0,6,0,0,0,0,0,0,0,0
122444,1,1,1999,0,0,0,0,0,0,0,0,0,0
122444,2,1,1999,0,0,0,0,0,0,0,0,0,0
122445,1,1,1999,0,0,0,0,0,0,0,0,0,0
122446,1,1,1999,21,17,15,0,0,0,16,24,17,9
122447,1,1,1999,0,0,0,0,0,0,0,0,0,0
122448,1,1,1999,0,0,0,0,0,0,0,0,0,0
122448,2,1,1999,0,0,0,0,0,0,0,0,0,0
122449,1,1,1999,26,26,26,26,26,26,26,26,26,26
122450,1,1,1999,17,31,22,14,15,9,10,32,0,16
122450,2,1,1999,0,0,0,0,0,0,0,0,27,0
122451,0,1,1999,0,0,0,0,0,0,0,0,0,0
122451,1,1,1999,0,0,0,0,0,0,0,0,0,0
122452,1,1,1999,0,0,0,0,0,0,0,0,0,0
122452,2,1,1999,0,0,0,0,0,0,0,0,0,5
122453,1,1,1999,0,0,0,0,0,0,0,0,8,0
122453,2,1,1999,0,0,0,0,0,0,0,18,11,8