ST_CASE,VEH_NO,PER_NO,YEAR,P1,P2,P3,P4,P5,P6,P7,P8,P9,P10
130077,2,1,1999,0,15,0,0,0,0,0,0,0,0
130077,3,1,1999,0,0,0,0,0,0,0,0,0,0
130077,4,1,1999,0,0,0,0,0,0,0,0,0,0
130078,1,1,1999,0,0,0,0,0,0,0,0,0,0
130079,1,1,1999,0,0,0,0,0,0,0,0,0,0
130080,1,1,1999,0,0,0,0,0,0,0,0,0,0
130080,2,1,1999,0,0,0,0,0,0,0,0,0,0
130081,0,1,1999,38,38,38,38,38,38,38,38,38,38
130081,1,1,1999,0,0,0,0,0,0,0,0,0,0
130082,1,1,1999,23,23,23,23,23,23,23,23,23,23
130083,1,1,1999,0,0,0,0,0,0,0,0,0,0
130083,2,1,1999,0,0,0,0,0,0,0,0,0,0
130084,1,1,1999,0,0,0,0,0,0,0,0,0,0
130084,2,1,1999,0,0,0,0,0,0,0,0,0,0
130085,1,1,1999,28,28,28,28,28,28,28,28,28,28
130086,1,1,1999,0,0,0,0,0,0,0,0,0,0
130087,1,1,1999,0,0,0,0,0,0,0,0,0,0
130088,1,1,1999,0,0,0,0,23,0,0,0,0,0
130088,2,1,1999,0,0,0,0,0,0,0,0,0,0
130089,0,1,1999,23,23,23,23,23,23,23,23,23,23
130089,1,1,1999,0,0,0,0,0,0,0,0,0,0
130090,0,1,1999,0,0,0,0,0,0,0,0,0,0
130090,1,1,1999,0,0,0,0,0,0,0,0,0,0
130091,1,1,1999,0,0,0,0,0,0,0,0,0,0
130092,1,1,1999,0,0,0,0,0,0,0,0,0,0
130092,2,1,1999,0,0,0,0,0,0,0,0,0,0
130093,0,1,1999,0,0,0,0,0,0,0,0,0,0
130093,1,1,1999,12,12,12,12,12,12,12,12,12,12
130094,1,1,1999,0,0,0,0,0,0,0,0,0,0
130095,1,1,1999,18,18,18,18,18,18,18,18,18,18
130096,1,1,1999,0,0,0,0,0,0,0,0,0,0
130096,2,1,1999,0,0,0,0,0,0,0,0,0,0
130097,1,1,1999,0,0,0,0,0,0,0,0,0,0
130098,1,1,1999,16,16,16,16,16,16,16,16,16,16
130098,2,1,1999,0,0,0,0,0,0,0,0,0,0
130099,1,1,1999,0,0,0,0,0,0,0,0,0,0
130099,2,1,1999,0,0,0,0,0,0,0,0,0,0
130099,3,1,1999,0,0,0,0,0,0,0,0,0,0
130100,1,1,1999,0,0,0,0,0,0,0,0,0,0
130101,1,1,1999,0,23,15,15,22,24,38,15,6,18
130102,1,1,1999,16,16,16,16,16,16,16,16,16,16
130103,1,1,1999,20,13,32,14,16,17,12,12,16,14
130103,2,1,1999,0,0,0,0,0,0,0,0,0,0
130104,1,1,1999,0,0,0,0,0,0,0,0,0,0
130104,2,1,1999,0,0,0,0,0,0,0,0,0,0
130105,1,1,1999,0,0,0,0,0,0,0,0,0,0
130105,2,1,1999,0,0,0,0,0,0,0,0,0,0
130106,0,1,1999,0,0,0,0,0,0,0,0,0,0
130106,1,1,1999,0,0,0,0,0,0,0,0,0,0
130107,1,1,1999,0,0,0,0,0,0,0,0,0,0
130107,2,1,1999,0,0,0,0,0,0,0,0,0,0
130108,1,1,1999,21,21,21,21,21,21,21,21,21,21
130109,1,1,1999,17,17,17,17,17,17,17,17,17,17
130110,0,1,1999,0,0,0,0,0,0,0,0,0,0
130110,0,2,1999,0,0,0,0,0,0,0,0,0,0
130110,0,3,1999,7,35,0,0,20,0,0,12,0,0
130110,1,1,1999,0,0,0,0,0,0,0,0,0,0
130111,0,1,1999,0,0,0,0,0,0,0,0,0,0
130111,1,1,1999,0,0,0,0,0,0,0,0,0,0
130112,1,1,1999,0,0,0,0,0,0,0,0,0,0
130112,2,1,1999,0,0,0,0,0,0,0,0,0,0
130113,1,1,1999,0,0,0,0,0,0,0,0,0,0
130113,2,1,1999,0,0,0,0,0,0,0,0,0,0
130114,1,1,1999,0,0,0,0,0,0,0,0,0,0
130114,2,1,1999,0,0,0,0,0,0,0,0,0,0
130114,3,1,1999,0,0,0,0,0,0,0,0,0,0
130115,1,1,1999,19,19,19,19,19,19,19,19,19,19
130116,1,1,1999,0,19,8,38,22,0,0,21,0,28
130117,1,1,1999,0,0,0,0,0,0,0,0,0,0
130117,2,1,1999,0,0,0,0,0,0,0,0,8,0
130117,3,1,1999,0,0,0,0,0,0,0,0,0,0
130118,1,1,1999,0,0,9,0,0,0,0,0,0,0
130118,2,1,1999,0,0,0,0,0,0,0,0,0,0
130119,1,1,1999,0,0,0,0,0,0,0,0,0,0
130119,2,1,1999,0,0,0,0,0,0,0,0,0,0
130120,1,1,1999,17,17,17,17,17,17,17,17,17,17
130121,1,1,1999,24,0,30,0,0,10,6,0,24,16
130122,1,1,1999,0,0,0,0,0,0,0,0,0,0
130123,1,1,1999,0,0,0,0,0,0,0,0,0,0
130124,1,1,1999,0,0,0,0,0,0,0,0,0,0
130124,2,1,1999,29,29,29,29,29,29,29,29,29,29
130125,1,1,1999,11,11,11,11,11,11,11,11,11,11
130126,1,1,1999,27,27,27,27,27,27,27,27,27,27
130127,1,1,1999,0,0,0,0,0,16,0,0,0,0
130127,2,1,1999,0,0,0,0,0,9,0,0,0,0
130128,1,1,1999,0,0,0,0,0,0,0,0,0,0
130128,2,1,1999,0,0,0,0,0,0,0,0,0,0
130129,1,1,1999,0,0,0,0,0,0,0,0,0,6
130129,2,1,1999,0,0,0,0,0,0,0,0,0,0
130130,1,1,1999,0,0,0,0,0,0,0,0,0,0
130130,2,1,1999,0,20,0,0,0,0,0,0,0,19
130131,0,1,1999,0,0,0,0,0,0,0,0,0,0
130131,1,1,1999,0,0,0,0,0,0,0,0,0,0
130132,1,1,1999,0,0,0,0,0,0,0,0,0,0
130132,2,1,1999,0,0,0,0,0,0,0,0,0,0
130133,1,1,1999,0,0,0,0,0,0,0,0,0,0
130133,2,1,1999,0,0,0,0,0,0,0,0,0,0
130133,3,1,1999,0,0,0,0,0,0,0,0,0,0
130134,1,1,1999,7,7,7,7,7,7,7,7,7,7
130135,1,1,1999,2,2,2,2,2,2,2,2,2,2
130135,2,1,1999,0,0,0,0,0,0,0,0,0,0
130135,3,1,1999,0,0,0,0,0,0,0,0,0,0
130136,1,1,1999,0,0,0,0,0,0,0,0,0,0
130137,1,1,1999,0,0,0,0,0,0,0,0,0,0
130137,2,1,1999,0,0,0,0,0,0,0,0,0,0
130138,1,1,1999,25,25,25,25,25,25,25,25,25,25
130139,1,1,1999,0,0,0,0,0,18,0,0,4,0
130139,2,1,1999,3,3,3,3,3,3,3,3,3,3
130140,1,1,1999,2,2,2,2,2,2,2,2,2,2
130141,1,1,1999,0,0,0,0,0,0,0,0,0,0
130141,2,1,1999,0,0,0,0,0,0,0,0,0,0
130143,1,1,1999,0,0,0,9,0,0,0,0,0,0
130143,2,1,1999,0,0,0,0,0,0,0,0,0,0
130144,1,1,1999,0,0,0,0,0,0,0,0,0,0
130144,2,1,1999,0,0,0,0,0,0,0,0,0,0
130145,1,1,1999,0,0,0,0,0,0,0,0,0,0
130145,2,1,1999,0,0,0,22,0,27,16,0,0,0
130146,1,1,1999,18,18,18,18,18,18,18,18,18,18
130147,1,1,1999,0,0,0,0,0,0,0,0,0,0
130148,1,1,1999,7,7,7,7,7,7,7,7,7,7
130148,2,1,1999,0,0,0,0,0,0,0,0,0,0
130149,1,1,1999,0,0,0,0,0,0,0,0,0,0
130150,1,1,1999,0,0,0,0,9,0,0,0,0,0
130151,1,1,1999,37,15,12,12,25,12,0,0,0,0
130152,1,1,1999,0,0,0,0,0,0,0,0,0,0
130152,2,1,1999,0,0,0,0,0,0,0,0,0,0
130153,1,1,1999,0,0,0,13,0,0,0,0,0,0
130154,0,1,1999,0,0,0,0,0,0,0,0,0,0
130154,0,2,1999,0,0,18,39,0,0,20,34,26,0
130154,1,1,1999,20,20,20,20,20,20,20,20,20,20
130155,1,1,1999,30,30,30,30,30,30,30,30,30,30
130156,1,1,1999,14,14,14,14,14,14,14,14,14,14
130157,0,1,1999,0,0,0,0,0,0,0,0,0,0
130157,1,1,1999,0,0,0,0,0,0,0,0,0,0
130158,1,1,1999,0,0,0,0,0,0,0,0,0,0
130158,2,1,1999,0,0,0,0,0,0,0,0,0,0
130159,1,1,1999,26,26,26,26,26,26,26,26,26,26
130160,1,1,1999,0,0,0,0,0,0,0,0,0,0
130161,1,1,1999,4,4,4,4,4,4,4,4,4,4
130162,1,1,1999,0,4,8,13,0,12,0,11,7,40
130163,1,1,1999,35,35,35,35,35,35,35,35,35,35
130164,0,1,1999,0,0,0,0,0,0,0,0,0,0
130164,1,1,1999,0,0,0,0,0,0,0,0,0,0
130165,0,1,1999,0,0,0,0,0,0,0,0,0,0
130165,1,1,1999,0,0,0,0,0,0,0,0,0,0
130165,2,1,1999,0,0,0,0,0,0,0,0,0,0
130165,3,1,1999,0,0,0,0,0,0,0,0,0,0
130166,1,1,1999,0,0,0,0,0,0,0,0,0,0
130167,0,1,1999,0,0,0,0,0,0,0,0,0,0
130167,1,1,1999,0,0,0,0,0,0,0,0,0,0
130168,1,1,1999,0,0,0,0,0,0,0,0,0,0
130168,2,1,1999,0,0,0,0,0,0,0,0,0,0
130169,1,1,1999,0,0,0,0,0,0,0,0,0,0
130169,2,1,1999,4,4,4,4,4,4,4,4,4,4
130170,1,1,1999,0,0,0,0,0,0,0,0,0,0
130170,2,1,1999,0,0,0,0,0,0,0,0,0,0
130171,1,1,1999,0,0,0,0,0,0,0,0,0,0
130171,2,1,1999,0,0,0,0,0,0,0,0,0,0
130172,0,1,1999,17,17,17,17,17,17,17,17,17,17
130172,1,1,1999,0,0,0,0,0,0,0,0,0,0
130173,1,1,1999,17,17,17,17,17,17,17,17,17,17
130174,1,1,1999,0,0,0,0,0,17,0,0,0,0
130174,2,1,1999,0,0,0,0,0,0,0,0,0,0
130175,0,1,1999,35,35,35,35,35,35,35,35,35,35
130175,1,1,1999,0,0,0,0,0,0,0,0,0,0
130176,0,1,1999,28,28,28,28,28,28,28,28,28,28
130176,0,2,1999,0,0,0,0,0,0,0,0,0,0
130176,0,3,1999,0,0,0,0,0,0,0,0,0,0
130176,0,4,1999,7,11,16,0,20,0,7,19,14,14
130176,0,5,1999,0,0,0,0,0,0,0,0,0,0
130176,1,1,1999,0,0,0,0,0,0,0,0,0,0
130177,1,1,1999,0,0,0,0,0,0,0,0,0,0
130178,1,1,1999,0,0,0,0,0,0,0,0,0,0
130178,2,1,1999,0,0,0,0,0,0,0,0,0,0
130178,3,1,1999,0,0,0,0,0,0,0,0,0,0
130179,1,1,1999,10,10,10,10,10,10,10,10,10,10
130179,2,1,1999,0,0,0,0,0,0,0,0,0,0
130180,1,1,1999,2,2,2,2,2,2,2,2,2,2
130181,1,1,1999,0,0,0,0,0,0,0,0,0,0
130182,1,1,1999,0,0,0,0,0,0,0,0,0,0
130182,2,1,1999,0,0,0,0,0,0,0,0,0,0
130182,3,1,1999,0,0,0,0,0,0,0,0,0,0
130182,4,1,1999,0,0,0,0,0,0,0,0,0,0
130182,5,1,1999,0,0,0,0,10,0,0,0,0,0
130183,1,1,1999,0,0,0,0,0,0,0,0,0,0
130183,2,1,1999,0,0,0,0,0,0,0,0,0,0
130183,3,1,1999,0,0,0,0,0,0,0,0,0,0
130184,1,1,1999,0,0,0,0,0,0,0,0,0,0
130184,2,1,1999,0,0,0,0,0,0,0,0,0,0
130185,1,1,1999,0,0,0,0,0,0,0,0,0,0
130185,2,1,1999,0,0,0,0,0,0,0,0,0,0
130186,1,1,1999,0,0,0,0,0,0,0,0,0,0
130187,1,1,1999,0,0,0,0,0,0,0,0,0,0
130187,2,1,1999,0,0,0,0,0,0,0,0,0,0
130188,0,1,1999,16,0,15,0,19,23,0,0,0,10
130188,1,1,1999,2,2,2,2,2,2,2,2,2,2
130189,1,1,1999,28,0,16,0,6,0,0,19,26,18
130190,1,1,1999,0,0,0,0,0,0,0,0,0,0
130190,2,1,1999,0,0,0,0,0,0,0,0,0,0
130191,1,1,1999,0,0,0,0,0,0,0,0,0,0
130191,2,1,1999,0,0,0,0,0,0,0,0,0,0
130192,1,1,1999,15,15,15,15,15,15,15,15,15,15
130193,1,1,1999,0,0,0,0,0,0,0,0,0,0
130193,2,1,1999,0,0,0,0,0,0,0,0,0,0
130194,1,1,1999,0,0,0,0,0,0,0,0,0,0
130195,1,1,1999,20,20,20,20,20,20,20,20,20,20
130196,1,1,1999,0,0,0,0,0,0,0,0,0,0
130197,1,1,1999,0,0,0,0,0,0,0,0,0,0
130197,2,1,1999,26,20,32,27,41,16,14,22,13,36
130198,1,1,1999,29,29,29,29,29,29,29,29,29,29
130199,1,1,1999,0,0,0,0,0,0,0,0,0,0
130200,1,1,1999,0,0,0,0,0,0,0,0,0,0
130201,1,1,1999,26,26,26,26,26,26,26,26,26,26
130202,0,1,1999,0,0,0,0,0,0,0,0,0,0
130202,1,1,1999,0,0,0,0,0,0,0,0,0,0
130203,1,1,1999,0,0,0,0,0,0,0,0,0,0
130203,2,1,1999,0,0,0,0,0,0,0,0,0,0
130203,3,1,1999,0,0,0,0,12,0,0,0,0,0
130204,1,1,1999,0,0,0,0,0,0,0,0,0,0
130204,2,1,1999,0,0,0,0,0,0,0,0,0,0
130205,1,1,1999,29,30,0,19,25,23,13,0,17,10
130206,1,1,1999,0,0,0,0,0,0,0,0,0,0
130206,2,1,1999,0,0,0,0,0,0,0,0,0,0
130207,1,1,1999,0,0,0,0,0,0,9,0,0,0
130207,2,1,1999,0,0,0,0,0,0,0,0,0,0
130208,1,1,1999,0,0,0,0,0,0,0,0,0,0
130208,2,1,1999,0,0,0,0,0,0,0,0,0,0
130209,1,1,1999,3,0,19,27,0,3,8,0,0,0
130210,1,1,1999,0,0,0,0,0,0,0,0,0,0
130211,1,1,1999,19,19,19,19,19,19,19,19,19,19
130212,1,1,1999,0,0,0,0,0,0,0,0,0,0
130213,1,1,1999,0,0,0,0,0,0,0,0,0,0
130214,1,1,1999,0,0,0,0,0,0,0,0,0,0
130214,2,1,1999,0,0,0,0,0,0,0,0,0,0
130215,1,1,1999,0,0,0,0,0,0,0,0,0,0
130216,1,1,1999,0,0,0,0,0,0,0,0,0,0
130216,2,1,1999,0,0,0,0,0,0,0,0,0,0
130217,1,1,1999,0,0,0,0,0,0,0,0,0,0
130217,2,1,1999,0,0,0,0,0,0,0,0,0,0
130218,1,1,1999,0,0,0,0,0,0,0,0,0,0
130219,0,1,1999,3,3,3,3,3,3,3,3,3,3
130219,1,1,1999,0,0,0,0,0,0,0,0,0,0
130220,1,1,1999,8,8,8,8,8,8,8,8,8,8
130221,1,1,1999,0,0,0,0,0,0,0,0,0,0
130222,1,1,1999,0,0,0,0,0,0,0,0,0,0
130222,2,1,1999,0,0,0,0,0,0,0,0,0,0
130223,1,1,1999,0,0,0,0,0,0,0,0,0,0
130223,2,1,1999,3,3,3,3,3,3,3,3,3,3
130224,1,1,1999,0,0,0,0,0,0,0,0,0,0
130224,2,1,1999,0,0,0,0,0,0,0,0,0,0
130225,1,1,1999,0,0,0,0,0,0,0,0,0,0
130226,0,1,1999,0,0,0,5,0,0,0,22,0,0
130226,1,1,1999,0,0,0,0,0,0,0,0,0,0
130227,1,1,1999,0,0,0,0,0,0,0,0,0,0
130228,1,1,1999,0,0,0,0,0,0,0,0,0,0
130228,2,1,1999,0,0,0,0,0,0,0,0,0,0
130228,3,1,1999,0,0,0,0,0,0,0,0,0,0
130229,1,1,1999,7,18,47,29,0,8,0,27,0,0
130230,1,1,1999,0,0,0,0,0,0,0,0,0,0
130230,2,1,1999,0,0,0,0,0,0,0,0,0,0
130231,1,1,1999,0,0,0,0,0,0,0,0,0,0
130231,2,1,1999,0,0,0,0,0,0,0,0,0,0
130231,3,1,1999,0,0,0,0,0,0,0,0,0,0
130232,1,1,1999,9,9,9,9,9,9,9,9,9,9
130232,2,1,1999,0,0,0,0,0,0,0,0,0,0
130233,1,1,1999,21,18,21,0,21,28,9,25,10,0
130233,2,1,1999,0,0,0,0,0,0,0,0,0,0
130234,0,1,1999,0,0,0,0,0,0,0,0,0,0
130234,2,1,1999,0,0,0,0,0,0,0,0,0,0
130234,3,1,1999,0,0,16,0,0,0,14,10,9,0
130234,4,1,1999,19,0,0,7,0,0,25,0,0,0
130235,1,1,1999,19,19,19,19,19,19,19,19,19,19
130236,0,1,1999,0,15,0,0,0,0,0,10,0,0
130236,0,2,1999,0,0,0,0,0,0,0,0,0,0
130236,0,3,1999,0,0,0,0,0,0,0,0,0,0
130236,0,4,1999,0,0,0,0,0,0,0,0,0,0
130236,1,1,1999,0,0,0,0,0,0,0,0,0,0
130237,1,1,1999,3,3,3,3,3,3,3,3,3,3
130237,2,1,1999,0,0,0,0,0,0,0,0,0,0
130238,1,1,1999,0,0,0,0,0,0,0,0,0,0
130239,1,1,1999,0,0,0,0,0,0,0,0,0,0
130239,2,1,1999,0,0,0,0,0,0,0,0,0,0
130240,0,1,1999,0,0,0,0,0,0,0,0,0,0
130240,1,1,1999,0,0,0,0,0,0,0,0,0,0
130241,1,1,1999,23,24,24,11,21,22,9,0,8,17
130242,1,1,1999,0,0,0,0,0,0,0,0,0,0
130243,1,1,1999,0,0,0,0,36,0,0,0,0,0
130244,1,1,1999,0,0,0,0,0,0,0,0,0,0
130244,2,1,1999,0,0,0,0,0,0,0,0,0,0
130245,1,1,1999,28,18,29,19,5,31,12,18,25,14
130246,1,1,1999,0,0,0,0,0,0,0,0,0,0
130246,2,1,1999,0,0,0,0,0,11,9,0,0,0
130246,3,1,1999,0,0,0,0,0,0,0,0,0,0
130247,0,1,1999,0,0,0,0,0,0,0,0,0,0
130247,1,1,1999,0,0,0,0,0,0,0,0,0,0
130248,1,1,1999,0,0,0,0,0,0,0,0,0,0
130248,2,1,1999,0,0,0,0,0,0,0,0,0,0
130249,0,1,1999,0,0,0,0,0,0,0,0,0,0
130249,1,1,1999,0,0,0,0,0,0,0,0,0,0
130250,1,1,1999,0,0,0,0,0,0,0,0,0,0
130251,1,1,1999,0,0,0,0,0,0,0,0,0,0
130251,2,1,1999,0,0,0,0,0,0,0,0,0,0
130252,0,1,1999,0,0,0,0,0,0,0,0,0,0
130252,1,1,1999,0,0,0,0,0,0,0,0,0,0
130253,1,1,1999,22,22,22,22,22,22,22,22,22,22
130254,1,1,1999,0,0,0,0,0,0,0,0,0,0
130254,2,1,1999,0,0,0,0,0,0,0,0,0,0
130255,1,1,1999,28,28,28,28,28,28,28,28,28,28
130256,1,1,1999,23,23,23,23,23,23,23,23,23,23
130257,1,1,1999,0,0,0,0,0,0,0,0,0,0
130257,2,1,1999,0,0,0,0,0,0,0,0,0,0
130258,1,1,1999,0,0,0,0,0,0,0,0,0,0
130259,1,1,1999,0,0,0,0,0,0,0,0,0,0
130259,2,1,1999,0,0,0,0,0,0,0,0,0,0
130260,1,1,1999,16,16,16,16,16,16,16,16,16,16
130261,0,1,1999,0,0,0,0,0,0,0,0,19,0
130261,1,1,1999,0,0,0,0,0,0,0,0,0,0
130262,1,1,1999,0,0,0,0,0,0,0,0,0,0
130262,2,1,1999,0,0,0,0,0,0,0,0,0,0
130262,3,1,1999,0,0,0,0,0,0,0,0,0,0
130263,1,1,1999,0,0,0,0,0,0,0,0,0,0
130263,2,1,1999,0,0,0,0,0,0,0,0,0,0
130264,1,1,1999,0,0,0,0,0,0,0,0,0,0
130264,2,1,1999,0,0,0,0,0,0,0,0,0,0
130264,3,1,1999,0,0,0,0,0,0,0,0,0,0
130264,4,1,1999,0,0,0,0,0,0,0,0,0,0
130264,5,1,1999,0,0,0,0,0,0,0,0,0,0
130266,0,1,1999,0,0,0,0,0,0,0,0,0,0
130266,1,1,1999,0,0,0,0,0,0,0,0,0,0
130267,1,1,1999,0,0,0,0,0,0,0,0,0,0
130267,2,1,1999,0,0,0,0,0,0,0,0,0,0
130268,0,1,1999,0,26,28,9,16,0,27,13,40,0
130268,1,1,1999,0,0,0,0,0,0,0,0,0,38
130269,1,1,1999,0,0,0,0,0,0,0,0,0,0
130269,2,1,1999,14,0,0,0,0,0,18,0,0,0
130270,1,1,1999,17,17,17,17,17,17,17,17,17,17
130271,1,1,1999,10,10,10,10,10,10,10,10,10,10
130272,1,1,1999,0,0,0,0,0,0,0,0,0,11
130272,2,1,1999,0,0,0,0,0,0,0,0,0,0
130273,0,1,1999,17,36,10,18,22,17,0,0,39,18
130273,1,1,1999,0,0,0,0,0,0,0,0,0,0
130274,1,1,1999,0,0,0,0,0,0,0,0,0,0
130274,2,1,1999,0,0,0,0,0,0,0,0,0,0
130275,1,1,1999,24,24,24,24,24,24,24,24,24,24
130275,2,1,1999,0,5,0,23,8,26,0,0,15,0
130276,1,1,1999,0,0,0,0,0,0,0,0,0,0
130277,1,1,1999,23,23,23,23,23,23,23,23,23,23
130278,0,1,1999,18,27,0,5,0,0,0,0,0,0
130278,0,2,1999,0,0,37,0,16,11,0,13,6,0
130278,1,1,1999,12,12,12,12,12,12,12,12,12,12
130279,1,1,1999,0,0,0,0,0,0,0,0,0,0
130279,2,1,1999,0,0,0,0,0,0,0,0,0,0
130279,3,1,1999,0,0,0,0,0,0,0,0,0,0
130280,1,1,1999,0,0,0,0,0,0,0,0,0,0
130280,2,1,1999,0,0,0,0,0,0,0,0,0,0
130281,1,1,1999,16,27,0,0,0,8,15,11,0,37
130282,1,1,1999,0,0,0,0,0,0,0,0,0,0
130282,2,1,1999,0,0,0,0,0,0,0,0,0,0
130283,1,1,1999,22,22,22,22,22,22,22,22,22,22
130284,1,1,1999,0,0,0,0,0,0,0,0,0,0
130285,1,1,1999,0,0,0,0,0,0,0,0,0,0
130285,2,1,1999,2,2,2,2,2,2,2,2,2,2
130286,0,1,1999,8,8,8,8,8,8,8,8,8,8
130286,1,1,1999,0,0,0,0,0,0,0,0,0,0
130287,1,1,1999,33,33,33,33,33,33,33,33,33,33
130288,1,1,1999,0,0,0,0,0,0,0,0,0,0
130288,2,1,1999,0,0,0,0,0,0,0,0,0,0
130289,1,1,1999,0,0,0,0,0,0,0,0,0,0
130290,1,1,1999,15,15,15,15,15,15,15,15,15,15
130291,0,1,1999,0,0,0,0,0,0,0,0,0,0
130291,1,1,1999,0,0,0,0,0,0,0,0,0,0
130292,1,1,1999,3,3,3,3,3,3,3,3,3,3
130293,1,1,1999,0,0,0,0,0,0,0,0,0,0
130294,1,1,1999,6,6,6,6,6,6,6,6,6,6
130294,2,1,1999,0,0,0,0,0,0,0,0,0,0
130295,1,1,1999,0,0,0,0,0,0,0,0,0,0
130296,1,1,1999,18,18,18,18,18,18,18,18,18,18
130297,0,1,1999,19,0,37,17,22,20,13,28,17,23
130297,1,1,1999,0,0,0,0,0,0,0,0,0,0
130298,1,1,1999,0,0,0,0,0,0,0,0,0,0
130298,2,1,1999,5,5,5,5,5,5,5,5,5,5
130299,0,1,1999,0,0,0,0,0,0,0,0,0,0
130299,1,1,1999,15,0,0,0,0,0,0,0,0,13
130300,1,1,1999,0,0,0,0,0,0,0,0,0,0
130300,2,1,1999,0,0,0,0,0,0,0,0,0,0
130301,1,1,1999,0,0,0,0,0,0,0,0,0,0
130301,2,1,1999,0,0,0,0,0,0,0,0,0,0
130302,1,1,1999,0,0,0,0,0,0,0,0,0,0
130303,1,1,1999,0,0,0,0,0,0,0,0,0,0
130303,2,1,1999,0,0,0,0,0,0,0,0,0,0
130304,1,1,1999,0,0,0,0,0,0,0,0,0,0
130304,2,1,1999,0,0,0,0,0,0,0,0,0,0
130305,1,1,1999,0,0,0,0,0,0,0,0,0,0
130305,2,1,1999,0,0,0,0,0,0,0,0,0,0
130306,1,1,1999,0,0,0,0,0,0,0,0,0,0
130307,1,1,1999,29,29,29,29,29,29,29,29,29,29
130308,1,1,1999,0,0,0,0,0,0,0,0,0,0
130308,2,1,1999,0,0,0,0,0,0,0,0,9,0
130309,0,1,1999,0,0,0,0,0,0,0,0,0,0
130309,1,1,1999,0,0,0,0,0,0,0,0,0,0
130310,0,1,1999,0,0,0,0,0,0,0,0,0,0
130310,1,1,1999,0,0,0,0,0,0,0,0,0,0
130311,1,1,1999,23,23,23,23,23,23,23,23,23,23
130312,1,1,1999,7,7,7,7,7,7,7,7,7,7
130313,1,1,1999,0,0,0,0,0,0,0,0,0,0
130313,2,1,1999,0,0,0,0,0,0,0,0,0,0
130314,1,1,1999,0,0,0,0,0,0,0,0,0,0
130315,1,1,1999,0,0,0,0,0,0,0,0,0,0
130315,2,1,1999,0,0,0,0,0,0,0,0,0,0
130316,1,1,1999,17,0,0,0,15,0,0,0,24,0
130317,1,1,1999,0,0,0,0,0,0,0,0,0,0
130317,2,1,1999,0,0,0,0,0,0,0,0,0,0
130318,1,1,1999,0,0,0,0,0,0,0,0,0,0
130318,2,1,1999,0,0,0,0,0,0,0,0,0,0
130318,3,1,1999,0,0,0,0,0,0,0,0,0,0
130319,1,1,1999,0,0,0,0,0,0,0,0,0,0
130320,1,1,1999,23,23,23,23,23,23,23,23,23,23
130320,2,1,1999,0,0,0,18,6,0,0,0,0,0
130321,1,1,1999,21,21,21,21,21,21,21,21,21,21
130321,2,1,1999,0,0,0,0,0,0,0,0,0,0
130322,1,1,1999,0,0,0,0,0,0,0,0,0,0
130322,2,1,1999,0,0,0,0,0,0,0,0,0,0
130323,0,1,1999,14,14,14,14,14,14,14,14,14,14
130323,1,1,1999,0,0,0,0,0,0,0,0,0,0
130324,0,1,1999,0,0,0,6,0,21,26,22,0,21
130324,1,1,1999,0,0,0,0,0,0,11,0,0,0
130325,1,1,1999,0,0,0,0,0,0,0,0,0,0
130326,1,1,1999,0,0,0,0,0,0,0,0,0,0
130326,2,1,1999,0,0,0,0,0,0,0,0,0,0
130327,1,1,1999,0,0,0,0,0,0,0,0,0,0
130327,2,1,1999,0,0,0,0,0,0,0,0,0,0
130328,1,1,1999,0,0,0,17,13,0,0,0,0,0
130329,1,1,1999,0,0,0,0,0,0,0,0,0,0
130330,1,1,1999,0,0,0,0,0,0,0,0,0,0
130330,2,1,1999,0,0,0,0,0,0,0,0,0,0
130331,1,1,1999,20,0,0,0,0,0,0,0,0,0
130331,2,1,1999,0,0,0,0,0,0,0,0,0,0
130332,1,1,1999,0,0,0,0,0,0,0,0,0,0
130332,2,1,1999,0,0,0,0,0,0,0,0,0,0
130333,1,1,1999,0,0,0,0,0,0,0,0,0,0
130333,2,1,1999,0,0,0,0,0,0,0,0,0,0
130334,1,1,1999,0,0,0,0,0,0,0,0,0,0
130334,2,1,1999,0,0,0,0,0,0,0,0,0,0
130335,1,1,1999,8,8,8,8,8,8,8,8,8,8
130335,2,1,1999,0,0,0,0,0,0,0,0,0,0
130336,1,1,1999,0,0,0,0,0,0,0,0,0,0
130336,2,1,1999,0,0,0,0,0,0,0,0,0,0
130337,1,1,1999,0,0,0,0,0,0,0,0,0,0
130337,2,1,1999,0,0,0,0,0,0,0,0,5,0
130337,3,1,1999,0,6,0,0,0,15,0,27,0,0
130338,1,1,1999,0,0,0,0,0,0,0,0,0,0
130338,2,1,1999,0,0,0,0,0,0,0,0,0,0
130339,1,1,1999,12,12,12,12,12,12,12,12,12,12
130339,2,1,1999,0,0,0,0,0,0,0,0,0,0
130339,3,1,1999,0,0,0,0,0,0,0,0,0,0
130340,1,1,1999,0,0,0,0,0,0,0,0,0,0
130340,2,1,1999,0,0,0,0,0,0,0,0,0,0
130340,3,1,1999,0,0,0,0,0,0,0,0,0,0
130341,0,1,1999,0,0,0,0,0,0,0,0,0,0
130341,1,1,1999,0,0,0,29,0,0,0,0,0,0
130342,0,1,1999,0,0,0,0,0,0,0,0,0,0
130342,0,2,1999,0,0,0,0,0,0,0,0,0,0
130342,1,1,1999,0,0,0,0,0,0,0,0,0,0
130343,1,1,1999,8,8,8,8,8,8,8,8,8,8
130343,2,1,1999,0,0,0,0,0,0,0,0,0,0
130344,1,1,1999,0,0,0,0,0,0,0,0,0,0
130344,2,1,1999,0,0,0,0,0,0,0,0,0,0