ST_CASE,VEH_NO,PER_NO,YEAR,P1,P2,P3,P4,P5,P6,P7,P8,P9,P10
130345,0,1,1999,0,0,0,0,0,0,0,0,0,0
130345,1,1,1999,0,0,0,0,0,0,0,0,0,0
130346,1,1,1999,0,0,0,0,0,0,0,0,0,0
130346,2,1,1999,0,0,0,0,0,0,0,0,0,0
130346,3,1,1999,0,0,0,0,0,0,0,0,0,0
130347,1,1,1999,0,0,0,0,0,0,0,0,0,0
130348,1,1,1999,0,0,0,0,0,0,0,0,0,0
130349,1,1,1999,0,0,0,0,0,0,0,0,0,0
130349,2,1,1999,0,0,0,0,0,0,0,0,0,0
130350,1,1,1999,0,0,8,22,0,0,14,0,0,0
130350,2,1,1999,25,22,9,0,16,0,20,24,0,0
130351,1,1,1999,0,0,0,0,0,0,0,0,0,0
130351,2,1,1999,0,0,0,0,0,0,0,0,0,0
130352,1,1,1999,0,0,0,0,0,0,0,0,0,0
130352,2,1,1999,44,35,11,22,16,0,12,26,17,19
130353,1,1,1999,9,9,9,9,9,9,9,9,9,9
130354,1,1,1999,0,0,0,0,0,0,0,0,0,0
130354,2,1,1999,0,0,0,0,0,0,0,0,0,0
130355,1,1,1999,0,0,0,0,0,0,0,0,0,0
130355,2,1,1999,0,0,0,0,0,0,0,0,0,0
130355,3,1,1999,0,0,0,0,0,0,0,0,0,0
130356,1,1,1999,0,0,0,0,0,0,0,0,0,0
130357,1,1,1999,0,0,0,0,0,0,0,0,0,0
130357,2,1,1999,0,0,0,0,0,0,0,0,0,0
130358,1,1,1999,0,0,0,0,0,0,0,0,0,0
130358,2,1,1999,0,0,0,0,0,0,0,0,0,0
130359,1,1,1999,0,0,0,0,0,0,0,0,0,0
130359,2,1,1999,0,14,0,0,0,0,0,0,0,0
130360,1,1,1999,19,19,19,19,19,19,19,19,19,19
130360,2,1,1999,0,0,0,0,0,0,0,0,0,0
130361,1,1,1999,17,17,17,17,17,17,17,17,17,17
130362,1,1,1999,12,0,13,13,8,28,0,0,0,0
130362,2,1,1999,0,0,0,0,0,0,0,0,0,0
130362,3,1,1999,0,0,0,0,0,0,0,0,0,0
130363,1,1,1999,0,0,0,0,0,0,0,0,0,0
130363,2,1,1999,0,0,0,0,0,0,9,0,0,0
130364,0,1,1999,0,0,0,0,0,0,0,0,0,0
130364,1,1,1999,0,0,0,0,0,0,0,0,0,0
130365,1,1,1999,0,0,0,0,0,0,0,0,0,0
130365,2,1,1999,0,0,0,0,0,0,0,0,0,0
130366,1,1,1999,0,0,0,0,0,0,0,0,0,0
130366,2,1,1999,0,0,0,0,0,0,0,0,0,0
130366,3,1,1999,0,0,0,0,0,0,0,0,0,0
130366,4,1,1999,0,0,0,0,0,0,0,0,0,0
130367,1,1,1999,0,0,0,0,0,0,0,0,0,0
130367,2,1,1999,0,0,0,0,0,0,0,0,0,0
130368,1,1,1999,0,0,0,0,0,0,0,0,0,0
130368,2,1,1999,0,0,0,0,0,0,0,0,0,0
130369,1,1,1999,7,7,7,7,7,7,7,7,7,7
130370,0,1,1999,0,0,0,0,0,0,0,0,0,0
130370,1,1,1999,0,0,0,0,0,0,0,0,0,0
130371,0,1,1999,30,30,30,30,30,30,30,30,30,30
130371,1,1,1999,0,0,0,0,0,0,0,0,0,0
130372,1,1,1999,25,25,25,25,25,25,25,25,25,25
130373,1,1,1999,0,0,0,0,0,0,0,0,0,0
130373,2,1,1999,24,24,24,24,24,24,24,24,24,24
130374,1,1,1999,0,0,0,0,0,0,0,0,0,0
130374,2,1,1999,0,0,0,0,0,0,0,0,0,0
130375,1,1,1999,0,0,0,0,0,0,0,0,0,0
130375,2,1,1999,0,0,0,0,0,0,0,0,0,0
130376,1,1,1999,0,0,0,0,0,0,0,0,0,0
130377,1,1,1999,25,25,25,25,25,25,25,25,25,25
130378,1,1,1999,23,23,23,23,23,23,23,23,23,23
130379,1,1,1999,0,0,0,0,0,0,0,0,0,0
130379,2,1,1999,0,0,0,0,0,0,0,0,0,0
130380,0,1,1999,0,0,0,0,0,0,0,0,0,0
130380,1,1,1999,0,0,0,0,0,0,0,0,0,0
130381,1,1,1999,0,0,0,0,0,0,0,0,0,0
130381,2,1,1999,0,0,0,0,0,0,0,0,0,0
130382,1,1,1999,11,15,24,0,0,22,0,0,0,9
130383,1,1,1999,0,0,0,0,0,0,0,0,0,0
130383,2,1,1999,0,0,0,0,0,0,0,0,0,0
130384,1,1,1999,28,28,28,28,28,28,28,28,28,28
130384,2,1,1999,0,0,0,0,0,0,0,0,0,0
130385,0,1,1999,22,22,22,22,22,22,22,22,22,22
130385,1,1,1999,0,0,0,0,0,0,0,0,0,0
130386,0,1,1999,37,37,37,37,37,37,37,37,37,37
130386,1,1,1999,0,0,0,0,0,0,0,0,0,0
130387,1,1,1999,10,10,10,10,10,10,10,10,10,10
130388,0,1,1999,6,0,23,0,0,0,0,0,0,37
130389,0,1,1999,0,0,0,0,0,0,0,0,0,0
130389,1,1,1999,0,0,0,0,0,0,0,0,0,0
130390,1,1,1999,0,0,0,0,0,0,0,0,0,0
130391,1,1,1999,0,0,0,0,0,0,0,0,0,0
130391,2,1,1999,0,0,0,0,0,0,0,0,0,0
130392,1,1,1999,0,0,0,0,0,0,0,0,0,0
130392,2,1,1999,2,2,2,2,2,2,2,2,2,2
130392,3,1,1999,0,0,0,0,0,0,0,0,0,0
130393,1,1,1999,0,14,10,22,11,17,15,0,0,0
130393,2,1,1999,0,0,0,0,0,0,0,0,0,0
130394,1,1,1999,18,18,18,18,18,18,18,18,18,18
130395,0,1,1999,0,0,11,0,5,0,0,0,0,0
130395,1,1,1999,0,0,0,0,0,0,0,0,0,0
130396,1,1,1999,0,0,0,0,0,0,0,0,0,0
130397,0,1,1999,12,3,19,20,30,16,17,29,0,25
130397,1,1,1999,0,0,0,0,0,0,0,0,0,0
130398,0,1,1999,0,0,0,0,0,0,0,0,0,0
130398,1,1,1999,0,0,0,0,0,0,0,0,0,0
130399,1,1,1999,11,11,17,3,8,10,5,7,13,20
130400,1,1,1999,0,0,0,0,0,0,0,0,0,0
130400,2,1,1999,0,0,0,0,0,0,0,0,0,0
130401,1,1,1999,10,10,10,10,10,10,10,10,10,10
130402,1,1,1999,0,0,0,0,0,0,0,0,0,0
130402,2,1,1999,0,0,0,0,0,0,0,0,0,0
130403,1,1,1999,0,0,0,0,0,0,0,0,0,0
130404,1,1,1999,12,12,12,12,12,12,12,12,12,12
130405,1,1,1999,0,0,0,0,0,0,0,0,0,0
130405,2,1,1999,0,0,0,0,0,0,0,0,0,0
130406,1,1,1999,0,0,0,0,0,0,0,0,0,0
130406,2,1,1999,0,0,0,0,0,0,0,0,0,0
130407,1,1,1999,0,0,0,0,0,0,0,0,0,0
130407,2,1,1999,0,0,0,0,0,0,0,0,0,0
130407,3,1,1999,0,0,0,0,0,0,0,0,0,0
130408,1,1,1999,8,0,12,6,13,15,34,0,23,14
130409,1,1,1999,0,16,25,12,7,23,11,26,25,23
130410,1,1,1999,19,19,19,19,19,19,19,19,19,19
130411,1,1,1999,14,14,14,14,14,14,14,14,14,14
130412,1,1,1999,0,0,0,0,0,0,0,0,0,0
130412,2,1,1999,0,0,0,0,0,0,9,0,0,0
130412,3,1,1999,0,0,0,0,0,0,0,0,0,0
130413,1,1,1999,16,16,16,16,16,16,16,16,16,16
130414,1,1,1999,22,22,22,22,22,22,22,22,22,22
130414,2,1,1999,12,12,12,12,12,12,12,12,12,12
130415,1,1,1999,0,0,0,0,0,0,0,0,0,0
130415,2,1,1999,0,0,0,0,0,0,0,0,0,0
130416,1,1,1999,0,0,0,0,0,0,0,0,0,0
130417,1,1,1999,0,0,0,0,0,0,0,0,0,0
130417,2,1,1999,0,0,0,0,0,0,0,0,0,0
130418,1,1,1999,0,0,0,0,0,0,0,0,0,0
130418,2,1,1999,0,0,0,0,0,0,0,0,0,0
130419,1,1,1999,0,0,0,0,0,0,0,0,0,0
130420,1,1,1999,0,0,0,0,0,0,0,0,0,0
130421,1,1,1999,0,0,0,0,0,0,0,0,0,0
130422,1,1,1999,0,0,0,32,0,0,0,0,0,0
130422,2,1,1999,0,0,0,0,0,0,0,0,0,12
130423,1,1,1999,0,0,0,0,0,0,0,0,0,0
130423,2,1,1999,0,0,0,0,0,0,0,0,0,0
130424,1,1,1999,23,23,23,23,23,23,23,23,23,23
130425,1,1,1999,22,22,22,22,22,22,22,22,22,22
130426,1,1,1999,24,24,24,24,24,24,24,24,24,24
130426,2,1,1999,0,0,0,0,0,0,0,0,0,0
130427,1,1,1999,0,0,0,0,0,0,0,0,0,0
130428,1,1,1999,18,18,18,18,18,18,18,18,18,18
130429,1,1,1999,0,0,0,0,0,0,0,0,0,0
130429,2,1,1999,2,2,2,2,2,2,2,2,2,2
130430,1,1,1999,0,0,0,0,0,0,0,0,0,0
130431,1,1,1999,0,0,19,0,0,0,0,0,21,14
130431,2,1,1999,0,0,0,0,0,0,0,0,0,0
130432,0,1,1999,0,0,0,0,0,0,0,0,0,0
130432,1,1,1999,0,0,0,0,0,0,0,0,0,0
130433,1,1,1999,19,19,19,19,19,19,19,19,19,19
130434,1,1,1999,6,0,11,22,0,0,0,19,0,27
130435,1,1,1999,0,0,0,0,0,0,0,0,0,0
130435,2,1,1999,0,0,0,0,0,0,0,0,0,0
130436,1,1,1999,6,9,28,8,0,14,9,15,8,7
130437,1,1,1999,0,0,0,0,0,0,0,0,0,0
130438,1,1,1999,0,0,0,0,0,0,0,0,0,0
130439,1,1,1999,0,0,0,0,0,0,0,0,0,0
130439,2,1,1999,0,0,0,0,0,0,0,0,0,0
130440,1,1,1999,17,17,17,17,17,17,17,17,17,17
130441,1,1,1999,17,17,17,17,17,17,17,17,17,17
130441,2,1,1999,0,0,0,0,0,0,0,0,0,0
130442,1,1,1999,0,0,0,0,0,0,0,0,0,0
130442,2,1,1999,0,0,0,0,0,0,0,0,0,0
130443,1,1,1999,20,20,20,20,20,20,20,20,20,20
130444,1,1,1999,18,18,18,18,18,18,18,18,18,18
130445,1,1,1999,22,7,15,0,26,0,0,21,17,43
130446,1,1,1999,0,0,0,0,0,0,0,0,0,0
130447,1,1,1999,0,0,0,0,0,0,0,0,0,0
130448,1,1,1999,0,0,0,0,0,0,0,0,0,0
130448,2,1,1999,0,0,0,0,0,0,0,0,0,0
130449,1,1,1999,0,0,0,0,0,0,13,0,0,0
130449,2,1,1999,0,0,0,0,20,0,0,0,0,0
130450,1,1,1999,0,0,0,0,0,0,0,0,0,0
130451,0,1,1999,0,25,0,24,11,22,8,19,11,31
130451,1,1,1999,0,0,0,0,0,0,10,0,0,0
130452,1,1,1999,17,17,17,17,17,17,17,17,17,17
130453,1,1,1999,5,5,5,5,5,5,5,5,5,5
130454,1,1,1999,6,6,6,6,6,6,6,6,6,6
130455,1,1,1999,0,0,0,0,0,0,0,0,0,0
130456,1,1,1999,0,0,0,0,0,0,0,0,0,0
130456,2,1,1999,0,0,0,0,0,0,0,0,0,0
130457,1,1,1999,0,9,0,0,0,0,0,0,0,0
130457,2,1,1999,0,0,0,0,0,0,0,0,0,0
130458,1,1,1999,0,0,0,0,0,0,0,0,0,0
130458,2,1,1999,0,0,0,0,0,0,0,0,0,0
130459,1,1,1999,33,33,33,33,33,33,33,33,33,33
130460,1,1,1999,0,0,0,0,0,0,0,0,0,0
130460,2,1,1999,0,0,0,0,0,0,0,0,0,0
130461,0,1,1999,0,0,0,26,0,0,0,0,0,0
130461,1,1,1999,0,0,0,0,0,0,0,0,0,0
130462,1,1,1999,14,19,21,40,4,23,25,27,54,14
130463,1,1,1999,0,0,0,0,0,0,0,0,0,0
130463,2,1,1999,0,0,0,0,0,0,0,0,0,0
130464,1,1,1999,0,0,0,0,0,0,0,0,0,0
130464,2,1,1999,0,0,0,0,0,0,0,0,0,0
130465,0,1,1999,0,0,0,0,0,0,0,0,0,0
130465,1,1,1999,0,0,0,0,0,0,0,0,0,0
130466,1,1,1999,0,0,0,0,0,0,0,0,0,0
130466,2,1,1999,0,0,0,0,0,0,0,0,0,0
130467,1,1,1999,0,0,0,0,0,0,0,0,0,0
130467,2,1,1999,0,0,0,0,0,0,0,0,0,0
130468,1,1,1999,0,0,0,0,0,0,0,0,0,0
130468,2,1,1999,0,0,0,0,0,0,0,0,0,0
130468,3,1,1999,0,0,0,0,0,0,0,0,0,0
130468,4,1,1999,0,0,0,0,0,0,0,0,0,0
130468,5,1,1999,0,0,0,0,0,0,0,0,0,0
130469,0,1,1999,30,30,30,30,30,30,30,30,30,30
130469,1,1,1999,0,0,0,0,0,0,0,0,0,0
130470,1,1,1999,0,0,0,0,0,0,0,0,0,0
130470,2,1,1999,0,0,0,0,0,0,0,0,0,0
130471,1,1,1999,0,8,0,0,0,0,0,0,0,0
130471,2,1,1999,0,0,0,0,0,0,0,0,0,0
130472,0,1,1999,8,8,8,8,8,8,8,8,8,8
130472,1,1,1999,0,0,0,0,0,0,0,0,0,0
130473,1,1,1999,0,0,0,0,0,0,0,0,0,0
130474,1,1,1999,0,0,0,0,0,0,0,0,0,0
130475,1,1,1999,0,0,0,0,0,0,0,0,0,0
130475,2,1,1999,0,14,0,0,0,0,0,0,10,0
130476,1,1,1999,22,22,22,22,22,22,22,22,22,22
130477,1,1,1999,0,0,0,0,0,0,0,0,0,0
130477,2,1,1999,0,0,0,0,0,0,0,0,0,0
130477,3,1,1999,0,0,0,0,0,0,0,0,0,0
130478,1,1,1999,11,11,11,11,11,11,11,11,11,11
130479,1,1,1999,9,9,9,9,9,9,9,9,9,9
130479,2,1,1999,0,0,0,0,0,0,0,0,0,0
130480,1,1,1999,22,0,2,6,23,19,0,16,13,32
130481,1,1,1999,0,0,0,0,0,0,0,0,0,0
130481,2,1,1999,0,0,0,0,0,0,0,0,0,0
130481,3,1,1999,0,0,0,0,0,0,0,0,0,0
130482,1,1,1999,0,0,0,0,0,0,0,0,0,0
130483,1,1,1999,11,11,11,11,11,11,11,11,11,11
130484,1,1,1999,0,0,0,0,7,0,0,0,0,0
130485,1,1,1999,0,0,0,0,0,0,0,0,0,0
130485,2,1,1999,0,0,0,0,0,0,0,0,0,0
130486,1,1,1999,0,0,0,0,0,0,0,0,0,0
130486,2,1,1999,0,0,0,0,0,0,0,0,0,0
130486,3,1,1999,0,0,0,0,0,0,0,0,0,0
130486,4,1,1999,0,0,0,0,0,0,0,0,0,0
130487,1,1,1999,7,7,7,7,7,7,7,7,7,7
130488,1,1,1999,0,0,0,10,0,0,0,0,0,0
130488,2,1,1999,0,0,0,0,0,0,0,0,0,0
130489,0,1,1999,0,0,0,0,0,0,0,0,0,0
130489,1,1,1999,0,14,0,12,0,0,0,13,0,0
130490,1,1,1999,16,10,28,11,20,28,23,0,8,30
130491,1,1,1999,8,8,8,8,8,8,8,8,8,8
130492,1,1,1999,0,0,0,0,0,0,0,0,0,0
130493,1,1,1999,0,0,0,0,0,0,0,0,0,0
130493,2,1,1999,0,0,0,12,0,0,0,0,0,0
130494,1,1,1999,0,0,15,0,0,13,0,0,0,0
130495,1,1,1999,0,0,0,0,0,0,0,0,0,0
130496,1,1,1999,0,0,0,0,0,0,0,0,0,0
130496,2,1,1999,0,0,0,0,0,0,0,0,0,0
130497,1,1,1999,0,0,0,0,0,0,0,18,0,0
130498,1,1,1999,19,19,19,19,19,19,19,19,19,19
130499,1,1,1999,0,0,0,0,0,0,0,0,0,0
130499,2,1,1999,0,0,0,0,0,0,0,0,0,0
130500,1,1,1999,0,0,0,0,0,0,0,0,0,0
130501,1,1,1999,0,0,0,0,0,0,0,0,0,0
130502,1,1,1999,24,0,13,0,12,0,16,20,9,11
130503,1,1,1999,0,0,0,0,0,0,0,0,0,0
130503,2,1,1999,0,0,0,0,0,0,0,0,0,0
130504,0,1,1999,19,19,19,19,19,19,19,19,19,19
130504,1,1,1999,0,0,0,0,0,0,0,0,0,0
130505,1,1,1999,0,0,0,0,0,0,0,0,0,0
130505,2,1,1999,0,0,0,0,0,0,0,0,0,0
130506,1,1,1999,23,23,23,23,23,23,23,23,23,23
130507,0,1,1999,0,0,0,0,0,0,0,0,0,0
130507,1,1,1999,0,0,0,0,0,0,0,0,0,0
130508,1,1,1999,0,0,0,0,0,0,0,0,0,0
130509,1,1,1999,0,0,0,0,0,0,0,0,0,0
130510,1,1,1999,15,19,0,14,9,19,14,10,0,7
130511,1,1,1999,21,20,12,0,17,26,21,20,0,28
130512,0,1,1999,0,0,0,0,0,0,0,0,0,0
130512,1,1,1999,0,0,0,0,0,0,0,0,0,0
130513,0,1,1999,0,0,0,0,0,0,0,0,0,0
130513,1,1,1999,0,0,0,0,0,0,0,0,0,0
130514,0,1,1999,0,36,15,19,15,0,43,24,0,0
130514,1,1,1999,0,0,17,0,0,0,0,0,0,0
130515,1,1,1999,0,0,0,0,0,0,0,0,0,0
130516,1,1,1999,0,0,0,0,0,0,0,0,26,0
130516,2,1,1999,0,0,0,0,0,0,0,0,0,0
130516,3,1,1999,0,0,0,0,0,0,0,0,0,0
130517,0,1,1999,0,0,0,0,0,0,0,0,0,0
130517,0,2,1999,0,0,0,0,0,0,0,0,0,0
130517,1,1,1999,13,13,13,13,13,13,13,13,13,13
130518,1,1,1999,17,17,17,17,17,17,17,17,17,17
130519,1,1,1999,0,0,0,0,0,0,0,0,0,0
130520,1,1,1999,0,0,0,0,0,0,0,0,0,0
130521,0,1,1999,0,0,0,0,0,0,0,0,0,0
130521,1,1,1999,7,0,0,0,0,0,2,0,0,0
130522,1,1,1999,0,0,0,0,0,0,0,0,0,0
130522,2,1,1999,0,0,0,0,0,0,0,0,0,0
130523,1,1,1999,0,0,0,0,0,0,0,0,0,0
130523,2,1,1999,0,0,26,0,0,0,0,0,0,0
130523,3,1,1999,0,0,0,0,9,0,0,0,0,0
130523,4,1,1999,0,0,0,0,0,0,0,0,0,0
130524,1,1,1999,0,0,0,0,0,0,0,0,0,0
130525,1,1,1999,0,0,0,0,0,0,0,0,33,0
130526,1,1,1999,0,0,0,0,0,0,0,0,0,0
130527,1,1,1999,12,12,12,12,12,12,12,12,12,12
130527,2,1,1999,0,0,0,0,0,0,0,0,0,0
130528,0,1,1999,0,0,0,0,0,0,0,0,0,0
130528,1,1,1999,0,0,0,0,0,0,0,0,0,0
130529,1,1,1999,0,0,0,0,0,0,0,0,0,0
130529,2,1,1999,0,0,0,0,0,0,0,0,0,0
130530,1,1,1999,29,29,29,29,29,29,29,29,29,29
130531,1,1,1999,0,0,0,0,0,0,0,0,0,0
130532,1,1,1999,0,0,0,0,0,0,0,0,0,0
130532,2,1,1999,0,0,0,0,0,0,0,0,0,0
130533,1,1,1999,0,0,0,0,0,0,0,0,0,0
130533,2,1,1999,0,0,0,0,0,0,0,0,0,0
130534,0,1,1999,0,0,0,0,0,0,0,0,0,0
130534,1,1,1999,0,0,0,8,0,0,0,8,0,0
130535,1,1,1999,0,0,0,0,0,0,0,0,0,13
130536,1,1,1999,16,26,0,39,18,11,18,17,0,35
130537,1,1,1999,0,0,0,0,0,0,12,19,6,13
130538,1,1,1999,0,0,0,0,0,0,0,0,0,0
130539,1,1,1999,0,0,0,0,0,0,0,0,0,11
130539,2,1,1999,0,0,0,0,0,0,0,0,0,0
130540,1,1,1999,0,0,0,0,0,0,0,0,0,0
130540,2,1,1999,0,0,0,0,0,0,0,0,0,0
130541,0,1,1999,0,0,0,0,0,0,0,0,0,0
130541,1,1,1999,0,0,0,0,0,0,0,0,0,0
130542,1,1,1999,0,0,0,0,0,0,0,0,0,0
130542,2,1,1999,0,0,0,0,0,0,0,0,0,0
130543,1,1,1999,0,0,0,0,0,0,0,24,0,5
130544,1,1,1999,0,0,0,0,0,0,0,0,0,0
130544,2,1,1999,0,0,0,0,0,0,0,0,0,0
130545,1,1,1999,0,0,0,0,0,0,0,0,0,0
130545,2,1,1999,0,0,0,0,0,0,0,0,0,0
130546,1,1,1999,0,0,0,0,0,0,0,0,0,0
130546,2,1,1999,0,0,0,0,0,0,0,0,0,0
130547,0,1,1999,17,17,17,17,17,17,17,17,17,17
130547,1,1,1999,0,0,0,0,0,0,0,0,0,0
130548,1,1,1999,0,0,0,0,0,0,0,0,0,0
130548,2,1,1999,0,0,0,0,0,0,0,0,0,0
130548,3,1,1999,0,0,0,0,0,0,0,0,0,0
130548,4,1,1999,0,0,0,0,0,0,0,0,0,0
130548,5,1,1999,0,0,0,0,0,0,0,0,0,0
130549,1,1,1999,0,0,0,0,0,13,0,0,0,0
130550,0,1,1999,27,27,27,27,27,27,27,27,27,27
130550,1,1,1999,0,0,0,0,0,0,0,0,0,0
130551,1,1,1999,0,0,0,0,0,0,0,0,0,0
130551,2,1,1999,0,0,0,0,0,0,0,0,0,0
130552,1,1,1999,0,0,0,0,0,0,0,0,0,0
130552,2,1,1999,37,37,37,37,37,37,37,37,37,37
130553,1,1,1999,0,0,0,0,0,0,0,0,0,0
130553,2,1,1999,0,0,0,0,0,0,0,0,0,0
130554,0,2,1999,0,0,0,0,29,0,0,0,0,0
130554,1,1,1999,0,0,0,0,0,0,0,0,0,0
130555,1,1,1999,0,0,0,0,0,0,0,0,0,0
130555,2,1,1999,0,0,0,0,0,0,0,0,0,0
130556,1,1,1999,0,0,0,0,0,0,0,0,0,0
130556,2,1,1999,0,0,0,0,0,0,0,0,0,0
130557,1,1,1999,0,0,0,0,0,0,0,21,0,0
130557,2,1,1999,0,0,0,0,0,0,0,8,0,0
130557,3,1,1999,0,0,0,0,0,0,0,16,0,0
130557,4,1,1999,0,0,0,0,0,0,0,0,0,0
130558,1,1,1999,0,0,0,0,0,0,0,0,0,0
130558,2,1,1999,0,0,0,0,0,0,0,0,0,0
130559,0,1,1999,0,0,0,0,0,0,0,0,0,0
130559,1,1,1999,0,0,0,0,0,0,0,0,0,0
130560,1,1,1999,0,0,0,14,0,0,0,8,0,0
130561,1,1,1999,0,0,0,0,0,0,0,0,0,0
130562,0,1,1999,15,0,21,7,17,0,27,0,0,0
130562,1,1,1999,15,0,0,0,0,0,0,0,16,0
130563,0,1,1999,0,0,0,0,0,0,0,0,0,0
130563,1,1,1999,9,9,9,9,9,9,9,9,9,9
130564,1,1,1999,0,0,0,0,0,0,0,0,0,0
130565,1,1,1999,0,0,0,0,0,0,0,0,0,0
130565,2,1,1999,0,0,0,0,0,0,28,0,0,8
130566,1,1,1999,0,0,0,0,0,0,0,0,0,0
130566,2,1,1999,0,0,0,0,0,0,0,0,0,0
130567,1,1,1999,0,0,0,0,0,0,0,0,0,0
130567,2,1,1999,0,0,0,0,0,0,0,0,0,0
130567,3,1,1999,0,0,0,0,0,0,0,0,0,0
130567,4,1,1999,0,0,0,0,0,0,0,0,0,0
130568,1,1,1999,0,0,0,0,0,0,0,0,0,0
130568,2,1,1999,0,0,0,0,0,0,0,0,0,0
130569,1,1,1999,0,0,0,0,0,0,14,0,0,5
130569,2,1,1999,0,0,0,0,0,0,0,0,0,0
130570,1,1,1999,0,0,0,0,0,0,0,0,0,0
130571,1,1,1999,31,31,31,31,31,31,31,31,31,31
130572,1,1,1999,0,0,0,0,0,0,0,0,0,0
130572,2,1,1999,0,0,0,0,0,0,0,0,0,0
130573,1,1,1999,0,0,0,0,0,0,0,0,0,0
130574,1,1,1999,11,11,11,11,11,11,11,11,11,11
130575,1,1,1999,0,0,0,0,0,0,0,0,0,0
130576,1,1,1999,8,8,8,8,8,8,8,8,8,8
130577,1,1,1999,21,21,21,21,21,21,21,21,21,21
130578,1,1,1999,6,6,6,6,6,6,6,6,6,6
130579,1,1,1999,14,0,10,38,10,13,9,16,9,0
130580,1,1,1999,0,0,0,0,0,0,0,0,0,0
130580,2,1,1999,0,0,0,0,0,0,0,0,0,0
130581,1,1,1999,0,0,0,0,0,0,0,0,0,0
130581,2,1,1999,0,0,0,0,0,0,0,0,0,0
130582,1,1,1999,0,0,0,0,11,0,0,0,0,0
130583,1,1,1999,0,0,0,0,0,0,0,0,0,0
130583,2,1,1999,2,2,2,2,2,2,2,2,2,2
130584,0,1,1999,24,24,24,24,24,24,24,24,24,24
130584,1,1,1999,0,0,0,0,0,0,3,0,0,0
130585,1,1,1999,16,16,16,16,16,16,16,16,16,16
130586,0,1,1999,24,24,24,24,24,24,24,24,24,24
130586,2,1,1999,0,0,0,0,0,0,0,0,0,0
130586,3,1,1999,0,0,0,0,0,0,0,0,0,0
130587,1,1,1999,0,0,0,0,11,0,0,0,0,0
130588,1,1,1999,0,0,0,0,0,0,0,0,0,0
130589,1,1,1999,0,0,0,0,0,0,0,0,0,0
130590,1,1,1999,0,0,0,0,0,0,0,0,0,0
130590,2,1,1999,0,0,0,0,0,0,0,0,0,0
130591,1,1,1999,0,0,16,0,0,0,0,17,0,22
130592,1,1,1999,0,0,0,0,0,0,0,0,0,0
130592,2,1,1999,0,0,0,0,0,0,0,0,0,0
130593,1,1,1999,0,0,0,0,0,0,0,0,0,0
130593,2,1,1999,0,0,0,0,0,0,0,0,0,0
130593,3,1,1999,0,0,0,0,0,0,0,0,0,0
130594,1,1,1999,0,0,0,0,0,0,0,0,0,0
130595,1,1,1999,11,11,11,11,11,11,11,11,11,11
130596,1,1,1999,0,0,0,0,0,0,0,0,0,0
130596,2,1,1999,0,0,0,0,0,0,0,0,0,0
130597,1,1,1999,0,0,0,0,0,0,0,13,0,0
130597,2,1,1999,0,0,0,0,0,0,0,0,0,0
130598,1,1,1999,0,0,0,0,0,0,0,0,0,0
130599,1,1,1999,18,18,18,18,18,18,18,18,18,18
130599,2,1,1999,0,0,0,0,0,0,0,0,0,0
130600,1,1,1999,0,0,0,0,0,0,0,0,0,0
130600,2,1,1999,0,0,10,0,0,0,0,0,0,0
130601,1,1,1999,22,22,22,22,22,22,22,22,22,22
130602,1,1,1999,0,0,0,0,0,0,0,0,0,0
130603,1,1,1999,4,4,4,4,4,4,4,4,4,4
130603,2,1,1999,0,0,0,0,0,0,0,0,0,0
130604,1,1,1999,5,5,5,5,5,5,5,5,5,5
130604,2,1,1999,0,10,4,0,0,0,0,0,32,10
130605,1,1,1999,0,0,0,0,0,0,0,0,0,0
130605,2,1,1999,0,0,0,0,0,0,0,0,0,0
130606,1,1,1999,0,0,0,0,0,0,0,0,0,0
130606,2,1,1999,0,0,0,0,0,0,0,0,0,0
130607,1,1,1999,13,17,15,0,0,24,18,0,14,16
130608,0,1,1999,11,12,10,20,16,13,15,0,23,36
130608,1,1,1999,0,0,0,0,0,0,21,0,0,0
130609,1,1,1999,25,0,0,6,0,14,13,8,19,0
130609,2,1,1999,0,0,0,0,0,0,0,0,0,0
130610,1,1,1999,0,0,0,0,0,0,0,0,0,0
130611,1,1,1999,0,0,0,0,0,0,0,0,0,0
130612,1,1,1999,0,0,25,0,15,0,0,26,0,22
130613,1,1,1999,0,0,0,0,0,0,0,0,0,0
130613,2,1,1999,0,12,0,10,0,0,0,0,9,0
130613,3,1,1999,0,0,0,0,0,0,0,0,0,0
130614,1,1,1999,0,0,0,0,0,0,0,0,0,0
130614,2,1,1999,0,0,0,0,0,0,0,0,0,0
130615,0,1,1999,0,0,0,0,0,0,0,0,0,0
130615,1,1,1999,5,5,5,5,5,5,5,5,5,5
130616,1,1,1999,0,0,12,0,0,0,0,0,0,0
130616,2,1,1999,0,0,0,0,0,0,0,0,0,0
130616,3,1,1999,0,0,0,0,0,0,0,0,0,0
130617,1,1,1999,0,0,0,0,0,0,0,0,0,0
130617,2,1,1999,0,0,9,0,0,0,0,0,0,28
130618,1,1,1999,0,0,0,0,0,0,0,0,0,0
130618,2,1,1999,0,6,0,0,0,0,0,0,0,11
130619,1,1,1999,0,0,0,0,0,0,0,0,0,0
130619,2,1,1999,0,0,0,0,0,0,0,0,0,0
130620,1,1,1999,10,0,0,0,0,0,0,0,0,0
130620,2,1,1999,0,0,0,0,0,0,0,0,0,0
130621,1,1,1999,0,0,0,0,0,0,0,0,0,0
130622,1,1,1999,0,0,0,0,0,0,0,0,0,0
130623,1,1,1999,0,0,0,0,0,0,0,0,0,0