ST_CASE,VEH_NO,PER_NO,YEAR,P1,P2,P3,P4,P5,P6,P7,P8,P9,P10
130623,2,1,1999,0,0,0,0,0,0,0,0,0,0
130624,1,1,1999,7,7,7,7,7,7,7,7,7,7
130624,2,1,1999,0,0,0,0,0,0,0,0,0,0
130625,0,1,1999,0,0,0,0,4,0,10,0,0,0
130625,0,2,1999,0,0,0,12,0,0,0,0,0,0
130625,1,1,1999,30,30,30,30,30,30,30,30,30,30
130626,1,1,1999,0,0,0,0,0,0,0,0,0,0
130626,2,1,1999,0,0,0,0,0,0,0,0,0,0
130627,1,1,1999,0,0,0,0,0,0,0,0,0,0
130628,1,1,1999,0,0,0,0,0,0,0,0,0,0
130628,2,1,1999,0,0,0,0,0,0,0,0,0,0
130629,0,1,1999,0,0,0,0,0,0,0,0,0,0
130629,1,1,1999,0,0,0,0,0,0,0,0,0,0
130630,1,1,1999,0,0,0,0,0,0,0,0,0,0
130630,2,1,1999,0,0,0,0,0,0,0,0,0,0
130630,3,1,1999,0,0,0,0,0,0,0,0,0,0
130631,1,1,1999,0,0,0,0,0,0,0,0,0,0
130631,2,1,1999,0,0,0,0,0,0,0,0,0,0
130632,1,1,1999,7,22,17,9,10,16,8,13,20,9
130632,2,1,1999,0,0,0,0,0,0,0,0,0,0
130633,1,1,1999,33,33,33,33,33,33,33,33,33,33
130634,1,1,1999,0,0,0,0,0,0,0,0,0,0
130634,2,1,1999,0,0,0,0,0,0,0,0,0,0
130635,1,1,1999,0,0,0,0,0,0,0,0,0,0
130636,1,1,1999,27,18,15,0,23,7,0,0,23,26
130637,1,1,1999,0,0,0,0,0,0,0,0,0,0
130638,1,1,1999,0,0,0,0,0,0,0,0,0,0
130638,2,1,1999,0,0,0,0,0,0,0,0,0,0
130639,1,1,1999,0,0,0,0,0,0,0,0,0,0
130639,2,1,1999,0,0,0,0,0,0,0,0,0,0
130640,1,1,1999,0,0,0,0,0,0,0,0,0,0
130640,2,1,1999,0,0,0,0,0,0,0,0,0,0
130641,1,1,1999,0,0,0,0,0,0,0,0,0,0
130641,2,1,1999,0,0,0,0,0,0,0,0,0,0
130642,1,1,1999,0,0,0,0,0,0,0,0,0,0
130643,1,1,1999,0,0,0,0,0,0,0,0,0,0
130643,2,1,1999,0,0,0,0,0,0,0,0,0,0
130644,1,1,1999,18,23,18,0,13,0,19,10,22,12
130645,0,1,1999,0,0,0,0,0,0,0,0,0,0
130645,1,1,1999,0,0,0,0,0,0,0,0,0,0
130646,0,1,1999,0,0,0,0,0,0,0,0,0,0
130646,1,1,1999,0,0,0,0,0,0,0,0,0,0
130646,2,1,1999,0,0,0,0,0,0,0,0,0,0
130647,1,1,1999,0,0,0,0,0,0,0,0,0,0
130647,2,1,1999,0,0,0,0,0,0,0,0,0,0
130648,1,1,1999,5,5,5,5,5,5,5,5,5,5
130649,1,1,1999,0,0,0,0,0,0,0,0,0,0
130649,2,1,1999,0,0,0,0,0,0,0,0,0,0
130649,3,1,1999,0,0,0,0,0,0,0,0,0,0
130649,4,1,1999,0,0,0,0,0,0,0,0,0,0
130650,1,1,1999,0,0,0,0,0,0,0,0,0,0
130651,1,1,1999,0,0,0,0,0,0,0,0,0,0
130651,2,1,1999,0,0,0,0,0,0,0,0,0,0
130653,0,1,1999,0,0,0,0,0,0,0,0,0,0
130653,1,1,1999,0,0,0,0,0,0,0,0,0,0
130654,1,1,1999,13,13,13,13,13,13,13,13,13,13
130654,2,1,1999,0,0,0,0,0,0,0,0,0,0
130655,0,1,1999,0,0,0,0,0,0,0,0,0,0
130655,1,1,1999,0,0,0,0,0,0,0,0,0,0
130656,1,1,1999,0,0,0,0,0,0,0,0,0,0
130656,2,1,1999,0,0,0,0,0,0,0,0,0,0
130657,1,1,1999,0,0,0,0,0,0,0,0,0,0
130658,1,1,1999,0,0,0,0,0,0,0,0,0,0
130659,1,1,1999,0,0,0,0,0,0,0,0,0,0
130660,1,1,1999,0,0,0,0,0,0,0,0,0,0
130660,2,1,1999,19,19,19,19,19,19,19,19,19,19
130661,1,1,1999,7,7,7,7,7,7,7,7,7,7
130662,0,1,1999,24,24,24,24,24,24,24,24,24,24
130662,1,1,1999,8,0,0,0,0,0,0,0,0,0
130662,2,1,1999,0,0,0,0,0,0,0,0,0,0
130662,3,1,1999,0,0,0,0,0,0,0,12,0,0
130663,0,1,1999,29,16,7,12,35,15,46,2,12,24
130663,1,1,1999,0,0,0,9,0,0,0,0,17,0
130663,2,1,1999,0,0,0,0,0,26,0,0,0,0
130664,0,1,1999,12,12,12,12,12,12,12,12,12,12
130664,0,2,1999,6,17,18,28,10,0,8,18,24,0
130664,1,1,1999,0,0,0,0,0,0,16,0,0,0
130665,1,1,1999,9,9,9,9,9,9,9,9,9,9
130666,1,1,1999,0,14,17,26,13,11,25,0,11,21
130667,1,1,1999,0,0,0,0,0,0,0,0,0,0
130668,1,1,1999,0,0,18,0,0,0,0,0,0,0
130669,1,1,1999,0,0,0,0,0,0,0,0,0,0
130669,2,1,1999,0,0,0,0,0,0,0,0,0,0
130670,0,1,1999,0,0,0,0,0,0,0,0,0,0
130670,0,2,1999,0,0,0,0,0,0,17,0,0,0
130670,1,1,1999,0,14,0,14,0,0,0,0,0,0
130671,1,1,1999,0,0,0,0,0,0,0,0,0,0
130671,2,1,1999,0,0,0,0,0,0,0,0,0,0
130672,1,1,1999,0,0,0,0,0,0,0,7,0,0
130673,1,1,1999,0,0,0,0,0,0,0,0,0,0
130673,2,1,1999,0,0,0,0,0,0,0,0,0,0
130674,1,1,1999,0,0,0,0,0,0,0,0,0,0
130675,1,1,1999,26,15,9,5,17,19,0,11,11,0
130675,2,1,1999,6,6,6,6,6,6,6,6,6,6
130676,1,1,1999,0,0,0,0,0,0,0,0,0,0
130677,1,1,1999,0,0,0,0,0,0,0,0,0,0
130677,2,1,1999,0,0,0,0,0,0,0,0,0,0
130678,1,1,1999,0,0,0,0,0,0,0,0,0,0
130678,2,1,1999,0,0,0,0,0,0,0,0,0,0
130678,3,1,1999,0,0,0,0,0,0,0,0,0,0
130679,1,1,1999,0,0,0,0,0,0,0,0,0,0
130679,2,1,1999,0,0,0,0,0,0,0,0,0,0
130679,3,1,1999,0,0,0,0,0,0,0,0,0,0
130680,1,1,1999,0,0,0,0,0,0,0,0,0,0
130680,2,1,1999,0,0,0,0,0,0,0,0,0,0
130680,3,1,1999,0,0,0,0,0,0,0,0,0,0
130681,1,1,1999,0,8,0,2,0,0,0,0,0,15
130682,1,1,1999,0,0,0,0,0,0,0,0,0,0
130682,2,1,1999,0,0,0,0,0,0,0,0,0,0
130683,1,1,1999,0,7,0,0,0,0,0,0,0,0
130683,2,1,1999,0,0,0,0,0,0,0,0,0,0
130684,1,1,1999,0,0,0,0,0,0,0,0,0,0
130684,2,1,1999,0,0,0,0,0,0,0,0,12,0
130684,3,1,1999,0,0,0,0,0,0,0,0,0,0
130685,1,1,1999,30,30,30,30,30,30,30,30,30,30
130686,1,1,1999,0,0,0,0,0,0,0,0,0,0
130686,2,1,1999,0,0,0,0,0,0,0,0,0,0
130687,0,1,1999,0,0,0,0,0,0,0,0,0,0
130687,1,1,1999,0,0,0,10,0,0,0,0,0,0
130688,1,1,1999,33,33,33,33,33,33,33,33,33,33
130689,1,1,1999,0,0,0,0,0,0,0,0,0,0
130689,2,1,1999,0,0,0,0,0,0,0,0,0,0
130690,0,1,1999,0,0,0,0,0,0,0,0,0,0
130690,0,2,1999,0,0,0,0,0,0,0,0,0,0
130690,1,1,1999,0,0,0,0,0,0,0,0,0,0
130691,1,1,1999,0,0,0,0,0,0,0,0,0,0
130692,1,1,1999,18,20,0,13,23,0,0,0,0,0
130693,0,1,1999,0,0,0,0,0,0,0,0,0,0
130693,1,1,1999,0,0,0,0,0,0,0,0,0,0
130694,0,1,1999,19,19,19,19,19,19,19,19,19,19
130694,1,1,1999,0,0,0,0,0,0,0,0,0,0
130695,0,1,1999,3,3,3,3,3,3,3,3,3,3
130695,1,1,1999,0,0,17,0,0,0,0,10,18,25
130696,1,1,1999,4,4,4,4,4,4,4,4,4,4
130697,1,1,1999,13,13,13,13,13,13,13,13,13,13
130698,1,1,1999,0,0,0,0,0,0,0,0,0,0
130698,2,1,1999,0,0,0,0,0,0,0,0,0,0
130699,1,1,1999,0,0,0,11,8,0,0,0,0,0
130699,2,1,1999,0,0,0,0,0,0,0,0,0,0
130700,1,1,1999,0,23,0,26,15,16,7,0,18,7
130701,1,1,1999,0,0,0,0,0,4,0,0,0,0
130701,2,1,1999,0,0,0,0,0,0,0,0,0,0
130701,3,1,1999,0,0,0,0,0,0,0,0,0,0
130701,4,1,1999,10,10,10,10,10,10,10,10,10,10
130702,1,1,1999,13,0,0,0,45,0,17,0,0,28
130703,0,1,1999,0,0,0,0,0,0,0,0,0,0
130703,1,1,1999,0,14,0,0,0,0,0,0,0,0
130704,1,1,1999,0,0,0,0,0,0,0,0,0,0
130704,2,1,1999,0,0,0,0,0,0,0,0,0,0
130705,1,1,1999,0,0,0,0,0,0,0,0,0,0
130705,2,1,1999,0,0,0,0,0,0,0,0,0,0
130706,1,1,1999,0,0,0,0,0,0,0,0,0,0
130706,2,1,1999,0,0,0,0,0,0,0,0,0,0
130707,1,1,1999,0,0,0,0,0,0,0,0,0,0
130707,2,1,1999,0,0,0,0,0,0,0,0,0,0
130707,3,1,1999,0,0,0,0,0,19,0,0,0,0
130708,1,1,1999,0,0,0,0,0,0,0,0,0,0
130708,2,1,1999,0,0,0,0,0,0,0,0,0,0
130709,1,1,1999,0,0,0,0,0,0,0,0,0,0
130709,2,1,1999,0,0,0,0,0,0,0,0,0,0
130710,1,1,1999,0,0,0,0,0,0,0,0,0,0
130711,1,1,1999,0,0,0,0,0,0,0,0,0,0
130712,1,1,1999,0,0,0,0,0,0,0,0,0,0
130712,2,1,1999,0,0,0,0,0,0,0,0,0,0
130713,1,1,1999,0,4,18,35,0,12,0,0,13,2
130714,1,1,1999,0,0,0,0,0,0,0,0,0,0
130714,2,1,1999,0,0,0,0,0,0,0,0,0,0
130715,1,1,1999,0,0,0,0,0,0,0,0,0,0
130716,1,1,1999,18,18,18,18,18,18,18,18,18,18
130717,1,1,1999,0,0,0,0,0,0,0,0,0,0
130717,2,1,1999,0,0,0,0,0,0,0,0,0,0
130717,3,1,1999,0,0,0,0,0,0,0,0,0,0
130718,1,1,1999,0,0,0,0,0,0,0,0,0,0
130719,1,1,1999,31,31,31,31,31,31,31,31,31,31
130720,1,1,1999,0,12,0,6,0,21,0,0,12,0
130721,0,1,1999,15,27,26,0,9,0,19,0,22,0
130721,1,1,1999,8,8,8,8,8,8,8,8,8,8
130722,1,1,1999,0,0,0,0,0,0,0,0,0,0
130723,1,1,1999,0,0,0,0,0,0,0,0,0,0
130723,2,1,1999,0,0,0,0,0,0,0,0,0,0
130724,1,1,1999,0,0,0,0,0,0,0,0,0,0
130725,1,1,1999,0,0,0,0,0,0,0,0,0,0
130725,2,1,1999,0,0,0,0,0,0,0,0,0,0
130726,1,1,1999,27,27,27,27,27,27,27,27,27,27
130727,1,1,1999,6,6,6,6,6,6,6,6,6,6
130727,2,1,1999,0,0,0,0,0,0,0,0,0,0
130728,1,1,1999,17,14,6,10,5,9,14,21,9,25
130728,2,1,1999,0,13,0,32,16,0,26,0,0,0
130729,1,1,1999,12,12,12,12,12,12,12,12,12,12
130730,1,1,1999,15,13,23,25,26,0,0,0,14,0
130731,1,1,1999,0,0,0,0,0,0,0,0,0,0
130731,2,1,1999,0,0,0,0,0,0,0,0,0,0
130732,1,1,1999,0,0,0,0,0,0,0,34,0,0
130732,2,1,1999,0,0,0,0,0,0,0,26,0,0
130733,1,1,1999,0,0,0,0,0,0,0,0,0,0
130733,2,1,1999,0,0,0,0,0,0,0,0,0,0
130734,1,1,1999,0,0,0,0,0,0,0,0,0,0
130735,1,1,1999,0,0,0,0,0,0,0,0,0,0
130735,2,1,1999,0,0,0,0,0,0,0,0,0,0
130735,3,1,1999,0,0,0,0,0,0,0,0,0,0
130735,4,1,1999,0,0,0,22,0,0,0,0,0,0
130736,1,1,1999,0,0,0,0,0,0,0,0,0,0
130736,2,1,1999,0,0,0,0,0,0,0,0,0,0
130737,1,1,1999,0,0,0,0,0,0,0,0,0,0
130737,2,1,1999,17,17,17,17,17,17,17,17,17,17
130738,0,1,1999,10,10,10,10,10,10,10,10,10,10
130738,1,1,1999,0,0,0,0,0,0,0,0,0,0
130739,1,1,1999,16,11,12,5,9,9,14,16,10,20
130740,1,1,1999,0,0,26,0,0,0,0,0,0,0
130740,2,1,1999,0,0,0,0,0,10,0,0,0,0
130740,3,1,1999,0,0,0,0,0,0,0,0,0,0
130741,1,1,1999,15,32,4,0,23,27,33,19,10,26
130742,1,1,1999,11,11,11,11,11,11,11,11,11,11
130743,1,1,1999,0,0,0,0,0,0,0,0,0,0
130744,1,1,1999,0,0,0,0,0,0,0,0,0,0
130744,2,1,1999,0,0,0,0,0,0,16,0,15,4
130745,1,1,1999,12,12,12,12,12,12,12,12,12,12
130746,1,1,1999,0,22,0,0,0,0,0,0,0,0
130746,2,1,1999,0,0,0,0,0,0,0,0,0,0
130747,0,1,1999,0,0,0,0,0,0,0,0,0,0
130747,1,1,1999,0,0,0,0,0,0,0,0,0,0
130748,0,1,1999,15,0,39,12,31,0,0,0,0,8
130748,1,1,1999,0,0,0,0,0,0,0,0,0,0
130749,1,1,1999,0,4,0,17,0,0,15,10,22,11
130749,2,1,1999,0,0,0,0,0,0,0,0,0,0
130750,1,1,1999,0,0,0,0,0,0,0,0,0,0
130751,0,1,1999,0,0,0,0,0,0,0,0,0,0
130751,1,1,1999,0,0,0,0,0,0,0,0,0,0
130752,1,1,1999,0,0,0,0,0,0,0,0,0,0
130752,2,1,1999,0,0,0,0,0,0,0,0,0,0
130753,1,1,1999,0,0,0,0,0,0,0,0,0,0
130754,1,1,1999,21,21,21,21,21,21,21,21,21,21
130754,2,1,1999,18,16,0,0,39,0,25,10,15,15
130755,0,1,1999,0,0,0,0,0,0,0,0,0,0
130755,1,1,1999,0,0,0,0,0,0,0,0,0,0
130756,1,1,1999,0,0,0,0,0,0,0,0,0,0
130756,2,1,1999,0,0,0,0,0,0,0,0,0,0
130757,1,1,1999,0,0,0,0,0,0,0,0,0,0
130757,2,1,1999,0,0,0,0,0,0,0,0,0,0
130758,1,1,1999,0,0,0,0,0,0,0,0,0,0
130758,2,1,1999,0,0,0,0,0,0,0,0,0,0
130759,0,1,1999,0,21,0,0,0,0,0,0,13,0
130759,1,1,1999,23,16,1,0,4,5,5,17,11,0
130760,1,1,1999,0,0,0,0,0,0,0,0,0,0
130760,2,1,1999,0,0,0,0,0,0,0,0,0,0
130761,1,1,1999,0,0,0,0,0,0,0,0,0,0
130761,2,1,1999,0,0,0,0,0,0,0,17,0,0
130762,1,1,1999,27,27,27,27,27,27,27,27,27,27
130763,1,1,1999,0,0,0,0,0,0,0,0,0,0
130763,2,1,1999,0,0,19,0,12,0,0,0,0,0
130764,1,1,1999,17,14,23,19,25,0,22,0,11,16
130764,2,1,1999,0,0,0,0,0,0,0,0,0,0
130765,1,1,1999,0,15,0,0,0,22,8,0,0,12
130765,2,1,1999,0,0,0,0,0,0,0,0,0,0
130766,0,1,1999,22,22,22,22,22,22,22,22,22,22
130766,1,1,1999,0,0,0,0,0,0,0,0,0,0
130767,1,1,1999,0,0,0,0,19,0,20,0,0,0
130767,2,1,1999,0,0,0,0,0,0,0,0,0,0
130768,1,1,1999,24,24,24,24,24,24,24,24,24,24
130768,2,1,1999,0,0,0,0,0,0,0,0,0,0
130769,1,1,1999,0,0,0,0,0,0,0,0,0,0
130769,2,1,1999,0,0,0,0,0,0,0,0,0,0
130770,1,1,1999,28,28,28,28,28,28,28,28,28,28
130771,1,1,1999,0,0,0,0,0,20,0,18,0,20
130772,1,1,1999,7,7,7,7,7,7,7,7,7,7
130773,1,1,1999,17,17,17,17,17,17,17,17,17,17
130774,1,1,1999,29,29,29,29,29,29,29,29,29,29
130775,1,1,1999,0,0,0,0,0,0,0,0,0,0
130776,1,1,1999,0,24,0,0,0,25,0,18,0,20
130777,1,1,1999,16,9,12,14,15,16,11,9,20,5
130778,1,1,1999,0,0,0,0,0,0,0,0,0,0
130779,1,1,1999,28,28,28,28,28,28,28,28,28,28
130780,1,1,1999,11,11,11,11,11,11,11,11,11,11
130781,1,1,1999,0,0,0,0,0,0,0,0,0,0
130782,1,1,1999,0,0,0,0,0,0,0,0,0,0
130782,2,1,1999,0,0,0,0,0,0,0,0,0,0
130783,1,1,1999,6,6,6,6,6,6,6,6,6,6
130783,2,1,1999,14,14,14,14,14,14,14,14,14,14
130784,0,1,1999,0,0,0,0,0,0,0,0,0,0
130784,1,1,1999,0,0,0,0,0,0,0,0,0,0
130785,1,1,1999,0,7,22,19,19,31,17,0,0,0
130785,2,1,1999,0,0,0,0,0,0,0,0,0,0
130786,1,1,1999,0,0,0,0,0,0,0,0,0,0
130786,2,1,1999,0,0,0,0,0,0,0,0,0,0
130787,0,1,1999,28,28,28,28,28,28,28,28,28,28
130787,1,1,1999,0,0,29,0,0,0,0,0,16,0
130788,1,1,1999,23,12,0,0,0,0,0,0,0,0
130789,1,1,1999,0,0,0,0,0,0,0,0,0,0
130789,2,1,1999,0,0,0,0,15,0,0,0,0,0
130789,3,1,1999,0,0,0,0,0,0,0,0,0,0
130789,4,1,1999,15,0,0,0,0,0,0,0,0,0
130790,1,1,1999,0,0,0,24,0,0,0,0,0,0
130790,2,1,1999,0,0,0,0,0,6,13,0,0,0
130791,1,1,1999,0,0,0,0,0,0,0,0,0,0
130792,1,1,1999,0,0,0,0,0,0,0,0,0,0
130792,2,1,1999,0,11,9,0,0,0,0,5,0,0
130793,1,1,1999,0,0,0,0,0,0,0,0,0,0
130794,0,1,1999,0,0,0,0,0,0,0,0,0,0
130794,1,1,1999,0,0,0,0,0,0,0,0,0,0
130795,1,1,1999,18,18,18,18,18,18,18,18,18,18
130796,1,1,1999,0,0,3,0,0,0,0,0,0,0
130797,1,1,1999,17,0,27,0,0,0,0,9,20,0
130798,1,1,1999,13,13,13,13,13,13,13,13,13,13
130799,1,1,1999,0,8,0,0,0,20,0,14,0,13
130800,1,1,1999,0,0,0,0,18,0,0,0,0,0
130801,1,1,1999,0,0,0,0,0,0,0,0,0,0
130801,2,1,1999,0,0,0,0,0,0,0,0,0,0
130802,1,1,1999,0,0,0,0,0,0,0,0,0,0
130803,1,1,1999,0,0,0,0,0,0,0,0,0,0
130803,2,1,1999,0,0,0,0,0,0,0,0,0,0
130804,1,1,1999,0,0,0,0,0,0,0,0,0,0
130804,2,1,1999,0,0,0,0,0,0,0,0,0,0
130805,1,1,1999,0,0,0,0,0,0,0,0,0,0
130806,1,1,1999,0,0,0,0,0,0,0,0,0,0
130806,2,1,1999,0,0,0,0,0,0,0,0,0,0
130807,1,1,1999,19,0,16,6,18,18,34,16,22,15
130808,1,1,1999,0,0,11,0,0,0,0,0,0,0
130808,2,1,1999,0,0,0,0,0,0,15,0,16,0
130809,1,1,1999,0,19,4,6,13,9,7,0,9,7
130809,2,1,1999,0,0,0,0,0,0,0,0,0,0
130810,1,1,1999,7,7,7,7,7,7,7,7,7,7
130810,2,1,1999,0,0,0,0,0,0,0,0,0,0
130811,1,1,1999,21,21,21,21,21,21,21,21,21,21
130812,1,1,1999,0,0,0,0,0,0,0,0,0,0
130812,2,1,1999,0,0,0,10,0,0,0,0,0,0
130813,1,1,1999,0,0,0,0,0,0,0,0,0,0
130813,2,1,1999,0,0,0,0,0,0,0,0,0,0
130814,1,1,1999,19,0,17,18,25,24,12,12,16,18
130815,1,1,1999,0,0,0,0,0,0,0,0,0,0
130816,1,1,1999,0,0,0,0,0,0,0,0,0,0
130817,1,1,1999,0,0,0,0,0,0,0,0,0,0
130817,2,1,1999,0,0,0,0,0,0,0,0,0,0
130818,1,1,1999,0,0,0,0,0,0,0,8,0,0
130818,2,1,1999,0,0,0,0,0,0,0,0,0,0
130819,1,1,1999,8,8,8,8,8,8,8,8,8,8
130820,1,1,1999,24,0,0,0,0,14,0,0,0,0
130820,2,1,1999,0,0,0,0,0,0,0,0,0,0
130821,1,1,1999,28,0,0,0,0,12,0,0,15,0
130821,2,1,1999,0,0,0,22,0,11,0,25,0,0
130822,1,1,1999,14,14,14,14,14,14,14,14,14,14
130822,2,1,1999,0,4,0,0,0,0,0,17,3,0
130822,3,1,1999,0,0,0,0,0,0,0,0,0,0
130823,1,1,1999,0,0,0,0,0,0,0,0,0,0
130824,1,1,1999,0,0,0,0,0,0,0,0,0,0
130824,2,1,1999,0,0,0,0,0,0,0,0,0,0
130825,1,1,1999,0,0,0,0,0,0,0,0,0,0
130826,0,1,1999,20,3,5,30,0,0,12,15,24,28
130826,1,1,1999,0,11,0,0,0,0,0,0,0,0
130827,1,1,1999,3,0,0,11,0,0,0,12,0,0
130827,2,1,1999,0,0,0,0,0,0,0,0,0,0
130828,1,1,1999,9,21,0,0,0,0,0,0,0,0
130829,0,1,1999,8,8,8,8,8,8,8,8,8,8
130829,1,1,1999,0,0,0,0,0,0,0,0,0,0
130830,0,1,1999,0,0,0,0,0,0,0,0,0,0
130830,1,1,1999,0,0,0,0,0,0,0,0,0,0
130831,1,1,1999,0,0,0,0,0,0,0,0,0,0
130832,1,1,1999,0,0,19,0,0,0,0,0,0,0
130832,2,1,1999,0,0,0,0,0,0,0,0,0,7
130833,1,1,1999,0,0,0,0,0,0,0,0,0,0
130834,1,1,1999,0,0,0,0,0,0,0,0,0,0
130834,2,1,1999,0,0,0,0,0,0,0,0,0,0
130835,1,1,1999,0,0,0,0,0,0,0,0,0,0
130836,1,1,1999,0,13,0,20,0,0,0,0,30,0
130837,1,1,1999,0,0,0,8,0,0,0,0,0,0
130837,2,1,1999,0,0,0,0,0,0,0,0,0,0
130838,0,1,1999,0,0,0,0,0,0,0,0,0,0
130838,0,2,1999,0,0,0,0,0,0,0,0,0,0
130838,1,1,1999,0,0,0,0,0,0,0,0,0,0
130839,1,1,1999,0,0,0,0,0,0,0,0,0,0
130839,2,1,1999,0,0,0,0,0,0,0,0,0,0
130839,3,1,1999,0,0,0,0,0,0,0,13,2,9
130840,1,1,1999,0,0,0,0,0,0,0,0,0,0
130840,2,1,1999,0,0,0,0,0,0,0,0,0,0
130842,1,1,1999,0,0,0,0,0,0,0,0,0,0
130843,1,1,1999,0,4,0,0,0,0,0,0,27,0
130843,2,1,1999,0,0,0,18,0,0,19,0,0,5
130844,1,1,1999,0,0,0,0,0,0,0,0,0,0
130844,2,1,1999,22,22,22,22,22,22,22,22,22,22
130845,1,1,1999,0,0,0,0,0,0,0,0,0,0
130845,2,1,1999,0,0,0,0,0,0,0,0,0,0
130846,1,1,1999,0,0,0,0,0,0,0,0,0,0
130846,2,1,1999,0,0,0,0,0,0,0,0,0,0
130847,1,1,1999,18,18,18,18,18,18,18,18,18,18
130848,1,1,1999,0,0,0,0,0,0,0,0,0,0
130848,2,1,1999,0,0,0,0,0,0,0,0,0,0
130849,1,1,1999,0,0,0,0,0,0,0,0,0,0
130849,2,1,1999,0,0,0,0,0,0,0,0,0,0
130850,1,1,1999,0,0,0,0,0,0,0,0,0,0
130850,2,1,1999,0,0,0,0,0,0,0,0,0,0
130851,1,1,1999,19,19,19,19,19,19,19,19,19,19
130851,2,1,1999,0,0,0,0,0,0,0,0,0,0
130852,1,1,1999,0,0,0,0,0,0,0,0,0,0
130852,2,1,1999,0,0,0,0,0,0,0,0,0,0
130852,3,1,1999,0,0,0,0,0,0,0,0,0,0
130852,4,1,1999,0,0,0,0,0,0,0,0,0,0
130853,1,1,1999,22,22,22,22,22,22,22,22,22,22
130854,1,1,1999,0,0,0,0,0,0,0,0,0,0
130854,2,1,1999,8,20,0,8,18,0,29,25,13,31
130855,1,1,1999,0,0,0,0,0,0,0,0,0,0
130856,0,1,1999,5,5,5,5,5,5,5,5,5,5
130856,0,2,1999,15,19,0,0,0,15,24,21,7,34
130856,0,3,1999,26,35,23,0,12,18,16,0,25,26
130856,0,4,1999,26,18,26,0,25,9,0,17,0,0
130856,0,5,1999,5,24,2,15,17,12,0,28,3,20
130856,1,1,1999,0,0,0,0,0,0,0,0,0,0
130857,1,1,1999,0,0,0,0,0,0,0,0,0,0
130857,2,1,1999,0,0,0,0,0,0,0,0,0,0
130858,1,1,1999,32,0,21,16,23,0,0,0,18,16
130859,1,1,1999,0,0,8,0,0,0,0,0,17,0
130860,1,1,1999,0,0,0,0,0,0,0,0,0,0
130860,2,1,1999,0,0,0,0,0,5,0,0,0,0
130861,1,1,1999,12,12,12,12,12,12,12,12,12,12
130862,0,1,1999,6,6,6,6,6,6,6,6,6,6
130862,1,1,1999,0,0,0,0,0,0,0,0,0,0
130863,1,1,1999,0,0,0,0,0,0,0,0,0,0
130864,1,1,1999,0,0,0,0,0,0,0,0,0,0
130864,2,1,1999,0,0,0,0,0,0,0,0,0,0
130865,1,1,1999,0,0,0,0,0,0,0,0,0,0
130865,2,1,1999,0,0,0,0,0,0,0,0,0,0
130866,1,1,1999,0,0,0,0,0,0,0,0,0,0
130866,2,1,1999,0,0,0,0,0,0,0,0,0,0
130867,1,1,1999,0,0,0,0,0,0,0,0,0,0
130867,2,1,1999,0,0,0,0,0,0,0,0,0,0
130868,1,1,1999,0,0,0,0,0,0,0,0,0,0
130868,2,1,1999,0,0,0,0,0,0,0,0,0,0
130869,1,1,1999,21,19,0,0,0,0,15,0,16,0
130870,1,1,1999,0,0,0,0,0,0,0,0,3,8
130870,2,1,1999,0,0,0,0,0,0,0,0,0,0
130871,1,1,1999,0,14,0,0,11,0,0,0,0,0
130872,1,1,1999,0,0,0,0,0,0,0,0,0,0
130872,2,1,1999,19,0,0,0,0,0,0,0,0,0
130873,1,1,1999,24,24,24,24,24,24,24,24,24,24
130874,1,1,1999,16,16,16,16,16,16,16,16,16,16
130874,2,1,1999,0,0,0,0,0,0,0,0,0,0
130874,3,1,1999,0,0,0,0,0,0,16,0,0,0
130875,1,1,1999,17,17,17,17,17,17,17,17,17,17
130876,1,1,1999,0,0,0,0,0,0,0,0,0,0
130877,1,1,1999,7,7,7,7,7,7,7,7,7,7
130878,1,1,1999,0,0,0,0,0,0,0,0,0,0
130878,2,1,1999,0,0,0,0,0,0,0,0,0,0
130879,1,1,1999,13,15,7,31,20,0,0,0,16,16
130880,0,1,1999,0,0,0,0,0,0,0,0,0,0
130880,0,2,1999,0,0,0,0,0,0,0,0,0,0
130880,1,1,1999,0,0,0,0,0,0,0,0,0,0
130881,0,1,1999,17,17,17,17,17,17,17,17,17,17
130881,1,1,1999,0,0,0,0,0,0,0,0,0,0
130882,0,1,1999,0,16,0,0,0,13,0,0,0,33
130882,1,1,1999,0,0,0,0,0,0,0,0,0,0
130883,1,1,1999,0,0,0,0,0,0,0,0,0,0
130883,2,1,1999,0,0,0,0,0,0,0,0,0,0
130884,0,1,1999,0,22,0,0,0,0,0,0,0,0
130884,1,1,1999,0,0,0,0,0,0,0,0,0,0
130885,1,1,1999,0,0,8,0,17,0,0,6,0,6
130886,0,1,1999,14,14,14,14,14,14,14,14,14,14
130886,1,1,1999,0,0,0,0,0,0,0,0,0,0
130886,2,1,1999,0,0,0,0,0,0,0,0,0,0
130887,1,1,1999,0,0,0,0,0,0,0,0,0,0
130887,2,1,1999,0,0,0,0,0,0,0,0,0,0
130888,1,1,1999,0,0,13,10,0,4,0,0,0,0
130889,0,1,1999,0,0,0,0,0,0,0,0,0,0
130889,0,2,1999,0,0,0,0,14,0,0,0,0,0
130889,1,1,1999,0,0,0,0,14,0,0,0,0,0
130890,1,1,1999,0,0,2,0,0,0,0,0,0,0
130890,2,1,1999,0,0,0,0,0,0,0,0,0,0
130890,3,1,1999,0,0,0,0,0,0,0,0,0,0
130891,1,1,1999,0,0,0,0,0,0,0,0,0,0