ST_CASE,VEH_NO,PER_NO,YEAR,P1,P2,P3,P4,P5,P6,P7,P8,P9,P10
130891,2,1,1999,0,0,0,21,0,0,0,0,0,0
130891,3,1,1999,0,0,11,0,0,32,0,0,0,0
130892,1,1,1999,19,19,19,19,19,19,19,19,19,19
130893,1,1,1999,0,0,0,0,0,0,0,0,0,0
130893,2,1,1999,0,0,0,0,0,0,0,0,0,0
130894,1,1,1999,23,23,23,23,23,23,23,23,23,23
130894,2,1,1999,0,0,0,0,0,0,0,0,0,0
130895,1,1,1999,21,17,30,23,25,19,29,18,4,21
130896,1,1,1999,0,0,0,0,0,0,0,0,0,0
130897,1,1,1999,0,0,0,0,0,0,0,0,0,0
130897,2,1,1999,0,0,0,0,0,0,0,11,0,0
130897,3,1,1999,0,0,0,0,0,0,0,0,0,0
130898,1,1,1999,0,0,0,0,0,0,0,0,0,0
130898,2,1,1999,9,9,9,9,9,9,9,9,9,9
130899,1,1,1999,0,0,0,0,0,0,0,0,0,16
130900,1,1,1999,0,0,0,0,0,0,0,0,0,0
130900,2,1,1999,0,0,0,0,0,0,0,0,0,0
130901,1,1,1999,0,0,0,0,0,0,0,0,0,0
130902,1,1,1999,0,0,0,0,0,0,0,3,0,0
130902,2,1,1999,0,0,0,0,0,0,0,0,0,0
130903,1,1,1999,0,0,0,0,0,0,0,0,0,0
130903,2,1,1999,0,0,0,0,0,0,0,0,0,0
130904,1,1,1999,0,0,0,0,0,0,0,0,0,0
130904,2,1,1999,15,0,0,21,5,6,31,0,17,16
130904,3,1,1999,0,17,0,0,0,10,0,0,0,0
130905,0,1,1999,0,0,0,0,0,0,0,0,0,0
130905,1,1,1999,0,0,0,0,0,0,0,0,0,0
130906,1,1,1999,0,0,0,0,0,0,0,0,0,0
130906,2,1,1999,0,0,0,0,0,0,0,0,0,0
130907,1,1,1999,0,0,0,0,0,0,0,0,0,0
130907,2,1,1999,0,0,0,0,8,0,0,16,21,15
130908,1,1,1999,0,0,18,0,0,0,0,0,0,0
130908,2,1,1999,0,0,0,0,0,0,0,0,0,0
130909,1,1,1999,0,0,0,0,0,0,0,0,0,0
130909,2,1,1999,0,0,0,0,0,0,5,0,0,0
130910,1,1,1999,0,0,0,0,0,0,0,9,0,0
130910,2,1,1999,0,0,0,0,0,0,0,0,0,0
130911,1,1,1999,0,0,0,0,0,0,0,0,0,0
130911,2,1,1999,0,0,0,0,0,0,0,0,0,0
130912,1,1,1999,14,0,0,0,0,0,0,0,0,0
130913,1,1,1999,0,41,0,0,0,0,0,0,0,0
130913,2,1,1999,0,0,0,0,12,0,0,3,0,21
130914,1,1,1999,0,0,0,0,0,5,31,0,0,0
130914,2,1,1999,0,0,0,20,0,0,37,8,0,12
130915,1,1,1999,0,9,0,0,0,0,0,0,0,0
130916,1,1,1999,0,0,0,0,0,0,0,0,0,0
130916,2,1,1999,0,0,0,0,0,0,0,0,0,0
130917,1,1,1999,27,37,28,23,33,35,9,19,9,29
130918,1,1,1999,8,6,8,16,21,14,29,7,13,4
130918,2,1,1999,0,0,0,0,0,0,0,0,12,0
130919,1,1,1999,0,0,21,9,0,0,0,0,0,0
130919,2,1,1999,0,20,0,0,0,0,0,0,0,33
130919,3,1,1999,0,0,0,0,0,0,0,0,0,0
130920,1,1,1999,0,0,0,0,0,0,0,0,0,0
130920,2,1,1999,0,0,0,0,0,0,0,0,0,0
130921,1,1,1999,0,0,0,0,0,0,0,0,0,0
130921,2,1,1999,0,13,0,0,0,17,0,0,0,11
130922,1,1,1999,0,0,0,0,0,0,0,0,0,0
130922,2,1,1999,0,0,0,0,0,0,0,0,0,0
130922,3,1,1999,0,0,0,0,0,0,0,0,0,0
130923,1,1,1999,0,0,0,0,0,0,0,0,0,0
130924,1,1,1999,0,0,0,0,0,0,0,0,0,0
130924,2,1,1999,0,0,0,0,0,17,0,0,0,0
130925,1,1,1999,0,4,0,0,0,0,29,30,18,0
130925,2,1,1999,0,0,0,0,0,0,0,0,0,0
130926,1,1,1999,0,0,0,0,3,0,0,0,0,0
130926,2,1,1999,0,0,0,0,0,0,0,0,0,0
130927,1,1,1999,0,0,0,0,0,0,0,0,0,0
130927,2,1,1999,0,0,0,0,0,0,0,0,0,0
130928,1,1,1999,21,0,25,11,0,0,0,0,0,0
130929,1,1,1999,0,8,0,0,0,16,6,0,0,0
130930,1,1,1999,15,24,21,0,0,31,21,11,15,14
130931,1,1,1999,14,0,8,9,11,14,26,3,0,0
130932,1,1,1999,19,29,10,31,41,0,16,15,19,0
130933,1,1,1999,8,8,8,8,8,8,8,8,8,8
130934,1,1,1999,0,0,0,0,0,0,0,0,0,0
130935,1,1,1999,0,26,24,0,12,17,0,16,10,0
130936,1,1,1999,24,25,0,19,19,9,7,18,25,12
130937,1,1,1999,0,0,0,0,0,0,0,0,0,0
130938,1,1,1999,46,0,27,16,7,24,21,15,28,24
130939,1,1,1999,0,0,0,0,0,0,0,0,0,0
130939,2,1,1999,0,0,0,0,0,0,0,0,0,0
130940,1,1,1999,14,14,14,14,14,14,14,14,14,14
130941,0,1,1999,18,46,12,0,10,0,0,15,0,0
130941,1,1,1999,0,0,0,0,0,11,0,0,0,0
130942,1,1,1999,0,0,0,0,0,0,0,0,0,0
130942,2,1,1999,0,0,0,0,0,0,0,0,0,0
130943,1,1,1999,0,0,0,0,0,0,0,0,0,0
130943,2,1,1999,0,0,0,0,10,0,0,0,0,0
130944,1,1,1999,6,0,0,0,0,0,0,0,0,0
130944,2,1,1999,0,0,0,0,0,0,0,0,0,0
130944,3,1,1999,0,0,0,0,0,0,0,0,0,0
130944,4,1,1999,0,0,0,0,0,0,0,0,0,0
130945,1,1,1999,16,0,0,26,17,0,0,0,7,7
130945,2,1,1999,0,0,0,0,0,0,26,0,0,0
130946,1,1,1999,16,34,17,10,14,8,4,5,26,12
130947,1,1,1999,0,10,0,23,0,19,29,24,22,26
130947,2,1,1999,0,27,0,10,0,0,0,9,16,13
130948,1,1,1999,0,14,0,0,0,0,0,0,0,0
130949,1,1,1999,0,0,0,0,0,0,0,0,0,7
130950,0,1,1999,0,0,0,0,0,0,0,0,0,0
130950,1,1,1999,0,0,0,0,0,0,0,0,0,0
130951,1,1,1999,0,0,0,0,0,0,0,0,0,0
130952,1,1,1999,0,0,15,11,0,0,0,28,0,0
130953,1,1,1999,0,0,0,18,0,0,0,0,0,0
130954,0,1,1999,0,0,0,11,0,0,29,0,0,0
130954,1,1,1999,0,0,0,0,0,0,0,0,0,0
130955,1,1,1999,0,0,29,0,12,0,0,11,0,0
130956,1,1,1999,0,0,0,0,0,0,0,0,0,0
130956,2,1,1999,0,0,0,0,0,0,0,0,0,0
130956,3,1,1999,18,10,10,11,9,14,9,14,5,18
130956,4,1,1999,0,0,0,0,0,0,0,0,0,0
130957,0,1,1999,0,0,23,0,0,0,0,0,0,0
130957,1,1,1999,0,0,0,0,0,0,0,0,0,0
130957,2,1,1999,0,0,0,0,0,0,0,0,0,0
130957,3,1,1999,0,0,0,0,0,0,0,16,0,0
130958,1,1,1999,0,0,0,0,0,0,0,0,0,0
130959,1,1,1999,14,0,20,0,0,0,27,3,10,4
130959,2,1,1999,0,0,9,0,0,0,0,0,0,0
130960,1,1,1999,0,0,0,0,0,0,0,0,0,0
130960,2,1,1999,0,0,0,0,0,0,0,0,0,0
130961,1,1,1999,28,28,28,28,28,28,28,28,28,28
130962,0,1,1999,0,0,0,0,0,0,0,0,0,0
130962,1,1,1999,0,0,0,0,0,0,0,0,0,0
130962,2,1,1999,0,0,0,0,0,0,0,0,0,0
130963,1,1,1999,7,13,0,0,0,0,0,0,0,0
130963,2,1,1999,0,0,7,0,0,0,0,0,0,0
130964,1,1,1999,12,23,10,0,10,10,23,20,21,19
130964,2,1,1999,0,0,0,0,0,0,0,0,0,0
130965,1,1,1999,0,0,0,0,0,0,0,0,0,0
130965,2,1,1999,0,0,0,0,0,0,0,0,0,0
130965,3,1,1999,0,0,0,0,0,0,0,0,0,0
130966,1,1,1999,13,13,13,13,13,13,13,13,13,13
130967,1,1,1999,0,0,0,0,0,0,0,0,0,0
130967,2,1,1999,0,9,0,0,0,0,0,21,0,8
130968,1,1,1999,0,0,0,0,0,0,0,0,0,0
130968,2,1,1999,0,0,0,0,0,0,0,0,0,0
130969,1,1,1999,0,0,0,0,0,0,0,0,0,0
130969,2,1,1999,0,0,0,0,10,3,0,0,0,0
130970,1,1,1999,0,0,5,0,0,0,0,0,0,0
130970,2,1,1999,0,0,0,0,0,0,0,0,0,0
130971,1,1,1999,13,13,13,13,13,13,13,13,13,13
130972,1,1,1999,0,0,0,0,0,0,0,9,0,0
130973,2,1,1999,0,0,0,0,0,12,0,0,14,0
130973,3,1,1999,0,19,0,0,0,0,0,0,0,0
130974,1,1,1999,0,0,0,0,0,0,0,0,0,0
130974,2,1,1999,0,0,0,0,0,0,0,0,0,0
130975,1,1,1999,0,0,0,0,0,0,0,0,0,0
130975,2,1,1999,0,0,0,0,3,0,0,0,0,0
130976,1,1,1999,0,0,0,0,0,0,0,0,0,0
130976,2,1,1999,0,0,11,0,0,11,0,0,11,0
130977,1,1,1999,0,0,0,0,0,0,16,0,0,0
130977,2,1,1999,0,0,0,0,0,0,0,0,0,0
130978,0,1,1999,0,0,0,0,0,0,0,0,0,0
130978,1,1,1999,0,0,0,0,0,0,0,0,0,0
130979,1,1,1999,0,19,0,0,0,0,0,0,0,0
130979,2,1,1999,0,0,0,0,0,0,8,0,0,7
130980,1,1,1999,35,26,15,42,10,20,0,9,12,12
130981,1,1,1999,29,46,0,29,17,7,0,20,0,0
130981,2,1,1999,0,0,11,0,11,0,26,0,0,0
130982,1,1,1999,5,21,22,6,27,0,43,0,15,19
130983,0,1,1999,0,11,0,15,0,0,31,17,0,0
130983,1,1,1999,0,0,0,0,0,0,0,0,0,0
130984,1,1,1999,0,0,0,0,0,0,0,0,23,0
130984,2,1,1999,0,0,0,0,0,0,0,0,0,0
130985,0,1,1999,0,0,14,0,0,0,0,0,0,0
130985,1,1,1999,0,0,0,0,0,0,0,0,0,0
130985,2,1,1999,0,0,0,0,0,0,0,0,0,0
130986,1,1,1999,0,21,0,0,0,0,0,0,0,0
130986,2,1,1999,0,0,0,0,0,0,0,0,0,0
130987,1,1,1999,0,0,0,0,0,0,0,0,0,0
130988,1,1,1999,0,0,0,0,0,0,0,0,0,0
130988,2,1,1999,0,0,0,0,0,0,0,0,0,0
130989,1,1,1999,0,0,0,0,0,0,0,0,0,0
130991,0,1,1999,11,36,17,7,18,0,0,19,0,8
130991,1,1,1999,0,0,6,0,0,0,0,0,0,0
130992,1,1,1999,0,0,0,0,0,18,28,0,0,0
130992,2,1,1999,0,0,0,0,0,0,0,0,0,0
130993,1,1,1999,0,0,0,10,0,0,0,11,0,26
130993,2,1,1999,0,0,0,0,0,0,0,0,0,0
130994,1,1,1999,0,0,0,0,0,0,15,0,0,0
130995,1,1,1999,0,0,0,0,0,0,0,0,0,0
130995,2,1,1999,0,0,0,0,0,0,0,0,0,0
130996,0,1,1999,21,21,21,21,21,21,21,21,21,21
130996,1,1,1999,5,0,0,0,0,13,18,0,0,0
130997,1,1,1999,0,24,0,0,13,0,36,25,0,0
130998,1,1,1999,3,22,21,6,6,23,19,0,13,19
130999,1,1,1999,0,0,0,8,0,0,0,0,11,3
130999,2,1,1999,0,0,0,0,0,0,0,0,8,8
131000,1,1,1999,0,0,0,0,0,0,0,0,0,0
131001,1,1,1999,0,0,28,0,0,20,0,10,0,19
131001,2,1,1999,0,0,0,0,0,0,0,0,0,0
131001,3,1,1999,0,0,0,0,0,0,0,0,0,0
131001,4,1,1999,0,0,0,0,0,0,0,0,0,0
131002,1,1,1999,28,27,16,33,28,25,46,39,8,29
131003,1,1,1999,0,0,0,0,0,0,0,0,0,0
131003,2,1,1999,0,0,0,0,0,0,0,0,0,0
131004,1,1,1999,25,25,25,25,25,25,25,25,25,25
131005,1,1,1999,0,0,0,0,0,0,0,0,0,0
131005,2,1,1999,0,0,0,0,0,0,0,0,0,0
131006,0,1,1999,0,27,27,23,28,0,0,21,31,39
131006,1,1,1999,0,0,0,0,13,0,0,0,0,12
131006,2,1,1999,0,0,0,0,0,0,0,0,0,0
131007,1,1,1999,18,13,0,4,0,0,23,0,35,13
131007,2,1,1999,0,3,0,0,0,0,0,22,0,0
131008,1,1,1999,0,0,19,21,0,27,0,23,0,19
131009,1,1,1999,16,0,0,0,0,2,0,0,0,0
131010,1,1,1999,24,21,42,0,0,14,27,16,26,0
131011,1,1,1999,0,25,0,16,11,20,8,33,11,5
131012,1,1,1999,0,0,0,0,0,0,0,0,0,0
131012,2,1,1999,0,0,0,0,5,0,0,0,0,0
131013,1,1,1999,0,0,22,0,7,0,0,0,0,0
131013,2,1,1999,0,0,0,0,0,0,0,0,0,0
131014,0,1,1999,11,0,0,0,0,4,0,0,0,9
131014,2,1,1999,0,0,0,0,0,0,0,0,0,0
131014,3,1,1999,0,0,0,0,0,0,0,0,0,0
131014,4,1,1999,0,0,0,0,0,0,0,0,0,0
131015,1,1,1999,0,0,0,0,0,0,0,0,0,0
131016,1,1,1999,0,0,0,0,0,0,0,0,0,0
131017,1,1,1999,20,20,20,20,20,20,20,20,20,20
131018,1,1,1999,0,0,0,0,0,0,0,0,0,0
131018,2,1,1999,0,0,0,18,0,0,0,0,0,0
131018,3,1,1999,0,0,0,16,0,0,10,0,0,0
131018,4,1,1999,13,0,0,0,0,0,0,0,0,0
131019,0,1,1999,0,25,31,0,40,0,0,11,0,0
131019,1,1,1999,0,0,0,0,0,0,0,0,0,0
131020,1,1,1999,0,0,0,0,0,0,0,0,0,0
131020,2,1,1999,0,0,0,0,0,0,0,0,0,0
131022,1,1,1999,10,24,0,0,0,30,5,0,0,0
131023,0,1,1999,0,0,0,0,0,0,0,0,0,0
131023,1,1,1999,0,0,0,0,0,0,0,0,0,0
131024,1,1,1999,0,21,0,12,14,0,19,22,12,11
131025,1,1,1999,21,20,24,13,18,3,23,0,22,29
131026,1,1,1999,0,0,0,0,0,0,0,0,0,0
131027,1,1,1999,0,0,0,0,0,0,0,0,0,0
131027,2,1,1999,12,14,0,0,0,0,20,0,0,0
131028,1,1,1999,0,0,0,0,0,0,0,0,0,0
131028,2,1,1999,8,0,3,10,21,0,0,0,12,9
131029,1,1,1999,0,0,0,0,0,0,0,0,0,17
131029,2,1,1999,0,0,0,0,0,0,0,0,0,0
131030,0,1,1999,0,0,0,0,0,0,0,0,0,0
131030,1,1,1999,0,0,0,0,0,0,0,0,0,0
131031,1,1,1999,14,0,0,10,0,12,24,12,13,30
131032,1,1,1999,0,0,0,0,0,0,0,0,0,0
131033,1,1,1999,0,0,0,0,0,0,0,0,0,0
131033,2,1,1999,0,0,0,0,0,0,0,0,0,0
131034,1,1,1999,0,0,0,0,0,0,0,0,0,0
131034,2,1,1999,0,0,0,0,0,0,0,0,0,0
131035,0,1,1999,0,16,3,0,0,4,6,31,24,30
131035,1,1,1999,0,0,0,0,0,0,0,0,0,0
131035,2,1,1999,0,0,0,0,0,0,0,0,6,0
131036,1,1,1999,16,8,19,10,23,22,18,24,20,31
131037,1,1,1999,0,0,0,0,0,0,0,0,0,0
131037,2,1,1999,0,0,0,0,0,0,0,0,0,0
131038,1,1,1999,15,14,45,13,0,17,20,30,0,23
131039,1,1,1999,19,19,19,19,19,19,19,19,19,19
131039,2,1,1999,19,0,0,0,23,0,0,0,0,0
131040,0,1,1999,22,15,29,0,18,0,17,34,0,20
131040,1,1,1999,0,0,0,0,0,0,0,0,0,0
131041,1,1,1999,0,0,0,0,0,0,0,12,0,0
131042,1,1,1999,0,0,0,0,0,0,0,0,0,0
131043,1,1,1999,0,0,0,15,0,19,0,0,0,0
131043,2,1,1999,0,0,0,0,0,0,0,0,16,0
131044,1,1,1999,0,0,0,0,0,0,0,0,0,0
131044,2,1,1999,0,0,0,0,0,0,0,0,0,0
131045,1,1,1999,1,1,1,1,1,1,1,1,1,1
131045,2,1,1999,0,0,0,0,0,17,0,0,0,0
131046,0,1,1999,0,0,0,0,0,0,0,0,0,0
131046,1,1,1999,0,0,0,0,0,0,0,0,0,0
131047,1,1,1999,0,0,0,0,0,0,0,0,0,0
131047,2,1,1999,3,3,3,3,3,3,3,3,3,3
131048,1,1,1999,0,25,0,0,0,20,0,0,0,0
131049,1,1,1999,0,0,0,0,0,0,0,0,0,0
131049,2,1,1999,0,0,0,0,0,0,0,0,0,0
131050,1,1,1999,0,0,6,0,0,0,0,9,0,0
131050,2,1,1999,0,0,0,0,0,0,0,0,0,0
131051,1,1,1999,0,0,0,0,0,0,0,0,0,0
131051,2,1,1999,0,0,0,0,0,0,0,0,0,0
131052,0,1,1999,3,25,0,18,23,17,41,0,0,0
131052,1,1,1999,16,16,0,0,0,0,0,0,0,0
131053,1,1,1999,20,12,0,0,11,0,14,19,18,19
131054,1,1,1999,14,0,12,13,0,0,0,0,29,19
131055,0,1,1999,0,0,0,0,0,0,0,0,0,0
131055,1,1,1999,0,0,0,0,0,0,0,0,0,0
131056,1,1,1999,0,10,24,0,10,24,0,0,0,0
131056,2,1,1999,16,0,0,0,0,0,0,0,0,0
131057,1,1,1999,0,0,0,0,0,0,0,0,0,0
131058,1,1,1999,0,0,0,0,0,0,0,0,0,0
131058,2,1,1999,0,0,0,0,0,0,0,0,0,0
131058,3,1,1999,0,8,0,0,0,0,0,0,0,0
131059,1,1,1999,0,0,0,0,0,0,0,0,0,0
131059,2,1,1999,0,0,0,0,0,0,0,0,0,0
131059,3,1,1999,0,0,0,0,0,0,0,0,0,0
131059,4,1,1999,0,0,0,0,0,0,0,0,0,0
131060,0,1,1999,14,0,29,0,28,40,38,19,11,35
131060,1,1,1999,0,0,0,0,0,0,0,0,0,0
131061,1,1,1999,0,0,0,0,0,0,0,0,0,0
131061,2,1,1999,0,0,0,0,0,0,4,0,0,0
131062,1,1,1999,7,7,24,22,14,9,14,14,17,5
131063,1,1,1999,29,29,29,29,29,29,29,29,29,29
131064,1,1,1999,0,0,0,0,0,0,0,0,0,0
131064,2,1,1999,0,0,0,0,0,0,17,0,0,14
131065,1,1,1999,0,0,12,0,0,0,0,0,0,0
131066,1,1,1999,0,0,0,0,0,0,0,0,0,0
131066,2,1,1999,0,0,0,0,0,0,0,0,0,0
131066,3,1,1999,0,0,0,0,0,0,0,0,0,0
131067,1,1,1999,0,0,0,0,0,0,0,0,0,0
131068,1,1,1999,11,21,20,0,22,17,10,0,22,27
131069,1,1,1999,0,0,0,0,0,0,0,0,0,0
131070,1,1,1999,0,0,10,0,29,0,0,0,17,0
131071,1,1,1999,0,0,0,0,0,0,0,0,0,0
131071,2,1,1999,0,17,0,16,0,15,0,0,0,0
131072,1,1,1999,27,0,0,0,0,0,28,0,0,10
131073,1,1,1999,0,23,0,0,0,0,19,0,0,19
131074,1,1,1999,18,14,10,5,16,0,11,2,18,23
131074,2,1,1999,0,12,0,0,0,0,11,0,0,10
131074,3,1,1999,0,0,0,0,0,0,0,0,0,0
131075,1,1,1999,0,18,0,0,21,11,8,14,9,0
131076,1,1,1999,0,0,0,0,0,0,0,0,0,0
131077,1,1,1999,0,0,0,0,0,0,0,0,0,0
131077,2,1,1999,0,0,0,0,0,0,0,0,0,0
131078,0,1,1999,0,35,12,0,0,0,29,30,33,0
131078,0,2,1999,33,0,24,0,0,12,0,15,0,0
131078,1,1,1999,0,0,0,2,0,14,0,0,0,0
131079,1,1,1999,0,0,0,0,0,0,0,0,0,0
131079,2,1,1999,0,0,0,0,0,0,0,0,0,0
131080,1,1,1999,0,0,24,0,0,0,0,0,0,0
131080,2,1,1999,0,0,0,0,0,0,0,0,0,0
131081,1,1,1999,0,0,8,0,0,0,0,0,0,0
131081,2,1,1999,0,0,0,0,18,0,0,0,0,0
131082,1,1,1999,6,6,6,6,6,6,6,6,6,6
131083,1,1,1999,0,0,0,0,0,0,0,0,0,0
131083,2,1,1999,0,0,0,0,0,0,0,0,0,0
131083,3,1,1999,0,0,0,0,0,0,0,0,0,0
131084,1,1,1999,0,0,0,0,0,0,0,0,0,0
131084,2,1,1999,0,0,0,0,0,0,0,0,0,0
131085,1,1,1999,0,0,0,0,0,0,0,0,0,0
131085,2,1,1999,0,0,0,0,0,0,0,0,0,0
131086,1,1,1999,0,0,0,0,0,0,0,0,0,0
131086,2,1,1999,0,0,0,0,0,0,0,0,0,0
131087,1,1,1999,0,0,0,0,21,0,0,0,0,0
131088,1,1,1999,20,20,20,20,20,20,20,20,20,20
131089,1,1,1999,0,0,0,0,0,0,0,0,0,0
131089,2,1,1999,0,0,0,0,0,0,0,0,0,0
131090,1,1,1999,0,0,0,7,0,21,4,0,26,0
131091,0,1,1999,0,0,0,0,0,0,0,0,0,0
131091,1,1,1999,0,0,0,0,0,0,0,0,0,0
131091,2,1,1999,0,0,0,0,0,0,0,0,0,0
131091,3,1,1999,0,0,0,0,0,0,0,0,0,0
131092,1,1,1999,0,0,0,0,0,0,0,0,0,0
131093,0,1,1999,11,17,10,24,18,26,16,18,26,9
131093,1,1,1999,0,0,0,0,0,0,0,0,0,0
131094,1,1,1999,21,0,5,12,9,9,5,22,17,0
131094,2,1,1999,20,11,6,22,7,19,12,17,12,12
131094,3,1,1999,11,0,18,26,19,18,22,23,18,6
131095,1,1,1999,36,10,21,0,18,0,8,13,7,30
131096,1,1,1999,0,0,0,0,0,0,0,0,0,0
131097,1,1,1999,0,0,0,0,0,0,0,0,0,0
131097,2,1,1999,0,0,0,0,0,0,0,0,0,0
131098,1,1,1999,0,0,0,0,0,0,0,0,0,0
131098,2,1,1999,0,0,0,0,0,0,0,0,0,0
131098,3,1,1999,0,0,0,0,0,0,0,0,0,0
131099,1,1,1999,11,0,17,16,8,10,0,0,14,0
131100,1,1,1999,35,0,8,31,0,0,0,0,23,39
131101,1,1,1999,0,0,0,0,0,0,0,0,0,0
131101,2,1,1999,0,0,0,0,0,0,0,0,0,0
131102,1,1,1999,12,12,12,12,12,12,12,12,12,12
131103,1,1,1999,0,0,0,0,0,0,0,0,0,0
131103,2,1,1999,0,0,0,0,0,0,0,0,0,0
131104,1,1,1999,0,0,0,0,0,0,0,9,0,0
131105,0,1,1999,11,11,11,11,11,11,11,11,11,11
131105,1,1,1999,0,0,0,0,0,0,0,0,0,0
131106,1,1,1999,13,13,13,13,13,13,13,13,13,13
131107,1,1,1999,0,0,0,0,0,0,0,0,0,0
131107,2,1,1999,0,0,0,0,0,0,0,0,0,0
131108,1,1,1999,27,0,8,0,4,0,0,17,0,0
131108,2,1,1999,0,0,0,0,0,0,0,0,6,0
131109,1,1,1999,0,0,0,0,0,0,0,0,0,0
131109,2,1,1999,12,0,0,0,0,0,0,0,0,0
131110,1,1,1999,0,0,0,0,0,0,0,0,0,0
131111,1,1,1999,0,0,0,0,0,0,0,0,0,0
131111,2,1,1999,0,0,0,0,0,0,0,0,0,0
131112,1,1,1999,0,5,0,0,0,0,0,0,0,4
131112,2,1,1999,7,0,5,0,0,0,0,0,0,0
131113,1,1,1999,10,48,18,19,0,0,19,31,24,0
131114,1,1,1999,15,12,10,35,19,29,32,19,24,17
131115,1,1,1999,0,18,19,0,0,0,0,33,29,0
131116,0,1,1999,30,10,0,10,5,26,0,0,0,31
131116,1,1,1999,0,0,0,0,0,0,0,0,0,0
131117,1,1,1999,34,13,0,28,18,0,0,15,26,33
131118,1,1,1999,0,0,18,29,0,0,0,22,12,0
131118,2,1,1999,0,0,0,0,0,0,0,0,0,0
131119,1,1,1999,0,16,0,0,0,0,0,0,0,0
131120,0,1,1999,0,0,0,0,0,0,0,0,0,0
131120,1,1,1999,0,9,6,0,6,18,10,0,30,0
131121,1,1,1999,0,0,0,0,0,0,0,0,0,0
131121,2,1,1999,0,0,0,0,0,0,0,0,0,0
131122,1,1,1999,0,23,14,29,24,15,0,16,0,2
131123,1,1,1999,0,0,0,0,0,0,0,0,0,0
131123,2,1,1999,0,0,0,0,0,0,0,0,0,0
131123,3,1,1999,0,0,0,0,0,0,0,0,0,0
131124,0,1,1999,2,2,2,2,2,2,2,2,2,2
131124,1,1,1999,0,14,6,14,4,18,13,3,18,7
131125,1,1,1999,17,0,19,0,0,0,0,0,18,11
131126,1,1,1999,0,0,0,0,20,13,0,0,0,0
131126,2,1,1999,0,0,0,15,0,0,11,0,0,0
131127,1,1,1999,0,24,0,14,0,0,0,15,0,14
131128,1,1,1999,0,0,0,11,0,0,0,0,0,0
131128,2,1,1999,0,0,0,10,0,0,0,0,0,0
131128,3,1,1999,0,0,0,10,0,0,0,0,0,0
131129,1,1,1999,0,0,0,0,0,0,0,0,0,18
131129,2,1,1999,0,15,0,29,11,0,0,5,0,0
131130,1,1,1999,23,13,20,17,12,38,5,12,12,0
131131,1,1,1999,0,20,0,0,0,0,0,14,0,0
131131,2,1,1999,0,0,0,0,0,0,0,0,0,0
131132,1,1,1999,29,29,29,29,29,29,29,29,29,29
131132,2,1,1999,0,0,0,0,0,0,0,0,0,0
131133,1,1,1999,0,0,0,0,23,0,0,0,0,0
131133,2,1,1999,0,0,0,0,0,0,0,0,0,0
131133,3,1,1999,0,0,0,0,0,0,0,0,0,0
131134,0,1,1999,0,0,0,0,0,0,0,0,0,18
131134,1,1,1999,0,0,0,0,0,0,0,0,0,0
131134,2,1,1999,0,0,0,0,0,0,0,0,0,0
131135,1,1,1999,0,0,0,0,0,0,0,0,0,0
131136,1,1,1999,0,0,0,16,16,18,22,0,7,11
131136,2,1,1999,30,29,0,19,0,0,14,0,26,0
131136,3,1,1999,0,0,0,6,0,0,14,0,0,5
131136,4,1,1999,0,0,0,0,0,0,0,0,0,0
131137,1,1,1999,0,0,0,0,0,0,0,0,0,0
131137,2,1,1999,0,0,0,0,0,0,0,0,0,0
131138,1,1,1999,0,0,0,6,0,0,0,0,0,0
131138,2,1,1999,0,0,0,0,7,0,0,0,0,0
131139,1,1,1999,0,0,0,0,5,0,0,0,0,0
131139,2,1,1999,0,0,0,0,0,0,0,0,0,0
131140,1,1,1999,0,0,0,0,0,0,0,0,0,17
131140,2,1,1999,0,0,0,0,0,0,0,0,0,0
131141,1,1,1999,17,41,43,22,0,23,7,0,23,37
131142,1,1,1999,26,0,45,28,29,24,16,17,10,0
131143,1,1,1999,0,0,0,0,0,0,0,0,0,0
131143,2,1,1999,0,0,0,0,0,0,0,0,0,0
131144,1,1,1999,26,14,37,25,12,11,18,0,13,17
131145,1,1,1999,10,10,10,10,10,10,10,10,10,10
131145,2,1,1999,0,0,0,0,0,0,0,0,0,0
131146,1,1,1999,0,0,0,0,0,0,0,0,0,0
131146,2,1,1999,0,0,0,0,0,0,0,0,0,0
131147,1,1,1999,15,15,0,0,0,0,0,0,0,26
131147,2,1,1999,0,9,0,0,0,0,0,0,0,0
131147,3,1,1999,0,0,0,0,0,0,0,0,0,0
131148,1,1,1999,0,0,6,19,0,0,0,0,0,0
131148,2,1,1999,0,8,0,0,0,0,0,0,0,0
131149,1,1,1999,0,0,0,0,0,0,10,36,0,0
131150,1,1,1999,0,0,0,0,0,0,0,0,0,0
131150,2,1,1999,0,0,0,0,0,0,0,0,0,0
131151,0,1,1999,0,0,0,0,0,0,0,29,0,0
131151,1,1,1999,0,0,0,0,0,0,0,0,0,0
131152,1,1,1999,9,0,0,16,6,0,0,31,0,0
131153,1,1,1999,0,0,0,0,0,0,0,0,0,0
131153,2,1,1999,0,0,0,0,0,0,0,0,0,0
131153,3,1,1999,0,0,0,0,0,0,0,0,0,0
131154,1,1,1999,26,15,32,14,20,37,15,24,23,28
131155,1,1,1999,7,10,16,13,5,8,22,0,16,15
131155,2,1,1999,8,0,0,0,0,22,0,0,0,0
131156,0,1,1999,0,0,17,0,0,0,0,0,0,0
131156,1,1,1999,0,0,0,0,0,0,0,0,0,0
131157,1,1,1999,0,9,44,13,6,18,22,39,12,0