ST_CASE,VEH_NO,PER_NO,YEAR,P1,P2,P3,P4,P5,P6,P7,P8,P9,P10
170337,1,1,1999,16,16,16,16,16,16,16,16,16,16
170338,1,1,1999,19,26,7,8,19,15,13,19,19,6
170339,1,1,1999,15,15,15,15,15,15,15,15,15,15
170340,0,1,1999,0,0,0,0,0,0,0,0,0,0
170340,1,1,1999,0,0,4,0,0,0,0,0,0,0
170341,1,1,1999,0,0,0,0,0,0,0,0,0,0
170341,2,1,1999,0,0,0,0,0,0,0,0,0,0
170342,1,1,1999,0,0,0,0,0,0,0,0,0,0
170343,1,1,1999,0,0,0,0,0,0,0,0,0,0
170343,2,1,1999,0,0,0,0,0,0,0,0,0,0
170344,1,1,1999,17,17,17,17,17,17,17,17,17,17
170345,0,1,1999,0,0,0,0,0,0,0,0,0,0
170345,1,1,1999,0,0,0,0,0,0,0,0,0,0
170346,1,1,1999,0,0,0,0,0,5,0,0,0,0
170346,2,1,1999,0,0,0,0,0,0,0,0,0,0
170347,1,1,1999,0,0,0,0,0,0,5,0,0,0
170347,2,1,1999,0,0,0,0,0,0,0,0,0,0
170348,1,1,1999,0,0,0,0,0,0,0,0,0,0
170348,2,1,1999,0,0,4,0,0,0,16,0,0,11
170349,1,1,1999,0,0,0,0,0,0,0,0,0,0
170349,2,1,1999,0,0,0,0,0,16,0,0,0,0
170350,1,1,1999,14,14,14,14,14,14,14,14,14,14
170351,1,1,1999,21,21,21,21,21,21,21,21,21,21
170352,1,1,1999,0,0,0,0,0,0,0,0,0,0
170353,1,1,1999,0,0,0,0,0,0,0,0,0,0
170353,2,1,1999,0,0,0,0,0,0,0,0,0,0
170354,1,1,1999,28,28,28,28,28,28,28,28,28,28
170354,2,1,1999,0,0,0,0,0,0,0,0,0,0
170355,1,1,1999,0,0,0,0,0,0,0,0,0,0
170355,2,1,1999,0,0,0,0,0,0,0,0,0,0
170356,1,1,1999,29,29,29,29,29,29,29,29,29,29
170357,1,1,1999,0,0,0,0,0,0,0,0,0,0
170357,2,1,1999,0,0,0,0,0,0,0,0,0,0
170357,3,1,1999,0,0,0,0,8,0,0,0,0,0
170357,4,1,1999,0,0,0,0,0,0,0,0,0,0
170358,0,1,1999,0,0,31,10,0,15,11,30,13,20
170358,0,2,1999,0,0,0,0,0,0,0,0,0,0
170358,1,1,1999,0,0,0,0,0,0,0,0,0,0
170359,1,1,1999,0,0,0,0,0,0,0,0,0,0
170359,2,1,1999,0,0,0,0,0,0,0,0,0,0
170360,1,1,1999,0,0,0,0,0,0,0,0,0,0
170361,1,1,1999,17,17,17,17,17,17,17,17,17,17
170361,2,1,1999,0,0,0,0,0,0,0,0,0,0
170362,1,1,1999,0,0,0,0,0,0,0,0,0,0
170363,1,1,1999,0,0,0,0,0,0,0,0,0,0
170363,2,1,1999,0,0,0,0,0,0,0,0,0,0
170364,1,1,1999,0,0,0,0,0,0,0,0,0,0
170364,2,1,1999,14,14,14,14,14,14,14,14,14,14
170365,0,1,1999,12,12,12,12,12,12,12,12,12,12
170365,1,1,1999,4,4,4,4,4,4,4,4,4,4
170366,1,1,1999,0,0,0,0,0,0,0,0,0,0
170367,1,1,1999,0,0,0,0,0,0,0,0,0,0
170367,2,1,1999,0,0,0,0,0,0,0,0,0,0
170368,1,1,1999,21,21,21,21,21,21,21,21,21,21
170369,1,1,1999,0,0,0,0,0,0,0,0,0,0
170370,1,1,1999,0,0,0,0,0,0,0,0,0,0
170371,0,1,1999,25,25,25,25,25,25,25,25,25,25
170371,0,2,1999,0,0,0,0,0,0,0,0,0,0
170371,1,1,1999,0,0,0,0,0,0,0,0,0,0
170372,1,1,1999,0,0,0,0,0,0,0,0,0,0
170373,1,1,1999,19,19,19,19,19,19,19,19,19,19
170373,2,1,1999,0,0,17,12,0,0,0,0,0,11
170374,1,1,1999,0,0,0,0,0,0,0,0,0,0
170374,2,1,1999,0,0,0,0,0,0,0,0,0,0
170375,1,1,1999,0,0,0,0,0,0,0,0,0,0
170375,2,1,1999,0,0,0,0,0,0,0,0,0,0
170376,1,1,1999,10,17,4,12,15,18,16,10,11,10
170376,2,1,1999,0,0,0,0,0,0,0,0,0,0
170377,1,1,1999,12,22,19,13,3,17,11,3,22,19
170378,1,1,1999,0,0,0,0,0,0,0,0,0,0
170379,1,1,1999,0,0,0,0,0,0,0,0,0,0
170380,1,1,1999,24,24,24,24,24,24,24,24,24,24
170381,1,1,1999,0,0,0,0,0,0,0,0,0,0
170381,2,1,1999,0,0,0,0,0,0,0,0,0,0
170382,1,1,1999,0,0,0,0,0,0,0,0,0,0
170383,1,1,1999,0,0,0,0,0,0,0,0,0,0
170383,2,1,1999,0,0,0,0,0,0,0,0,0,26
170384,1,1,1999,0,0,0,0,0,0,0,0,0,0
170384,2,1,1999,0,0,0,0,0,0,0,0,0,0
170384,3,1,1999,0,0,0,0,0,0,0,0,0,0
170385,1,1,1999,23,23,23,23,23,23,23,23,23,23
170386,1,1,1999,26,26,26,26,26,26,26,26,26,26
170387,1,1,1999,17,17,17,17,17,17,17,17,17,17
170387,2,1,1999,0,0,0,13,0,0,0,0,10,0
170388,0,1,1999,0,0,0,0,0,0,0,0,0,0
170388,1,1,1999,9,0,11,13,0,19,13,0,0,0
170389,0,1,1999,0,0,0,0,0,0,0,0,0,0
170389,1,1,1999,0,0,7,0,0,0,0,0,0,0
170390,1,1,1999,0,0,0,7,0,0,0,0,0,0
170390,2,1,1999,0,0,0,0,0,0,0,0,0,0
170391,1,1,1999,9,9,9,9,9,9,9,9,9,9
170392,1,1,1999,19,19,19,19,19,19,19,19,19,19
170392,2,1,1999,0,0,23,0,0,0,0,0,0,0
170393,1,1,1999,0,0,0,0,0,0,0,0,0,0
170394,1,1,1999,0,0,0,0,0,0,0,0,0,0
170394,2,1,1999,14,14,14,14,14,14,14,14,14,14
170395,1,1,1999,16,16,16,16,16,16,16,16,16,16
170396,1,1,1999,22,22,22,22,22,22,22,22,22,22
170397,0,1,1999,0,0,0,0,0,0,0,0,0,0
170397,1,1,1999,7,0,0,0,0,0,0,0,0,0
170398,1,1,1999,0,0,0,0,0,0,0,0,0,0
170398,2,1,1999,0,0,0,0,0,5,0,0,0,0
170399,0,1,1999,18,18,18,18,18,18,18,18,18,18
170399,1,1,1999,0,0,0,0,0,0,0,0,0,0
170400,1,1,1999,0,0,0,0,0,0,0,0,0,0
170400,2,1,1999,0,0,0,0,0,0,0,0,0,0
170400,3,1,1999,0,0,0,0,0,0,0,0,0,0
170401,1,1,1999,25,25,25,25,25,25,25,25,25,25
170401,2,1,1999,0,0,0,0,0,0,0,0,0,0
170402,1,1,1999,16,0,23,12,0,10,4,5,0,10
170403,1,1,1999,22,22,22,22,22,22,22,22,22,22
170404,1,1,1999,0,0,0,0,0,0,0,0,0,0
170405,1,1,1999,0,0,0,0,0,0,0,0,0,0
170406,1,1,1999,0,0,0,0,0,0,0,0,0,0
170407,1,1,1999,0,0,0,0,0,0,0,0,0,0
170408,1,1,1999,8,8,8,8,8,8,8,8,8,8
170409,1,1,1999,0,0,0,0,0,0,0,0,0,0
170410,1,1,1999,19,3,6,21,10,18,18,12,20,13
170411,1,1,1999,12,12,12,12,12,12,12,12,12,12
170412,1,1,1999,0,14,9,0,0,2,0,23,0,0
170412,2,1,1999,0,0,0,0,0,0,0,0,0,0
170413,1,1,1999,0,0,0,0,0,0,0,0,0,0
170413,2,1,1999,0,0,0,0,0,0,0,0,0,0
170414,1,1,1999,0,0,0,0,0,0,0,0,0,0
170415,1,1,1999,0,0,0,17,19,0,0,0,0,0
170416,1,1,1999,25,25,25,25,25,25,25,25,25,25
170417,1,1,1999,0,0,0,0,0,0,0,0,0,0
170417,2,1,1999,0,0,0,0,0,0,0,11,0,0
170418,0,1,1999,18,18,18,18,18,18,18,18,18,18
170418,1,1,1999,0,0,0,0,0,0,0,0,0,0
170419,1,1,1999,0,7,0,0,0,0,0,0,0,0
170419,2,1,1999,0,0,0,0,0,0,0,0,0,0
170420,1,1,1999,0,0,0,0,0,0,0,0,0,0
170421,1,1,1999,0,0,0,0,0,0,0,0,0,0
170422,0,1,1999,0,0,0,0,17,0,0,0,0,0
170422,1,1,1999,0,0,0,0,0,0,0,0,0,4
170423,1,1,1999,0,0,0,0,0,0,0,0,0,0
170424,0,1,1999,0,0,0,0,31,0,0,0,0,0
170424,1,1,1999,0,0,0,0,0,0,0,0,0,0
170425,1,1,1999,26,26,26,26,26,26,26,26,26,26
170426,1,1,1999,10,10,10,10,10,10,10,10,10,10
170427,1,1,1999,14,14,14,14,14,14,14,14,14,14
170428,1,1,1999,27,27,27,27,27,27,27,27,27,27
170429,1,1,1999,0,0,0,0,0,0,0,0,4,0
170429,2,1,1999,0,0,0,0,0,0,0,0,0,0
170429,3,1,1999,0,0,0,0,0,0,0,0,0,0
170429,4,1,1999,0,0,0,0,0,0,0,0,0,0
170429,5,1,1999,0,0,0,0,0,0,0,0,0,0
170430,1,1,1999,6,6,6,6,6,6,6,6,6,6
170430,2,1,1999,0,0,0,0,0,0,0,0,0,0
170431,1,1,1999,0,0,0,0,0,0,0,0,0,0
170431,2,1,1999,15,15,15,15,15,15,15,15,15,15
170432,0,1,1999,0,0,0,0,0,0,0,0,0,0
170432,1,1,1999,9,9,9,9,9,9,9,9,9,9
170432,2,1,1999,0,0,0,0,0,0,0,0,0,0
170433,1,1,1999,0,0,0,0,0,0,0,0,0,0
170434,1,1,1999,0,0,0,0,0,0,0,0,0,0
170434,2,1,1999,0,0,0,0,0,0,0,0,0,0
170434,3,1,1999,0,0,0,0,0,0,0,0,0,0
170434,4,1,1999,0,0,0,0,0,0,0,0,0,0
170435,1,1,1999,0,0,0,0,0,0,0,0,0,0
170435,2,1,1999,0,0,0,0,0,0,0,0,0,0
170436,1,1,1999,18,18,18,18,18,18,18,18,18,18
170437,1,1,1999,21,21,21,21,21,21,21,21,21,21
170438,1,1,1999,0,0,0,0,0,0,0,0,0,0
170438,2,1,1999,0,0,0,0,0,0,0,0,0,0
170438,3,1,1999,0,0,0,0,0,0,0,0,0,0
170439,1,1,1999,10,10,10,10,10,10,10,10,10,10
170439,2,1,1999,0,0,0,0,0,0,0,0,0,0
170440,0,1,1999,0,0,0,0,0,0,0,0,0,0
170440,1,1,1999,0,0,0,0,0,0,0,0,0,0
170440,2,1,1999,13,0,17,0,0,0,4,0,0,0
170441,1,1,1999,0,0,0,0,0,0,0,0,0,0
170441,2,1,1999,0,0,0,0,0,0,0,0,0,0
170441,3,1,1999,0,0,0,0,0,0,0,0,0,0
170442,1,1,1999,34,34,34,34,34,34,34,34,34,34
170442,2,1,1999,0,0,0,0,0,0,0,0,0,0
170442,3,1,1999,0,0,0,0,0,0,0,0,0,0
170443,1,1,1999,0,0,0,0,0,0,0,0,0,0
170444,1,1,1999,0,0,0,0,0,0,0,0,0,0
170444,2,1,1999,1,1,1,1,1,1,1,1,1,1
170445,1,1,1999,13,13,13,13,13,13,13,13,13,13
170446,0,1,1999,0,0,0,0,0,0,0,0,0,0
170446,1,1,1999,0,0,0,0,0,0,0,0,0,0
170447,1,1,1999,4,0,0,0,0,0,0,0,0,0
170447,2,1,1999,0,0,0,0,0,0,13,0,0,0
170448,1,1,1999,0,0,0,0,0,0,0,0,0,0
170448,2,1,1999,0,0,0,0,0,0,0,0,0,0
170448,3,1,1999,0,0,0,0,0,0,0,0,0,0
170448,4,1,1999,0,0,0,0,0,0,0,0,0,0
170448,5,1,1999,0,21,0,0,0,0,0,0,0,0
170448,6,1,1999,0,0,0,0,0,0,0,0,0,0
170448,7,1,1999,0,0,0,0,0,0,0,0,6,0
170448,8,1,1999,0,0,0,0,0,0,20,0,0,0
170448,9,1,1999,0,0,0,0,0,0,0,0,0,0
170448,10,1,1999,0,0,0,0,0,16,0,0,0,0
170448,11,1,1999,0,0,0,11,0,0,0,0,0,0
170448,12,1,1999,0,0,0,0,0,0,0,6,0,0
170449,1,1,1999,0,0,0,0,0,0,0,0,0,0
170449,2,1,1999,0,0,0,0,0,0,0,0,0,14
170450,1,1,1999,18,18,18,18,18,18,18,18,18,18
170450,2,1,1999,0,0,0,0,0,0,0,0,0,0
170450,3,1,1999,0,0,0,0,0,0,0,0,0,0
170451,1,1,1999,26,26,26,26,26,26,26,26,26,26
170452,1,1,1999,0,0,0,0,0,0,0,0,0,0
170452,2,1,1999,0,0,0,0,0,0,0,0,0,0
170452,3,1,1999,0,0,0,0,0,0,0,0,0,0
170453,1,1,1999,3,0,0,0,0,17,0,0,0,12
170453,2,1,1999,0,0,0,0,0,0,0,0,0,0
170454,1,1,1999,0,0,0,0,0,0,0,0,0,0
170455,1,1,1999,16,16,16,16,16,16,16,16,16,16
170455,2,1,1999,7,16,18,21,0,0,0,19,9,25
170457,1,1,1999,2,0,11,15,5,10,38,12,12,8
170457,2,1,1999,0,0,0,0,0,0,0,0,0,0
170457,3,1,1999,0,0,0,0,0,0,0,0,0,0
170458,1,1,1999,10,10,10,10,10,10,10,10,10,10
170458,2,1,1999,0,0,0,0,0,0,0,0,0,0
170459,1,1,1999,26,26,26,26,26,26,26,26,26,26
170459,2,1,1999,8,5,0,0,9,21,0,0,0,0
170459,3,1,1999,0,0,5,0,0,0,0,0,0,0
170459,4,1,1999,0,0,0,0,17,9,0,0,0,0
170460,1,1,1999,0,0,0,14,0,0,14,0,0,0
170461,1,1,1999,0,0,0,0,0,0,0,0,0,0
170461,2,1,1999,0,0,0,0,0,0,0,0,0,0
170461,3,1,1999,0,0,0,0,0,0,0,0,14,0
170461,4,1,1999,0,0,0,0,0,0,0,0,0,0
170461,5,1,1999,0,0,0,0,0,0,0,0,0,0
170461,6,1,1999,0,0,0,0,0,0,0,0,0,0
170461,7,1,1999,0,0,0,0,0,0,0,0,0,0
170461,8,1,1999,0,0,0,0,0,0,0,0,0,0
170461,9,1,1999,0,0,0,0,5,0,0,0,0,0
170461,10,1,1999,0,0,0,0,0,0,0,0,0,0
170461,11,1,1999,0,0,0,0,0,0,0,0,0,0
170461,12,1,1999,0,0,0,0,0,0,0,0,0,0
170461,13,1,1999,0,0,0,0,0,0,0,0,0,0
170461,14,1,1999,0,0,0,0,0,0,0,0,0,0
170461,15,1,1999,0,0,0,0,0,0,0,0,0,0
170462,1,1,1999,10,10,10,10,10,10,10,10,10,10
170462,2,1,1999,7,7,7,7,7,7,7,7,7,7
170463,0,1,1999,16,16,16,16,16,16,16,16,16,16
170463,1,1,1999,0,0,0,0,0,0,0,0,0,0
170464,1,1,1999,17,17,17,17,17,17,17,17,17,17
170465,1,1,1999,12,12,12,12,12,12,12,12,12,12
170465,2,1,1999,0,0,0,0,0,0,0,0,0,0
170466,1,1,1999,0,0,0,0,0,0,0,0,0,0
170467,1,1,1999,16,16,16,16,16,16,16,16,16,16
170468,1,1,1999,0,0,0,0,0,0,0,0,0,0
170468,2,1,1999,0,0,3,5,8,11,0,0,17,25
170469,1,1,1999,0,11,0,0,0,0,21,0,0,0
170469,2,1,1999,0,0,12,0,0,0,0,0,0,0
170470,1,1,1999,19,19,19,19,19,19,19,19,19,19
170471,1,1,1999,0,0,0,0,0,0,0,0,0,0
170471,2,1,1999,0,0,0,0,0,0,0,0,0,0
170471,3,1,1999,0,0,0,0,0,0,0,0,0,0
170472,1,1,1999,0,0,0,0,0,0,0,0,0,0
170472,2,1,1999,0,0,0,0,0,0,0,0,0,0
170473,1,1,1999,0,0,0,0,0,0,0,0,0,0
170473,2,1,1999,0,0,0,0,0,0,0,0,0,0
170474,0,1,1999,0,0,0,0,0,0,0,0,0,0
170474,1,1,1999,0,0,0,0,0,0,0,0,0,0
170475,1,1,1999,0,0,0,0,0,0,0,0,0,0
170476,0,1,1999,22,22,22,22,22,22,22,22,22,22
170476,1,1,1999,5,5,5,5,5,5,5,5,5,5
170477,1,1,1999,0,0,0,0,0,0,0,0,0,0
170477,2,1,1999,0,0,0,0,0,0,0,0,0,0
170478,1,1,1999,1,1,1,1,1,1,1,1,1,1
170479,0,1,1999,23,23,23,23,23,23,23,23,23,23
170479,1,1,1999,0,0,0,0,0,0,9,0,0,0
170480,1,1,1999,16,0,0,0,0,0,0,0,0,0
170480,2,1,1999,0,0,0,0,0,0,0,0,0,0
170481,0,1,1999,0,0,0,25,0,0,0,0,0,0
170481,1,1,1999,18,18,18,18,18,18,18,18,18,18
170482,1,1,1999,0,0,0,0,0,0,0,0,0,0
170482,2,1,1999,0,0,0,0,0,0,0,0,0,0
170483,1,1,1999,14,14,14,14,14,14,14,14,14,14
170483,2,1,1999,0,0,0,0,0,0,0,0,0,0
170484,1,1,1999,0,0,20,16,0,0,4,9,0,18
170484,2,1,1999,0,0,0,0,0,0,0,0,0,0
170485,1,1,1999,0,0,0,0,0,0,0,0,0,0
170485,2,1,1999,0,0,0,0,0,0,0,0,0,0
170486,1,1,1999,19,19,19,19,19,19,19,19,19,19
170487,1,1,1999,5,5,5,5,5,5,5,5,5,5
170488,1,1,1999,0,0,0,0,6,0,17,0,43,15
170488,2,1,1999,0,0,0,0,0,0,0,0,0,0
170489,1,1,1999,0,0,0,0,0,0,0,0,0,0
170490,1,1,1999,0,0,0,0,0,0,0,0,12,0
170490,2,1,1999,0,0,0,0,0,0,0,0,0,0
170490,3,1,1999,0,0,0,0,0,0,0,0,0,0
170491,1,1,1999,0,0,0,0,15,0,0,0,0,0
170492,0,1,1999,0,0,0,0,0,0,0,0,0,0
170492,1,1,1999,0,0,0,0,0,0,0,0,0,0
170493,1,1,1999,5,5,5,5,5,5,5,5,5,5
170494,1,1,1999,0,0,0,0,0,0,0,0,0,0
170494,2,1,1999,0,0,0,0,0,12,0,0,0,0
170495,1,1,1999,25,15,14,23,14,20,19,20,8,33
170496,1,1,1999,19,19,19,19,19,19,19,19,19,19
170496,2,1,1999,0,0,0,0,0,0,0,0,0,0
170497,1,1,1999,0,0,0,0,0,0,0,0,0,0
170497,2,1,1999,0,0,0,0,0,0,0,0,0,0
170498,1,1,1999,32,32,32,32,32,32,32,32,32,32
170498,2,1,1999,13,13,13,13,13,13,13,13,13,13
170499,1,1,1999,0,0,0,0,0,0,0,0,0,0
170499,2,1,1999,0,0,0,4,0,0,0,0,0,0
170500,1,1,1999,0,0,0,0,0,0,0,0,0,0
170500,2,1,1999,0,0,0,0,0,0,0,0,0,0
170501,1,1,1999,0,0,0,0,0,0,0,0,0,0
170501,2,1,1999,0,0,0,0,0,0,0,0,0,0
170502,1,1,1999,0,0,0,0,0,0,0,0,0,0
170503,1,1,1999,0,0,0,0,0,0,0,0,0,0
170503,2,1,1999,0,0,0,0,0,0,0,0,0,0
170504,1,1,1999,0,0,0,11,0,13,0,0,0,0
170504,2,1,1999,0,0,0,0,0,0,0,0,0,0
170504,3,1,1999,0,0,0,0,0,0,0,0,0,0
170504,4,1,1999,0,0,0,0,0,0,0,0,0,0
170505,0,1,1999,0,0,0,0,0,0,0,0,0,0
170506,1,1,1999,0,0,0,0,0,0,0,0,0,0
170506,2,1,1999,0,0,0,0,0,0,0,0,0,0
170507,1,1,1999,7,7,7,7,7,7,7,7,7,7
170508,0,1,1999,4,4,4,4,4,4,4,4,4,4
170508,1,1,1999,0,0,0,0,0,0,0,0,0,0
170509,1,1,1999,0,0,0,0,0,0,0,0,0,0
170509,2,1,1999,0,0,0,0,0,0,0,0,0,0
170509,3,1,1999,10,0,0,0,10,0,0,0,7,0
170509,4,1,1999,0,0,0,0,0,0,0,0,28,0
170510,1,1,1999,0,0,0,0,0,0,0,0,0,0
170510,2,1,1999,0,0,0,0,0,0,0,0,0,0
170511,0,1,1999,10,10,10,10,10,10,10,10,10,10
170511,1,1,1999,7,7,7,7,7,7,7,7,7,7
170512,1,1,1999,0,0,0,0,0,0,0,0,0,0
170512,2,1,1999,0,0,0,0,0,0,0,0,0,0
170513,1,1,1999,0,0,0,0,0,0,0,0,0,0
170513,2,1,1999,0,0,0,0,0,0,0,0,0,0
170514,1,1,1999,0,0,0,0,0,0,0,0,0,0
170515,1,1,1999,0,0,0,0,0,0,0,0,0,0
170515,2,1,1999,0,0,0,0,0,0,0,0,0,0
170516,1,1,1999,0,0,0,0,0,0,0,0,0,0
170516,2,1,1999,0,0,0,0,0,0,0,0,0,0
170516,3,1,1999,0,0,0,0,0,0,0,0,0,0
170517,1,1,1999,0,0,0,0,0,0,0,0,0,24
170517,2,1,1999,0,0,0,0,0,0,0,0,0,0
170518,1,1,1999,0,0,0,0,0,0,0,0,0,0
170518,2,1,1999,0,0,0,0,0,0,0,0,0,0
170519,1,1,1999,11,11,11,11,11,11,11,11,11,11
170519,2,1,1999,0,0,0,0,0,0,0,0,0,0
170520,1,1,1999,0,0,0,0,0,0,0,0,0,0
170520,2,1,1999,0,0,0,0,0,0,0,0,0,0
170521,1,1,1999,0,0,0,0,0,0,0,0,0,0
170522,1,1,1999,14,12,23,0,0,12,0,0,0,0
170523,1,1,1999,34,11,37,20,22,15,7,0,13,3
170524,1,1,1999,10,10,10,10,10,10,10,10,10,10
170524,2,1,1999,0,0,0,0,0,0,0,0,0,0
170525,1,1,1999,2,2,2,2,2,2,2,2,2,2
170526,1,1,1999,0,0,0,0,0,0,0,0,0,0
170526,2,1,1999,0,0,0,0,0,0,0,0,0,0
170527,1,1,1999,0,0,0,0,0,0,0,0,0,0
170528,0,1,1999,0,0,0,0,0,0,0,0,0,0
170528,1,1,1999,0,0,0,0,0,0,0,0,0,0
170530,1,1,1999,0,0,0,0,0,0,0,0,0,0
170530,2,1,1999,0,0,0,0,0,0,0,0,0,0
170530,3,1,1999,0,0,0,0,0,0,0,0,0,0
170531,1,1,1999,0,0,0,0,0,0,0,0,0,0
170531,2,1,1999,0,0,0,0,0,0,0,0,0,0
170532,1,1,1999,0,0,0,0,0,0,0,0,0,0
170532,2,1,1999,0,0,0,0,0,0,0,0,0,0
170532,3,1,1999,20,15,0,21,0,0,0,0,0,0
170532,4,1,1999,0,0,0,0,0,0,0,0,0,0
170533,1,1,1999,0,0,0,0,0,0,0,0,0,0
170533,2,1,1999,0,0,0,0,0,0,0,0,0,0
170533,3,1,1999,0,0,0,0,4,0,0,0,0,0
170534,1,1,1999,21,21,21,21,21,21,21,21,21,21
170535,1,1,1999,0,0,0,0,0,0,0,0,0,0
170536,0,1,1999,22,22,22,22,22,22,22,22,22,22
170536,1,1,1999,10,17,0,0,0,0,0,0,0,0
170537,1,1,1999,0,0,0,0,0,0,0,0,0,0
170537,2,1,1999,0,0,0,0,0,0,0,0,0,0
170538,1,1,1999,6,6,6,6,6,6,6,6,6,6
170539,1,1,1999,22,22,22,22,22,22,22,22,22,22
170540,1,1,1999,29,29,29,29,29,29,29,29,29,29
170542,0,1,1999,0,0,0,0,15,0,0,0,0,0
170542,1,1,1999,0,0,0,0,0,0,0,0,0,0
170543,0,1,1999,0,0,0,0,0,0,0,0,0,0
170543,1,1,1999,0,0,0,0,0,0,0,0,0,0
170544,0,1,1999,0,0,0,0,0,0,0,0,0,0
170544,1,1,1999,0,0,0,0,0,0,0,0,0,0
170545,1,1,1999,0,0,0,0,0,0,0,0,0,0
170545,2,1,1999,0,0,0,0,0,0,0,0,0,0
170546,1,1,1999,23,23,23,23,23,23,23,23,23,23
170547,1,1,1999,2,2,2,2,2,2,2,2,2,2
170547,2,1,1999,0,0,0,0,0,0,0,0,0,0
170548,1,1,1999,0,0,0,0,0,0,0,0,0,0
170549,0,1,1999,0,0,0,0,0,0,0,0,0,0
170549,1,1,1999,0,0,0,0,0,0,0,0,0,0
170550,1,1,1999,6,6,6,6,6,6,6,6,6,6
170551,1,1,1999,22,22,22,22,22,22,22,22,22,22
170551,2,1,1999,0,0,0,0,0,0,0,0,0,0
170552,1,1,1999,0,0,0,0,0,0,0,0,0,0
170552,2,1,1999,0,0,0,0,0,0,0,0,0,0
170553,1,1,1999,0,11,0,0,0,0,5,0,15,0
170553,2,1,1999,1,1,1,1,1,1,1,1,1,1
170554,1,1,1999,3,3,3,3,3,3,3,3,3,3
170555,1,1,1999,0,0,0,8,0,0,0,0,0,0
170555,2,1,1999,0,0,0,0,0,0,0,0,0,10
170555,3,1,1999,0,0,0,25,0,0,0,0,0,0
170556,1,1,1999,0,0,0,0,0,0,0,0,0,0
170557,1,1,1999,0,0,0,0,0,0,0,0,0,0
170557,2,1,1999,0,0,0,0,0,0,0,0,0,0
170557,3,1,1999,0,0,0,0,0,0,0,0,0,0
170558,1,1,1999,13,13,13,13,13,13,13,13,13,13
170559,1,1,1999,30,30,30,30,30,30,30,30,30,30
170560,1,1,1999,0,0,0,0,0,0,0,0,0,0
170560,2,1,1999,0,0,0,0,0,0,0,0,0,0
170561,1,1,1999,0,0,0,0,0,0,0,0,0,0
170561,2,1,1999,0,0,0,0,0,0,0,0,0,0
170562,1,1,1999,0,0,0,0,0,0,0,0,0,0
170562,2,1,1999,9,0,0,12,0,0,0,18,0,0
170563,0,1,1999,0,0,0,0,0,0,0,0,0,0
170563,1,1,1999,0,0,0,0,0,0,0,0,0,0
170564,1,1,1999,14,14,14,14,14,14,14,14,14,14
170565,1,1,1999,11,11,11,11,11,11,11,11,11,11
170566,1,1,1999,25,25,25,25,25,25,25,25,25,25
170566,2,1,1999,0,0,0,0,0,0,0,0,0,0
170566,3,1,1999,0,0,0,0,0,0,0,0,0,0
170567,1,1,1999,0,0,0,0,0,0,0,0,0,0
170568,1,1,1999,25,25,25,25,25,25,25,25,25,25
170569,0,1,1999,0,0,0,0,0,0,0,0,0,0
170569,1,1,1999,15,15,15,15,15,15,15,15,15,15
170570,0,1,1999,0,0,0,0,0,0,0,0,0,0
170570,1,1,1999,0,0,0,0,0,0,0,0,0,22
170571,0,1,1999,0,0,0,0,0,0,0,0,0,0
170571,1,1,1999,0,0,0,0,0,0,0,0,0,0
170572,1,1,1999,0,0,0,0,0,0,0,0,0,0
170572,2,1,1999,0,0,0,0,0,0,0,0,0,0
170573,1,1,1999,16,16,16,16,16,16,16,16,16,16
170574,1,1,1999,24,24,24,24,24,24,24,24,24,24
170575,1,1,1999,0,18,0,9,0,0,0,0,0,0
170575,2,1,1999,17,13,0,13,0,0,21,0,0,0
170576,1,1,1999,14,14,14,14,14,14,14,14,14,14
170577,1,1,1999,0,16,17,16,32,14,16,25,24,16
170577,2,1,1999,14,3,0,0,7,0,15,0,0,0
170578,1,1,1999,1,1,1,1,1,1,1,1,1,1
170578,2,1,1999,0,0,0,0,0,0,0,0,0,0
170579,0,1,1999,0,0,0,0,0,0,0,0,0,0
170579,1,1,1999,0,0,0,0,0,0,0,0,0,0
170580,1,1,1999,0,0,0,0,0,0,0,0,0,0
170581,1,1,1999,14,14,14,14,14,14,14,14,14,14
170582,0,1,1999,0,0,0,0,0,0,0,0,0,0
170582,1,1,1999,0,0,0,0,0,0,0,0,13,0
170583,1,1,1999,0,0,0,0,0,0,0,0,0,0
170584,1,1,1999,0,0,0,0,0,0,0,0,0,0
170584,2,1,1999,0,0,0,0,0,0,0,0,0,0
170585,1,1,1999,0,0,0,0,0,0,0,0,0,0
170585,2,1,1999,0,0,0,0,0,0,0,0,0,0
170586,0,1,1999,0,0,0,0,0,0,0,0,0,0
170586,1,1,1999,18,18,18,18,18,18,18,18,18,18
170587,0,1,1999,0,0,0,0,0,0,0,0,0,0
170587,1,1,1999,0,0,0,0,0,0,0,0,0,0
170588,1,1,1999,8,8,8,8,8,8,8,8,8,8
170589,1,1,1999,14,14,14,14,14,14,14,14,14,14
170589,2,1,1999,0,0,0,0,0,0,0,0,0,0
170590,1,1,1999,0,0,0,0,0,0,0,0,0,0