ST_CASE,VEH_NO,PER_NO,YEAR,P1,P2,P3,P4,P5,P6,P7,P8,P9,P10
170590,2,1,1999,0,0,0,0,0,0,0,0,0,0
170590,3,1,1999,0,0,0,0,0,0,0,0,0,0
170591,1,1,1999,0,0,0,0,0,0,0,0,0,0
170592,1,1,1999,0,0,0,0,0,0,0,0,0,0
170592,2,1,1999,0,0,0,0,0,0,0,0,0,0
170592,3,1,1999,0,0,0,0,0,0,0,0,0,0
170593,1,1,1999,0,0,0,0,0,0,0,0,0,0
170593,2,1,1999,0,0,0,0,0,0,0,0,0,0
170594,1,1,1999,7,7,7,7,7,7,7,7,7,7
170595,1,1,1999,10,10,10,10,10,10,10,10,10,10
170596,1,1,1999,0,0,0,0,0,0,0,0,0,0
170596,2,1,1999,0,0,0,0,4,0,0,0,8,0
170597,1,1,1999,0,0,0,0,0,0,0,0,0,0
170598,1,1,1999,16,16,16,16,16,16,16,16,16,16
170598,2,1,1999,0,0,0,0,0,0,0,0,0,0
170598,3,1,1999,0,0,0,0,0,0,11,0,0,0
170599,1,1,1999,0,0,0,0,0,0,0,0,0,0
170600,1,1,1999,12,12,12,12,12,12,12,12,12,12
170600,2,1,1999,0,0,0,0,0,0,0,5,0,0
170601,1,1,1999,12,12,12,12,12,12,12,12,12,12
170602,0,1,1999,1,1,1,1,1,1,1,1,1,1
170602,1,1,1999,20,20,20,20,20,20,20,20,20,20
170603,1,1,1999,2,2,2,2,2,2,2,2,2,2
170604,1,1,1999,21,21,21,21,21,21,21,21,21,21
170605,1,1,1999,0,0,0,0,0,0,0,0,0,0
170606,1,1,1999,0,0,0,0,0,0,0,0,0,0
170606,2,1,1999,0,0,0,0,0,0,0,0,0,0
170607,0,1,1999,0,35,0,0,0,0,20,0,33,0
170607,0,2,1999,0,0,0,0,0,0,0,0,0,0
170607,1,1,1999,0,0,0,0,0,0,0,0,0,0
170607,2,1,1999,0,0,0,0,0,0,0,0,0,0
170608,1,1,1999,13,13,13,13,13,13,13,13,13,13
170608,2,1,1999,0,0,0,0,0,0,0,0,0,0
170609,1,1,1999,0,0,0,0,0,0,0,0,0,0
170610,1,1,1999,0,0,0,0,0,0,0,0,0,0
170610,2,1,1999,0,0,0,0,0,0,0,0,0,0
170611,1,1,1999,6,6,6,6,6,6,6,6,6,6
170611,2,1,1999,0,0,0,0,0,0,0,0,0,0
170612,1,1,1999,2,2,2,2,2,2,2,2,2,2
170613,1,1,1999,11,9,0,0,0,17,24,0,0,19
170614,1,1,1999,0,0,0,0,0,0,0,0,0,0
170614,2,1,1999,0,0,0,0,0,0,0,0,0,0
170615,1,1,1999,0,0,0,0,0,0,0,0,0,0
170616,1,1,1999,0,0,0,0,0,0,0,0,0,0
170616,2,1,1999,0,0,0,0,0,0,0,0,0,0
170617,1,1,1999,12,12,12,12,12,12,12,12,12,12
170618,1,1,1999,0,0,0,0,0,0,0,0,0,0
170618,2,1,1999,0,0,0,0,0,0,0,0,0,0
170619,0,1,1999,0,0,0,0,0,0,0,0,0,0
170619,1,1,1999,0,0,0,0,0,0,0,0,0,0
170621,0,1,1999,20,20,20,20,20,20,20,20,20,20
170621,1,1,1999,0,0,0,0,0,0,0,0,0,0
170622,1,1,1999,0,0,0,0,0,0,0,22,0,0
170622,2,1,1999,0,0,0,0,0,0,0,0,0,0
170623,1,1,1999,0,0,0,0,0,0,0,0,0,0
170623,2,1,1999,0,0,6,0,0,0,22,8,0,0
170624,1,1,1999,0,0,0,0,0,0,0,0,0,0
170625,1,1,1999,0,0,0,0,0,0,0,0,0,0
170625,2,1,1999,0,0,0,0,0,0,0,0,0,0
170626,1,1,1999,0,0,0,0,0,0,0,0,0,0
170626,2,1,1999,0,0,0,0,0,0,0,0,0,0
170627,1,1,1999,0,0,0,0,0,0,0,0,0,0
170627,2,1,1999,0,0,0,0,0,0,0,0,0,0
170628,1,1,1999,0,0,0,0,0,0,0,0,0,0
170628,2,1,1999,0,0,0,0,0,0,0,0,0,0
170629,0,1,1999,6,6,6,6,6,6,6,6,6,6
170629,1,1,1999,0,0,0,0,0,0,0,0,0,0
170630,1,1,1999,0,0,0,0,0,0,0,0,0,0
170631,1,1,1999,0,0,0,0,0,0,0,0,0,0
170632,1,1,1999,31,31,31,31,31,31,31,31,31,31
170633,1,1,1999,3,3,3,3,3,3,3,3,3,3
170634,0,1,1999,0,0,0,0,0,0,0,0,0,0
170634,1,1,1999,0,8,0,0,0,0,0,0,0,0
170635,0,1,1999,0,0,0,0,0,0,0,0,0,0
170635,1,1,1999,6,0,6,0,0,0,0,0,0,0
170635,2,1,1999,0,0,0,0,0,0,0,0,0,0
170636,0,1,1999,14,14,14,14,14,14,14,14,14,14
170636,1,1,1999,7,7,7,7,7,7,7,7,7,7
170637,1,1,1999,0,0,0,0,0,0,0,0,0,0
170638,1,1,1999,0,0,0,0,0,0,0,0,0,0
170638,2,1,1999,0,0,0,0,0,0,0,0,0,0
170639,1,1,1999,0,0,0,0,0,0,0,0,0,0
170639,2,1,1999,0,0,0,0,0,0,0,0,0,0
170640,0,1,1999,0,0,0,0,0,0,0,0,0,0
170640,1,1,1999,0,0,0,0,0,0,0,0,0,0
170641,0,1,1999,6,6,6,6,6,6,6,6,6,6
170641,1,1,1999,0,2,0,0,0,0,0,0,0,0
170642,0,1,1999,0,0,0,0,0,0,0,0,0,0
170642,1,1,1999,0,0,0,0,0,0,0,0,0,0
170643,1,1,1999,0,0,0,0,0,0,0,0,0,14
170644,1,1,1999,0,0,0,0,0,0,0,0,0,0
170644,2,1,1999,0,0,0,0,0,0,0,13,0,0
170645,1,1,1999,17,17,17,17,17,17,17,17,17,17
170645,2,1,1999,0,0,0,0,10,0,16,0,0,0
170645,3,1,1999,0,0,0,0,0,0,0,0,0,0
170646,1,1,1999,0,0,0,0,0,0,0,0,0,0
170646,2,1,1999,0,0,0,0,0,0,0,0,0,0
170646,3,1,1999,0,0,0,0,0,0,0,0,0,0
170647,1,1,1999,0,0,0,0,0,0,0,0,0,0
170647,2,1,1999,0,0,0,0,0,0,0,0,0,0
170648,1,1,1999,0,0,0,0,0,0,0,0,0,0
170649,1,1,1999,0,0,0,0,0,0,0,0,0,0
170650,1,1,1999,20,20,20,20,20,20,20,20,20,20
170651,1,1,1999,0,0,0,0,0,0,0,0,0,0
170651,2,1,1999,0,0,0,0,0,5,0,0,0,0
170652,1,1,1999,0,0,0,0,0,0,0,0,0,0
170653,1,1,1999,0,0,0,0,0,0,0,0,0,0
170653,2,1,1999,0,0,0,0,0,0,0,0,0,0
170654,1,1,1999,2,2,2,2,2,2,2,2,2,2
170655,1,1,1999,0,0,0,0,0,0,0,0,0,0
170655,2,1,1999,0,4,0,0,0,0,0,0,0,0
170656,1,1,1999,16,16,16,16,16,16,16,16,16,16
170657,1,1,1999,0,0,0,0,0,0,0,0,0,0
170658,1,1,1999,0,0,0,0,0,0,0,0,0,0
170658,2,1,1999,0,0,0,0,0,0,0,0,0,0
170658,3,1,1999,0,10,0,0,0,0,0,0,0,0
170659,1,1,1999,0,0,0,0,0,0,0,0,0,0
170660,1,1,1999,19,19,19,19,19,19,19,19,19,19
170661,1,1,1999,0,0,0,0,0,0,0,0,0,0
170662,1,1,1999,24,24,24,24,24,24,24,24,24,24
170663,1,1,1999,0,0,0,0,0,0,0,0,0,0
170663,2,1,1999,0,0,0,0,0,0,0,0,0,0
170664,0,1,1999,0,0,0,0,0,0,0,0,0,0
170664,1,1,1999,0,0,0,0,0,12,0,0,0,0
170665,1,1,1999,0,0,0,0,0,0,0,0,0,0
170665,2,1,1999,0,0,0,0,0,0,0,0,0,0
170666,1,1,1999,0,0,0,0,0,0,0,0,0,0
170666,2,1,1999,0,0,0,0,0,0,0,0,0,0
170667,1,1,1999,23,0,13,0,15,9,18,0,0,15
170668,1,1,1999,0,0,0,0,0,0,0,0,0,0
170668,2,1,1999,0,0,0,0,0,0,0,0,0,0
170669,1,1,1999,0,0,0,0,0,0,0,0,0,0
170669,2,1,1999,0,0,0,0,0,0,0,0,0,0
170670,1,1,1999,13,13,13,13,13,13,13,13,13,13
170670,2,1,1999,0,0,0,0,0,0,0,0,0,0
170671,1,1,1999,5,5,5,5,5,5,5,5,5,5
170671,2,1,1999,0,0,0,0,0,0,0,0,0,0
170672,0,1,1999,18,18,18,18,18,18,18,18,18,18
170672,1,1,1999,0,10,0,0,0,0,0,3,0,0
170673,1,1,1999,17,17,17,17,17,17,17,17,17,17
170674,1,1,1999,6,6,6,6,6,6,6,6,6,6
170675,1,1,1999,12,12,12,12,12,12,12,12,12,12
170676,1,1,1999,24,24,24,24,24,24,24,24,24,24
170676,2,1,1999,0,0,0,12,0,0,0,0,0,0
170677,1,1,1999,16,16,16,16,16,16,16,16,16,16
170678,0,1,1999,0,0,0,0,0,0,0,0,0,0
170678,1,1,1999,0,0,0,0,0,0,0,0,0,0
170679,1,1,1999,0,0,0,0,0,0,0,0,0,0
170679,2,1,1999,0,0,0,0,0,0,0,0,0,0
170679,3,1,1999,0,0,0,0,0,0,0,0,0,0
170679,4,1,1999,0,0,0,0,0,0,0,0,0,0
170680,1,1,1999,19,19,19,19,19,19,19,19,19,19
170680,2,1,1999,0,0,0,0,0,0,0,0,0,0
170681,1,1,1999,26,26,26,26,26,26,26,26,26,26
170682,0,1,1999,0,0,0,0,0,0,0,0,0,26
170682,1,1,1999,0,0,0,0,0,0,0,0,0,0
170683,0,1,1999,10,10,10,10,10,10,10,10,10,10
170683,1,1,1999,0,0,0,0,0,0,0,0,0,0
170684,0,1,1999,0,0,0,0,0,0,0,0,0,0
170684,1,1,1999,5,5,5,5,5,5,5,5,5,5
170685,0,1,1999,29,29,29,29,29,29,29,29,29,29
170685,1,1,1999,14,14,14,14,14,14,14,14,14,14
170686,1,1,1999,0,0,0,0,0,0,0,0,0,0
170686,2,1,1999,0,0,0,0,0,0,0,0,0,0
170687,0,1,1999,0,0,0,0,0,0,0,0,0,0
170687,1,1,1999,0,0,0,0,0,0,12,9,0,0
170688,0,1,1999,1,1,1,1,1,1,1,1,1,1
170688,0,2,1999,0,0,0,0,0,0,0,0,0,0
170688,0,3,1999,0,0,0,0,0,0,0,0,0,0
170688,1,1,1999,0,0,0,0,0,0,0,0,0,0
170689,1,1,1999,18,18,18,18,18,18,18,18,18,18
170689,2,1,1999,0,0,0,0,0,0,0,0,0,0
170690,0,1,1999,22,25,0,33,6,30,21,33,21,0
170690,0,2,1999,0,0,35,0,20,0,5,2,0,32
170690,1,1,1999,0,0,0,0,0,0,0,0,0,0
170690,2,1,1999,0,0,0,0,0,0,0,0,0,0
170691,1,1,1999,0,0,0,0,0,0,0,0,0,0
170691,2,1,1999,0,0,0,0,0,0,0,0,0,0
170692,0,1,1999,0,0,0,0,0,0,0,0,0,0
170692,1,1,1999,0,0,0,0,0,0,0,0,0,0
170692,2,1,1999,0,0,0,0,0,0,0,0,0,0
170693,1,1,1999,14,14,14,14,14,14,14,14,14,14
170694,1,1,1999,0,0,0,0,0,0,0,0,0,0
170694,2,1,1999,0,0,0,0,0,0,0,0,0,0
170695,1,1,1999,15,15,15,15,15,15,15,15,15,15
170696,1,1,1999,13,13,13,13,13,13,13,13,13,13
170696,2,1,1999,0,0,0,0,0,0,0,0,4,0
170697,1,1,1999,0,0,0,0,0,0,0,0,0,0
170697,2,1,1999,0,0,0,0,0,0,0,0,0,0
170698,1,1,1999,7,7,7,7,7,7,7,7,7,7
170699,1,1,1999,0,0,0,0,0,0,0,0,0,0
170699,2,1,1999,0,0,0,0,0,0,0,0,0,0
170700,0,1,1999,0,0,0,0,0,0,0,0,0,0
170700,1,1,1999,0,0,0,0,0,0,0,0,0,0
170701,1,1,1999,0,0,0,0,0,0,0,0,0,0
170702,1,1,1999,0,0,0,0,0,0,0,0,0,0
170702,2,1,1999,0,0,0,0,0,0,0,0,0,0
170703,1,1,1999,0,0,0,0,0,0,0,0,0,0
170703,2,1,1999,0,0,0,0,0,0,0,0,0,0
170704,1,1,1999,0,0,0,0,0,0,0,0,0,0
170704,2,1,1999,0,0,0,0,0,0,0,0,0,0
170705,0,1,1999,31,30,11,17,0,0,0,29,0,24
170705,1,1,1999,0,0,0,0,0,0,0,0,0,0
170706,1,1,1999,0,0,0,0,0,0,0,0,0,0
170707,0,1,1999,0,0,0,0,0,0,0,0,0,0
170707,1,1,1999,0,0,0,0,0,0,0,0,0,0
170708,1,1,1999,0,0,0,0,0,0,0,0,0,0
170708,2,1,1999,0,0,0,0,0,0,0,0,0,0
170709,1,1,1999,3,3,3,3,3,3,3,3,3,3
170709,2,1,1999,0,0,0,0,0,0,0,0,0,0
170710,1,1,1999,28,28,28,28,28,28,28,28,28,28
170710,2,1,1999,0,0,0,0,0,0,0,0,0,0
170711,1,1,1999,15,15,15,15,15,15,15,15,15,15
170712,1,1,1999,0,0,0,0,0,0,0,0,0,0
170712,2,1,1999,0,0,0,0,0,0,0,0,0,0
170713,1,1,1999,0,0,0,0,0,0,0,0,0,0
170713,2,1,1999,0,0,0,0,0,0,0,0,0,0
170714,1,1,1999,0,0,0,0,0,0,0,0,0,0
170714,2,1,1999,0,0,0,0,0,0,0,0,0,0
170715,1,1,1999,6,6,6,6,6,6,6,6,6,6
170715,2,1,1999,0,0,0,0,0,0,0,0,0,0
170715,3,1,1999,0,0,0,0,0,0,0,0,4,0
170716,1,1,1999,9,9,9,9,9,9,9,9,9,9
170717,1,1,1999,0,0,0,0,0,0,0,0,0,0
170717,2,1,1999,0,13,0,0,0,0,0,0,0,0
170718,1,1,1999,14,14,14,14,14,14,14,14,14,14
170719,1,1,1999,0,0,0,0,0,0,0,0,0,0
170719,2,1,1999,0,0,0,0,0,0,0,0,0,0
170720,1,1,1999,16,16,16,16,16,16,16,16,16,16
170721,1,1,1999,0,0,0,0,0,0,0,0,0,0
170722,1,1,1999,0,0,0,0,6,2,16,9,0,14
170723,1,1,1999,0,0,0,0,0,0,0,0,0,0
170724,1,1,1999,17,17,17,17,17,17,17,17,17,17
170725,1,1,1999,0,0,0,0,0,0,0,0,0,0
170726,1,1,1999,0,14,20,23,9,1,12,7,0,10
170727,1,1,1999,0,0,0,0,0,0,0,0,0,0
170727,2,1,1999,0,0,0,0,0,0,42,6,0,0
170727,3,1,1999,0,0,0,0,0,0,0,0,0,0
170728,1,1,1999,0,0,0,0,0,0,0,0,0,0
170728,2,1,1999,0,0,0,0,0,0,0,0,0,0
170729,1,1,1999,0,0,0,0,0,0,0,0,0,0
170729,2,1,1999,0,0,0,0,0,0,0,0,0,0
170729,3,1,1999,0,0,0,0,0,0,0,0,0,0
170730,1,1,1999,19,19,19,19,19,19,19,19,19,19
170731,1,1,1999,0,0,0,0,12,0,0,0,0,0
170731,2,1,1999,0,0,11,0,10,0,0,0,0,0
170732,1,1,1999,26,26,26,26,26,26,26,26,26,26
170732,2,1,1999,0,0,0,0,0,0,0,0,0,0
170733,1,1,1999,0,0,0,0,0,0,0,0,0,0
170733,2,1,1999,0,0,0,0,0,0,0,0,0,0
170734,1,1,1999,0,0,0,0,0,0,0,0,0,0
170734,2,1,1999,0,0,0,0,6,0,0,0,0,0
170735,1,1,1999,0,0,0,0,0,0,0,0,0,0
170735,2,1,1999,0,0,0,0,0,0,0,0,0,0
170736,1,1,1999,0,0,0,0,0,0,0,0,0,0
170736,2,1,1999,0,0,0,0,0,0,0,0,0,0
170736,3,1,1999,0,4,0,0,0,0,0,0,0,0
170737,1,1,1999,8,8,8,8,8,8,8,8,8,8
170737,2,1,1999,0,0,0,0,0,0,0,0,0,0
170738,1,1,1999,0,0,0,0,0,0,0,0,0,0
170738,2,1,1999,0,0,0,0,0,0,0,0,0,0
170739,1,1,1999,0,0,0,0,0,0,0,0,0,0
170739,2,1,1999,0,0,0,0,0,0,0,0,0,0
170740,0,1,1999,0,0,0,0,0,0,0,0,0,0
170740,1,1,1999,0,0,0,0,0,0,0,0,0,0
170741,1,1,1999,0,0,0,0,0,0,0,0,0,0
170742,1,1,1999,0,0,0,0,0,0,0,0,0,0
170743,1,1,1999,16,16,14,0,12,15,21,17,6,5
170743,2,1,1999,0,0,0,0,0,0,0,0,0,0
170744,1,1,1999,0,0,0,0,0,0,0,0,0,0
170745,1,1,1999,0,0,0,0,0,0,0,0,0,0
170746,1,1,1999,0,0,0,0,0,0,0,0,0,0
170746,2,1,1999,0,0,0,0,0,0,0,0,0,0
170748,1,1,1999,0,0,0,0,0,0,0,0,0,0
170748,2,1,1999,0,0,0,0,0,0,0,0,0,0
170749,1,1,1999,17,17,17,17,17,17,17,17,17,17
170750,1,1,1999,0,0,0,0,0,0,0,0,0,0
170750,2,1,1999,0,0,0,0,0,0,0,0,0,0
170751,1,1,1999,0,0,0,0,0,0,0,0,0,0
170752,0,1,1999,0,0,0,0,0,0,0,0,0,0
170752,1,1,1999,0,0,0,2,0,0,0,0,0,0
170753,1,1,1999,10,10,10,10,10,10,10,10,10,10
170753,2,1,1999,0,0,0,0,0,21,0,0,0,0
170754,1,1,1999,11,11,11,11,11,11,11,11,11,11
170755,0,1,1999,0,0,0,6,21,0,0,0,0,0
170755,1,1,1999,0,0,0,0,0,0,0,0,0,0
170756,0,1,1999,0,0,0,0,0,0,0,0,0,0
170756,1,1,1999,0,0,0,0,0,0,0,0,0,0
170757,0,1,1999,0,0,0,0,0,0,0,0,0,0
170757,0,2,1999,8,8,8,8,8,8,8,8,8,8
170757,1,1,1999,22,22,22,22,22,22,22,22,22,22
170758,1,1,1999,0,0,0,0,0,0,0,0,0,0
170759,0,1,1999,0,0,0,0,0,0,0,0,0,0
170759,1,1,1999,0,0,0,0,0,0,0,0,0,0
170760,1,1,1999,0,0,0,0,0,0,0,0,0,0
170760,2,1,1999,0,0,0,0,0,0,0,0,0,0
170761,1,1,1999,0,0,0,0,0,0,0,0,0,0
170761,2,1,1999,0,0,0,0,0,0,0,0,0,0
170762,1,1,1999,15,15,15,15,15,15,15,15,15,15
170763,1,1,1999,0,0,0,0,0,0,0,0,0,0
170764,1,1,1999,0,0,0,0,0,0,0,0,0,0
170765,1,1,1999,0,0,0,0,0,0,0,0,0,0
170765,2,1,1999,0,0,0,9,0,0,0,0,0,0
170766,1,1,1999,0,0,0,0,0,0,0,0,0,0
170766,2,1,1999,0,0,0,0,0,0,0,0,0,0
170767,1,1,1999,0,0,0,0,0,0,0,0,0,0
170767,2,1,1999,0,0,0,0,0,0,0,0,0,0
170768,1,1,1999,0,0,0,0,0,0,0,0,0,0
170769,1,1,1999,24,24,24,24,24,24,24,24,24,24
170770,1,1,1999,15,13,0,0,0,15,0,0,9,0
170770,2,1,1999,0,0,0,19,0,0,34,0,0,0
170771,0,1,1999,0,0,0,0,0,0,0,0,0,0
170771,0,2,1999,0,0,0,0,17,23,0,0,15,0
170771,0,3,1999,0,0,0,0,0,0,0,0,0,0
170771,0,4,1999,0,0,0,0,0,0,0,0,0,0
170771,1,1,1999,0,0,0,0,0,0,0,0,0,0
170772,1,1,1999,20,20,20,20,20,20,20,20,20,20
170773,1,1,1999,19,19,19,19,19,19,19,19,19,19
170773,2,1,1999,0,0,0,0,0,0,0,0,0,0
170774,1,1,1999,11,11,11,11,11,11,11,11,11,11
170775,0,1,1999,22,22,22,22,22,22,22,22,22,22
170775,1,1,1999,0,0,0,0,0,0,0,0,0,0
170776,0,1,1999,25,25,25,25,25,25,25,25,25,25
170776,1,1,1999,0,0,0,0,0,0,0,0,0,0
170777,1,1,1999,0,0,0,0,0,0,0,0,0,0
170778,1,1,1999,8,0,0,17,0,0,0,0,0,19
170778,2,1,1999,0,0,0,0,0,0,0,0,0,0
170779,1,1,1999,0,0,0,0,0,0,0,0,0,0
170780,1,1,1999,0,0,0,0,0,0,0,0,0,0
170780,2,1,1999,0,0,0,0,0,0,0,0,0,0
170781,1,1,1999,20,20,20,20,20,20,20,20,20,20
170782,1,1,1999,21,13,0,0,0,0,0,0,0,0
170783,0,1,1999,0,0,0,0,0,0,0,0,0,0
170783,1,1,1999,0,0,0,0,0,0,0,0,0,0
170784,1,1,1999,0,0,0,0,0,0,0,0,0,0
170785,1,1,1999,0,0,0,0,0,0,0,0,0,0
170785,2,1,1999,0,0,0,0,0,0,0,0,0,0
170786,0,1,1999,0,0,0,0,0,0,0,0,0,0
170786,1,1,1999,0,0,0,0,0,0,0,0,0,0
170787,0,1,1999,0,0,0,0,0,0,0,0,0,0
170787,0,2,1999,0,0,0,26,0,0,0,0,0,23
170787,0,3,1999,0,0,0,0,0,0,0,0,19,0
170787,1,1,1999,0,14,21,26,0,26,17,34,13,22
170788,1,1,1999,0,0,0,0,0,0,0,0,0,0
170789,1,1,1999,5,5,5,5,5,5,5,5,5,5
170790,1,1,1999,0,0,0,0,0,0,0,0,0,0
170790,2,1,1999,0,0,0,0,0,0,0,0,0,0
170791,1,1,1999,0,0,0,0,0,0,0,0,0,0
170792,1,1,1999,0,0,0,0,0,0,0,0,0,0
170793,1,1,1999,23,23,23,23,23,23,23,23,23,23
170794,1,1,1999,28,28,28,28,28,28,28,28,28,28
170794,2,1,1999,0,0,0,0,0,0,0,0,0,0
170795,1,1,1999,0,0,0,0,0,0,0,0,0,0
170795,2,1,1999,0,0,0,0,0,0,0,0,0,0
170796,1,1,1999,0,0,0,0,0,0,0,0,0,0
170796,2,1,1999,0,0,0,0,0,0,0,0,0,0
170797,0,1,1999,7,7,7,7,7,7,7,7,7,7
170797,1,1,1999,0,0,0,0,0,0,0,0,0,0
170798,1,1,1999,12,12,12,12,12,12,12,12,12,12
170799,1,1,1999,12,12,12,12,12,12,12,12,12,12
170800,1,1,1999,0,0,0,0,0,0,0,0,0,0
170800,2,1,1999,0,0,0,0,0,0,0,0,0,0
170801,1,1,1999,0,0,0,0,0,0,0,0,0,0
170802,1,1,1999,0,0,0,0,0,0,0,0,0,0
170802,2,1,1999,0,0,0,0,0,0,0,0,0,23
170803,1,1,1999,0,0,0,0,0,0,0,0,0,0
170803,2,1,1999,26,27,0,0,0,0,13,9,20,0
170803,3,1,1999,0,0,0,0,0,0,0,0,0,0
170804,0,1,1999,0,0,0,0,0,0,0,0,0,0
170804,1,1,1999,7,0,0,0,0,0,13,9,0,0
170805,1,1,1999,0,0,0,0,0,0,0,0,0,0
170805,2,1,1999,0,0,0,0,0,0,0,0,0,0
170806,1,1,1999,0,0,0,0,0,0,0,0,0,0
170806,2,1,1999,0,0,0,0,0,0,0,0,0,0
170807,1,1,1999,0,0,0,0,0,0,0,0,0,0
170807,2,1,1999,0,0,0,0,0,0,0,0,0,0
170808,1,1,1999,0,0,0,0,0,0,0,0,0,0
170808,2,1,1999,0,0,0,0,0,0,0,0,0,0
170809,1,1,1999,0,0,0,0,0,13,0,5,0,6
170809,2,1,1999,0,0,0,0,0,0,0,0,0,0
170810,1,1,1999,0,0,0,0,0,0,0,0,0,0
170810,2,1,1999,0,0,0,0,0,0,0,0,0,0
170811,1,1,1999,0,0,0,18,0,0,0,0,6,11
170811,2,1,1999,0,0,0,0,0,0,0,0,0,0
170812,0,1,1999,0,0,0,0,0,0,0,0,0,0
170812,1,1,1999,0,0,0,0,0,0,0,0,0,0
170813,1,1,1999,26,26,26,26,26,26,26,26,26,26
170814,0,1,1999,0,0,0,0,0,0,0,0,0,0
170814,1,1,1999,0,0,0,0,0,0,0,0,0,0
170815,1,1,1999,0,0,0,0,8,0,3,0,0,0
170815,2,1,1999,0,0,0,0,0,0,7,0,5,0
170816,1,1,1999,0,0,0,0,0,0,0,0,0,0
170816,2,1,1999,0,0,14,0,0,0,0,0,0,0
170816,3,1,1999,0,0,0,0,0,0,0,0,0,0
170816,4,1,1999,0,0,0,0,0,0,0,0,0,0
170816,5,1,1999,0,0,0,0,0,0,0,0,0,0
170816,6,1,1999,0,0,0,0,0,0,0,0,0,0
170817,1,1,1999,0,0,0,0,0,0,0,0,0,0
170817,2,1,1999,0,0,0,0,0,0,0,0,0,0
170817,3,1,1999,0,0,0,0,0,0,0,0,0,0
170818,0,1,1999,0,0,0,0,0,0,0,0,0,0
170818,1,1,1999,0,0,0,0,0,0,0,0,0,0
170819,1,1,1999,0,0,0,0,0,0,0,0,0,0
170819,2,1,1999,0,0,0,0,0,0,0,0,0,0
170820,0,1,1999,19,19,19,19,19,19,19,19,19,19
170820,1,1,1999,0,0,0,0,0,0,0,0,0,0
170821,1,1,1999,0,0,0,0,0,6,0,0,0,0
170822,1,1,1999,9,13,12,12,3,18,0,20,12,0
170823,1,1,1999,4,4,4,4,4,4,4,4,4,4
170823,2,1,1999,0,0,0,11,0,0,0,0,0,0
170824,1,1,1999,0,0,0,0,0,0,0,0,0,0
170825,1,1,1999,0,0,0,0,0,0,0,0,0,0
170826,1,1,1999,0,0,0,0,0,0,0,0,0,0
170826,2,1,1999,3,3,3,3,3,3,3,3,3,3
170827,1,1,1999,0,0,0,0,0,0,0,0,0,0
170828,1,1,1999,15,15,15,15,15,15,15,15,15,15
170829,1,1,1999,25,25,25,25,25,25,25,25,25,25
170830,1,1,1999,0,0,0,0,0,0,0,0,0,0
170830,2,1,1999,0,0,0,0,0,0,0,0,0,0
170831,1,1,1999,12,12,12,12,12,12,12,12,12,12
170831,2,1,1999,0,0,0,0,0,0,0,0,0,0
170832,1,1,1999,27,27,27,27,27,27,27,27,27,27
170833,1,1,1999,34,34,34,34,34,34,34,34,34,34
170834,1,1,1999,0,0,0,0,0,0,0,0,0,0
170835,1,1,1999,12,12,12,12,12,12,12,12,12,12
170835,2,1,1999,0,0,0,0,0,30,0,0,0,0
170836,1,1,1999,0,0,0,0,0,0,0,0,0,0
170836,2,1,1999,0,0,0,0,0,0,0,0,0,0
170837,1,1,1999,0,0,0,0,0,0,0,0,0,0
170837,2,1,1999,0,0,0,0,0,0,0,0,0,0
170838,1,1,1999,6,6,6,6,6,6,6,6,6,6
170839,0,1,1999,8,8,8,8,8,8,8,8,8,8
170839,0,2,1999,12,12,12,12,12,12,12,12,12,12
170839,1,1,1999,11,0,0,0,18,0,0,0,0,0
170840,1,1,1999,0,17,0,0,0,11,0,13,0,0
170841,1,1,1999,28,28,28,28,28,28,28,28,28,28
170842,1,1,1999,0,0,0,0,0,0,0,0,0,0
170842,2,1,1999,0,0,0,0,0,0,0,0,0,0
170843,1,1,1999,0,0,0,0,0,0,0,0,0,0
170843,2,1,1999,0,0,0,0,0,0,0,0,0,0
170843,3,1,1999,0,0,0,0,0,0,0,10,0,0
170844,1,1,1999,3,3,3,3,3,3,3,3,3,3
170845,1,1,1999,0,0,0,0,0,0,0,0,0,0
170846,1,1,1999,11,11,11,11,11,11,11,11,11,11
170847,1,1,1999,13,13,13,13,13,13,13,13,13,13
170848,1,1,1999,0,0,0,0,0,0,0,0,0,0
170849,1,1,1999,22,22,22,22,22,22,22,22,22,22
170850,0,1,1999,0,0,0,0,0,0,0,0,0,0
170850,1,1,1999,8,0,0,18,4,0,4,0,4,0
170851,1,1,1999,39,39,39,39,39,39,39,39,39,39
170852,1,1,1999,14,14,14,14,14,14,14,14,14,14
170853,1,1,1999,2,2,2,2,2,2,2,2,2,2
170855,1,1,1999,0,0,0,0,0,0,0,0,0,0
170856,1,1,1999,10,10,10,10,10,10,10,10,10,10
170857,1,1,1999,0,0,0,0,0,0,0,0,0,0
170858,1,1,1999,0,0,0,0,0,0,0,0,0,0
170858,2,1,1999,0,0,0,0,0,0,0,0,0,0
170859,0,1,1999,0,0,0,0,0,0,0,0,0,0
170859,1,1,1999,0,0,0,0,0,0,0,0,0,0
170860,1,1,1999,0,0,0,0,0,0,0,0,0,0
170861,1,1,1999,25,25,25,25,25,25,25,25,25,25
170862,0,1,1999,23,21,31,17,17,31,17,20,48,41
170862,1,1,1999,0,0,0,0,0,0,0,0,0,0
170863,1,1,1999,2,2,2,2,2,2,2,2,2,2
170863,2,1,1999,0,0,0,0,0,0,0,0,0,0