ST_CASE,VEH_NO,PER_NO,YEAR,P1,P2,P3,P4,P5,P6,P7,P8,P9,P10
170864,1,1,1999,0,0,0,0,0,0,0,0,0,0
170864,2,1,1999,0,0,0,0,0,0,0,0,0,0
170865,0,1,1999,0,0,0,0,0,0,0,0,0,0
170865,1,1,1999,0,0,0,0,0,0,0,0,0,0
170866,1,1,1999,0,0,0,0,0,0,0,0,0,0
170866,2,1,1999,0,0,0,0,0,0,0,0,0,0
170867,1,1,1999,10,9,14,0,6,15,10,9,0,11
170867,2,1,1999,0,0,0,0,0,0,0,0,0,0
170868,1,1,1999,0,0,0,0,0,0,0,0,0,0
170868,2,1,1999,0,0,0,0,0,0,0,0,0,0
170869,1,1,1999,0,0,0,0,0,0,0,0,0,0
170869,2,1,1999,0,0,0,0,0,0,0,0,0,0
170870,1,1,1999,0,0,0,0,0,0,0,0,0,0
170871,1,1,1999,22,22,22,22,22,22,22,22,22,22
170872,1,1,1999,16,16,16,16,16,16,16,16,16,16
170872,2,1,1999,0,0,0,0,0,0,0,0,0,0
170873,0,1,1999,14,14,14,14,14,14,14,14,14,14
170873,1,1,1999,0,0,0,0,0,0,0,0,0,0
170874,1,1,1999,0,0,0,0,0,0,0,0,0,0
170874,2,1,1999,0,0,0,0,0,0,0,0,0,0
170875,1,1,1999,0,0,0,0,0,0,0,0,0,0
170875,2,1,1999,0,0,0,0,0,0,0,0,0,0
170876,1,1,1999,0,0,0,0,0,0,0,0,0,0
170876,2,1,1999,0,0,0,0,0,0,0,0,0,0
170876,3,1,1999,0,0,0,0,0,0,0,0,0,0
170876,4,1,1999,0,0,0,0,0,0,0,0,0,0
170876,5,1,1999,0,0,0,0,0,0,0,0,0,0
170877,1,1,1999,14,14,14,14,14,14,14,14,14,14
170878,1,1,1999,24,24,24,24,24,24,24,24,24,24
170879,0,1,1999,15,15,15,15,15,15,15,15,15,15
170879,1,1,1999,0,0,0,0,0,0,0,0,0,0
170880,1,1,1999,9,9,9,9,9,9,9,9,9,9
170880,2,1,1999,0,0,0,0,0,0,0,0,0,0
170880,3,1,1999,0,0,0,0,0,0,0,0,0,0
170881,1,1,1999,0,0,0,0,0,0,0,0,0,0
170881,2,1,1999,0,0,0,0,0,0,0,0,0,0
170882,1,1,1999,20,20,20,20,20,20,20,20,20,20
170883,1,1,1999,6,17,15,11,11,15,26,0,0,0
170884,1,1,1999,4,4,4,4,4,4,4,4,4,4
170885,1,1,1999,0,0,0,0,0,0,0,0,0,0
170885,2,1,1999,0,0,0,0,0,0,0,0,0,0
170885,3,1,1999,0,0,0,0,0,0,0,0,0,0
170886,0,1,1999,0,15,16,0,11,0,17,14,25,30
170886,1,1,1999,0,0,0,0,0,0,0,5,0,0
170887,1,1,1999,4,4,4,4,4,4,4,4,4,4
170887,2,1,1999,4,0,8,0,0,0,0,0,0,0
170888,1,1,1999,0,0,0,0,0,0,0,0,0,0
170888,2,1,1999,6,0,0,0,0,0,0,0,0,0
170889,1,1,1999,0,0,0,0,0,0,0,0,0,0
170889,2,1,1999,0,0,12,0,0,0,0,0,0,0
170890,1,1,1999,0,0,0,0,0,0,0,0,0,0
170890,2,1,1999,0,0,0,0,0,0,0,0,0,0
170890,3,1,1999,0,0,0,0,0,0,0,0,0,0
170891,1,1,1999,0,0,0,0,0,0,0,0,0,0
170891,2,1,1999,0,0,0,0,0,0,0,0,0,0
170892,0,1,1999,0,0,0,0,0,0,0,0,0,0
170892,1,1,1999,0,0,0,0,0,0,0,20,0,0
170893,1,1,1999,22,22,22,22,22,22,22,22,22,22
170894,1,1,1999,0,0,0,0,0,0,0,0,0,0
170894,2,1,1999,0,0,0,0,0,0,0,0,0,0
170895,1,1,1999,2,2,2,2,2,2,2,2,2,2
170895,2,1,1999,0,0,0,0,0,0,0,0,19,0
170896,1,1,1999,0,0,0,0,0,0,0,0,0,0
170896,2,1,1999,0,0,0,0,0,0,0,0,0,0
170897,1,1,1999,0,0,0,0,0,0,0,0,0,0
170897,2,1,1999,0,0,0,0,0,0,0,0,0,0
170898,0,1,1999,0,0,0,0,0,0,0,0,0,0
170898,1,1,1999,0,0,0,0,0,0,0,0,8,0
170899,1,1,1999,0,0,0,0,0,0,0,0,0,0
170899,2,1,1999,0,0,0,0,0,0,0,0,0,0
170900,1,1,1999,20,20,20,20,20,20,20,20,20,20
170901,0,1,1999,18,18,18,18,18,18,18,18,18,18
170901,1,1,1999,8,0,0,14,0,3,0,0,0,0
170902,1,1,1999,11,11,11,11,11,11,11,11,11,11
170903,1,1,1999,0,0,0,0,0,0,0,0,0,0
170903,2,1,1999,0,0,0,0,0,0,0,0,0,0
170903,3,1,1999,0,0,0,0,0,0,0,0,0,0
170903,4,1,1999,0,0,0,0,0,0,0,0,0,0
170904,1,1,1999,29,29,29,29,29,29,29,29,29,29
170905,1,1,1999,0,0,0,0,0,0,0,0,0,0
170906,1,1,1999,9,9,9,9,9,9,9,9,9,9
170907,0,1,1999,0,0,0,0,0,0,0,0,0,0
170907,1,1,1999,0,0,0,0,0,0,0,0,0,6
170908,1,1,1999,9,9,9,9,9,9,9,9,9,9
170909,1,1,1999,0,0,0,0,0,0,0,0,0,0
170909,2,1,1999,0,0,0,0,0,0,0,0,0,0
170910,1,1,1999,0,0,0,0,0,0,0,0,0,0
170910,2,1,1999,0,0,0,0,13,0,0,0,0,0
170911,1,1,1999,0,0,0,0,0,0,0,0,0,0
170911,2,1,1999,0,0,0,0,0,0,0,0,0,0
170912,1,1,1999,0,0,0,0,0,0,0,0,0,0
170912,2,1,1999,0,0,0,0,0,0,0,0,0,0
170913,1,1,1999,25,25,25,25,25,25,25,25,25,25
170914,1,1,1999,0,0,0,0,0,0,0,0,9,0
170914,2,1,1999,0,0,0,0,0,0,0,0,0,0
170915,1,1,1999,11,11,11,11,11,11,11,11,11,11
170915,2,1,1999,0,0,0,0,0,0,0,0,0,0
170916,1,1,1999,0,0,0,0,0,0,0,0,0,0
170916,2,1,1999,0,0,0,0,0,0,0,0,0,0
170917,1,1,1999,19,19,19,19,19,19,19,19,19,19
170918,0,1,1999,0,0,0,0,0,0,0,0,0,0
170918,1,1,1999,0,0,0,0,0,0,0,0,0,0
170919,1,1,1999,0,5,0,0,0,19,0,0,0,0
170920,1,1,1999,17,17,17,17,17,17,17,17,17,17
170921,1,1,1999,0,0,5,0,0,0,0,0,0,0
170922,1,1,1999,0,0,0,0,0,0,0,0,0,0
170922,2,1,1999,0,8,0,0,0,0,0,0,0,0
170923,1,1,1999,24,17,16,24,24,19,12,0,16,14
170924,1,1,1999,0,0,0,0,0,0,0,0,0,0
170925,1,1,1999,16,16,16,16,16,16,16,16,16,16
170926,1,1,1999,0,0,0,0,0,0,0,0,0,0
170926,2,1,1999,0,0,0,0,0,0,0,0,0,0
170927,1,1,1999,0,0,0,0,0,0,0,0,0,0
170927,2,1,1999,0,0,0,0,0,0,0,0,0,0
170928,1,1,1999,2,2,2,2,2,2,2,2,2,2
170928,2,1,1999,0,0,0,0,0,5,0,0,0,0
170929,0,1,1999,0,0,0,0,0,0,0,0,0,0
170929,1,1,1999,0,0,0,0,0,0,0,0,0,0
170930,1,1,1999,7,0,0,0,0,0,0,0,0,0
170930,2,1,1999,0,0,0,0,0,0,0,0,0,12
170931,1,1,1999,0,0,0,0,0,0,0,3,0,0
170931,2,1,1999,0,0,0,0,0,0,0,0,0,0
170932,0,1,1999,0,0,0,0,0,0,0,0,0,0
170932,1,1,1999,0,0,0,0,0,0,0,0,0,0
170933,0,1,1999,18,18,18,18,18,18,18,18,18,18
170933,1,1,1999,0,0,0,0,0,0,0,0,0,0
170934,1,1,1999,15,15,15,15,15,15,15,15,15,15
170934,2,1,1999,0,0,0,0,0,0,0,0,0,0
170935,0,1,1999,0,0,0,0,0,0,0,0,0,0
170935,1,1,1999,0,0,0,0,0,0,0,0,0,0
170936,1,1,1999,0,0,0,0,0,0,0,0,0,0
170936,2,1,1999,0,0,0,0,0,0,0,0,0,0
170937,0,1,1999,0,0,0,0,0,0,0,0,0,0
170937,1,1,1999,0,0,0,0,0,0,0,0,0,0
170938,1,1,1999,0,0,0,0,0,0,0,0,0,0
170938,2,1,1999,0,0,0,0,0,0,0,0,0,0
170939,1,1,1999,0,0,0,0,0,0,0,0,0,0
170939,2,1,1999,0,0,0,0,0,0,0,0,0,0
170940,1,1,1999,4,4,4,4,4,4,4,4,4,4
170941,1,1,1999,0,0,0,0,0,0,0,0,0,0
170941,2,1,1999,0,0,0,0,0,0,0,0,0,0
170942,1,1,1999,0,0,0,0,0,0,0,0,0,0
170942,2,1,1999,19,19,19,19,19,19,19,19,19,19
170943,1,1,1999,20,20,20,20,20,20,20,20,20,20
170944,1,1,1999,0,0,0,0,0,0,0,0,0,0
170945,1,1,1999,0,0,0,0,0,0,0,0,0,0
170945,2,1,1999,0,0,0,0,0,0,0,0,0,0
170946,1,1,1999,0,7,0,0,0,0,0,0,0,0
170947,1,1,1999,0,0,0,0,0,0,0,0,0,0
170947,2,1,1999,0,0,0,0,0,0,0,0,0,0
170948,0,1,1999,16,16,16,16,16,16,16,16,16,16
170948,1,1,1999,0,0,0,0,0,0,0,0,0,0
170948,2,1,1999,14,0,18,9,0,0,0,0,10,0
170949,1,1,1999,11,11,11,11,11,11,11,11,11,11
170949,2,1,1999,0,0,0,0,0,18,0,0,0,0
170950,1,1,1999,0,0,0,0,0,0,6,0,0,0
170950,2,1,1999,0,0,0,0,0,0,0,0,0,0
170951,1,1,1999,12,12,12,12,12,12,12,12,12,12
170951,2,1,1999,0,0,0,0,21,0,0,0,0,0
170952,1,1,1999,0,0,0,0,0,0,0,0,0,0
170952,2,1,1999,0,0,0,0,0,0,0,0,0,0
170953,1,1,1999,27,27,27,27,27,27,27,27,27,27
170953,2,1,1999,11,11,11,11,11,11,11,11,11,11
170954,1,1,1999,0,0,0,0,0,0,0,0,0,0
170954,2,1,1999,0,0,0,0,0,0,0,0,0,0
170955,1,1,1999,21,21,21,21,21,21,21,21,21,21
170955,2,1,1999,0,0,0,0,0,0,0,0,0,0
170956,1,1,1999,5,5,5,5,5,5,5,5,5,5
170956,2,1,1999,0,0,0,0,0,0,0,0,0,0
170957,0,1,1999,34,34,34,34,34,34,34,34,34,34
170957,1,1,1999,0,0,0,0,0,0,0,0,0,0
170958,1,1,1999,13,13,13,13,13,13,13,13,13,13
170959,1,1,1999,1,1,1,1,1,1,1,1,1,1
170959,2,1,1999,0,0,0,0,0,0,0,0,0,0
170960,1,1,1999,0,0,0,0,0,0,0,0,0,0
170960,2,1,1999,0,0,0,0,0,0,0,0,0,0
170961,1,1,1999,13,13,13,13,13,13,13,13,13,13
170962,1,1,1999,23,23,23,23,23,23,23,23,23,23
170962,2,1,1999,0,0,0,0,0,0,0,0,0,0
170963,1,1,1999,0,0,0,0,0,0,0,0,0,0
170964,1,1,1999,0,0,0,0,0,0,0,0,0,0
170965,1,1,1999,13,13,13,13,13,13,13,13,13,13
170966,1,1,1999,10,10,10,10,10,10,10,10,10,10
170967,1,1,1999,24,24,24,24,24,24,24,24,24,24
170968,1,1,1999,18,18,18,18,18,18,18,18,18,18
170969,1,1,1999,12,12,12,12,12,12,12,12,12,12
170969,2,1,1999,0,0,0,0,0,0,0,0,0,0
170970,1,1,1999,0,0,0,0,0,0,0,0,0,0
170971,1,1,1999,0,0,0,0,0,0,0,0,0,0
170971,2,1,1999,1,1,1,1,1,1,1,1,1,1
170972,1,1,1999,0,0,0,0,0,0,0,0,0,0
170972,2,1,1999,3,3,3,3,3,3,3,3,3,3
170973,0,1,1999,0,0,0,0,0,0,0,0,0,0
170973,1,1,1999,0,0,0,0,0,0,0,0,0,0
170974,1,1,1999,0,0,0,0,0,0,0,0,0,0
170974,2,1,1999,0,0,0,0,0,0,0,0,0,0
170975,1,1,1999,2,2,2,2,2,2,2,2,2,2
170976,1,1,1999,0,0,0,0,0,0,0,0,0,0
170977,1,1,1999,0,0,0,0,0,0,0,0,0,0
170978,1,1,1999,8,8,8,8,8,8,8,8,8,8
170979,1,1,1999,0,0,0,0,0,0,0,0,0,0
170980,1,1,1999,0,0,0,0,0,0,0,0,0,0
170981,1,1,1999,0,0,0,0,0,0,0,0,0,0
170982,1,1,1999,6,6,6,6,6,6,6,6,6,6
170983,0,1,1999,0,0,0,0,0,0,0,0,0,0
170983,1,1,1999,0,0,0,0,0,0,0,0,0,0
170984,0,1,1999,0,0,0,0,0,0,0,0,0,0
170984,1,1,1999,0,0,0,0,0,0,0,0,0,0
170985,1,1,1999,21,21,21,21,21,21,21,21,21,21
170986,1,1,1999,0,0,0,0,0,0,0,0,0,0
170986,2,1,1999,0,0,0,0,0,0,0,0,0,0
170987,1,1,1999,25,25,25,25,25,25,25,25,25,25
170987,2,1,1999,0,0,0,0,0,9,0,44,25,0
170988,0,1,1999,17,17,17,17,17,17,17,17,17,17
170988,1,1,1999,0,0,0,0,0,0,0,0,0,0
170989,1,1,1999,0,0,0,0,0,0,0,0,0,0
170989,2,1,1999,0,0,0,0,0,0,0,0,0,0
170990,1,1,1999,15,15,15,15,15,15,15,15,15,15
170991,1,1,1999,0,0,0,0,0,0,0,0,0,0
170992,1,1,1999,9,19,19,19,15,11,16,20,4,6
170992,2,1,1999,0,14,0,0,0,0,0,0,13,0
170993,1,1,1999,0,0,0,0,0,0,0,0,0,0
170993,2,1,1999,0,0,0,0,0,0,0,0,0,0
170994,1,1,1999,14,14,14,14,14,14,14,14,14,14
170994,2,1,1999,0,0,0,0,0,0,0,0,0,0
170994,3,1,1999,0,0,0,0,0,0,0,0,0,0
170995,1,1,1999,0,0,0,0,0,0,0,0,0,0
170995,2,1,1999,0,0,0,0,0,0,0,0,0,0
170996,0,1,1999,0,0,0,0,0,0,0,0,0,0
170996,1,1,1999,0,0,0,0,0,0,0,0,0,0
170997,1,1,1999,11,22,12,28,13,34,16,3,0,27
170997,2,1,1999,0,0,0,0,0,0,0,0,0,0
170998,1,1,1999,25,23,0,0,0,0,0,0,0,0
170999,1,1,1999,6,6,6,6,6,6,6,6,6,6
170999,2,1,1999,0,0,0,0,0,0,0,0,0,0
171000,1,1,1999,0,0,0,0,0,0,0,0,0,0
171000,2,1,1999,0,0,0,0,0,0,0,0,0,0
171001,1,1,1999,0,0,0,0,0,0,0,0,0,0
171001,2,1,1999,0,0,0,0,0,0,0,0,0,0
171001,3,1,1999,0,0,0,0,0,0,0,0,0,0
171001,4,1,1999,0,0,0,0,0,0,0,0,0,0
171001,5,1,1999,0,0,0,0,0,0,0,0,0,0
171002,1,1,1999,14,14,14,14,14,14,14,14,14,14
171003,1,1,1999,32,32,32,32,32,32,32,32,32,32
171004,1,1,1999,0,0,0,0,27,0,0,0,0,0
171004,2,1,1999,8,0,0,0,9,5,8,0,14,0
171005,1,1,1999,24,24,24,24,24,24,24,24,24,24
171006,1,1,1999,21,21,21,21,21,21,21,21,21,21
171007,1,1,1999,0,0,0,0,0,0,0,0,0,0
171008,1,1,1999,1,1,1,1,1,1,1,1,1,1
171008,2,1,1999,0,0,0,0,0,0,0,0,0,0
171010,1,1,1999,4,0,0,0,0,0,0,0,0,0
171010,2,1,1999,0,0,0,0,0,0,0,0,0,0
171011,1,1,1999,28,28,28,28,28,28,28,28,28,28
171012,1,1,1999,0,0,0,0,0,0,0,0,0,0
171012,2,1,1999,0,0,0,0,0,0,0,0,0,0
171013,1,1,1999,4,4,4,4,4,4,4,4,4,4
171014,1,1,1999,18,18,18,18,18,18,18,18,18,18
171015,1,1,1999,0,0,0,0,0,0,0,0,0,0
171015,2,1,1999,0,0,0,0,0,0,0,0,0,0
171015,3,1,1999,0,0,0,0,0,0,0,0,0,0
171016,1,1,1999,0,0,0,0,0,0,0,0,0,0
171017,1,1,1999,0,0,0,0,0,0,0,0,0,0
171018,1,1,1999,0,0,0,0,0,0,0,0,0,0
171018,2,1,1999,0,0,0,0,0,0,0,0,0,0
171019,1,1,1999,0,0,0,0,0,0,0,0,0,0
171019,2,1,1999,0,0,0,0,0,0,0,0,0,0
171019,3,1,1999,0,18,0,0,0,0,0,0,0,0
171020,1,1,1999,0,0,0,0,0,0,0,0,0,0
171021,1,1,1999,0,0,0,0,0,0,0,0,0,0
171022,1,1,1999,0,0,0,0,0,0,0,0,0,0
171023,0,1,1999,0,0,0,0,0,0,0,0,0,0
171023,1,1,1999,0,0,0,0,0,0,0,0,0,0
171024,1,1,1999,15,15,15,15,15,15,15,15,15,15
171025,0,1,1999,5,5,5,5,5,5,5,5,5,5
171025,1,1,1999,4,4,4,4,4,4,4,4,4,4
171026,0,1,1999,31,39,0,20,0,12,23,0,0,0
171026,1,1,1999,0,0,0,0,0,0,0,0,0,0
171027,1,1,1999,16,16,16,16,16,16,16,16,16,16
171027,2,1,1999,0,0,0,0,0,0,0,0,0,0
171028,1,1,1999,15,15,15,15,15,15,15,15,15,15
171029,1,1,1999,0,0,0,0,0,0,0,0,0,0
171030,0,1,1999,0,0,0,0,0,0,0,0,0,0
171030,1,1,1999,0,0,0,0,0,0,0,0,0,0
171031,1,1,1999,0,0,7,0,0,12,0,0,6,0
171032,1,1,1999,17,17,17,17,17,17,17,17,17,17
171033,1,1,1999,7,5,6,12,0,11,11,8,3,0
171034,1,1,1999,0,0,0,0,0,0,0,0,0,0
171035,1,1,1999,0,0,0,0,0,0,0,0,0,0
171035,2,1,1999,0,0,0,0,0,0,0,0,0,0
171036,1,1,1999,0,0,0,0,0,0,0,0,0,0
171036,2,1,1999,0,0,0,0,0,0,0,0,0,0
171037,0,1,1999,0,0,0,0,0,0,0,0,0,0
171037,1,1,1999,0,0,0,0,0,0,0,0,0,0
171038,1,1,1999,0,0,0,0,0,0,0,0,0,0
171038,2,1,1999,0,0,0,0,0,0,0,0,0,0
171038,3,1,1999,0,0,0,0,0,0,0,0,0,0
171039,1,1,1999,0,0,0,0,0,0,0,0,0,0
171039,2,1,1999,0,0,0,0,0,0,0,0,0,0
171040,1,1,1999,0,0,0,0,0,0,0,0,0,0
171040,2,1,1999,0,0,0,0,0,0,0,0,0,0
171040,3,1,1999,0,0,7,0,0,0,0,0,0,0
171040,4,1,1999,0,12,0,0,0,0,0,0,0,0
171041,1,1,1999,0,0,0,0,0,0,0,0,0,0
171041,2,1,1999,0,0,0,0,0,0,0,0,19,0
171041,3,1,1999,0,0,0,0,0,0,0,0,0,0
171042,1,1,1999,10,10,10,10,10,10,10,10,10,10
171043,1,1,1999,11,11,11,11,11,11,11,11,11,11
171043,2,1,1999,0,0,7,9,0,0,7,18,0,5
171043,3,1,1999,0,18,15,0,3,0,0,11,0,0
171044,1,1,1999,16,16,16,16,16,16,16,16,16,16
171044,2,1,1999,0,0,0,0,0,9,0,0,7,23
171045,1,1,1999,15,15,15,15,15,15,15,15,15,15
171046,1,1,1999,0,0,0,0,0,0,0,0,0,0
171046,2,1,1999,0,0,0,0,0,0,0,0,0,0
171046,3,1,1999,0,0,0,0,0,0,0,0,4,0
171046,4,1,1999,0,0,0,0,0,0,0,0,0,0
171047,1,1,1999,0,0,0,0,0,0,0,0,0,0
171047,2,1,1999,0,0,0,0,0,0,0,0,0,0
171048,1,1,1999,0,0,0,0,0,0,0,0,0,0
171048,2,1,1999,0,0,0,0,0,0,0,0,0,0
171049,1,1,1999,0,0,0,0,0,0,0,0,0,0
171050,0,1,1999,0,0,0,0,0,0,0,0,0,0
171050,1,1,1999,0,0,0,0,0,0,0,0,0,0
171051,1,1,1999,12,12,12,12,12,12,12,12,12,12
171052,1,1,1999,0,0,0,0,0,0,0,0,11,0
171053,0,1,1999,0,0,0,0,0,0,0,0,0,0
171053,1,1,1999,0,0,0,0,0,0,0,0,0,0
171054,0,1,1999,9,0,0,0,0,28,0,0,0,9
171054,1,1,1999,0,0,0,0,0,0,0,0,0,0
171055,1,1,1999,20,20,20,20,20,20,20,20,20,20
171056,1,1,1999,0,0,0,0,0,0,0,0,0,0
171057,1,1,1999,13,13,13,13,13,13,13,13,13,13
171058,1,1,1999,11,11,11,11,11,11,11,11,11,11
171059,1,1,1999,26,26,26,26,26,26,26,26,26,26
171060,1,1,1999,24,24,24,24,24,24,24,24,24,24
171061,1,1,1999,0,0,0,0,0,0,0,0,0,0
171061,2,1,1999,0,0,0,0,0,0,0,0,0,0
171062,1,1,1999,5,5,5,5,5,5,5,5,5,5
171062,2,1,1999,0,0,0,0,0,0,0,0,0,0
171063,1,1,1999,10,10,10,10,10,10,10,10,10,10
171064,1,1,1999,10,10,10,10,10,10,10,10,10,10
171065,1,1,1999,35,35,35,35,35,35,35,35,35,35
171066,1,1,1999,0,0,0,0,0,0,0,0,0,0
171067,1,1,1999,6,6,6,6,6,6,6,6,6,6
171068,1,1,1999,15,15,15,15,15,15,15,15,15,15
171069,1,1,1999,22,22,22,22,22,22,22,22,22,22
171070,1,1,1999,27,27,27,27,27,27,27,27,27,27
171070,2,1,1999,0,0,0,0,0,0,0,0,0,0
171072,1,1,1999,11,11,11,11,11,11,11,11,11,11
171073,1,1,1999,28,28,28,28,28,28,28,28,28,28
171074,0,1,1999,0,0,0,0,0,0,0,0,0,0
171074,1,1,1999,0,0,0,0,0,0,0,0,0,0
171075,0,1,1999,8,8,8,8,8,8,8,8,8,8
171075,0,2,1999,0,0,0,0,12,0,0,0,0,0
171075,1,1,1999,0,0,0,0,0,0,0,0,0,15
171076,0,1,1999,0,0,0,0,0,0,0,0,0,0
171076,1,1,1999,3,3,3,3,3,3,3,3,3,3
171077,0,1,1999,18,18,18,18,18,18,18,18,18,18
171077,1,1,1999,0,0,0,0,0,0,0,0,0,0
171078,1,1,1999,18,18,18,18,18,18,18,18,18,18
171079,0,1,1999,0,0,0,0,0,0,0,0,0,0
171079,1,1,1999,0,0,0,0,0,0,0,0,0,0
171080,1,1,1999,0,0,0,0,0,0,0,0,0,0
171081,1,1,1999,0,0,0,0,0,0,0,0,0,0
171081,2,1,1999,0,0,0,0,0,0,0,0,0,0
171082,1,1,1999,19,19,19,19,19,19,19,19,19,19
171083,1,1,1999,0,0,0,0,0,0,0,0,0,0
171083,2,1,1999,0,0,0,0,0,0,0,0,0,0
171083,3,1,1999,0,0,0,0,0,0,0,0,0,0
171084,1,1,1999,19,19,19,19,19,19,19,19,19,19
171084,2,1,1999,0,0,0,0,0,0,0,0,0,0
171085,1,1,1999,28,28,28,28,28,28,28,28,28,28
171085,2,1,1999,0,0,0,0,0,4,0,0,0,0
171085,3,1,1999,0,0,0,0,0,0,0,0,0,0
171086,1,1,1999,0,0,0,0,0,0,0,0,0,0
171087,0,1,1999,42,42,42,42,42,42,42,42,42,42
171087,1,1,1999,0,0,0,0,0,16,0,0,0,0
171088,1,1,1999,0,0,0,0,28,0,0,0,29,0
171088,2,1,1999,0,0,0,0,0,0,0,0,0,0
171088,3,1,1999,0,0,0,0,0,0,0,0,0,0
171089,1,1,1999,0,0,0,0,0,0,0,0,0,0
171090,1,1,1999,0,0,23,0,0,0,33,0,14,0
171091,1,1,1999,0,0,0,0,0,0,0,0,0,0
171091,2,1,1999,0,0,0,0,0,0,0,0,0,0
171092,1,1,1999,0,0,0,0,0,0,0,0,0,0
171093,1,1,1999,9,9,9,9,9,9,9,9,9,9
171093,2,1,1999,0,0,0,0,0,0,0,0,0,0
171094,1,1,1999,21,21,21,21,21,21,21,21,21,21
171095,1,1,1999,0,0,0,0,0,0,0,0,0,0
171095,2,1,1999,0,0,0,0,0,0,0,0,0,0
171096,1,1,1999,0,0,0,0,0,0,0,0,0,0
171097,1,1,1999,0,0,0,0,0,0,0,0,0,0
171097,2,1,1999,0,8,0,0,0,0,0,0,0,0
171098,0,1,1999,15,38,16,15,39,19,26,22,25,29
171098,1,1,1999,0,0,0,0,0,0,0,0,0,0
171099,1,1,1999,0,0,0,0,0,0,0,0,0,0
171099,2,1,1999,7,0,15,0,0,6,0,0,7,19
171100,1,1,1999,18,18,18,18,18,18,18,18,18,18
171101,1,1,1999,0,0,0,0,0,0,0,0,0,0
171101,2,1,1999,0,0,0,0,0,0,0,0,0,0
171101,3,1,1999,0,0,0,0,0,17,0,0,0,0
171102,1,1,1999,0,0,0,0,0,0,24,0,23,0
171102,2,1,1999,0,0,18,0,0,0,0,0,0,0
171103,1,1,1999,0,0,0,0,0,0,0,0,0,0
171104,1,1,1999,0,0,0,0,0,0,0,0,0,0
171104,2,1,1999,0,0,0,0,0,0,0,0,0,0
171104,3,1,1999,0,0,0,0,0,0,0,0,0,13
171104,4,1,1999,0,0,0,0,0,0,0,0,0,0
171105,1,1,1999,0,0,0,0,0,0,0,0,0,0
171106,0,1,1999,27,27,27,27,27,27,27,27,27,27
171106,1,1,1999,0,0,0,0,0,0,11,0,0,0
171107,0,1,1999,38,38,38,38,38,38,38,38,38,38
171107,1,1,1999,10,0,0,0,0,0,0,0,0,0
171108,0,1,1999,0,0,0,0,0,0,0,0,0,0
171108,1,1,1999,0,0,0,0,0,0,0,0,0,0
171108,2,1,1999,0,0,0,0,0,0,0,0,0,0
171109,0,1,1999,0,0,0,0,0,0,0,0,0,0
171109,1,1,1999,0,0,0,0,0,0,0,0,0,0
171110,1,1,1999,19,19,19,19,19,19,19,19,19,19
171111,0,1,1999,0,0,0,0,0,0,0,0,0,0
171111,1,1,1999,0,21,0,11,0,0,0,0,0,0
171112,1,1,1999,21,21,21,21,21,21,21,21,21,21
171113,1,1,1999,23,23,23,23,23,23,23,23,23,23
171113,2,1,1999,0,0,0,0,0,0,0,0,0,0
171114,1,1,1999,0,0,0,0,0,0,0,0,0,0
171114,2,1,1999,0,0,0,0,0,0,0,0,0,0
171114,3,1,1999,0,14,0,0,0,0,0,0,0,0
171115,0,1,1999,0,0,0,0,0,0,0,0,0,0
171115,1,1,1999,0,0,0,0,0,0,0,0,0,0
171116,1,1,1999,0,0,0,0,0,0,13,0,0,0
171116,2,1,1999,0,0,0,0,0,0,0,0,0,0
171117,1,1,1999,0,0,5,0,0,0,0,0,0,26
171117,2,1,1999,0,0,0,0,0,0,0,0,0,0
171118,1,1,1999,0,0,0,0,0,0,0,0,0,0
171118,2,1,1999,10,0,0,0,0,0,0,0,0,0
171119,1,1,1999,0,0,0,0,0,0,0,0,0,0
171119,2,1,1999,0,0,0,0,0,0,0,0,0,0
171120,0,1,1999,0,0,0,0,0,0,0,0,0,0
171120,1,1,1999,0,0,0,0,0,0,0,0,0,0
171121,1,1,1999,24,24,24,24,24,24,24,24,24,24
171122,1,1,1999,13,13,13,13,13,13,13,13,13,13
171123,1,1,1999,23,23,23,23,23,23,23,23,23,23
171124,1,1,1999,20,20,20,20,20,20,20,20,20,20
171125,1,1,1999,0,0,0,0,0,0,0,0,0,0
171125,2,1,1999,0,20,0,0,0,0,0,0,8,0
171125,3,1,1999,0,0,21,0,0,0,0,0,0,0
171126,1,1,1999,0,0,0,0,0,0,0,0,0,0
171126,2,1,1999,0,0,0,0,0,0,0,0,0,0
171127,0,1,1999,0,0,0,8,0,0,0,0,0,0
171127,1,1,1999,0,0,0,0,0,0,0,0,0,0
171128,1,1,1999,9,9,9,9,9,9,9,9,9,9
171129,1,1,1999,10,10,10,10,10,10,10,10,10,10
171129,2,1,1999,0,0,0,0,0,0,0,0,0,0
171130,1,1,1999,24,24,24,24,24,24,24,24,24,24
171131,1,1,1999,14,14,14,14,14,14,14,14,14,14
171132,1,1,1999,0,0,0,0,0,0,0,0,0,0
171132,2,1,1999,0,0,0,0,0,0,0,0,0,0
171133,1,1,1999,0,0,0,0,0,0,0,0,0,0