ST_CASE,VEH_NO,PER_NO,YEAR,P1,P2,P3,P4,P5,P6,P7,P8,P9,P10
171133,2,1,1999,0,0,0,0,0,0,0,0,0,0
171134,1,1,1999,0,0,0,0,0,0,0,0,0,0
171134,2,1,1999,0,0,0,0,0,0,0,0,0,0
171134,3,1,1999,0,0,0,0,0,0,0,0,0,0
171135,1,1,1999,0,23,0,0,0,0,0,0,0,0
171136,1,1,1999,19,19,19,19,19,19,19,19,19,19
171137,1,1,1999,33,33,33,33,33,33,33,33,33,33
171138,1,1,1999,20,20,20,20,20,20,20,20,20,20
171139,1,1,1999,23,23,23,23,23,23,23,23,23,23
171140,1,1,1999,0,0,0,0,0,0,0,0,0,0
171141,1,1,1999,0,0,0,0,0,0,0,0,0,0
171141,2,1,1999,0,0,0,0,0,0,0,0,0,0
171142,1,1,1999,0,0,0,0,0,0,0,0,0,0
171142,2,1,1999,13,7,12,0,17,0,20,0,0,11
171143,1,1,1999,0,0,0,0,0,0,0,0,0,0
171143,2,1,1999,0,0,0,0,0,0,0,0,0,0
171143,3,1,1999,0,0,0,0,0,0,0,0,0,0
171144,1,1,1999,0,0,0,0,0,0,0,0,0,0
171145,1,1,1999,0,0,0,0,0,0,0,0,0,0
171145,2,1,1999,0,0,0,0,0,0,0,0,0,9
171146,1,1,1999,19,19,19,19,19,19,19,19,19,19
171147,1,1,1999,0,0,8,0,0,0,13,0,10,0
171148,1,1,1999,13,13,13,13,13,13,13,13,13,13
171149,1,1,1999,12,12,12,12,12,12,12,12,12,12
171150,1,1,1999,0,0,0,0,0,0,0,0,0,0
171150,2,1,1999,0,0,0,0,0,0,0,0,0,0
171151,1,1,1999,0,0,0,0,0,0,0,0,0,0
171151,2,1,1999,0,0,0,0,0,0,0,0,0,0
171152,1,1,1999,13,13,13,13,13,13,13,13,13,13
171152,2,1,1999,0,0,0,0,0,0,0,0,0,9
171152,3,1,1999,0,0,0,0,0,0,0,0,0,0
171153,0,1,1999,0,0,0,0,0,0,0,0,0,0
171153,1,1,1999,0,0,0,0,0,0,0,0,0,0
171154,1,1,1999,12,12,12,12,12,12,12,12,12,12
171155,1,1,1999,0,0,0,0,0,0,0,0,0,0
171155,2,1,1999,0,0,0,0,0,0,0,0,0,0
171156,1,1,1999,0,0,0,0,0,0,0,0,0,0
171156,2,1,1999,0,0,0,0,0,0,0,0,0,0
171157,1,1,1999,30,30,30,30,30,30,30,30,30,30
171158,1,1,1999,15,15,15,15,15,15,15,15,15,15
171159,1,1,1999,18,18,18,18,18,18,18,18,18,18
171159,2,1,1999,0,0,0,0,0,0,0,0,0,0
171160,1,1,1999,0,0,0,0,0,0,0,0,0,0
171160,2,1,1999,0,0,0,0,0,0,0,0,0,0
171161,1,1,1999,0,0,0,0,0,0,0,0,0,0
171162,0,1,1999,0,0,0,0,0,0,0,0,0,0
171162,1,1,1999,0,0,0,0,0,0,0,0,0,0
171163,1,1,1999,22,22,22,22,22,22,22,22,22,22
171164,1,1,1999,0,0,0,0,0,0,0,0,0,0
171164,2,1,1999,0,0,0,0,0,0,0,0,0,0
171165,1,1,1999,19,19,19,19,19,19,19,19,19,19
171165,2,1,1999,0,0,0,0,0,0,0,0,0,0
171165,3,1,1999,0,0,0,0,0,0,0,0,0,0
171166,1,1,1999,16,16,16,16,16,16,16,16,16,16
171167,0,1,1999,30,0,18,11,0,0,0,0,21,0
171167,1,1,1999,0,0,0,0,0,0,0,0,0,0
171168,1,1,1999,23,23,23,23,23,23,23,23,23,23
171169,1,1,1999,16,16,16,16,16,16,16,16,16,16
171170,1,1,1999,24,24,24,24,24,24,24,24,24,24
171171,1,1,1999,24,24,24,24,24,24,24,24,24,24
171171,2,1,1999,0,0,0,7,0,0,0,0,0,0
171172,0,1,1999,0,0,0,0,0,0,0,0,0,0
171172,1,1,1999,0,0,0,0,0,0,0,0,0,0
171173,1,1,1999,0,0,0,0,0,0,0,0,0,0
171173,2,1,1999,0,0,0,0,0,0,0,0,0,0
171174,1,1,1999,0,0,0,0,0,0,0,0,0,0
171174,2,1,1999,0,0,0,0,0,0,0,0,0,0
171175,1,1,1999,0,0,0,0,0,0,0,0,0,0
171176,1,1,1999,0,0,0,0,0,0,0,0,0,0
171176,2,1,1999,0,0,0,0,0,0,0,0,0,0
171176,3,1,1999,0,0,0,0,0,0,0,0,0,0
171177,1,1,1999,0,0,0,0,0,0,0,0,0,0
171177,2,1,1999,0,0,0,0,0,0,0,0,0,0
171178,1,1,1999,12,12,12,12,12,12,12,12,12,12
171179,0,1,1999,13,13,13,13,13,13,13,13,13,13
171179,1,1,1999,0,0,0,0,0,0,0,0,0,0
171180,1,1,1999,0,0,0,0,0,0,0,0,0,0
171180,2,1,1999,0,0,0,0,0,0,0,0,0,0
171181,0,1,1999,32,32,32,32,32,32,32,32,32,32
171181,1,1,1999,0,0,0,0,0,0,0,0,0,0
171182,1,1,1999,0,0,0,0,0,0,0,0,0,0
171182,2,1,1999,0,0,0,0,0,0,0,0,0,0
171183,1,1,1999,0,0,0,0,0,0,0,0,0,0
171183,2,1,1999,0,0,0,0,0,0,0,0,0,0
171183,3,1,1999,0,0,0,0,0,0,0,0,0,0
171183,4,1,1999,0,0,0,0,0,0,0,0,0,0
171184,1,1,1999,31,31,31,31,31,31,31,31,31,31
171184,2,1,1999,0,0,0,0,0,0,0,0,0,0
171185,0,1,1999,0,0,0,0,0,0,0,0,0,0
171185,1,1,1999,0,0,0,0,0,0,0,0,0,0
171186,1,1,1999,0,0,0,0,0,0,0,0,0,0
171187,1,1,1999,0,0,0,0,0,0,0,0,0,0
171187,2,1,1999,0,0,0,0,0,0,0,0,0,0
171188,1,1,1999,0,0,0,0,0,0,0,0,0,0
171188,2,1,1999,0,0,0,0,0,0,0,0,0,0
171189,1,1,1999,30,30,30,30,30,30,30,30,30,30
171190,1,1,1999,0,0,6,0,0,0,0,0,10,0
171191,1,1,1999,0,0,0,0,0,0,0,0,0,0
171191,2,1,1999,0,0,0,0,0,0,0,0,0,0
171192,1,1,1999,15,15,15,15,15,15,15,15,15,15
171193,1,1,1999,0,0,0,0,0,0,0,0,0,0
171193,2,1,1999,0,0,0,0,0,0,0,0,0,0
171194,1,1,1999,0,0,0,0,0,0,0,0,0,0
171194,2,1,1999,0,0,0,0,0,0,0,0,0,0
171195,1,1,1999,23,23,23,23,23,23,23,23,23,23
171196,1,1,1999,0,0,0,0,0,0,0,0,0,0
171196,2,1,1999,13,0,0,0,0,0,0,0,0,0
171197,1,1,1999,0,0,0,0,0,0,0,0,0,0
171197,2,1,1999,0,0,0,0,0,0,0,0,0,0
171198,1,1,1999,17,17,17,17,17,17,17,17,17,17
171199,1,1,1999,18,18,18,18,18,18,18,18,18,18
171200,1,1,1999,20,0,0,15,0,23,0,10,5,28
171201,1,1,1999,19,19,19,19,19,19,19,19,19,19
171202,1,1,1999,0,0,0,0,0,0,0,0,0,0
171203,1,1,1999,0,0,0,0,0,0,0,0,0,0
171204,0,1,1999,17,0,22,0,0,28,19,0,0,0
171204,1,1,1999,0,0,0,0,0,0,0,0,0,0
171204,2,1,1999,0,0,0,0,0,13,0,0,0,0
171205,1,1,1999,0,0,0,0,0,0,0,0,0,0
171205,2,1,1999,0,0,0,0,0,0,0,0,0,0
171206,1,1,1999,3,0,8,13,15,0,0,12,17,0
171207,1,1,1999,0,0,0,0,0,0,0,0,0,0
171207,2,1,1999,0,0,0,0,0,0,0,0,0,0
171208,1,1,1999,3,3,3,3,3,3,3,3,3,3
171209,0,1,1999,0,0,0,0,0,0,0,0,7,0
171209,1,1,1999,0,0,0,0,0,0,0,0,0,0
171210,1,1,1999,0,0,0,0,0,0,0,0,0,0
171211,1,1,1999,0,0,0,0,0,0,0,0,0,0
171212,0,1,1999,0,0,0,0,0,0,0,0,0,0
171212,1,1,1999,0,0,0,0,0,0,0,0,0,0
171213,1,1,1999,0,0,0,0,0,0,0,0,0,0
171213,2,1,1999,0,0,0,0,0,0,0,0,0,0
171214,1,1,1999,0,0,0,0,0,0,0,0,0,0
171214,2,1,1999,0,11,0,0,0,0,0,0,0,0
171216,1,1,1999,22,22,22,22,22,22,22,22,22,22
171216,2,1,1999,12,0,0,11,13,0,34,0,0,0
171217,1,1,1999,0,0,0,0,0,0,0,0,0,0
171217,2,1,1999,0,0,0,0,0,0,0,0,12,0
171218,1,1,1999,0,0,0,0,0,0,0,0,0,0
171218,2,1,1999,0,0,0,0,0,0,0,0,0,0
171219,1,1,1999,0,0,0,0,0,0,0,0,0,0
171220,1,1,1999,0,0,0,0,0,0,0,0,0,0
171220,2,1,1999,0,0,0,0,0,0,0,0,0,0
171221,1,1,1999,16,16,16,16,16,16,16,16,16,16
171221,2,1,1999,0,0,0,0,0,0,0,0,0,0
171221,3,1,1999,0,0,0,0,0,0,0,0,0,0
171221,4,1,1999,0,0,0,0,0,0,0,0,0,0
171221,5,1,1999,0,0,0,0,0,0,0,0,0,0
171222,1,1,1999,0,0,0,0,0,0,0,0,0,0
171222,2,1,1999,0,0,0,0,0,0,0,0,0,0
171223,0,1,1999,0,0,0,0,0,0,0,0,0,0
171223,1,1,1999,0,0,0,0,0,0,0,0,0,0
171224,1,1,1999,21,21,21,21,21,21,21,21,21,21
171225,0,1,1999,0,0,0,0,0,0,0,0,0,0
171225,1,1,1999,0,0,0,0,0,0,0,0,0,0
171225,2,1,1999,0,0,0,0,0,0,0,0,0,0
171226,1,1,1999,0,0,0,0,0,0,0,0,0,0
171226,2,1,1999,0,0,0,0,0,0,0,0,0,0
171227,1,1,1999,0,0,0,0,0,0,13,0,0,0
171228,1,1,1999,0,0,0,0,0,0,0,0,0,0
171229,1,1,1999,14,14,14,14,14,14,14,14,14,14
171230,1,1,1999,0,0,0,0,0,0,0,0,0,0
171231,1,1,1999,0,0,0,0,0,0,0,0,0,0
171232,1,1,1999,0,0,0,0,0,0,0,0,0,0
171232,2,1,1999,0,0,0,0,0,0,0,0,0,0
171233,0,1,1999,21,21,21,21,21,21,21,21,21,21
171233,1,1,1999,0,0,0,0,0,0,0,0,0,0
171234,1,1,1999,0,0,0,0,0,0,0,0,0,0
171234,2,1,1999,0,0,0,0,0,0,0,0,0,0
171234,3,1,1999,0,0,0,0,0,0,0,0,0,0
171235,1,1,1999,28,28,28,28,28,28,28,28,28,28
171235,2,1,1999,0,0,0,0,0,0,0,0,0,0
171235,3,1,1999,0,0,0,0,0,0,0,0,0,0
171236,1,1,1999,0,0,0,0,0,0,0,0,0,0
171236,2,1,1999,0,0,0,0,0,0,0,0,0,0
171236,3,1,1999,0,0,0,0,0,0,0,0,0,0
171237,1,1,1999,0,0,0,0,0,0,0,0,0,0
171237,2,1,1999,0,0,0,0,0,0,0,0,0,0
171238,1,1,1999,0,0,0,0,0,0,0,0,0,0
171238,2,1,1999,0,0,0,0,0,0,0,0,0,0
171238,3,1,1999,0,0,0,0,0,13,0,0,0,6
171239,1,1,1999,0,0,0,0,0,0,0,0,0,0
171240,1,1,1999,0,0,0,0,0,0,0,0,0,0
171240,2,1,1999,0,0,6,0,0,0,0,0,0,0
171240,3,1,1999,0,0,0,0,0,0,0,0,0,0
171241,1,1,1999,19,19,19,19,19,19,19,19,19,19
171242,1,1,1999,0,0,0,0,0,0,0,0,0,0
171243,1,1,1999,0,0,0,0,0,0,0,0,0,0
171243,2,1,1999,0,14,0,0,0,0,0,0,0,0
171243,3,1,1999,0,0,0,0,0,0,0,0,0,0
171244,1,1,1999,0,0,0,0,0,0,0,0,0,0
171244,2,1,1999,0,0,0,0,0,0,0,0,0,0
171245,0,1,1999,0,0,0,0,0,0,0,0,0,0
171245,1,1,1999,10,0,0,0,0,12,0,0,0,0
171246,1,1,1999,7,7,7,7,7,7,7,7,7,7
171246,2,1,1999,2,2,2,2,2,2,2,2,2,2
171247,1,1,1999,0,0,0,0,0,0,0,0,0,0
171248,1,1,1999,17,17,17,17,17,17,17,17,17,17
171249,1,1,1999,20,20,20,20,20,20,20,20,20,20
171250,1,1,1999,20,20,20,20,20,20,20,20,20,20
171251,1,1,1999,21,21,21,21,21,21,21,21,21,21
171251,2,1,1999,15,15,15,15,15,15,15,15,15,15
171252,1,1,1999,0,0,0,0,0,0,0,0,0,0
171252,2,1,1999,0,0,0,0,0,0,0,0,0,0
171253,1,1,1999,0,0,0,0,0,0,4,0,0,12
171254,1,1,1999,11,11,11,11,11,11,11,11,11,11
171254,2,1,1999,0,0,0,0,0,0,0,0,0,0
171255,1,1,1999,0,0,0,0,0,0,0,0,0,0
171255,2,1,1999,0,0,0,0,0,0,0,0,0,0
171256,1,1,1999,0,0,0,0,0,0,0,0,0,0
171256,2,1,1999,4,4,4,4,4,4,4,4,4,4
171257,0,1,1999,0,0,0,0,0,0,0,0,0,0
171257,1,1,1999,0,0,0,0,0,0,0,0,0,0
171258,0,1,1999,13,13,13,13,13,13,13,13,13,13
171258,1,1,1999,0,0,0,0,0,0,0,0,0,0
171259,0,1,1999,0,0,0,0,0,0,0,0,0,0
171259,0,2,1999,0,0,0,15,0,0,0,43,24,18
171259,1,1,1999,0,0,0,0,0,0,0,0,0,0
171260,1,1,1999,24,24,24,24,24,24,24,24,24,24
171260,2,1,1999,0,8,0,0,0,0,0,0,0,0
171260,3,1,1999,0,0,0,0,0,0,0,0,0,4
171260,4,1,1999,0,0,0,0,0,0,0,0,0,0
171261,1,1,1999,0,0,0,0,12,0,0,0,0,0
171261,2,1,1999,0,0,0,0,0,0,0,0,0,0
171262,1,1,1999,0,0,0,0,0,0,0,0,0,0
171262,2,1,1999,0,0,0,0,0,0,0,0,0,0
171263,1,1,1999,0,0,0,0,0,0,0,0,0,0
171264,0,1,1999,0,0,0,0,0,0,0,0,0,0
171264,1,1,1999,0,0,0,0,0,0,0,0,0,0
171265,1,1,1999,0,0,0,0,0,0,0,0,0,0
171266,1,1,1999,0,0,0,0,0,0,0,0,0,0
171267,1,1,1999,0,0,0,0,0,0,0,0,0,0
171267,2,1,1999,0,0,0,0,0,0,0,0,0,0
171268,1,1,1999,14,0,0,0,0,0,0,0,0,0
171269,0,1,1999,0,0,0,0,0,0,0,0,0,0
171269,1,1,1999,0,0,0,0,0,0,0,0,0,0
171270,1,1,1999,0,0,0,0,0,0,0,0,0,0
171270,2,1,1999,0,0,0,0,0,0,0,0,0,0
171270,3,1,1999,4,0,0,0,0,0,0,0,0,0
171271,1,1,1999,11,11,11,11,11,11,11,11,11,11
171272,1,1,1999,0,0,0,0,0,0,0,0,0,0
171272,2,1,1999,0,0,0,0,0,0,0,0,0,0
171273,1,1,1999,0,0,0,0,0,0,0,0,0,0
171273,2,1,1999,0,0,0,0,0,0,0,0,0,0
171274,1,1,1999,0,0,0,0,0,0,0,0,0,0
171274,2,1,1999,0,0,0,0,0,0,0,0,0,0
171275,1,1,1999,0,0,14,0,19,0,0,0,35,0
171276,1,1,1999,0,0,0,0,0,0,0,0,0,0
171276,2,1,1999,0,0,0,0,0,0,0,0,0,0
171277,1,1,1999,12,12,12,12,12,12,12,12,12,12
171277,2,1,1999,0,0,0,0,0,0,0,0,0,0
171278,1,1,1999,31,31,31,31,31,31,31,31,31,31
171279,1,1,1999,0,0,0,0,0,0,0,0,0,0
171280,0,1,1999,31,31,31,31,31,31,31,31,31,31
171280,1,1,1999,8,0,0,0,0,0,0,0,0,0
171281,0,1,1999,5,5,5,5,5,5,5,5,5,5
171281,1,1,1999,0,0,0,0,0,0,0,0,0,0
171282,1,1,1999,0,0,0,0,0,0,0,0,0,0
171283,1,1,1999,0,0,0,0,0,0,0,0,0,0
171284,1,1,1999,22,22,22,22,22,22,22,22,22,22
171285,1,1,1999,0,0,0,0,0,0,0,0,0,0
171286,1,1,1999,0,0,0,0,0,0,0,0,10,0
171287,1,1,1999,0,0,0,0,0,0,0,0,0,0
171288,0,1,1999,0,0,0,0,0,0,0,0,0,0
171288,1,1,1999,19,0,0,0,0,0,15,0,0,0
171288,2,1,1999,0,0,0,14,0,21,0,0,6,0
171289,1,1,1999,0,0,0,0,0,0,0,0,0,0
171289,2,1,1999,0,0,0,0,0,0,0,0,0,0
171290,1,1,1999,0,0,0,0,0,0,0,0,0,0
171290,2,1,1999,0,0,0,0,0,0,0,0,0,0
171291,1,1,1999,3,3,3,3,3,3,3,3,3,3
171291,2,1,1999,21,21,21,21,21,21,21,21,21,21
171292,1,1,1999,6,6,6,6,6,6,6,6,6,6
171292,2,1,1999,0,0,0,0,0,0,0,0,0,0
171293,1,1,1999,24,12,12,6,16,17,11,27,11,18
171294,1,1,1999,0,0,0,0,0,0,0,0,0,0
171295,1,1,1999,16,16,16,16,16,16,16,16,16,16
171296,1,1,1999,0,15,0,0,6,0,0,8,0,14
171296,2,1,1999,0,0,0,0,0,6,0,0,0,0
171297,1,1,1999,0,0,0,0,0,0,0,0,0,0
171297,2,1,1999,0,0,0,0,0,0,0,0,7,0
171298,1,1,1999,10,10,10,10,10,10,10,10,10,10
171298,2,1,1999,0,0,0,0,0,0,0,0,0,0
171299,1,1,1999,0,0,0,0,0,0,0,0,0,0
171299,2,1,1999,0,0,0,0,0,16,0,0,0,0
171300,0,1,1999,0,0,0,0,0,0,0,0,0,0
171300,1,1,1999,0,0,0,0,0,0,17,0,0,0
171302,0,1,1999,0,0,0,0,0,0,0,0,0,0
171302,1,1,1999,0,0,8,0,0,0,0,0,0,0
171303,1,1,1999,15,15,15,15,15,15,15,15,15,15
171303,2,1,1999,0,0,10,0,0,25,0,0,3,0
171304,1,1,1999,0,0,0,0,0,0,0,0,0,0
171305,1,1,1999,8,0,0,0,0,0,14,0,8,0
171305,2,1,1999,0,0,0,0,0,0,0,0,0,0
171306,0,1,1999,0,0,0,0,0,0,0,0,0,0
171306,1,1,1999,0,0,0,0,0,0,0,0,0,0
171307,0,1,1999,23,23,23,23,23,23,23,23,23,23
171307,1,1,1999,0,0,0,0,0,0,0,0,0,8
171308,1,1,1999,22,22,22,22,22,22,22,22,22,22
171308,2,1,1999,0,0,0,0,0,0,0,0,2,0
171309,1,1,1999,0,0,0,0,0,0,0,0,0,0
171309,2,1,1999,0,0,0,0,0,0,0,0,0,0
171310,0,1,1999,0,0,0,0,0,0,0,0,0,0
171310,1,1,1999,0,0,0,0,0,0,0,0,0,0
180001,0,1,1999,0,0,0,0,0,0,0,0,0,0
180001,1,1,1999,0,0,0,0,0,0,0,0,0,0
180002,1,1,1999,0,0,0,0,0,0,0,0,0,0
180003,1,1,1999,17,0,20,19,4,30,12,8,25,3
180004,1,1,1999,0,0,0,0,0,0,0,0,0,0
180005,1,1,1999,0,0,0,0,0,0,0,0,0,0
180006,1,1,1999,0,0,0,0,0,0,0,0,0,0
180006,2,1,1999,0,0,0,0,0,0,0,0,0,0
180007,1,1,1999,22,22,22,22,22,22,22,22,22,22
180007,2,1,1999,0,0,0,0,0,0,0,0,0,0
180008,0,1,1999,0,0,0,11,0,0,0,3,0,20
180008,1,1,1999,0,0,0,0,0,0,0,0,0,0
180009,1,1,1999,0,0,0,0,0,0,0,0,0,0
180009,2,1,1999,0,0,0,0,0,0,0,0,0,0
180010,1,1,1999,0,0,0,0,0,0,0,0,0,0
180010,2,1,1999,0,0,0,0,0,0,0,0,0,0
180011,1,1,1999,0,0,0,0,0,0,0,0,0,0
180011,2,1,1999,0,0,0,0,0,0,0,0,0,0
180012,0,1,1999,22,22,22,22,22,22,22,22,22,22
180012,1,1,1999,1,1,1,1,1,1,1,1,1,1
180013,1,1,1999,0,0,0,0,0,0,6,0,8,18
180014,1,1,1999,0,0,0,0,0,0,0,0,0,0
180014,2,1,1999,30,27,0,0,0,5,0,0,10,16
180015,1,1,1999,0,0,0,0,0,0,0,0,0,0
180015,2,1,1999,0,0,0,0,0,0,0,0,0,0
180016,1,1,1999,0,0,0,0,0,0,0,0,0,0
180016,2,1,1999,0,0,0,0,0,0,0,0,0,0
180017,1,1,1999,0,0,0,0,0,0,0,0,0,0
180018,1,1,1999,19,19,19,19,19,19,19,19,19,19
180019,0,1,1999,0,14,0,0,0,0,12,0,0,0
180019,1,1,1999,0,0,0,0,0,0,0,0,0,0
180020,1,1,1999,0,0,0,0,0,0,0,0,0,0
180020,2,1,1999,0,0,0,0,0,0,0,0,0,0
180021,1,1,1999,0,0,0,0,0,0,0,0,0,0
180021,2,1,1999,0,0,0,0,0,0,0,0,0,0
180022,1,1,1999,0,0,0,0,0,0,0,0,0,0
180022,2,1,1999,0,0,0,0,0,0,0,0,0,0
180023,1,1,1999,0,0,0,0,0,0,0,0,0,0
180023,2,1,1999,0,0,0,0,0,0,0,0,0,0
180024,1,1,1999,0,0,0,0,0,0,0,0,0,0
180024,2,1,1999,0,0,0,0,0,0,0,0,0,0
180025,1,1,1999,0,0,0,0,0,0,0,0,0,0
180025,2,1,1999,0,0,0,0,0,0,0,0,0,0
180026,1,1,1999,0,0,0,0,0,0,0,0,0,0
180027,1,1,1999,0,0,0,0,0,0,0,0,0,0
180027,2,1,1999,0,0,0,0,0,0,0,0,0,0
180028,1,1,1999,0,0,0,0,0,0,0,0,0,0
180028,2,1,1999,0,0,0,0,0,0,0,0,0,0
180029,1,1,1999,0,0,0,0,0,0,0,0,0,0
180029,2,1,1999,0,0,0,0,0,0,0,0,0,0
180030,1,1,1999,0,0,0,0,0,0,0,0,0,0
180030,2,1,1999,0,0,0,0,0,0,0,0,0,0
180030,3,1,1999,0,0,0,0,0,0,0,0,0,0
180031,0,1,1999,0,0,0,0,0,0,0,0,0,0
180031,1,1,1999,0,0,0,0,0,0,0,0,0,0
180032,1,1,1999,0,0,0,0,0,0,0,0,0,0
180032,2,1,1999,0,0,0,0,0,0,0,0,0,0
180033,1,1,1999,18,18,18,18,18,18,18,18,18,18
180033,2,1,1999,0,0,0,14,0,0,0,0,0,0
180034,1,1,1999,0,0,0,0,0,0,0,0,0,0
180034,2,1,1999,0,0,0,0,0,0,0,0,0,0
180035,1,1,1999,0,0,0,0,0,0,0,0,0,0
180036,1,1,1999,22,22,22,22,22,22,22,22,22,22
180037,0,1,1999,0,0,13,9,11,16,0,0,3,37
180037,1,1,1999,13,0,0,29,0,6,7,0,4,8
180038,1,1,1999,0,0,0,0,0,0,24,0,0,0
180039,1,1,1999,33,33,33,33,33,33,33,33,33,33
180040,1,1,1999,0,0,0,0,0,0,0,0,0,0
180041,1,1,1999,29,29,29,29,29,29,29,29,29,29
180041,2,1,1999,0,0,4,0,0,0,0,0,0,0
180042,1,1,1999,0,0,0,0,0,0,0,0,0,0
180043,1,1,1999,0,0,0,0,0,0,0,0,0,0
180043,2,1,1999,0,0,0,0,0,0,0,0,0,0
180044,1,1,1999,0,0,0,0,0,0,0,0,0,0
180045,1,1,1999,0,0,0,0,0,0,0,0,6,2
180046,1,1,1999,9,9,9,9,9,9,9,9,9,9
180047,1,1,1999,11,11,11,11,11,11,11,11,11,11
180048,1,1,1999,0,0,0,0,0,0,0,0,0,0
180048,2,1,1999,0,0,0,0,0,0,0,0,0,0
180049,1,1,1999,0,0,0,0,0,0,0,0,0,0
180049,2,1,1999,0,0,0,0,0,0,0,0,0,0
180050,0,1,1999,16,13,17,0,30,0,40,24,0,10
180050,1,1,1999,0,0,0,0,0,0,0,0,0,0
180051,1,1,1999,21,21,21,21,21,21,21,21,21,21
180052,1,1,1999,4,16,0,0,0,0,0,0,7,0
180053,1,1,1999,0,0,0,0,0,0,0,0,0,0
180054,1,1,1999,0,0,0,0,0,0,0,0,0,0
180055,1,1,1999,0,0,0,0,0,0,0,0,0,0
180055,2,1,1999,0,0,0,0,0,0,0,0,0,0
180056,1,1,1999,12,12,12,12,12,12,12,12,12,12
180057,1,1,1999,0,0,0,0,0,0,0,0,0,0
180058,1,1,1999,0,0,0,0,0,0,0,0,0,0
180058,2,1,1999,0,13,0,0,0,0,0,0,0,0
180059,0,1,1999,0,0,0,0,0,0,0,0,0,0
180059,1,1,1999,0,0,0,0,0,0,0,0,0,0
180060,1,1,1999,0,0,0,0,0,0,0,0,0,0
180060,2,1,1999,0,0,0,0,0,0,0,0,0,0
180061,1,1,1999,22,22,22,22,22,22,22,22,22,22
180061,2,1,1999,0,0,0,0,0,0,0,0,0,0
180062,1,1,1999,0,0,0,0,0,0,0,0,0,0
180063,1,1,1999,0,0,0,0,0,0,0,0,0,0
180063,2,1,1999,0,0,0,0,0,0,0,0,0,0
180064,1,1,1999,0,0,0,0,0,0,0,0,0,0
180064,2,1,1999,0,0,0,0,0,0,0,0,0,0
180065,1,1,1999,0,0,0,0,0,0,0,0,0,0
180065,2,1,1999,0,0,0,0,0,0,0,0,0,0
180066,1,1,1999,12,28,12,22,32,28,22,24,29,0
180067,1,1,1999,20,20,20,20,20,20,20,20,20,20
180068,1,1,1999,0,0,0,0,0,0,0,0,0,0
180069,1,1,1999,24,42,19,20,27,15,47,22,26,16
180070,1,1,1999,0,0,0,0,0,7,0,0,0,0
180070,2,1,1999,0,0,0,0,0,0,0,0,0,0
180071,1,1,1999,3,3,3,3,3,3,3,3,3,3
180072,1,1,1999,0,0,0,0,0,0,0,0,0,0
180073,1,1,1999,11,11,11,11,11,11,11,11,11,11
180074,1,1,1999,0,0,0,0,0,0,0,0,0,0
180074,2,1,1999,0,0,0,0,0,0,0,0,0,0
180074,3,1,1999,0,0,0,0,0,0,0,0,0,0
180075,1,1,1999,19,19,19,19,19,19,19,19,19,19
180075,2,1,1999,0,0,0,0,0,0,0,0,0,0
180076,1,1,1999,4,16,10,25,37,15,12,12,0,6
180077,1,1,1999,0,0,0,0,0,0,0,0,0,0
180077,2,1,1999,0,0,0,0,0,0,0,0,0,0
180078,1,1,1999,8,8,8,8,8,8,8,8,8,8
180079,1,1,1999,3,3,3,3,3,3,3,3,3,3
180080,1,1,1999,0,0,0,0,0,0,0,0,0,0
180080,2,1,1999,0,0,0,0,0,0,0,0,0,0
180081,1,1,1999,0,0,0,0,0,0,0,0,0,0
180082,0,1,1999,21,21,21,21,21,21,21,21,21,21
180082,1,1,1999,9,9,9,9,9,9,9,9,9,9
180083,0,1,1999,13,19,0,28,0,29,27,27,14,0
180083,1,1,1999,0,0,0,0,0,0,0,0,0,0
180084,1,1,1999,0,0,0,0,0,0,0,0,0,0
180085,1,1,1999,0,0,0,0,0,0,0,0,0,0
180086,1,1,1999,0,0,0,0,0,0,0,0,0,0
180087,1,1,1999,0,0,0,0,0,0,0,0,0,0
180087,2,1,1999,0,0,0,0,0,0,0,0,0,0
180088,1,1,1999,0,13,7,0,26,22,2,0,0,0
180089,1,1,1999,6,6,6,6,6,6,6,6,6,6
180090,1,1,1999,0,0,0,0,0,0,0,0,8,0
180091,1,1,1999,0,0,0,0,0,0,0,0,0,0
180092,0,1,1999,2,2,2,2,2,2,2,2,2,2
180092,1,1,1999,0,0,0,0,0,9,0,0,0,0
180093,1,1,1999,0,0,0,0,0,0,0,0,0,0
180094,1,1,1999,0,0,0,0,0,0,0,0,0,0
180094,2,1,1999,0,0,0,0,0,0,0,0,0,0
180095,1,1,1999,23,23,23,23,23,23,23,23,23,23
180096,1,1,1999,0,0,0,0,0,0,0,0,0,0
180096,2,1,1999,0,0,0,0,0,0,0,0,0,0
180097,1,1,1999,5,5,5,5,5,5,5,5,5,5
180098,1,1,1999,9,15,29,0,5,0,6,12,0,15
180098,2,1,1999,0,0,0,0,0,0,0,21,0,0
180099,1,1,1999,0,0,0,0,0,0,0,0,0,0
180099,2,1,1999,12,12,12,12,12,12,12,12,12,12
180100,1,1,1999,0,0,0,0,0,0,0,0,0,0
180100,2,1,1999,0,0,0,0,0,0,0,0,0,0
180101,1,1,1999,0,0,0,0,0,0,0,0,0,0
180102,1,1,1999,0,0,0,0,0,0,0,0,0,0
180103,1,1,1999,0,21,43,0,29,27,24,19,10,0