ST_CASE,VEH_NO,PER_NO,YEAR,P1,P2,P3,P4,P5,P6,P7,P8,P9,P10
180376,1,1,1999,0,0,0,0,0,0,0,0,0,0
180377,1,1,1999,0,0,0,0,0,0,0,0,0,0
180377,2,1,1999,0,0,0,0,0,0,0,0,0,0
180378,1,1,1999,28,23,8,0,7,8,18,20,10,8
180378,2,1,1999,0,0,0,0,0,0,0,0,12,0
180379,1,1,1999,23,23,23,23,23,23,23,23,23,23
180380,1,1,1999,12,12,12,12,12,12,12,12,12,12
180381,1,1,1999,0,0,0,0,0,0,0,0,0,0
180382,1,1,1999,16,16,16,16,16,16,16,16,16,16
180383,1,1,1999,16,16,16,16,16,16,16,16,16,16
180384,1,1,1999,0,0,0,0,0,0,0,0,0,0
180384,2,1,1999,0,0,0,0,0,0,0,0,0,16
180385,1,1,1999,19,19,19,19,19,19,19,19,19,19
180386,1,1,1999,0,0,0,0,0,0,0,0,0,0
180386,2,1,1999,0,0,0,0,0,0,0,0,0,0
180386,3,1,1999,0,0,0,0,0,0,0,0,0,0
180387,1,1,1999,0,0,0,0,0,0,0,0,0,0
180387,2,1,1999,0,0,0,0,0,0,0,0,0,0
180388,1,1,1999,23,23,23,23,23,23,23,23,23,23
180388,2,1,1999,0,0,0,0,0,0,0,0,0,0
180389,1,1,1999,0,0,0,0,0,0,0,0,0,0
180389,2,1,1999,0,0,0,0,0,0,0,0,0,0
180389,3,1,1999,0,0,0,0,0,0,0,0,0,0
180390,1,1,1999,29,29,29,29,29,29,29,29,29,29
180391,1,1,1999,0,0,0,0,0,0,0,0,0,0
180391,2,1,1999,4,4,4,4,4,4,4,4,4,4
180392,1,1,1999,6,6,6,6,6,6,6,6,6,6
180393,1,1,1999,0,0,0,0,0,0,0,7,0,0
180393,2,1,1999,0,0,0,0,0,0,0,0,0,0
180394,1,1,1999,17,17,17,17,17,17,17,17,17,17
180395,1,1,1999,0,0,0,0,12,0,14,17,0,0
180395,2,1,1999,13,13,13,13,13,13,13,13,13,13
180396,1,1,1999,8,22,0,0,14,21,17,8,0,17
180397,1,1,1999,0,0,0,0,0,0,0,0,0,0
180397,2,1,1999,0,0,0,0,0,0,0,0,0,0
180397,3,1,1999,0,0,0,0,0,0,0,0,0,0
180398,1,1,1999,0,0,0,0,0,0,0,0,0,0
180398,2,1,1999,13,13,13,13,13,13,13,13,13,13
180399,1,1,1999,0,0,0,0,0,0,0,0,0,0
180399,2,1,1999,0,0,14,0,0,0,0,0,0,0
180400,1,1,1999,0,0,0,0,0,0,0,0,0,0
180401,1,1,1999,0,0,0,0,0,0,0,0,0,0
180402,1,1,1999,0,0,0,0,0,0,0,0,0,0
180402,2,1,1999,0,0,0,0,0,0,0,0,0,0
180403,1,1,1999,1,1,1,1,1,1,1,1,1,1
180403,2,1,1999,0,0,0,0,0,0,0,0,0,0
180404,0,1,1999,0,0,0,0,0,0,42,0,0,0
180404,1,1,1999,22,0,20,0,0,0,0,0,0,0
180405,1,1,1999,19,19,19,19,19,19,19,19,19,19
180405,2,1,1999,0,0,0,0,0,0,0,0,0,0
180406,1,1,1999,0,0,0,0,0,0,0,0,0,0
180406,2,1,1999,0,0,0,0,0,0,0,0,0,0
180407,1,1,1999,8,8,8,8,8,8,8,8,8,8
180407,2,1,1999,0,0,0,0,0,0,0,0,0,0
180408,1,1,1999,0,0,0,0,0,0,0,0,0,0
180409,1,1,1999,0,7,5,0,0,0,0,0,0,0
180409,2,1,1999,0,0,0,0,0,0,0,0,0,0
180410,1,1,1999,0,0,0,0,0,0,0,0,0,0
180411,1,1,1999,12,12,12,12,12,12,12,12,12,12
180412,1,1,1999,0,0,0,0,0,0,0,0,0,0
180413,1,1,1999,14,14,14,14,14,14,14,14,14,14
180414,1,1,1999,0,0,0,0,0,0,0,0,0,0
180414,2,1,1999,0,0,0,0,0,0,0,0,0,0
180415,1,1,1999,0,0,0,0,0,0,0,0,0,0
180416,1,1,1999,29,29,29,29,29,29,29,29,29,29
180417,1,1,1999,32,32,32,32,32,32,32,32,32,32
180418,0,1,1999,0,0,0,5,0,0,0,0,0,0
180418,0,2,1999,0,0,19,10,0,3,0,18,0,0
180418,1,1,1999,0,0,0,0,0,0,0,0,0,0
180419,0,1,1999,0,0,14,15,14,11,0,0,19,0
180419,1,1,1999,0,0,0,0,0,0,0,0,0,0
180420,1,1,1999,0,0,0,0,0,0,0,0,0,0
180420,2,1,1999,0,0,0,0,0,0,0,0,0,0
180421,0,1,1999,0,0,0,0,0,0,0,0,0,0
180421,1,1,1999,0,0,0,0,0,0,0,0,0,0
180421,2,1,1999,0,0,0,0,0,0,0,0,0,0
180422,1,1,1999,0,0,0,0,0,0,0,0,0,0
180422,2,1,1999,0,0,0,0,0,0,0,0,0,0
180423,1,1,1999,0,0,0,0,0,0,0,0,0,0
180423,2,1,1999,0,0,0,0,0,0,0,0,0,0
180423,3,1,1999,0,0,0,0,0,0,0,0,0,0
180424,1,1,1999,0,0,0,0,0,0,0,0,0,0
180424,2,1,1999,0,0,0,0,0,0,0,0,0,0
180425,1,1,1999,0,0,0,0,0,0,0,0,0,0
180425,2,1,1999,0,0,0,0,0,0,0,0,0,0
180425,3,1,1999,0,22,0,0,0,0,0,0,0,0
180426,0,1,1999,0,0,0,0,0,0,0,17,0,0
180426,1,1,1999,13,13,13,13,13,13,13,13,13,13
180427,1,1,1999,0,0,0,0,0,0,0,0,0,0
180428,0,1,1999,21,21,21,21,21,21,21,21,21,21
180428,1,1,1999,21,21,21,21,21,21,21,21,21,21
180429,1,1,1999,0,0,0,0,0,0,0,0,0,0
180430,1,1,1999,0,0,0,0,0,0,0,0,0,0
180430,2,1,1999,0,0,0,0,0,0,0,0,0,0
180431,1,1,1999,22,22,22,22,22,22,22,22,22,22
180432,1,1,1999,18,18,18,18,18,18,18,18,18,18
180433,1,1,1999,0,0,0,0,0,0,0,0,0,0
180433,2,1,1999,0,0,0,0,0,0,0,0,0,0
180434,1,1,1999,11,11,11,11,11,11,11,11,11,11
180435,1,1,1999,0,0,0,0,0,0,0,39,0,0
180435,2,1,1999,0,0,0,0,0,0,0,0,0,0
180435,3,1,1999,0,0,0,0,0,0,0,0,0,0
180436,1,1,1999,14,14,14,14,14,14,14,14,14,14
180437,1,1,1999,0,0,0,0,0,0,0,0,0,0
180437,2,1,1999,0,0,0,0,0,0,0,0,0,0
180438,1,1,1999,0,0,0,0,0,0,0,0,0,0
180438,2,1,1999,0,0,0,0,0,0,0,0,0,0
180439,1,1,1999,0,0,0,0,0,0,0,0,0,0
180440,1,1,1999,0,0,0,0,0,0,0,0,0,0
180440,2,1,1999,20,20,20,20,20,20,20,20,20,20
180441,1,1,1999,0,0,0,0,0,0,0,0,0,0
180441,2,1,1999,0,0,0,0,0,0,0,0,0,0
180442,0,1,1999,33,0,0,0,24,37,27,36,0,25
180442,1,1,1999,0,0,0,0,0,0,0,0,0,0
180443,1,1,1999,26,26,26,26,26,26,26,26,26,26
180444,1,1,1999,0,0,0,0,0,0,0,0,0,0
180444,2,1,1999,0,0,0,0,0,0,0,0,0,0
180445,1,1,1999,0,0,0,0,0,0,0,0,0,0
180445,2,1,1999,0,0,0,0,0,0,0,0,0,0
180446,1,1,1999,0,0,0,0,0,0,0,0,0,0
180446,2,1,1999,0,0,0,0,0,0,0,0,0,0
180446,3,1,1999,0,0,0,0,0,0,0,0,0,0
180447,1,1,1999,31,31,31,31,31,31,31,31,31,31
180448,1,1,1999,13,13,13,13,13,13,13,13,13,13
180449,1,1,1999,19,19,19,19,19,19,19,19,19,19
180450,1,1,1999,19,19,19,19,19,19,19,19,19,19
180450,2,1,1999,0,0,0,0,0,0,0,0,0,0
180451,1,1,1999,18,18,18,18,18,18,18,18,18,18
180451,2,1,1999,0,0,0,0,0,0,0,0,0,0
180452,1,1,1999,0,0,0,0,0,0,0,16,0,0
180452,2,1,1999,0,0,0,0,0,0,0,0,0,0
180453,1,1,1999,0,0,0,0,0,0,0,0,0,0
180453,2,1,1999,0,0,0,0,0,0,0,0,0,0
180454,0,1,1999,0,0,13,0,0,0,0,0,0,26
180454,1,1,1999,0,0,0,0,0,0,0,0,0,0
180455,1,1,1999,15,15,15,15,15,15,15,15,15,15
180456,1,1,1999,14,14,14,14,14,14,14,14,14,14
180456,2,1,1999,0,0,0,0,0,0,0,0,0,0
180457,0,1,1999,0,28,19,0,24,0,0,0,0,0
180457,1,1,1999,8,8,8,8,8,8,8,8,8,8
180458,1,1,1999,33,19,17,21,14,20,13,7,19,7
180459,1,1,1999,0,0,0,0,0,0,0,0,0,0
180459,2,1,1999,0,0,0,0,0,0,0,0,0,0
180460,1,1,1999,0,0,0,0,0,0,0,0,0,0
180460,2,1,1999,0,0,12,5,7,2,0,0,0,0
180461,1,1,1999,0,0,0,0,0,0,0,0,0,0
180462,1,1,1999,6,6,6,6,6,6,6,6,6,6
180463,1,1,1999,31,11,0,0,0,9,35,8,18,29
180464,1,1,1999,12,12,12,12,12,12,12,12,12,12
180465,1,1,1999,0,0,0,0,0,0,0,0,0,0
180465,2,1,1999,0,0,0,0,0,0,0,0,0,0
180466,1,1,1999,7,0,0,0,0,0,0,0,0,0
180466,2,1,1999,0,0,0,0,0,0,0,0,0,0
180467,1,1,1999,0,0,0,0,0,0,0,0,0,0
180467,2,1,1999,0,0,0,0,0,0,0,0,0,0
180468,1,1,1999,0,0,0,0,0,0,0,0,0,0
180468,2,1,1999,0,0,0,0,0,0,0,0,0,0
180469,1,1,1999,0,0,0,0,0,0,0,0,0,0
180469,2,1,1999,0,0,0,0,0,0,0,0,0,0
180470,1,1,1999,0,0,0,0,0,0,0,0,0,0
180470,2,1,1999,0,0,0,0,0,0,0,0,0,0
180471,1,1,1999,0,0,0,0,0,0,0,0,0,0
180472,1,1,1999,15,15,15,15,15,15,15,15,15,15
180473,1,1,1999,0,0,0,0,0,0,0,0,0,0
180473,2,1,1999,0,0,0,0,2,0,0,0,9,0
180474,1,1,1999,0,0,0,0,0,0,0,0,0,0
180475,1,1,1999,16,16,16,16,16,16,16,16,16,16
180476,1,1,1999,0,0,0,0,0,0,0,0,0,0
180476,2,1,1999,0,0,0,0,0,0,0,0,0,0
180477,1,1,1999,21,21,21,21,21,21,21,21,21,21
180478,1,1,1999,0,0,0,0,0,0,0,0,0,0
180479,1,1,1999,13,0,32,8,0,19,29,21,0,21
180480,0,1,1999,0,0,0,0,0,0,0,0,0,0
180480,1,1,1999,0,0,0,6,0,0,0,0,0,0
180481,1,1,1999,16,16,16,16,16,16,16,16,16,16
180481,2,1,1999,0,0,0,0,0,0,0,0,0,0
180482,1,1,1999,4,4,4,4,4,4,4,4,4,4
180482,2,1,1999,0,0,0,0,0,0,0,0,0,0
180483,1,1,1999,0,0,0,0,0,0,0,0,0,0
180483,2,1,1999,0,0,0,0,0,0,0,0,0,0
180484,1,1,1999,0,0,0,0,0,0,0,0,0,0
180485,0,1,1999,0,0,0,0,0,0,0,0,0,0
180485,1,1,1999,0,0,0,0,0,0,0,0,0,0
180486,1,1,1999,0,0,0,0,0,0,0,0,0,0
180487,1,1,1999,26,26,26,26,26,26,26,26,26,26
180488,1,1,1999,0,0,0,0,0,0,0,0,0,0
180488,2,1,1999,0,0,0,0,0,0,0,0,0,0
180489,1,1,1999,0,0,0,0,0,0,0,0,0,0
180489,2,1,1999,0,0,0,0,0,0,0,0,0,0
180489,3,1,1999,0,0,0,0,0,0,0,0,0,0
180490,1,1,1999,0,0,0,0,0,0,0,0,0,0
180491,1,1,1999,30,30,30,30,30,30,30,30,30,30
180491,2,1,1999,0,0,0,0,0,0,0,0,0,0
180492,1,1,1999,14,14,14,14,14,14,14,14,14,14
180492,2,1,1999,0,0,0,0,0,0,0,0,0,0
180493,1,1,1999,0,0,0,0,0,0,0,0,0,0
180493,2,1,1999,0,0,0,0,0,0,0,0,0,0
180494,1,1,1999,27,27,27,27,27,27,27,27,27,27
180494,2,1,1999,0,0,0,0,0,0,0,0,0,0
180495,1,1,1999,22,22,22,22,22,22,22,22,22,22
180496,1,1,1999,0,0,0,0,0,0,0,0,0,0
180497,1,1,1999,25,25,25,25,25,25,25,25,25,25
180498,1,1,1999,0,0,0,0,0,0,0,0,0,0
180498,2,1,1999,0,0,0,0,0,0,0,0,0,0
180499,1,1,1999,0,0,0,0,0,0,0,0,0,0
180499,2,1,1999,0,0,0,0,0,0,0,0,0,0
180500,0,1,1999,0,0,0,0,0,0,14,0,0,0
180500,1,1,1999,0,0,0,0,0,0,0,0,0,0
180501,1,1,1999,0,0,0,0,0,0,0,0,0,0
180501,2,1,1999,0,0,0,0,0,0,0,0,0,0
180502,1,1,1999,0,0,0,0,0,0,0,0,0,0
180502,2,1,1999,0,0,0,0,0,0,0,0,0,0
180503,1,1,1999,0,0,0,0,0,0,0,0,0,0
180503,2,1,1999,0,0,0,0,0,0,0,0,0,0
180503,3,1,1999,0,0,0,0,0,0,0,0,0,0
180503,4,1,1999,0,12,0,0,0,14,0,0,0,0
180504,1,1,1999,12,15,7,0,28,26,20,15,16,27
180504,2,1,1999,0,0,0,0,0,17,0,0,0,0
180505,1,1,1999,0,0,0,0,0,0,0,0,0,0
180506,1,1,1999,0,0,0,0,0,0,0,0,0,0
180506,2,1,1999,0,0,0,0,0,0,0,0,0,0
180507,1,1,1999,22,22,22,22,22,22,22,22,22,22
180508,1,1,1999,0,0,0,0,0,0,0,0,0,0
180508,2,1,1999,0,0,0,0,0,0,0,0,0,0
180509,1,1,1999,0,0,0,0,0,0,0,0,0,0
180509,2,1,1999,0,0,0,0,0,0,0,0,0,0
180510,1,1,1999,0,0,0,0,0,0,0,0,0,0
180510,2,1,1999,0,0,0,0,0,0,0,0,0,0
180511,1,1,1999,0,0,0,0,0,0,0,0,0,0
180512,1,1,1999,0,0,0,0,0,0,0,0,0,0
180512,2,1,1999,0,0,0,0,0,0,0,0,0,0
180513,1,1,1999,0,0,0,0,0,0,0,0,0,0
180513,2,1,1999,0,0,0,0,0,0,0,0,0,0
180514,1,1,1999,0,0,13,0,0,4,0,0,0,0
180515,1,1,1999,16,16,16,16,16,16,16,16,16,16
180516,1,1,1999,15,15,15,15,15,15,15,15,15,15
180517,1,1,1999,0,0,0,0,0,0,0,0,0,0
180517,2,1,1999,0,0,0,0,0,0,0,0,0,0
180517,3,1,1999,0,0,0,0,0,0,0,0,0,0
180518,0,1,1999,0,0,27,24,17,12,0,0,0,15
180518,1,1,1999,23,17,6,16,29,22,29,16,16,14
180519,1,1,1999,11,11,11,11,11,11,11,11,11,11
180519,2,1,1999,11,11,11,11,11,11,11,11,11,11
180520,1,1,1999,0,0,0,0,0,0,0,0,0,0
180520,2,1,1999,0,0,0,0,0,0,0,0,0,0
180521,1,1,1999,0,0,0,0,0,0,0,0,0,0
180521,2,1,1999,0,0,0,0,0,0,0,0,0,0
180522,1,1,1999,26,26,26,26,26,26,26,26,26,26
180522,2,1,1999,0,0,0,0,0,0,0,0,0,0
180523,1,1,1999,0,0,0,2,0,12,0,0,0,0
180523,2,1,1999,0,0,0,0,0,0,0,0,0,0
180524,1,1,1999,15,8,9,20,5,9,14,20,38,7
180525,1,1,1999,0,0,0,0,0,0,0,0,0,0
180525,2,1,1999,0,0,0,0,0,0,0,0,0,0
180526,1,1,1999,0,0,0,0,0,0,0,0,0,0
180526,2,1,1999,0,0,0,0,0,0,0,0,0,0
180527,1,1,1999,7,0,11,0,19,0,0,0,19,0
180528,1,1,1999,6,6,6,6,6,6,6,6,6,6
180529,1,1,1999,19,19,19,19,19,19,19,19,19,19
180530,1,1,1999,0,0,0,0,0,0,0,0,0,0
180530,2,1,1999,0,0,0,0,0,0,0,0,0,0
180531,1,1,1999,0,0,0,0,0,0,0,0,0,0
180531,2,1,1999,0,0,0,0,0,0,0,0,0,0
180531,3,1,1999,0,0,0,0,0,0,0,0,0,0
180531,4,1,1999,0,0,0,0,0,0,0,0,0,0
180532,1,1,1999,16,0,13,23,31,23,26,0,22,20
180534,1,1,1999,0,23,14,37,19,8,25,28,12,21
180535,0,1,1999,44,44,44,44,44,44,44,44,44,44
180535,1,1,1999,0,0,0,0,0,0,0,0,0,0
180536,1,1,1999,0,0,0,0,0,0,0,0,0,0
180536,2,1,1999,0,0,0,0,0,0,0,0,0,0
180537,1,1,1999,0,0,0,0,0,46,0,0,0,0
180538,1,1,1999,0,0,0,0,0,0,0,0,0,0
180538,2,1,1999,0,0,0,0,0,0,0,0,0,0
180538,3,1,1999,0,0,0,0,0,0,0,0,0,0
180539,1,1,1999,0,0,0,0,0,0,0,0,0,0
180539,2,1,1999,0,0,0,0,0,0,0,0,0,0
180540,0,1,1999,0,0,0,0,0,0,0,19,0,11
180540,1,1,1999,0,0,0,0,0,0,0,0,0,0
180541,1,1,1999,0,0,0,0,0,0,0,0,0,0
180541,2,1,1999,0,0,0,0,0,0,0,0,0,0
180541,3,1,1999,0,0,0,0,0,0,0,0,0,0
180542,1,1,1999,0,0,0,0,0,0,0,0,0,0
180543,1,1,1999,0,0,0,0,0,0,0,0,0,0
180543,2,1,1999,0,0,0,0,0,0,0,0,0,0
180544,0,1,1999,2,2,2,2,2,2,2,2,2,2
180544,1,1,1999,0,0,0,0,0,0,0,0,0,0
180545,1,1,1999,0,0,0,0,0,0,0,0,0,0
180545,2,1,1999,0,0,0,0,0,0,0,0,0,0
180546,1,1,1999,0,0,0,0,0,0,0,0,0,0
180546,2,1,1999,0,0,0,0,0,0,0,0,0,0
180547,1,1,1999,19,19,19,19,19,19,19,19,19,19
180548,1,1,1999,0,0,0,0,0,0,0,0,0,0
180548,2,1,1999,0,0,0,0,0,21,0,0,0,0
180549,1,1,1999,0,0,0,0,0,0,0,0,0,0
180549,2,1,1999,0,0,0,0,0,0,0,0,0,0
180550,1,1,1999,18,18,18,18,18,18,18,18,18,18
180550,2,1,1999,0,0,0,0,0,0,0,0,0,0
180551,1,1,1999,0,0,0,0,0,0,0,0,0,0
180551,2,1,1999,6,0,0,0,0,0,0,0,0,0
180552,1,1,1999,0,0,0,0,0,0,0,0,0,0
180552,2,1,1999,0,0,0,0,0,0,0,0,0,0
180553,1,1,1999,0,0,0,0,0,0,0,0,0,0
180554,1,1,1999,0,0,0,0,0,0,0,0,0,0
180555,1,1,1999,7,7,7,7,7,7,7,7,7,7
180555,2,1,1999,0,0,0,0,0,0,2,0,0,0
180556,1,1,1999,1,1,1,1,1,1,1,1,1,1
180556,2,1,1999,1,1,1,1,1,1,1,1,1,1
180557,1,1,1999,8,0,0,0,6,0,0,7,0,0
180557,2,1,1999,0,0,0,0,0,0,0,0,0,0
180558,1,1,1999,0,0,0,0,0,0,0,0,0,0
180558,2,1,1999,5,5,5,5,5,5,5,5,5,5
180559,1,1,1999,0,0,0,0,0,0,0,0,0,0
180559,2,1,1999,0,0,0,0,23,0,0,0,0,8
180560,1,1,1999,0,24,25,16,12,22,10,12,26,19
180561,1,1,1999,0,0,0,0,0,0,0,0,0,0
180561,2,1,1999,0,14,0,0,0,0,0,0,0,12
180561,3,1,1999,0,0,0,0,0,0,0,0,0,0
180562,1,1,1999,31,31,31,31,31,31,31,31,31,31
180563,1,1,1999,0,0,0,0,0,0,0,0,0,0
180563,2,1,1999,0,0,0,0,0,0,0,0,0,0
180564,1,1,1999,0,0,0,0,0,0,0,0,0,0
180564,2,1,1999,0,0,0,0,0,0,0,0,0,0
180565,1,1,1999,26,26,26,26,26,26,26,26,26,26
180566,1,1,1999,0,0,0,0,0,0,0,0,0,0
180566,2,1,1999,0,0,0,0,0,0,0,0,0,0
180567,0,1,1999,0,0,0,0,0,0,0,0,0,0
180567,1,1,1999,0,0,0,0,0,0,0,0,0,0
180568,1,1,1999,0,0,0,0,0,0,0,0,0,0
180568,2,1,1999,0,0,0,0,0,0,0,0,0,0
180568,3,1,1999,27,27,27,27,27,27,27,27,27,27
180569,1,1,1999,0,0,0,0,0,0,0,0,0,0
180570,1,1,1999,0,0,0,0,0,0,0,0,0,0
180570,2,1,1999,0,0,0,0,0,0,0,0,0,0
180571,1,1,1999,0,0,0,0,0,0,0,0,0,0
180571,2,1,1999,0,0,0,0,0,0,0,0,0,0
180572,1,1,1999,0,0,0,0,0,0,0,0,0,0
180572,2,1,1999,0,0,0,0,0,0,0,0,0,0
180572,3,1,1999,0,0,0,0,0,0,0,0,0,0
180573,1,1,1999,0,0,0,0,0,0,0,13,0,0
180573,2,1,1999,0,0,0,0,0,0,0,0,0,0
180574,1,1,1999,20,20,20,20,20,20,20,20,20,20
180575,1,1,1999,0,0,0,0,0,0,0,0,0,0
180575,2,1,1999,0,0,0,0,0,0,0,0,0,0
180576,1,1,1999,0,0,0,0,0,0,0,0,0,0
180576,2,1,1999,0,0,0,0,0,0,0,0,0,0
180577,1,1,1999,23,23,23,23,23,23,23,23,23,23
180577,2,1,1999,0,0,0,0,0,0,0,0,0,0
180578,1,1,1999,0,0,0,0,0,0,0,0,0,0
180579,1,1,1999,0,0,0,0,0,0,0,0,0,0
180579,2,1,1999,0,0,0,0,0,0,0,0,0,0
180580,0,1,1999,0,0,0,0,0,0,0,0,0,0
180580,1,1,1999,0,0,0,0,0,0,0,0,0,0
180581,1,1,1999,23,23,23,23,23,23,23,23,23,23
180582,1,1,1999,0,0,0,0,0,0,0,0,0,0
180582,2,1,1999,0,0,0,0,0,0,0,0,0,0
180583,1,1,1999,22,22,22,22,22,22,22,22,22,22
180584,1,1,1999,0,0,0,0,0,0,0,0,0,0
180584,2,1,1999,0,0,0,0,0,0,0,0,0,0
180584,3,1,1999,0,0,0,0,0,0,0,0,0,0
180585,1,1,1999,0,0,0,0,0,0,0,0,0,0
180586,1,1,1999,0,0,0,0,0,0,0,0,0,0
180587,1,1,1999,0,0,0,0,0,0,16,0,0,0
180587,2,1,1999,0,0,0,0,0,0,0,0,0,0
180587,3,1,1999,0,0,0,0,0,0,0,20,0,0
180588,1,1,1999,0,0,0,0,0,0,0,0,0,0
180589,1,1,1999,13,13,13,13,13,13,13,13,13,13
180590,1,1,1999,16,16,16,16,16,16,16,16,16,16
180591,1,1,1999,5,5,5,5,5,5,5,5,5,5
180591,2,1,1999,0,0,0,0,0,0,0,0,0,0
180592,1,1,1999,24,24,24,24,24,24,24,24,24,24
180593,1,1,1999,0,0,0,0,0,0,0,0,0,0
180593,2,1,1999,0,0,0,0,0,0,0,0,0,0
180594,1,1,1999,0,0,0,0,0,0,0,0,0,0
180595,1,1,1999,0,0,0,0,0,0,0,0,0,0
180595,2,1,1999,0,0,0,0,0,0,0,0,0,0
180596,1,1,1999,0,0,0,0,0,0,0,0,0,0
180596,2,1,1999,0,0,0,0,0,0,0,0,0,0
180596,3,1,1999,0,0,0,0,0,0,0,0,0,0
180596,4,1,1999,0,0,0,0,0,0,0,0,0,0
180596,5,1,1999,0,0,0,0,0,0,0,0,0,0
180596,6,1,1999,0,0,0,0,0,0,0,0,0,0
180596,7,1,1999,0,0,0,0,0,0,0,0,0,0
180597,1,1,1999,19,19,19,19,19,19,19,19,19,19
180598,1,1,1999,6,6,6,6,6,6,6,6,6,6
180599,1,1,1999,0,0,0,0,0,0,0,0,0,0
180600,1,1,1999,0,0,0,0,0,0,0,0,0,0
180600,2,1,1999,0,0,0,0,0,0,0,0,0,0
180601,1,1,1999,4,4,4,4,4,4,4,4,4,4
180602,1,1,1999,17,17,17,17,17,17,17,17,17,17
180602,2,1,1999,0,0,0,0,0,0,0,0,0,0
180603,0,1,1999,0,0,0,0,0,0,0,0,0,0
180603,1,1,1999,0,0,0,0,0,0,0,0,0,0
180604,1,1,1999,16,16,16,16,16,16,16,16,16,16
180605,1,1,1999,0,0,0,0,0,0,0,0,0,0
180606,1,1,1999,0,0,0,0,0,0,0,0,0,0
180607,1,1,1999,17,17,17,17,17,17,17,17,17,17
180607,2,1,1999,0,0,0,0,0,0,0,0,0,0
180608,1,1,1999,0,0,0,0,0,0,0,0,0,0
180609,1,1,1999,0,0,0,0,0,0,0,0,0,0
180609,2,1,1999,0,0,0,0,0,0,0,0,0,0
180610,1,1,1999,0,0,0,0,0,0,0,0,0,0
180611,0,1,1999,0,21,0,0,0,0,0,0,0,0
180611,1,1,1999,0,0,0,0,0,0,0,0,0,0
180612,1,1,1999,0,0,0,0,0,0,0,0,0,0
180613,1,1,1999,0,0,0,0,0,0,0,0,0,0
180614,1,1,1999,0,0,0,0,0,0,7,0,0,0
180615,1,1,1999,0,0,0,0,0,0,0,0,0,0
180616,0,1,1999,0,0,0,0,0,0,0,0,0,0
180616,1,1,1999,0,0,0,0,0,0,0,0,0,0
180618,1,1,1999,12,12,12,12,12,12,12,12,12,12
180619,1,1,1999,7,7,7,7,7,7,7,7,7,7
180620,1,1,1999,22,22,22,22,22,22,22,22,22,22
180621,1,1,1999,24,24,24,24,24,24,24,24,24,24
180622,0,1,1999,10,0,0,0,0,0,0,0,0,0
180622,1,1,1999,0,0,0,0,0,0,0,0,0,0
180623,0,1,1999,34,34,34,34,34,34,34,34,34,34
180623,1,1,1999,0,0,0,0,10,0,0,0,0,0
180624,1,1,1999,19,19,19,19,19,19,19,19,19,19
180625,1,1,1999,22,22,22,22,22,22,22,22,22,22
180626,1,1,1999,0,0,3,8,16,0,9,0,24,23
180627,1,1,1999,16,16,16,16,16,16,16,16,16,16
180628,1,1,1999,1,1,1,1,1,1,1,1,1,1
180629,1,1,1999,0,0,0,0,0,0,0,0,0,0
180629,2,1,1999,0,0,0,0,0,0,0,0,0,0
180630,0,1,1999,39,39,39,39,39,39,39,39,39,39
180630,1,1,1999,0,0,0,0,0,0,0,0,0,0
180631,1,1,1999,0,0,0,0,0,0,0,13,0,0
180631,2,1,1999,0,0,0,0,0,0,0,0,0,0
180632,1,1,1999,0,0,0,0,0,0,0,0,0,0
180633,1,1,1999,0,0,0,0,0,0,0,0,0,0
180633,2,1,1999,0,0,0,0,0,0,0,0,0,0
180634,0,1,1999,0,0,0,0,0,0,0,0,0,0
180634,1,1,1999,0,0,0,0,0,0,0,0,0,0
180635,1,1,1999,14,11,21,29,15,20,14,9,12,23
180636,1,1,1999,0,0,0,0,0,0,0,0,0,0
180636,2,1,1999,0,0,0,0,0,0,0,0,0,0
180637,1,1,1999,0,0,0,0,0,0,0,0,0,0
180637,2,1,1999,0,0,0,0,0,0,0,0,0,0
180638,1,1,1999,0,0,0,0,0,0,0,0,0,0
180638,2,1,1999,0,0,0,0,0,0,0,0,0,0
180639,1,1,1999,23,23,23,23,23,23,23,23,23,23
180639,2,1,1999,0,0,0,0,0,0,0,0,0,0
180640,0,1,1999,0,0,0,0,0,0,0,0,0,0
180640,1,1,1999,0,0,0,0,0,0,0,0,0,0
180641,1,1,1999,0,0,0,0,0,0,0,17,0,0
180642,1,1,1999,20,20,20,20,20,20,20,20,20,20
180643,0,1,1999,0,0,0,0,0,0,0,0,0,0
180643,1,1,1999,0,0,0,0,0,0,0,0,0,0
180644,1,1,1999,5,5,5,5,5,5,5,5,5,5
180645,1,1,1999,0,0,0,0,0,0,0,0,0,0
180646,1,1,1999,0,0,0,0,0,0,0,0,0,0
180646,2,1,1999,0,0,0,0,0,0,0,0,0,0
180646,3,1,1999,0,0,0,0,13,0,0,8,0,0
180647,1,1,1999,4,4,4,4,4,4,4,4,4,4
180648,1,1,1999,11,15,10,18,30,6,11,0,11,8
180649,1,1,1999,18,18,18,18,18,18,18,18,18,18
180650,1,1,1999,16,16,16,16,16,16,16,16,16,16
180651,1,1,1999,0,0,0,0,0,0,0,0,0,0
180651,2,1,1999,0,0,0,0,0,0,0,0,0,0
180652,0,1,1999,14,0,0,24,0,0,0,30,12,15