ST_CASE,VEH_NO,PER_NO,YEAR,P1,P2,P3,P4,P5,P6,P7,P8,P9,P10
180652,1,1,1999,0,0,0,0,0,0,0,0,0,0
180653,1,1,1999,28,28,28,28,28,28,28,28,28,28
180654,1,1,1999,0,0,0,0,0,0,0,0,0,0
180654,2,1,1999,0,0,0,0,0,0,0,0,0,0
180655,1,1,1999,0,0,0,0,18,33,0,0,0,0
180656,0,1,1999,23,19,21,0,29,9,0,29,0,0
180656,1,1,1999,0,0,0,0,0,0,0,0,0,0
180657,1,1,1999,0,0,0,0,0,0,0,0,0,0
180658,1,1,1999,0,0,0,0,0,0,0,0,0,0
180658,2,1,1999,0,0,0,0,0,0,0,0,0,0
180659,1,1,1999,0,0,0,0,0,0,0,0,0,0
180659,2,1,1999,0,0,0,0,0,0,0,0,0,0
180660,1,1,1999,0,0,0,20,13,0,0,0,0,8
180661,1,1,1999,0,0,0,0,0,0,0,0,0,0
180661,2,1,1999,0,0,0,0,0,0,0,0,0,0
180662,1,1,1999,23,0,0,0,0,14,0,0,0,0
180662,2,1,1999,0,0,0,0,0,0,0,0,0,0
180663,1,1,1999,0,0,0,0,0,0,0,0,0,0
180663,2,1,1999,0,0,0,0,0,0,0,0,0,0
180664,1,1,1999,17,17,17,17,17,17,17,17,17,17
180665,1,1,1999,0,0,0,0,0,0,0,0,0,0
180665,2,1,1999,0,0,0,0,0,0,0,0,0,0
180666,1,1,1999,0,0,0,0,0,0,0,0,0,0
180667,1,1,1999,15,15,15,15,15,15,15,15,15,15
180668,1,1,1999,0,0,0,0,0,0,0,0,0,0
180668,2,1,1999,0,0,0,0,0,0,0,0,0,0
180669,1,1,1999,16,16,16,16,16,16,16,16,16,16
180670,1,1,1999,31,31,31,31,31,31,31,31,31,31
180671,1,1,1999,0,0,0,0,0,0,0,0,0,0
180671,2,1,1999,0,0,0,0,0,0,0,0,0,0
180671,3,1,1999,0,0,0,0,0,0,0,0,0,0
180672,1,1,1999,25,25,25,25,25,25,25,25,25,25
180673,1,1,1999,17,29,17,19,22,29,28,15,15,15
180673,2,1,1999,0,0,0,0,0,0,0,0,0,0
180673,3,1,1999,0,0,0,0,0,0,0,0,0,0
180674,1,1,1999,0,0,0,0,0,0,0,0,0,0
180674,2,1,1999,0,0,0,0,0,0,0,0,0,0
180675,1,1,1999,9,9,9,9,9,9,9,9,9,9
180676,1,1,1999,0,0,0,0,0,0,0,0,0,0
180676,2,1,1999,17,0,0,3,0,0,0,0,0,0
180677,1,1,1999,0,0,0,0,0,0,0,0,0,0
180677,2,1,1999,0,0,0,0,0,0,0,0,0,0
180677,3,1,1999,0,0,0,0,0,0,0,0,0,0
180678,1,1,1999,0,0,0,0,0,0,0,0,0,0
180678,2,1,1999,0,0,0,0,0,0,0,0,0,0
180679,1,1,1999,18,18,18,18,18,18,18,18,18,18
180680,1,1,1999,10,17,9,18,20,19,11,13,24,40
180681,1,1,1999,0,0,0,0,0,0,0,0,0,0
180682,1,1,1999,0,0,0,0,0,0,0,0,0,0
180682,2,1,1999,17,14,0,0,0,0,8,11,0,0
180683,1,1,1999,0,0,0,0,0,0,0,0,0,0
180683,2,1,1999,0,0,0,0,0,0,0,0,0,0
180684,1,1,1999,16,16,16,16,16,16,16,16,16,16
180685,1,1,1999,0,0,0,0,0,21,14,23,0,0
180686,1,1,1999,10,10,10,10,10,10,10,10,10,10
180687,1,1,1999,0,0,0,0,0,0,0,0,0,0
180687,2,1,1999,0,0,0,0,0,0,0,0,0,0
180688,1,1,1999,0,0,0,0,0,0,0,0,0,0
180689,1,1,1999,0,0,0,0,0,0,0,0,0,0
180689,2,1,1999,0,0,0,0,0,0,0,0,0,0
180690,1,1,1999,0,0,0,0,0,0,0,0,0,0
180690,2,1,1999,0,0,0,0,0,0,0,0,0,0
180691,1,1,1999,0,0,0,0,0,0,0,0,0,0
180691,2,1,1999,0,0,0,0,0,0,0,0,0,0
180692,1,1,1999,0,0,0,0,0,0,0,0,0,0
180692,2,1,1999,0,0,0,0,0,0,0,0,0,0
180693,1,1,1999,0,0,0,0,0,0,0,0,0,0
180693,2,1,1999,0,0,0,0,0,0,0,0,0,0
180694,1,1,1999,0,19,0,0,0,11,0,0,0,0
180695,1,1,1999,0,0,0,0,0,0,0,0,0,0
180696,1,1,1999,14,14,14,14,14,14,14,14,14,14
180697,1,1,1999,13,0,0,0,0,0,6,18,0,0
180697,2,1,1999,0,0,0,0,0,0,0,0,0,0
180698,1,1,1999,10,10,10,10,10,10,10,10,10,10
180698,2,1,1999,0,0,0,0,0,0,0,0,0,0
180699,0,1,1999,0,0,0,0,0,0,0,0,0,0
180699,1,1,1999,0,0,0,0,0,0,0,0,0,0
180700,1,1,1999,0,0,0,0,0,0,0,0,0,0
180700,2,1,1999,0,0,0,0,0,0,0,0,0,0
180701,1,1,1999,0,0,0,6,0,0,0,0,0,0
180701,2,1,1999,0,0,0,0,0,0,0,0,0,0
180702,1,1,1999,0,0,0,0,0,0,0,0,0,0
180702,2,1,1999,0,0,0,0,0,0,0,0,0,0
180703,1,1,1999,0,12,0,0,6,0,0,0,17,0
180704,1,1,1999,0,0,0,0,0,0,0,0,0,0
180705,1,1,1999,0,0,0,0,0,0,0,0,0,0
180705,2,1,1999,0,0,0,0,0,0,0,0,0,0
180706,0,1,1999,0,20,18,0,21,0,0,0,34,13
180706,1,1,1999,0,5,10,0,22,22,27,32,21,24
180707,1,1,1999,0,0,0,0,0,0,0,0,0,0
180707,2,1,1999,0,0,0,0,0,0,0,0,0,0
180708,1,1,1999,0,0,0,0,0,0,0,0,0,0
180708,2,1,1999,0,0,0,0,0,0,0,0,0,0
180709,1,1,1999,23,23,23,23,23,23,23,23,23,23
180711,1,1,1999,0,0,0,0,0,0,0,0,0,0
180711,2,1,1999,0,0,0,0,0,0,0,0,0,0
180712,1,1,1999,0,0,0,0,0,0,0,0,0,0
180712,2,1,1999,0,0,0,0,0,0,0,0,0,0
180713,1,1,1999,19,22,29,0,20,13,17,0,12,19
180714,1,1,1999,0,0,0,0,0,0,0,0,0,0
180714,2,1,1999,0,0,0,0,0,0,0,0,0,0
180715,1,1,1999,0,0,0,0,0,0,0,0,0,0
180715,2,1,1999,0,0,0,0,0,0,0,0,0,0
180716,0,1,1999,0,7,21,0,0,0,21,9,0,0
180716,1,1,1999,0,0,0,0,0,0,0,0,0,0
180717,1,1,1999,0,0,0,0,0,0,0,0,0,0
180717,2,1,1999,0,0,0,0,0,0,0,0,0,0
180718,1,1,1999,0,0,0,0,0,0,0,0,0,0
180719,1,1,1999,0,0,0,0,0,0,0,0,0,0
180719,2,1,1999,0,0,0,0,0,0,0,0,0,0
180720,1,1,1999,0,0,0,0,0,0,0,0,0,0
180721,1,2,1999,30,11,17,20,26,32,0,43,21,32
180722,1,1,1999,22,22,22,22,22,22,22,22,22,22
180723,1,1,1999,0,0,0,0,0,0,0,0,0,0
180723,2,1,1999,0,0,0,0,0,0,0,0,0,0
180724,1,1,1999,0,0,0,0,0,0,0,0,0,0
180725,1,1,1999,0,0,0,0,0,0,0,0,0,0
180725,2,3,1999,0,0,0,0,0,0,0,0,0,0
180726,1,1,1999,0,0,0,0,0,0,0,0,8,0
180727,1,1,1999,0,0,0,0,0,0,0,0,0,0
180727,2,1,1999,7,7,7,7,7,7,7,7,7,7
180728,0,1,1999,58,19,28,0,0,0,27,27,26,10
180728,1,1,1999,0,0,0,0,0,0,0,0,0,0
180729,1,1,1999,0,0,0,0,0,0,0,0,0,0
180730,1,1,1999,0,0,0,0,0,0,0,0,0,0
180730,2,1,1999,0,0,0,0,0,0,0,0,0,0
180731,1,1,1999,0,0,0,0,0,0,0,0,0,0
180731,2,1,1999,0,0,18,0,0,0,0,0,0,0
180731,3,1,1999,0,0,0,0,0,0,0,0,0,0
180732,1,1,1999,6,6,6,6,6,6,6,6,6,6
180733,1,1,1999,0,0,0,0,0,0,0,0,0,0
180734,1,1,1999,22,22,22,22,22,22,22,22,22,22
180734,2,1,1999,0,0,0,0,0,0,0,0,0,0
180735,1,1,1999,0,0,0,0,0,0,5,0,0,0
180736,1,1,1999,0,0,0,0,0,0,0,0,0,0
180737,1,1,1999,0,0,0,0,0,0,0,0,0,0
180738,1,1,1999,0,0,0,0,13,0,0,0,24,0
180739,1,1,1999,0,0,0,0,0,0,0,0,0,0
180739,2,1,1999,0,0,0,0,0,0,0,0,0,0
180740,1,1,1999,0,0,0,0,0,0,0,0,0,0
180741,0,1,1999,0,0,0,0,0,16,0,0,0,0
180741,0,2,1999,0,0,0,0,0,0,0,0,0,0
180741,1,1,1999,0,0,0,0,0,0,0,0,0,0
180742,0,1,1999,0,0,30,21,6,0,0,24,0,0
180742,1,1,1999,0,0,0,0,0,0,0,0,0,0
180743,1,1,1999,8,8,8,8,8,8,8,8,8,8
180744,1,1,1999,0,0,0,0,0,0,0,0,0,0
180745,1,1,1999,15,0,0,0,6,8,0,15,13,0
180746,1,1,1999,25,25,25,25,25,25,25,25,25,25
180747,1,1,1999,0,0,0,0,0,0,0,0,0,0
180747,2,1,1999,0,0,0,0,0,0,0,0,0,0
180748,1,1,1999,0,0,0,0,0,0,0,0,0,0
180748,2,1,1999,0,0,0,0,0,0,0,0,0,0
180749,1,1,1999,0,0,0,0,0,0,0,0,0,0
180750,1,1,1999,26,26,26,26,26,26,26,26,26,26
180751,1,1,1999,0,0,0,0,0,0,0,0,0,0
180751,2,1,1999,0,0,0,0,0,0,0,0,0,7
180752,1,1,1999,0,0,0,0,0,0,0,0,0,0
180752,2,1,1999,0,0,0,0,0,0,0,0,0,0
180753,1,1,1999,0,0,0,0,0,0,0,0,0,0
180753,2,1,1999,0,0,0,0,0,0,0,0,0,0
180754,1,1,1999,17,17,17,17,17,17,17,17,17,17
180754,2,1,1999,0,0,0,0,0,0,0,0,0,0
180755,1,1,1999,0,0,0,0,0,0,0,0,0,0
180755,2,1,1999,0,0,0,0,0,0,0,0,0,0
180756,0,1,1999,0,22,0,0,0,0,0,0,0,0
180756,1,1,1999,0,0,0,0,0,0,0,0,0,0
180757,0,1,1999,0,23,0,0,0,36,0,0,0,0
180757,1,1,1999,0,0,0,0,0,0,0,0,0,0
180758,1,1,1999,13,13,13,13,13,13,13,13,13,13
180758,2,1,1999,20,10,0,0,14,28,0,0,0,0
180759,1,1,1999,0,0,0,0,0,0,0,0,0,0
180759,2,1,1999,0,0,0,0,0,0,0,0,0,0
180760,1,1,1999,22,22,22,22,22,22,22,22,22,22
180761,1,1,1999,0,0,0,0,0,0,0,0,0,0
180761,2,1,1999,0,0,0,0,0,0,0,0,0,0
180762,1,1,1999,0,0,0,5,0,0,0,0,0,0
180762,2,1,1999,0,10,0,0,0,0,0,6,0,0
180763,1,1,1999,7,7,7,7,7,7,7,7,7,7
180764,1,1,1999,33,28,21,0,32,23,26,0,0,0
180765,0,1,1999,0,0,27,0,0,0,0,0,0,0
180765,0,2,1999,0,0,0,0,0,0,0,0,0,0
180765,0,3,1999,0,0,0,0,0,0,0,0,0,0
180765,0,4,1999,0,0,0,0,14,0,0,0,0,0
180765,1,1,1999,0,0,0,0,0,0,0,0,0,0
180766,1,1,1999,0,0,0,0,0,0,0,0,0,0
180766,2,1,1999,0,0,0,0,0,0,0,0,0,0
180767,1,1,1999,0,0,0,0,0,0,0,0,0,0
180767,2,1,1999,0,0,0,0,0,0,0,0,0,0
180768,1,1,1999,0,0,0,0,0,0,0,0,0,0
180769,1,1,1999,0,0,13,25,14,10,25,0,0,23
180770,1,1,1999,10,10,10,10,10,10,10,10,10,10
180771,1,1,1999,9,9,9,9,9,9,9,9,9,9
180771,2,1,1999,0,0,0,0,0,0,0,0,0,0
180772,1,1,1999,0,0,0,0,0,0,0,0,0,0
180772,2,1,1999,0,0,0,0,0,0,0,0,0,0
180773,1,1,1999,15,0,4,21,10,0,0,23,22,0
180774,1,1,1999,0,0,0,0,0,0,0,0,0,0
180774,2,1,1999,0,0,0,0,0,0,0,0,0,0
180775,1,1,1999,0,0,0,0,0,0,0,0,0,0
180775,2,1,1999,34,34,34,34,34,34,34,34,34,34
180776,0,1,1999,0,0,0,0,0,0,0,0,0,0
180776,1,1,1999,0,0,0,0,0,0,0,0,0,0
180777,1,1,1999,0,0,23,0,0,0,0,0,0,0
180777,2,1,1999,0,0,0,0,0,0,0,0,0,0
180778,1,1,1999,31,0,0,0,0,34,15,0,0,0
180778,2,1,1999,0,0,0,0,0,0,0,0,0,0
180779,1,1,1999,0,0,0,0,0,14,0,0,0,6
180781,1,1,1999,0,0,0,0,0,0,0,0,0,0
180782,1,1,1999,18,18,18,18,18,18,18,18,18,18
180783,1,1,1999,0,0,0,0,0,0,0,0,0,0
180783,2,1,1999,0,0,0,0,0,0,0,0,0,0
180784,1,1,1999,24,24,24,24,24,24,24,24,24,24
180785,1,1,1999,11,11,11,11,11,11,11,11,11,11
180785,2,1,1999,0,0,0,0,0,0,0,0,0,0
180786,1,1,1999,21,21,21,21,21,21,21,21,21,21
180787,1,1,1999,0,28,0,0,40,0,0,0,17,0
180787,2,1,1999,0,0,0,0,0,0,0,0,0,0
180788,1,1,1999,0,0,0,0,0,0,0,0,0,0
180788,2,1,1999,0,0,0,0,0,0,0,0,0,0
180789,1,1,1999,0,0,0,0,0,0,0,0,0,0
180790,1,1,1999,0,0,0,0,0,0,0,0,0,0
180790,2,1,1999,0,0,0,0,0,0,0,0,0,0
180791,1,1,1999,0,0,0,0,0,0,0,0,0,0
180792,1,1,1999,0,0,0,0,0,0,0,0,0,0
180792,2,1,1999,0,0,0,0,0,0,0,0,0,0
180793,1,1,1999,0,0,0,0,0,0,0,0,0,0
180794,1,1,1999,26,26,26,26,26,26,26,26,26,26
180795,1,1,1999,0,0,0,0,0,0,0,0,0,0
180795,2,1,1999,0,0,0,0,0,0,0,0,0,0
180796,1,1,1999,10,10,10,10,10,10,10,10,10,10
180796,2,1,1999,7,7,7,7,7,7,7,7,7,7
180797,1,1,1999,24,24,24,24,24,24,24,24,24,24
180798,1,1,1999,0,0,0,0,0,0,0,0,0,0
180798,2,1,1999,0,0,0,0,0,0,0,0,0,0
180799,1,1,1999,0,0,0,0,0,0,0,0,0,0
180800,1,1,1999,0,0,0,0,0,0,0,0,0,0
180801,1,1,1999,0,0,0,0,0,0,0,0,0,0
180802,1,1,1999,0,0,0,0,0,0,0,0,0,0
180802,2,1,1999,0,0,0,0,5,7,0,0,23,8
180803,1,1,1999,0,0,0,0,0,0,0,0,0,0
180803,2,1,1999,0,0,0,0,0,0,0,0,0,0
180804,1,1,1999,0,0,0,0,0,0,0,0,0,12
180804,2,1,1999,0,0,0,0,0,0,0,0,0,0
180805,1,1,1999,24,24,24,24,24,24,24,24,24,24
180806,1,1,1999,0,0,0,0,0,0,0,0,12,0
180806,2,1,1999,0,0,0,0,0,0,0,0,0,0
180807,1,1,1999,8,8,8,8,8,8,8,8,8,8
180807,2,1,1999,12,0,0,0,0,0,0,0,0,16
180809,0,1,1999,0,0,0,13,0,0,0,0,6,0
180809,1,1,1999,0,0,0,0,0,0,0,0,0,0
180810,1,1,1999,20,20,20,20,20,20,20,20,20,20
180810,2,1,1999,0,0,0,0,0,0,0,16,0,0
180811,1,1,1999,8,8,8,8,8,8,8,8,8,8
180812,1,1,1999,0,0,0,0,0,0,0,0,0,0
180813,1,1,1999,0,0,0,0,0,0,0,0,0,0
180813,2,1,1999,0,0,0,0,0,0,0,0,0,0
180814,1,1,1999,25,25,25,25,25,25,25,25,25,25
180815,1,1,1999,15,15,15,15,15,15,15,15,15,15
180816,1,1,1999,18,18,18,18,18,18,18,18,18,18
180816,2,1,1999,0,0,0,0,0,0,0,0,0,0
180817,1,1,1999,0,0,0,0,0,0,0,0,0,0
180817,2,1,1999,0,0,0,0,0,0,0,0,0,0
180817,3,1,1999,0,0,0,0,0,0,0,0,0,0
180818,1,1,1999,0,0,0,0,0,0,0,0,0,0
180819,1,1,1999,0,0,0,0,0,0,0,0,0,0
180819,2,1,1999,0,0,0,0,0,0,0,0,0,0
180820,1,1,1999,13,13,13,13,13,13,13,13,13,13
180821,1,1,1999,0,0,0,0,0,0,0,0,0,0
180821,2,1,1999,0,0,0,0,0,0,0,0,0,0
180821,3,1,1999,0,0,10,0,0,0,0,0,0,0
180822,1,1,1999,0,0,0,0,0,0,0,0,0,0
180822,2,1,1999,0,0,0,0,0,0,0,0,0,0
180823,1,1,1999,0,0,0,0,0,0,0,0,0,0
180823,2,1,1999,0,0,0,0,0,0,0,0,0,0
180824,1,1,1999,0,0,0,0,0,0,0,0,0,0
180824,2,1,1999,0,0,0,0,0,0,0,0,0,0
180825,1,1,1999,20,20,20,20,20,20,20,20,20,20
180826,1,1,1999,0,0,0,0,0,0,0,0,0,0
180826,2,1,1999,0,0,0,0,0,0,0,0,0,0
180827,1,1,1999,0,0,0,0,0,0,0,0,0,0
180827,2,1,1999,0,0,0,12,0,0,0,0,0,0
180828,1,1,1999,8,8,8,8,8,8,8,8,8,8
180828,2,1,1999,0,0,0,0,0,0,0,0,0,0
180828,3,1,1999,0,0,0,0,0,0,0,0,0,0
180829,1,1,1999,0,0,0,0,8,0,0,0,0,0
180829,2,1,1999,0,0,0,15,13,0,0,0,8,0
180830,1,1,1999,0,0,0,0,0,0,0,0,0,0
180830,2,1,1999,0,0,0,0,0,0,0,0,0,0
180830,3,1,1999,0,0,0,0,0,0,0,0,0,0
180831,1,1,1999,20,20,20,20,20,20,20,20,20,20
180831,2,1,1999,0,0,0,0,0,0,0,0,0,0
180831,3,1,1999,0,0,0,0,0,0,0,0,0,0
180832,1,1,1999,10,10,10,10,10,10,10,10,10,10
180833,1,1,1999,16,16,16,16,16,16,16,16,16,16
180833,2,1,1999,0,0,0,0,0,17,0,0,0,6
180834,1,1,1999,0,0,0,0,0,0,0,0,0,0
180834,2,1,1999,0,0,0,0,0,0,0,0,0,0
180835,1,1,1999,0,0,0,0,0,0,0,0,0,0
180835,2,1,1999,0,0,0,0,0,0,0,0,0,0
180836,1,1,1999,0,0,0,0,0,0,0,0,0,0
180836,2,1,1999,0,0,0,0,0,0,0,0,0,0
180837,1,1,1999,13,13,13,13,13,13,13,13,13,13
180837,2,1,1999,18,18,18,18,18,18,18,18,18,18
180838,1,1,1999,0,0,0,0,0,0,0,0,0,0
180838,2,1,1999,25,25,25,25,25,25,25,25,25,25
180839,0,1,1999,4,4,4,4,4,4,4,4,4,4
180839,1,1,1999,1,1,1,1,1,1,1,1,1,1
180840,1,1,1999,18,18,18,18,18,18,18,18,18,18
180841,1,1,1999,2,2,2,2,2,2,2,2,2,2
180842,1,1,1999,0,0,0,0,0,0,0,0,0,0
180843,1,1,1999,15,15,15,15,15,15,15,15,15,15
180843,2,1,1999,0,0,0,0,0,0,0,0,0,0
180843,3,1,1999,0,0,0,0,0,0,0,0,0,0
180844,0,1,1999,0,12,8,0,0,11,0,8,0,0
180844,1,1,1999,0,0,0,0,0,0,0,0,0,0
180845,1,1,1999,0,0,0,0,0,0,0,0,0,0
180845,2,1,1999,0,0,0,0,0,0,0,0,0,0
180846,1,1,1999,0,0,0,0,0,0,0,0,0,0
180846,2,1,1999,0,0,0,0,0,0,0,0,0,0
180846,3,1,1999,0,0,0,0,0,0,0,0,0,0
180847,1,1,1999,0,0,0,0,0,0,0,0,0,0
180847,2,1,1999,0,0,0,0,0,0,0,0,0,0
180848,1,1,1999,0,0,0,0,0,16,0,0,0,0
180849,1,1,1999,0,0,0,0,0,0,0,0,0,0
180849,2,1,1999,0,0,0,0,0,0,0,0,0,0
180850,1,1,1999,0,0,0,0,0,0,0,0,0,0
180850,2,1,1999,0,0,0,0,0,0,0,0,0,0
180851,1,1,1999,0,0,0,0,0,0,0,0,0,15
180851,2,1,1999,0,0,0,0,0,0,0,25,0,0
180852,1,1,1999,0,0,0,0,0,0,0,0,0,0
180853,1,1,1999,0,0,0,0,0,0,0,0,0,0
180853,2,1,1999,0,0,0,0,0,0,0,0,0,0
180854,1,1,1999,0,0,0,0,0,0,20,0,0,0
180854,2,1,1999,0,0,0,0,0,0,0,0,0,0
180855,1,1,1999,0,0,0,0,0,0,0,0,0,0
180855,2,1,1999,0,0,0,0,0,0,0,0,0,0
180856,1,1,1999,0,0,0,0,0,0,0,0,0,0
180857,1,1,1999,0,0,0,0,0,0,0,0,0,0
180857,2,1,1999,0,0,0,0,0,0,0,0,0,0
180858,1,1,1999,1,1,1,1,1,1,1,1,1,1
180859,1,1,1999,0,0,0,0,0,0,0,0,0,0
180859,2,1,1999,0,0,0,0,0,0,0,0,0,0
180860,1,1,1999,0,0,0,0,0,0,0,0,0,0
180860,2,1,1999,0,0,0,0,0,0,0,0,0,0
180861,1,1,1999,0,0,0,0,0,0,0,0,0,0
180861,2,1,1999,0,0,0,0,0,0,0,0,0,0
180862,1,1,1999,37,37,37,37,37,37,37,37,37,37
180862,2,1,1999,0,0,0,0,0,0,0,0,0,0
180863,0,1,1999,23,37,10,13,19,0,0,0,20,27
180863,1,1,1999,24,24,24,24,24,24,24,24,24,24
180863,2,1,1999,26,0,0,0,0,22,0,0,0,0
180864,1,1,1999,0,0,0,0,0,0,0,0,0,0
180864,2,1,1999,0,0,0,0,0,0,0,0,0,0
180865,0,1,1999,17,17,17,17,17,17,17,17,17,17
180865,1,1,1999,4,9,0,18,9,0,0,0,0,0
180866,1,1,1999,0,0,0,0,0,0,0,0,0,0
180866,2,1,1999,0,0,0,0,0,0,0,0,0,0
180867,0,1,1999,0,0,0,0,0,0,0,0,0,0
180867,1,1,1999,0,0,0,0,0,0,0,0,0,0
180868,1,1,1999,18,18,18,18,18,18,18,18,18,18
180869,1,1,1999,0,0,0,0,0,0,0,0,0,0
180869,2,1,1999,0,0,0,0,0,0,0,0,0,0
180870,1,1,1999,0,0,0,6,17,6,0,0,26,0
180871,1,1,1999,0,0,29,0,0,0,17,0,34,0
180872,1,1,1999,0,0,0,0,0,0,0,0,0,0
180873,1,1,1999,4,4,4,4,4,4,4,4,4,4
180874,1,1,1999,0,0,8,18,0,0,0,0,0,0
180874,2,1,1999,0,0,0,0,0,0,0,0,0,0
180875,1,1,1999,27,27,27,27,27,27,27,27,27,27
180875,2,1,1999,0,0,0,0,0,0,0,0,0,0
180876,1,1,1999,0,0,0,0,0,0,0,0,0,0
180876,2,1,1999,0,0,0,0,0,0,0,0,0,0
180877,1,1,1999,0,0,0,0,0,0,0,0,0,0
180877,2,1,1999,0,0,0,0,0,0,0,0,0,0
180878,1,1,1999,3,3,3,3,3,3,3,3,3,3
180879,1,1,1999,0,0,0,0,0,0,0,0,0,0
180880,1,1,1999,0,0,0,0,0,0,0,0,0,0
180880,2,1,1999,23,23,23,23,23,23,23,23,23,23
180881,1,1,1999,0,0,0,0,0,0,0,0,0,0
180882,1,1,1999,22,22,22,22,22,22,22,22,22,22
180883,0,1,1999,23,23,23,23,23,23,23,23,23,23
180883,1,1,1999,0,0,0,0,0,0,0,0,0,0
180884,1,1,1999,0,0,0,0,0,0,0,0,0,0
180884,2,1,1999,0,0,0,0,0,0,0,0,0,0
180885,1,1,1999,0,0,0,0,0,0,0,0,0,0
180885,2,1,1999,0,0,0,0,0,0,0,0,0,0
180886,1,1,1999,0,0,0,0,0,0,0,0,0,0
180886,2,1,1999,0,0,0,0,0,0,0,0,0,0
180887,1,1,1999,3,3,3,3,3,3,3,3,3,3
180888,1,1,1999,0,0,0,0,0,0,0,8,0,0
180888,2,1,1999,0,0,0,0,0,0,0,0,0,0
180889,1,1,1999,0,0,0,0,0,0,0,0,0,0
180890,0,1,1999,0,40,37,0,0,0,10,0,0,0
180890,1,1,1999,15,0,0,0,0,17,0,13,0,0
180891,1,1,1999,0,0,0,0,0,0,0,0,0,0
180891,2,1,1999,0,0,0,0,0,0,0,0,0,0
180892,1,1,1999,0,0,0,0,0,0,0,0,0,0
180893,1,1,1999,8,8,8,8,8,8,8,8,8,8
180894,1,1,1999,0,0,0,0,0,0,0,0,0,0
180894,2,1,1999,0,0,0,0,0,0,0,0,0,0
180895,1,1,1999,0,0,0,0,0,0,0,0,0,0
180895,2,1,1999,0,0,0,0,0,0,0,0,0,0
180896,1,1,1999,0,0,11,0,0,0,0,0,0,0
180896,2,1,1999,0,0,0,0,0,0,0,0,13,0
180897,1,1,1999,16,25,8,40,22,19,19,7,23,22
180898,1,1,1999,0,0,0,0,0,0,0,0,0,20
180898,2,1,1999,0,0,0,0,0,0,0,0,0,0
180899,0,1,1999,0,24,36,13,11,9,9,14,13,16
180899,1,1,1999,5,5,5,5,5,5,5,5,5,5
180900,1,1,1999,15,15,15,15,15,15,15,15,15,15
180901,1,1,1999,0,0,0,0,0,0,0,0,0,0
180901,2,1,1999,0,0,0,0,0,0,0,0,0,0
190001,0,1,1999,0,0,0,0,0,0,0,0,0,0
190001,1,1,1999,0,0,0,0,0,0,0,0,0,0
190002,1,1,1999,0,0,0,0,0,0,0,0,0,0
190002,2,1,1999,0,0,0,0,0,0,0,0,0,0
190003,1,1,1999,0,0,0,0,0,0,0,0,0,0
190003,2,1,1999,0,0,0,0,0,0,14,0,0,0
190004,1,1,1999,0,5,0,0,14,0,0,20,0,0
190005,1,1,1999,0,0,0,0,0,0,0,0,0,0
190005,2,1,1999,0,0,0,0,0,0,0,0,0,0
190006,1,1,1999,0,0,0,0,0,0,0,0,0,0
190006,2,1,1999,0,0,0,0,0,0,0,0,0,0
190007,1,1,1999,0,0,0,0,0,0,0,0,0,0
190007,2,1,1999,0,0,0,0,0,0,0,0,0,0
190008,1,1,1999,0,0,0,0,0,0,0,0,0,0
190008,2,1,1999,0,0,0,0,0,0,0,0,0,0
190009,1,1,1999,0,0,0,0,0,0,0,0,0,0
190009,2,1,1999,0,0,0,0,0,0,0,0,0,0
190010,1,1,1999,0,0,0,0,0,0,0,0,0,0
190010,2,1,1999,0,0,0,0,0,0,0,0,0,0
190011,1,1,1999,0,0,0,0,0,0,0,0,0,0
190011,2,1,1999,0,0,0,0,0,0,0,0,0,0
190012,1,1,1999,0,0,0,0,0,0,0,0,0,0
190012,2,1,1999,0,0,0,0,0,0,0,0,0,0
190013,1,1,1999,0,0,0,0,18,0,0,0,0,0
190014,1,1,1999,0,0,0,0,0,0,0,6,0,0
190015,1,1,1999,8,10,0,0,0,0,0,0,0,14
190015,2,1,1999,0,11,0,8,0,0,8,0,0,0
190016,0,1,1999,0,12,0,0,0,0,0,0,3,0
190016,1,1,1999,0,0,20,0,0,0,0,0,0,0
190017,1,1,1999,17,17,17,17,17,17,17,17,17,17
190017,2,1,1999,0,0,0,0,0,0,0,0,0,0
190018,1,1,1999,6,24,11,0,18,0,25,0,0,0
190019,1,1,1999,0,0,0,0,0,0,0,0,0,0
190020,1,1,1999,0,0,0,0,0,0,0,0,0,0
190020,2,1,1999,0,0,0,0,0,0,0,0,0,0
190021,1,1,1999,14,14,14,14,14,14,14,14,14,14
190022,1,1,1999,0,0,0,0,0,0,0,0,0,0
190023,1,1,1999,27,27,27,27,27,27,27,27,27,27
190024,1,1,1999,0,0,0,0,0,0,0,0,0,0
190024,2,1,1999,0,0,0,0,0,0,0,0,0,0
190025,1,1,1999,0,0,0,0,0,0,0,0,0,0
190025,2,1,1999,7,13,0,0,0,0,0,0,0,0
190026,1,1,1999,0,0,0,0,0,0,0,0,0,0
190026,2,1,1999,0,0,0,0,0,0,0,0,0,0
190027,1,1,1999,0,0,0,0,0,0,0,0,0,0
190027,2,1,1999,0,0,0,0,0,0,0,0,0,0
190028,1,1,1999,0,0,0,0,0,0,0,0,0,0
190028,2,1,1999,0,0,0,0,0,0,0,0,0,0
190029,1,1,1999,27,0,20,10,32,4,0,24,21,13
190030,1,1,1999,19,19,19,19,19,19,19,19,19,19
190031,1,1,1999,0,0,0,0,0,0,0,0,0,0
190031,2,1,1999,0,0,0,0,0,0,0,0,0,0
190032,1,1,1999,0,0,0,0,0,0,0,0,0,0