ST_CASE,VEH_NO,PER_NO,YEAR,P1,P2,P3,P4,P5,P6,P7,P8,P9,P10
190032,2,1,1999,0,0,0,0,0,0,0,0,0,0
190033,1,1,1999,0,0,0,0,0,0,0,0,0,0
190033,2,1,1999,0,0,0,0,0,0,0,0,0,0
190034,1,1,1999,0,0,0,0,0,0,0,0,0,0
190034,2,1,1999,0,0,0,0,0,0,0,0,0,0
190035,1,1,1999,0,0,0,5,0,0,0,0,0,0
190035,2,1,1999,0,0,0,0,0,0,0,0,0,0
190036,1,1,1999,0,0,0,0,27,0,8,0,8,0
190036,2,1,1999,0,16,0,0,0,0,0,7,13,28
190037,1,1,1999,0,0,0,0,0,0,0,0,0,11
190038,1,1,1999,0,0,0,0,0,0,0,0,0,0
190038,2,1,1999,0,0,0,0,16,0,0,0,0,0
190039,1,1,1999,0,0,11,0,5,0,0,0,0,0
190040,1,1,1999,20,0,4,29,26,13,13,22,0,15
190041,1,1,1999,0,0,0,0,0,0,0,0,0,0
190041,2,1,1999,0,0,0,20,0,24,0,0,0,13
190042,1,1,1999,0,0,0,0,0,0,0,0,0,0
190042,2,1,1999,0,0,0,0,0,0,0,0,0,0
190043,1,1,1999,0,0,0,0,0,0,0,0,0,0
190043,2,1,1999,7,7,7,7,7,7,7,7,7,7
190044,1,1,1999,0,0,0,0,0,0,0,0,0,0
190044,2,1,1999,0,0,0,0,0,0,0,0,25,0
190045,1,1,1999,1,1,1,1,1,1,1,1,1,1
190045,2,1,1999,0,0,0,0,0,0,0,0,0,0
190045,3,1,1999,3,3,3,3,3,3,3,3,3,3
190046,1,1,1999,39,0,0,0,0,0,0,0,0,0
190046,2,1,1999,0,0,0,0,0,0,0,0,0,0
190047,1,1,1999,27,27,27,27,27,27,27,27,27,27
190048,1,1,1999,0,0,0,0,0,0,0,0,0,0
190048,2,1,1999,0,0,0,0,0,0,0,0,0,0
190049,1,1,1999,0,0,0,0,0,0,0,0,0,0
190050,1,1,1999,0,0,0,0,0,0,0,0,0,0
190051,1,1,1999,31,0,0,0,0,0,0,0,0,0
190053,1,1,1999,0,0,0,0,0,0,0,0,0,0
190053,2,1,1999,0,0,6,0,0,0,0,0,0,0
190054,1,1,1999,20,20,20,20,20,20,20,20,20,20
190055,1,1,1999,0,0,0,0,0,0,0,0,0,0
190056,1,1,1999,11,11,11,11,11,11,11,11,11,11
190057,1,1,1999,0,0,0,0,0,0,0,0,10,0
190057,2,1,1999,0,0,0,0,0,0,0,0,0,0
190058,1,1,1999,0,0,0,0,0,0,0,0,0,0
190058,2,1,1999,0,0,0,0,0,0,0,0,0,0
190059,1,1,1999,0,0,0,0,0,0,0,0,0,0
190059,2,1,1999,0,0,0,0,0,0,0,0,0,7
190060,1,1,1999,0,0,0,0,0,0,0,13,0,0
190061,1,1,1999,0,0,0,0,0,0,0,0,0,0
190061,2,1,1999,0,0,0,0,0,0,3,0,0,0
190062,1,1,1999,0,0,0,0,0,0,0,0,0,0
190062,2,1,1999,0,0,0,0,0,0,0,0,0,0
190063,1,1,1999,24,24,24,24,24,24,24,24,24,24
190064,1,1,1999,7,7,7,7,7,7,7,7,7,7
190065,1,1,1999,17,17,17,17,17,17,17,17,17,17
190066,1,1,1999,14,14,14,14,14,14,14,14,14,14
190067,1,1,1999,0,0,0,0,0,0,0,0,0,0
190067,2,1,1999,2,2,2,2,2,2,2,2,2,2
190067,3,1,1999,0,0,0,0,0,0,0,0,0,0
190068,0,1,1999,0,0,0,0,0,0,0,0,0,0
190068,1,1,1999,0,0,0,0,0,0,0,0,0,0
190069,1,1,1999,0,0,0,0,0,0,0,0,20,0
190069,2,1,1999,0,0,0,0,0,0,0,0,0,0
190070,1,1,1999,15,15,15,15,15,15,15,15,15,15
190071,1,1,1999,0,0,0,0,0,0,0,0,0,0
190071,2,1,1999,0,0,17,0,0,0,0,0,0,0
190072,1,1,1999,0,0,0,6,0,0,0,0,0,0
190072,2,1,1999,7,0,10,19,0,10,0,0,0,21
190072,3,1,1999,0,0,0,0,0,0,0,3,0,0
190073,1,1,1999,0,0,0,0,0,0,0,0,0,0
190073,2,1,1999,0,0,0,0,0,0,0,0,0,0
190074,1,1,1999,0,0,0,0,0,0,0,0,0,0
190075,0,1,1999,0,7,0,0,23,17,0,0,0,21
190075,1,1,1999,12,12,12,12,12,12,12,12,12,12
190076,1,1,1999,0,0,0,0,0,0,0,0,0,0
190077,1,1,1999,0,0,0,0,0,0,0,0,0,0
190077,2,1,1999,0,0,0,0,0,0,0,0,0,0
190078,1,1,1999,11,11,11,11,11,11,11,11,11,11
190079,1,1,1999,0,0,0,0,17,9,16,34,0,0
190079,2,1,1999,0,0,0,0,0,0,0,12,0,0
190080,1,1,1999,0,0,0,0,0,0,0,0,0,0
190080,2,1,1999,0,0,0,0,0,0,0,0,0,0
190081,1,1,1999,0,0,0,5,0,0,0,0,0,0
190081,2,1,1999,0,0,0,0,0,0,17,0,0,0
190082,0,1,1999,0,0,0,0,0,0,0,0,0,0
190082,1,1,1999,0,0,0,0,0,0,0,0,0,0
190083,0,1,1999,0,0,0,0,0,0,0,0,0,0
190083,1,1,1999,8,0,9,0,0,0,0,0,0,0
190084,1,1,1999,6,6,6,6,6,6,6,6,6,6
190084,2,1,1999,0,0,0,0,0,0,0,0,0,0
190084,3,1,1999,0,0,0,0,0,0,0,0,0,0
190085,1,1,1999,0,0,0,0,0,0,0,0,0,0
190085,2,1,1999,0,0,0,0,0,0,0,0,0,0
190086,1,1,1999,7,7,7,7,7,7,7,7,7,7
190087,0,1,1999,0,0,30,10,10,0,20,26,0,12
190087,1,1,1999,0,0,19,0,12,0,0,3,0,0
190088,1,1,1999,16,16,16,16,16,16,16,16,16,16
190089,1,1,1999,0,0,0,0,0,0,0,0,0,0
190090,1,1,1999,0,0,0,0,0,0,0,0,0,0
190090,2,1,1999,0,0,0,0,0,0,0,0,0,0
190091,1,1,1999,0,0,0,0,0,0,0,0,0,0
190091,2,1,1999,0,0,0,0,0,0,0,0,0,0
190092,1,1,1999,10,10,10,10,10,10,10,10,10,10
190093,1,1,1999,0,0,0,0,10,0,0,0,0,0
190093,2,1,1999,0,0,0,0,0,0,0,0,0,0
190094,1,1,1999,0,0,16,0,0,0,0,20,0,0
190095,1,1,1999,0,0,0,0,0,0,0,0,0,0
190095,2,1,1999,0,0,0,13,0,0,0,0,0,0
190096,1,1,1999,0,0,0,0,0,0,0,0,0,0
190096,2,1,1999,0,0,0,0,0,0,0,12,0,0
190097,1,1,1999,11,11,11,11,11,11,11,11,11,11
190098,1,1,1999,0,0,0,0,0,0,0,0,0,0
190098,2,1,1999,0,0,0,0,0,0,0,0,0,0
190099,1,1,1999,24,24,24,24,24,24,24,24,24,24
190100,1,1,1999,0,8,0,0,0,19,36,28,36,25
190100,2,1,1999,0,0,0,0,0,0,0,0,0,0
190101,1,1,1999,14,14,14,14,14,14,14,14,14,14
190101,2,1,1999,0,0,0,0,0,0,0,0,0,0
190102,1,1,1999,0,0,0,9,0,0,0,0,0,0
190102,2,1,1999,0,0,0,0,0,0,0,0,0,0
190102,3,1,1999,0,0,0,16,0,0,0,0,0,0
190103,1,1,1999,0,0,0,0,0,0,0,0,0,0
190104,1,1,1999,9,9,9,9,9,9,9,9,9,9
190104,2,1,1999,0,0,0,0,0,0,0,0,0,0
190104,3,1,1999,0,0,36,0,0,0,0,19,0,0
190105,1,1,1999,0,0,0,0,0,0,0,0,0,0
190105,2,1,1999,0,0,0,0,0,0,0,0,0,0
190106,1,1,1999,0,0,0,0,0,0,0,0,0,0
190107,1,1,1999,0,0,0,0,0,0,0,0,0,0
190107,2,1,1999,0,0,0,0,0,0,0,0,0,0
190108,1,1,1999,27,27,27,27,27,27,27,27,27,27
190109,1,1,1999,16,16,16,16,16,16,16,16,16,16
190109,2,1,1999,0,0,0,0,0,0,0,0,0,0
190110,1,1,1999,0,0,0,0,0,0,0,0,0,0
190110,2,1,1999,0,0,0,0,0,0,0,0,0,0
190111,1,1,1999,0,0,0,0,0,0,0,0,0,0
190112,1,1,1999,0,13,0,0,0,0,0,0,0,0
190112,2,1,1999,0,0,0,0,0,0,0,0,0,0
190113,1,1,1999,0,0,0,0,0,0,0,0,0,0
190113,2,1,1999,0,0,0,0,0,0,0,0,0,0
190113,3,1,1999,0,0,13,0,0,0,0,0,17,0
190114,1,1,1999,0,0,0,0,0,0,0,0,0,0
190114,2,1,1999,0,0,0,0,10,0,0,0,0,0
190115,1,1,1999,0,0,0,0,0,0,0,0,0,0
190115,2,1,1999,0,0,0,0,0,0,0,0,18,0
190116,1,1,1999,0,13,0,0,0,0,0,0,0,0
190116,2,1,1999,0,0,0,0,0,0,0,0,0,0
190117,1,1,1999,0,0,0,0,0,0,0,0,0,0
190117,2,1,1999,13,13,13,13,13,13,13,13,13,13
190118,1,1,1999,0,0,0,0,0,17,0,0,0,0
190118,2,1,1999,0,13,0,0,0,0,0,0,0,0
190119,1,1,1999,0,0,0,0,0,0,0,0,0,0
190119,2,1,1999,0,0,0,0,0,0,0,0,0,0
190121,1,1,1999,0,0,0,0,0,0,0,0,0,0
190121,2,1,1999,0,0,0,0,0,0,0,0,0,0
190122,1,1,1999,0,0,0,0,0,0,0,0,0,0
190122,2,1,1999,0,0,0,0,0,0,0,0,0,0
190123,1,1,1999,0,0,0,0,0,0,0,0,0,0
190124,1,1,1999,0,23,0,0,0,10,0,0,0,0
190125,1,1,1999,0,0,0,0,0,0,0,0,0,0
190125,2,1,1999,0,0,0,0,0,0,3,0,0,0
190125,3,1,1999,0,0,0,0,0,0,0,0,0,0
190126,1,1,1999,0,0,0,0,0,0,0,0,0,0
190126,2,1,1999,0,0,0,0,0,0,0,0,0,0
190127,1,1,1999,0,0,0,0,0,0,0,0,0,0
190127,2,1,1999,0,0,0,0,0,0,0,0,0,0
190128,1,1,1999,27,27,27,27,27,27,27,27,27,27
190128,2,1,1999,2,2,2,2,2,2,2,2,2,2
190129,1,1,1999,13,13,13,13,13,13,13,13,13,13
190129,2,1,1999,0,0,0,0,0,0,0,0,0,0
190130,1,1,1999,0,0,0,0,0,0,0,0,0,0
190130,2,1,1999,9,0,10,12,0,0,10,34,16,0
190131,1,1,1999,0,0,0,0,0,0,0,0,15,4
190131,2,1,1999,0,0,0,0,0,0,0,0,0,0
190132,1,1,1999,14,14,14,14,14,14,14,14,14,14
190133,1,1,1999,25,0,0,22,10,0,0,24,26,17
190134,1,1,1999,0,0,0,0,0,0,0,0,0,0
190135,0,1,1999,0,0,0,0,0,0,0,0,0,0
190135,1,1,1999,0,0,0,0,0,0,0,0,0,0
190136,1,1,1999,22,22,22,22,22,22,22,22,22,22
190137,1,1,1999,0,0,0,0,22,0,0,0,0,0
190137,2,1,1999,6,0,0,6,0,0,20,16,0,0
190137,3,1,1999,0,0,0,0,13,0,0,0,0,0
190138,1,1,1999,0,0,0,0,0,0,0,0,0,0
190138,2,1,1999,4,4,4,4,4,4,4,4,4,4
190139,1,1,1999,0,0,0,0,0,0,0,0,0,0
190140,1,1,1999,4,4,4,4,4,4,4,4,4,4
190141,1,1,1999,0,0,0,0,0,0,0,0,0,0
190141,2,1,1999,0,0,0,0,0,0,0,0,0,0
190142,1,1,1999,0,0,0,0,0,0,0,0,0,0
190142,2,1,1999,0,0,0,0,0,0,10,0,0,0
190143,1,1,1999,0,0,0,0,0,0,0,0,0,0
190144,0,1,1999,0,0,0,0,0,0,0,0,0,0
190144,1,1,1999,0,0,0,0,0,0,0,0,0,0
190145,1,1,1999,0,0,0,0,0,0,0,0,0,0
190145,2,1,1999,0,0,0,0,0,0,0,0,0,0
190146,1,1,1999,1,1,1,1,1,1,1,1,1,1
190146,2,1,1999,0,0,0,0,0,0,0,0,0,0
190147,1,1,1999,0,0,0,0,0,0,5,0,0,0
190147,2,1,1999,0,0,0,0,0,0,0,0,0,0
190147,3,1,1999,0,0,21,0,0,0,0,0,0,0
190148,1,1,1999,0,12,0,3,0,0,0,0,0,0
190148,2,1,1999,0,0,0,0,0,0,0,0,0,0
190149,1,1,1999,14,14,14,14,14,14,14,14,14,14
190150,1,1,1999,18,18,18,18,18,18,18,18,18,18
190151,1,1,1999,0,22,0,0,0,0,0,0,0,0
190151,2,1,1999,0,0,0,0,0,0,0,0,0,0
190152,0,1,1999,21,21,21,21,21,21,21,21,21,21
190152,1,1,1999,0,0,23,0,0,0,0,0,0,0
190153,1,1,1999,0,0,0,0,0,0,12,0,0,13
190154,1,1,1999,0,0,11,0,0,0,0,0,0,0
190155,1,1,1999,0,0,14,0,30,0,29,0,16,0
190156,1,1,1999,0,0,0,0,0,0,0,0,0,0
190156,2,1,1999,0,0,0,0,0,0,0,0,0,0
190157,1,1,1999,12,0,3,3,11,12,9,3,16,15
190157,2,1,1999,0,0,0,0,0,0,0,0,0,0
190157,3,1,1999,3,9,15,17,26,10,35,7,18,12
190158,1,1,1999,0,0,0,0,0,0,0,0,0,0
190158,2,1,1999,0,0,0,0,0,0,0,0,0,0
190159,1,1,1999,0,0,0,0,0,0,0,0,0,0
190159,2,1,1999,0,0,0,0,0,0,0,0,0,0
190160,1,1,1999,0,0,0,0,0,0,0,0,0,0
190160,2,1,1999,0,0,0,0,0,0,0,0,0,0
190161,1,1,1999,0,13,0,16,0,0,0,10,29,0
190161,2,1,1999,0,0,0,0,0,0,0,0,0,0
190162,1,1,1999,65,65,65,65,65,65,65,65,65,65
190162,2,1,1999,0,0,0,0,0,0,0,0,0,0
190163,1,1,1999,14,14,14,14,14,14,14,14,14,14
190163,2,1,1999,0,0,0,0,0,0,0,0,0,0
190164,1,1,1999,0,0,0,0,0,0,0,0,0,0
190164,2,1,1999,0,0,0,0,0,0,0,0,0,0
190165,1,1,1999,15,15,15,15,15,15,15,15,15,15
190166,1,1,1999,0,0,0,0,0,0,0,0,0,0
190166,2,1,1999,17,17,17,17,17,17,17,17,17,17
190167,1,1,1999,25,25,25,25,25,25,25,25,25,25
190168,1,1,1999,0,0,0,0,0,0,0,0,0,0
190168,2,1,1999,0,0,0,0,0,0,0,0,0,0
190168,3,1,1999,0,0,0,0,0,0,0,0,0,0
190169,1,1,1999,0,0,0,0,0,0,0,0,0,0
190169,2,1,1999,0,0,0,0,0,0,0,0,0,0
190170,1,1,1999,0,0,0,0,0,0,0,0,0,0
190170,2,1,1999,0,0,0,0,0,0,0,0,0,0
190171,1,1,1999,0,0,0,0,0,0,0,0,0,0
190172,1,1,1999,0,0,0,0,0,0,0,0,0,0
190172,2,1,1999,0,0,0,0,0,0,0,0,0,0
190174,1,1,1999,0,0,0,0,0,0,0,0,0,0
190174,2,1,1999,0,0,0,0,0,0,0,0,0,0
190175,1,1,1999,0,0,10,0,0,0,0,0,4,0
190176,1,1,1999,0,0,0,0,0,0,0,0,0,0
190176,2,1,1999,15,0,0,0,0,0,7,0,24,0
190177,1,1,1999,0,0,0,0,0,0,0,0,0,0
190177,2,1,1999,0,0,0,0,0,0,0,0,0,0
190178,0,1,1999,1,1,1,1,1,1,1,1,1,1
190178,1,1,1999,0,0,0,0,0,0,0,0,0,0
190179,1,1,1999,0,0,0,0,0,0,0,0,0,0
190180,1,1,1999,0,0,0,18,0,25,0,0,0,15
190180,2,1,1999,3,0,4,0,0,0,0,0,0,11
190180,3,1,1999,0,0,0,0,0,0,0,0,0,0
190180,4,1,1999,0,0,0,0,0,0,0,0,0,0
190181,1,1,1999,0,0,0,0,0,0,0,0,0,0
190182,1,1,1999,0,0,0,0,0,0,0,0,0,0
190182,2,1,1999,0,0,0,0,0,0,0,0,0,0
190183,1,1,1999,0,0,0,0,0,0,0,0,0,0
190183,2,1,1999,0,0,0,0,0,0,0,0,0,18
190184,0,1,1999,23,7,0,0,28,17,0,21,0,0
190184,1,1,1999,0,0,0,0,0,0,0,0,0,0
190185,1,1,1999,1,1,1,1,1,1,1,1,1,1
190185,2,1,1999,0,0,0,0,0,0,8,0,0,0
190185,3,1,1999,0,0,0,0,0,0,0,0,0,0
190186,1,1,1999,0,0,0,0,0,0,0,0,0,0
190186,2,1,1999,0,0,0,0,0,0,0,0,0,0
190187,1,1,1999,0,0,0,0,0,0,0,0,0,0
190187,2,1,1999,13,13,13,13,13,13,13,13,13,13
190188,1,1,1999,0,0,0,0,0,0,0,0,0,0
190188,2,1,1999,0,0,0,0,0,0,0,0,0,0
190189,1,1,1999,0,0,0,0,0,0,0,0,0,0
190189,2,1,1999,0,0,0,0,0,0,0,0,0,0
190190,1,1,1999,0,0,0,0,0,0,0,0,0,0
190190,2,1,1999,0,0,0,0,0,0,0,0,0,0
190191,1,1,1999,1,1,1,1,1,1,1,1,1,1
190192,1,1,1999,0,0,0,0,0,0,0,0,0,0
190192,2,1,1999,10,0,0,0,0,0,0,0,0,0
190193,1,1,1999,0,0,0,0,0,0,0,0,0,0
190194,1,1,1999,0,0,0,0,0,0,0,0,0,0
190195,1,1,1999,21,21,21,21,21,21,21,21,21,21
190195,2,1,1999,0,0,0,0,0,0,0,0,0,0
190196,1,1,1999,12,12,12,12,12,12,12,12,12,12
190197,1,1,1999,0,0,0,0,0,0,0,0,0,0
190198,1,1,1999,16,16,16,16,16,16,16,16,16,16
190199,1,1,1999,0,0,0,0,0,0,0,0,0,0
190199,2,1,1999,21,21,21,21,21,21,21,21,21,21
190200,1,1,1999,0,0,0,0,0,0,11,11,0,12
190201,1,1,1999,2,2,2,2,2,2,2,2,2,2
190201,2,1,1999,0,0,0,0,0,0,0,0,0,0
190202,1,1,1999,0,0,0,0,0,0,0,0,0,0
190203,1,1,1999,11,11,11,11,11,11,11,11,11,11
190204,1,1,1999,0,0,0,0,0,0,0,0,0,0
190205,1,1,1999,0,0,0,0,0,0,0,0,0,0
190206,1,1,1999,1,1,1,1,1,1,1,1,1,1
190206,2,1,1999,0,0,0,0,0,0,0,0,0,0
190207,1,1,1999,0,0,0,0,0,0,0,0,0,0
190207,2,1,1999,1,1,1,1,1,1,1,1,1,1
190208,1,1,1999,0,12,11,0,0,0,0,0,0,0
190208,2,1,1999,0,0,0,0,0,0,0,0,0,0
190209,1,1,1999,0,0,0,0,0,0,0,0,0,0
190209,2,1,1999,0,0,0,0,0,0,0,0,0,0
190210,1,1,1999,0,13,0,0,0,0,0,0,0,0
190210,2,1,1999,0,0,0,0,7,0,0,0,0,0
190211,1,1,1999,0,0,0,0,0,0,0,0,0,0
190212,1,1,1999,0,0,0,0,0,0,0,0,0,0
190213,1,1,1999,0,0,0,0,0,0,0,0,0,0
190213,2,1,1999,0,0,0,0,15,0,0,0,0,0
190213,3,1,1999,0,0,0,0,0,0,0,0,0,0
190214,1,1,1999,0,0,0,0,0,0,0,0,0,0
190214,2,1,1999,0,0,0,0,0,0,0,0,0,0
190215,1,1,1999,0,18,23,13,10,0,14,29,9,23
190216,1,1,1999,0,0,0,0,0,0,0,17,0,0
190217,1,1,1999,1,1,1,1,1,1,1,1,1,1
190218,1,1,1999,0,0,0,0,0,0,0,0,0,0
190218,2,1,1999,0,0,0,0,0,0,0,0,0,0
190219,1,1,1999,0,0,0,0,0,0,0,0,0,0
190220,1,1,1999,8,8,8,8,8,8,8,8,8,8
190220,2,1,1999,7,14,21,11,14,31,0,26,10,8
190221,1,1,1999,0,0,0,0,0,0,0,0,0,0
190222,1,1,1999,5,5,5,5,5,5,5,5,5,5
190222,2,1,1999,0,0,0,0,0,0,0,0,0,0
190223,1,1,1999,0,20,0,0,0,0,35,0,12,0
190224,1,1,1999,0,0,0,0,0,0,0,0,0,0
190224,2,1,1999,0,0,0,0,0,0,0,0,0,0
190224,3,1,1999,0,0,0,0,0,0,0,0,0,0
190225,1,1,1999,0,0,0,0,0,0,0,0,0,0
190225,2,1,1999,0,0,0,0,0,0,0,0,0,0
190226,1,1,1999,0,0,0,0,0,0,0,0,0,0
190226,2,1,1999,18,18,18,18,18,18,18,18,18,18
190227,1,1,1999,0,0,0,0,0,0,0,0,0,0
190227,2,1,1999,0,0,0,0,0,0,0,0,0,0
190228,1,1,1999,0,0,0,0,0,0,0,0,0,0
190228,2,1,1999,0,0,0,0,0,0,0,0,0,0
190229,1,1,1999,0,0,0,0,0,0,0,0,0,0
190229,2,1,1999,0,0,0,0,0,0,0,0,0,0
190230,0,1,1999,0,0,0,0,0,0,0,0,0,0
190230,1,1,1999,0,0,0,0,0,0,0,0,0,0
190231,1,1,1999,0,18,15,0,14,19,0,11,0,0
190232,1,1,1999,17,17,17,17,17,17,17,17,17,17
190233,1,1,1999,0,0,0,0,0,0,0,0,0,0
190233,2,1,1999,0,0,0,0,0,0,0,0,0,0
190234,1,1,1999,21,21,21,21,21,21,21,21,21,21
190235,1,1,1999,0,0,0,0,0,0,0,0,0,0
190235,2,1,1999,0,0,0,0,0,0,0,0,0,0
190236,1,1,1999,0,0,0,0,0,0,0,0,0,0
190236,2,1,1999,0,0,0,0,0,0,0,0,0,0
190237,1,1,1999,0,0,0,0,0,0,0,0,0,0
190237,2,1,1999,0,0,0,0,0,0,0,0,0,0
190238,1,1,1999,0,0,0,0,0,0,0,0,0,0
190239,1,1,1999,26,26,26,26,26,26,26,26,26,26
190240,1,1,1999,0,0,0,0,0,0,0,0,0,0
190241,1,1,1999,19,19,19,19,19,19,19,19,19,19
190242,1,1,1999,0,0,0,0,0,0,0,0,0,0
190242,2,1,1999,0,0,0,0,0,0,0,0,0,0
190243,1,1,1999,0,0,0,0,0,0,0,0,0,0
190243,2,1,1999,3,3,3,3,3,3,3,3,3,3
190244,1,1,1999,0,0,0,0,0,0,0,0,0,0
190244,2,1,1999,22,21,0,0,0,14,0,0,15,0
190245,1,1,1999,0,0,0,0,0,0,0,0,0,0
190245,2,1,1999,0,0,0,0,0,0,0,0,0,0
190246,1,1,1999,0,0,0,0,0,0,0,0,0,0
190247,1,1,1999,0,0,0,0,0,0,0,0,0,0
190247,2,1,1999,0,0,0,0,0,0,0,0,0,0
190247,3,1,1999,0,0,0,0,0,0,0,0,0,0
190248,1,1,1999,16,12,33,10,12,0,16,22,11,18
190249,1,1,1999,0,0,0,0,0,0,0,0,0,0
190250,1,1,1999,15,15,15,15,15,15,15,15,15,15
190251,1,1,1999,5,0,0,6,21,0,0,0,0,0
190251,2,1,1999,0,0,0,0,0,0,0,0,0,0
190252,1,1,1999,14,14,14,14,14,14,14,14,14,14
190253,1,1,1999,0,0,0,0,0,0,0,0,0,0
190254,1,1,1999,0,0,0,0,0,0,0,0,0,0
190254,2,1,1999,0,0,0,0,0,0,0,0,0,0
190255,0,1,1999,0,0,14,0,0,0,0,0,0,0
190255,1,1,1999,0,0,0,0,0,0,0,0,0,0
190256,1,1,1999,0,0,0,0,0,0,0,0,0,0
190257,1,1,1999,24,24,24,24,24,24,24,24,24,24
190258,1,1,1999,0,0,0,0,0,0,0,0,0,0
190258,2,1,1999,0,0,0,0,0,0,0,0,0,0
190259,1,1,1999,0,0,0,0,0,0,0,0,0,0
190259,2,1,1999,0,0,0,0,0,0,0,0,0,0
190260,1,1,1999,0,0,0,0,0,0,0,0,0,0
190261,1,1,1999,0,0,0,0,0,0,0,0,0,0
190261,2,1,1999,0,0,0,0,12,0,0,0,0,0
190262,1,1,1999,0,0,0,0,0,0,0,0,0,0
190262,2,1,1999,0,0,0,17,22,0,0,0,23,9
190262,3,1,1999,0,0,0,0,0,0,0,0,0,0
190263,1,1,1999,0,0,0,0,0,0,0,0,0,0
190264,1,1,1999,4,4,4,4,4,4,4,4,4,4
190265,1,1,1999,0,0,0,0,0,0,0,0,0,0
190265,2,1,1999,0,0,0,0,16,0,0,0,0,0
190266,1,1,1999,0,0,0,0,0,0,0,0,0,0
190266,2,1,1999,0,0,0,0,0,0,0,0,0,0
190267,1,1,1999,0,0,0,0,0,0,0,0,0,0
190267,2,1,1999,0,0,0,0,0,0,0,0,0,0
190268,1,1,1999,0,0,18,0,0,0,0,0,14,0
190269,1,1,1999,0,0,0,0,0,0,0,0,0,0
190269,2,1,1999,0,0,0,0,0,0,0,0,0,0
190270,1,1,1999,0,0,0,0,0,0,0,0,0,0
190270,2,1,1999,0,0,0,0,0,0,0,0,0,0
190271,1,1,1999,0,0,0,0,0,0,0,0,0,0
190271,2,1,1999,0,0,0,0,0,0,0,24,0,0
190272,1,1,1999,19,19,19,19,19,19,19,19,19,19
190273,1,1,1999,0,0,0,0,0,0,0,0,0,0
190273,2,1,1999,0,0,5,0,12,14,0,0,0,0
190274,1,1,1999,0,0,0,0,0,0,0,0,0,0
190274,2,1,1999,0,0,0,0,0,0,0,0,0,0
190275,1,1,1999,0,22,0,0,0,0,0,0,0,0
190276,0,1,1999,11,11,11,11,11,11,11,11,11,11
190276,1,1,1999,0,0,0,0,0,0,0,0,0,0
190277,1,1,1999,0,0,0,0,0,0,0,0,0,0
190277,2,1,1999,0,0,0,0,0,0,0,0,0,0
190278,1,1,1999,0,0,0,0,0,0,0,0,0,0
190278,2,1,1999,0,0,0,0,0,0,0,0,0,0
190279,1,1,1999,0,0,0,0,0,0,0,0,0,0
190279,2,1,1999,0,0,0,0,0,0,0,0,0,0
190280,1,1,1999,15,24,13,18,18,18,17,10,23,17
190280,2,1,1999,0,0,0,0,0,0,0,0,0,0
190281,1,1,1999,0,0,0,0,0,0,0,0,0,0
190281,2,1,1999,0,0,0,0,0,0,0,0,0,0
190282,1,1,1999,0,0,0,0,0,0,0,0,0,0
190282,2,1,1999,0,0,0,0,0,0,0,0,0,0
190283,1,1,1999,10,0,0,27,0,0,0,0,0,0
190284,1,1,1999,25,25,25,25,25,25,25,25,25,25
190285,1,1,1999,0,0,0,0,0,0,0,0,0,0
190285,2,1,1999,0,0,0,0,0,0,0,0,0,0
190287,1,1,1999,0,0,25,0,0,0,0,0,0,0
190288,1,1,1999,0,0,0,0,0,0,0,0,0,0
190288,2,1,1999,0,0,0,0,0,0,0,0,0,0
190289,1,1,1999,19,19,19,19,19,19,19,19,19,19
190290,1,1,1999,0,0,0,0,0,0,0,0,0,0
190290,2,1,1999,0,0,0,0,0,0,0,0,0,0
190291,1,1,1999,0,0,0,0,0,0,0,0,0,0
190292,1,1,1999,0,0,0,0,0,0,0,0,0,0
190292,2,1,1999,0,0,0,0,0,0,0,0,0,0
190293,1,1,1999,0,0,0,0,0,0,0,0,0,0
190294,1,1,1999,22,22,22,22,22,22,22,22,22,22
190294,2,1,1999,0,0,0,0,0,0,0,0,0,0
190294,3,1,1999,0,0,0,0,0,0,0,0,0,0
190295,1,1,1999,20,19,15,26,8,21,13,19,7,17
190295,2,1,1999,0,0,0,0,0,0,0,0,0,0
190296,1,1,1999,0,0,0,0,0,0,0,0,0,0
190296,2,1,1999,0,0,0,0,0,0,0,0,0,0
190297,0,1,1999,0,0,0,0,0,0,0,0,0,0
190297,1,1,1999,0,0,0,0,0,0,0,0,0,0
190298,1,1,1999,18,18,18,18,18,18,18,18,18,18
190299,1,1,1999,0,0,0,0,0,0,0,0,0,0
190300,1,1,1999,0,0,0,0,0,0,0,0,0,0
190300,2,1,1999,0,0,0,0,0,0,0,0,0,0
190301,1,1,1999,19,19,19,19,19,19,19,19,19,19
190302,1,1,1999,9,9,9,9,9,9,9,9,9,9
190303,1,1,1999,15,12,18,0,4,25,7,0,0,0
190304,1,1,1999,0,0,0,0,0,0,0,0,0,0
190304,2,1,1999,0,0,14,0,0,0,0,0,0,0
190305,1,1,1999,0,0,0,0,0,0,0,0,0,0
190305,2,1,1999,0,0,0,0,0,0,0,0,0,0
190306,1,1,1999,0,0,0,0,0,0,0,0,0,0
190306,2,1,1999,0,0,0,0,21,0,0,0,0,0
190307,1,1,1999,0,0,0,0,0,0,0,0,0,0
190307,2,1,1999,0,0,0,0,0,0,0,0,0,0
190308,1,1,1999,19,19,19,19,19,19,19,19,19,19
190309,0,1,1999,0,0,0,0,0,0,0,0,0,0
190309,1,1,1999,0,0,0,0,0,0,0,7,0,0
190310,1,1,1999,0,0,0,0,0,0,0,0,0,0
190310,2,1,1999,0,0,0,0,0,0,0,0,0,0