ST_CASE,VEH_NO,PER_NO,YEAR,P1,P2,P3,P4,P5,P6,P7,P8,P9,P10
190311,1,1,1999,29,29,29,29,29,29,29,29,29,29
190312,1,1,1999,10,10,10,10,10,10,10,10,10,10
190313,1,1,1999,0,0,0,0,13,0,0,21,0,22
190313,2,1,1999,0,0,0,0,0,0,0,0,0,0
190314,1,1,1999,5,5,5,5,5,5,5,5,5,5
190315,1,1,1999,9,9,9,9,9,9,9,9,9,9
190315,2,1,1999,0,6,0,0,0,0,0,0,0,0
190316,1,1,1999,0,0,0,0,0,0,0,0,0,0
190316,2,1,1999,0,0,0,0,0,0,0,0,0,0
190317,1,1,1999,0,0,0,0,0,0,0,0,0,0
190317,2,1,1999,0,0,0,0,0,0,0,0,0,0
190318,1,1,1999,0,0,0,9,38,0,0,14,0,0
190318,2,1,1999,0,0,0,0,0,0,0,21,0,0
190319,1,1,1999,0,0,0,0,0,0,0,0,0,0
190320,1,1,1999,0,0,0,0,0,12,0,0,0,0
190320,2,1,1999,0,0,0,0,0,0,0,0,0,0
190321,1,1,1999,12,12,12,12,12,12,12,12,12,12
190321,2,1,1999,0,0,0,0,0,0,0,0,0,0
190322,1,1,1999,0,0,0,0,0,0,0,0,0,0
190322,2,1,1999,0,0,0,0,0,0,0,0,0,0
190323,1,1,1999,0,0,0,0,0,0,0,0,0,12
190323,2,1,1999,0,0,0,0,6,0,0,0,0,0
190324,0,1,1999,0,0,0,0,0,0,0,0,0,0
190324,1,1,1999,0,0,0,0,0,0,0,0,0,0
190325,1,1,1999,0,0,0,0,0,0,0,0,0,0
190325,2,1,1999,0,0,0,0,0,0,0,0,0,0
190326,1,1,1999,12,12,12,12,12,12,12,12,12,12
190327,1,1,1999,0,0,0,0,0,0,0,0,0,0
190327,2,1,1999,0,0,0,0,0,0,0,0,0,0
190327,3,1,1999,0,0,0,0,0,0,0,0,0,0
190328,1,1,1999,0,0,0,0,0,0,0,0,0,0
190328,2,1,1999,0,0,22,0,0,0,3,0,0,0
190329,1,1,1999,18,18,18,18,18,18,18,18,18,18
190330,1,1,1999,28,28,28,28,28,28,28,28,28,28
190331,1,1,1999,13,0,0,0,21,0,0,0,0,0
190332,1,1,1999,0,0,0,0,0,0,0,0,0,0
190332,2,1,1999,0,0,0,0,0,0,0,0,0,0
190333,0,1,1999,0,0,0,0,0,0,0,0,0,0
190333,1,1,1999,0,0,0,0,0,0,0,0,0,0
190334,1,1,1999,0,0,0,0,0,0,0,0,0,0
190335,1,1,1999,0,0,0,0,0,0,0,0,0,0
190335,2,1,1999,0,0,0,0,0,0,0,0,0,0
190336,1,1,1999,30,30,30,30,30,30,30,30,30,30
190337,0,1,1999,0,0,0,0,0,0,0,0,0,0
190337,1,1,1999,0,0,0,0,0,0,0,0,0,0
190338,1,1,1999,21,21,21,21,21,21,21,21,21,21
190338,2,1,1999,0,0,0,0,0,0,0,0,0,0
190339,1,1,1999,0,0,0,0,0,0,0,0,0,0
190340,1,1,1999,0,0,0,0,0,0,0,0,0,0
190340,2,1,1999,20,20,20,20,20,20,20,20,20,20
190341,1,1,1999,26,17,9,16,23,8,9,10,0,30
190342,1,1,1999,16,16,16,16,16,16,16,16,16,16
190343,1,1,1999,0,0,0,0,0,0,0,0,0,0
190344,1,1,1999,0,0,0,0,0,0,0,0,0,0
190344,2,1,1999,0,0,0,0,0,0,0,0,0,0
190345,1,1,1999,0,0,0,0,0,0,0,0,0,0
190347,1,1,1999,0,0,0,0,0,0,0,0,0,0
190347,2,1,1999,0,0,0,0,0,0,0,0,0,0
190348,1,1,1999,0,0,0,0,0,0,10,0,0,0
190349,1,1,1999,9,9,9,9,9,9,9,9,9,9
190350,1,1,1999,0,0,0,0,0,0,0,0,0,15
190350,2,1,1999,0,0,0,0,0,0,0,0,0,0
190350,3,1,1999,0,0,0,0,2,0,0,0,0,8
190351,1,1,1999,5,5,5,5,5,5,5,5,5,5
190352,1,1,1999,20,20,20,20,20,20,20,20,20,20
190352,2,1,1999,0,0,0,0,0,0,0,0,0,0
190353,1,1,1999,0,0,0,0,0,0,0,0,0,0
190353,2,1,1999,0,0,0,0,0,0,0,0,0,0
190353,3,1,1999,0,0,0,0,0,0,0,0,0,0
190354,1,1,1999,0,0,0,16,0,0,0,11,14,0
190355,1,1,1999,13,13,13,13,13,13,13,13,13,13
190356,1,1,1999,0,0,0,0,0,0,0,0,0,0
190356,2,1,1999,0,0,0,0,0,0,0,0,0,0
190357,1,1,1999,14,14,14,14,14,14,14,14,14,14
190358,1,1,1999,0,0,0,0,0,0,0,0,0,0
190358,2,1,1999,0,0,0,0,0,0,0,0,0,0
190359,1,1,1999,23,23,23,23,23,23,23,23,23,23
190360,1,1,1999,13,13,13,13,13,13,13,13,13,13
190361,1,1,1999,0,14,25,18,0,14,0,0,0,0
190362,1,1,1999,0,0,0,28,0,0,0,0,0,0
190362,2,1,1999,0,0,0,0,0,0,0,0,0,0
190363,1,1,1999,0,0,0,0,0,0,0,0,0,0
190364,1,1,1999,16,16,16,16,16,16,16,16,16,16
190364,2,1,1999,0,0,0,0,0,0,0,0,0,0
190365,1,1,1999,0,0,0,0,0,0,0,0,0,0
190366,1,1,1999,0,0,0,0,0,0,0,0,0,0
190367,1,1,1999,0,0,7,18,10,19,0,7,0,12
190368,1,1,1999,0,0,0,0,0,0,0,0,0,0
190368,2,1,1999,0,0,0,0,0,0,0,0,0,0
190369,1,1,1999,0,13,0,0,0,0,21,0,21,0
190369,2,1,1999,0,10,0,0,0,14,0,0,0,0
190369,3,1,1999,0,0,0,0,0,0,0,0,0,0
190369,4,1,1999,0,0,0,0,0,0,0,0,0,0
190370,1,1,1999,17,17,17,17,17,17,17,17,17,17
190371,1,1,1999,0,0,0,0,0,0,0,0,0,0
190372,0,1,1999,0,0,0,0,30,0,0,0,0,0
190372,1,1,1999,0,0,0,0,0,0,0,0,0,0
190373,1,1,1999,0,0,0,0,0,0,0,0,0,0
190373,2,1,1999,0,0,0,0,0,0,0,0,0,0
190373,3,1,1999,0,0,0,0,0,0,0,0,0,0
190373,4,1,1999,0,0,0,0,0,0,0,0,0,0
190373,5,1,1999,0,0,0,0,0,0,0,0,0,0
190374,1,1,1999,9,9,9,9,9,9,9,9,9,9
190375,1,1,1999,0,0,0,0,0,0,0,0,0,0
190376,1,1,1999,0,0,0,0,19,0,0,0,0,7
190376,2,1,1999,0,0,0,0,0,0,0,0,0,0
190377,1,1,1999,2,2,2,2,2,2,2,2,2,2
190377,2,1,1999,0,0,0,0,0,0,0,0,0,0
190378,1,1,1999,25,25,25,25,25,25,25,25,25,25
190378,2,1,1999,0,0,0,0,0,0,0,0,0,0
190379,1,1,1999,23,23,23,23,23,23,23,23,23,23
190380,1,1,1999,16,16,16,16,16,16,16,16,16,16
190381,1,1,1999,0,0,0,0,0,0,0,0,0,0
190381,2,1,1999,0,0,0,0,0,0,0,0,0,0
190382,0,1,1999,0,20,16,0,20,0,0,0,0,0
190382,1,1,1999,0,0,0,0,4,0,0,0,0,28
190383,1,1,1999,14,14,14,14,14,14,14,14,14,14
190384,1,1,1999,0,0,0,0,0,0,0,0,0,0
190384,2,1,1999,0,0,0,0,0,0,0,0,0,0
190385,1,1,1999,0,0,0,0,0,0,0,0,0,0
190385,2,1,1999,0,0,0,0,0,0,0,0,0,0
190386,1,1,1999,0,0,0,0,0,0,0,0,0,0
190386,2,1,1999,0,0,0,0,0,0,0,0,0,0
190386,3,1,1999,0,0,0,0,0,0,0,0,0,0
190387,1,1,1999,0,0,0,0,0,0,0,0,16,0
190388,1,1,1999,0,0,0,0,0,0,0,0,0,0
190388,2,1,1999,0,0,0,0,0,0,0,0,0,0
190389,1,1,1999,0,0,0,0,0,0,0,0,0,0
190389,2,1,1999,0,0,0,0,0,0,0,0,0,0
190390,1,1,1999,0,0,0,0,0,0,0,0,0,0
190391,1,1,1999,0,0,0,0,0,0,0,0,0,0
190391,2,1,1999,0,0,0,0,0,0,0,0,0,0
190392,1,1,1999,12,12,12,12,12,12,12,12,12,12
190393,1,1,1999,0,0,0,0,0,0,0,0,0,0
190393,2,1,1999,0,0,0,0,0,0,0,0,0,0
190394,1,1,1999,0,0,0,0,0,0,0,0,0,0
190394,2,1,1999,10,0,0,0,22,0,0,0,0,0
190395,1,1,1999,0,0,0,0,0,0,0,0,0,0
190396,1,1,1999,0,0,0,0,0,0,0,0,0,0
190396,2,1,1999,0,0,0,0,0,0,0,0,0,0
190397,1,1,1999,0,0,0,0,0,0,0,0,0,0
190397,2,1,1999,0,0,0,0,0,0,0,0,0,0
190398,1,1,1999,0,0,0,0,0,0,0,0,0,0
190398,2,1,1999,0,0,0,0,0,0,0,0,0,0
190398,3,1,1999,0,0,0,0,0,0,0,0,0,0
190399,1,1,1999,0,0,0,0,0,0,0,4,0,0
190399,2,1,1999,0,0,0,0,0,0,0,0,0,0
190400,1,1,1999,11,0,0,3,16,0,0,0,19,8
190401,0,1,1999,41,0,0,0,23,0,0,45,0,18
190401,1,1,1999,0,0,0,0,0,0,0,0,0,0
190402,1,1,1999,0,11,0,19,0,0,0,0,0,0
190403,1,1,1999,0,0,0,0,0,0,0,0,0,0
190404,1,1,1999,0,0,0,0,0,0,0,0,0,0
190404,2,1,1999,0,0,0,0,0,0,0,0,0,0
190405,1,1,1999,0,33,0,0,0,0,16,20,0,0
190406,1,1,1999,0,0,0,0,0,0,0,0,0,0
190406,2,1,1999,0,0,0,0,0,0,0,0,0,0
190407,1,1,1999,0,0,0,0,0,0,0,0,0,0
190407,2,1,1999,0,0,0,0,0,0,0,0,0,0
190408,1,1,1999,23,23,23,23,23,23,23,23,23,23
190409,1,1,1999,0,0,0,0,0,0,0,0,0,0
190409,2,1,1999,0,0,0,8,0,0,0,0,0,0
190410,1,1,1999,0,0,0,0,0,0,0,0,0,0
190410,2,1,1999,0,0,0,0,0,0,0,0,0,0
190411,1,1,1999,0,0,0,0,0,0,0,0,0,0
190411,2,1,1999,0,0,0,0,0,0,0,0,0,0
190412,1,1,1999,0,0,0,0,0,0,0,0,0,0
190412,2,1,1999,0,0,0,0,0,0,0,0,0,0
190413,1,1,1999,0,0,0,0,0,0,0,0,0,0
190414,1,1,1999,3,3,3,3,3,3,3,3,3,3
190415,1,1,1999,1,1,1,1,1,1,1,1,1,1
190415,2,1,1999,1,1,1,1,1,1,1,1,1,1
190415,3,1,1999,0,0,0,0,0,0,0,0,0,0
190416,1,1,1999,0,0,0,0,0,0,0,0,0,0
190416,2,1,1999,0,0,0,0,0,0,0,0,0,0
190417,1,1,1999,0,0,0,0,0,0,0,0,0,0
190417,2,1,1999,0,0,0,0,0,0,0,0,0,0
190418,1,1,1999,0,0,0,0,0,0,0,0,0,0
190418,2,1,1999,0,0,0,0,0,0,0,0,0,0
190419,1,1,1999,0,0,0,0,16,0,12,0,0,0
190419,2,1,1999,0,0,0,0,0,0,0,0,0,0
190420,1,1,1999,17,17,17,17,17,17,17,17,17,17
190420,2,1,1999,0,0,0,0,0,0,0,0,0,0
190421,0,1,1999,18,0,0,0,0,0,0,0,0,0
190421,1,1,1999,0,0,0,0,0,0,0,0,0,0
190422,1,1,1999,12,12,12,12,12,12,12,12,12,12
190423,1,1,1999,0,0,0,0,0,0,0,0,0,0
190423,2,1,1999,20,20,20,20,20,20,20,20,20,20
190424,1,1,1999,1,1,1,1,1,1,1,1,1,1
190425,1,1,1999,0,0,0,0,0,0,0,0,0,0
190425,2,1,1999,0,0,0,0,0,0,0,0,0,0
190426,1,1,1999,0,0,0,0,0,0,0,0,0,0
190426,2,1,1999,0,0,0,0,10,0,0,0,0,0
190426,3,1,1999,0,0,0,0,0,0,0,0,0,0
190427,1,1,1999,0,0,0,0,0,0,9,0,0,0
190427,2,1,1999,0,0,0,0,0,0,0,0,0,0
190428,1,1,1999,0,4,2,0,0,0,0,0,0,0
190428,2,1,1999,0,0,0,0,0,0,0,0,0,0
190429,1,1,1999,0,0,0,0,0,0,0,0,0,0
190429,2,1,1999,0,0,0,0,0,0,0,0,0,0
190430,1,1,1999,20,20,20,20,20,20,20,20,20,20
190431,1,1,1999,13,13,13,13,13,13,13,13,13,13
190432,1,1,1999,17,17,17,17,17,17,17,17,17,17
190433,1,1,1999,0,0,0,0,0,0,0,0,0,0
190433,2,1,1999,0,0,0,0,0,0,0,0,0,0
200001,1,1,1999,0,0,0,0,0,0,0,0,0,0
200002,1,1,1999,6,6,6,6,6,6,6,6,6,6
200002,2,1,1999,0,0,0,0,0,0,0,0,0,0
200003,1,1,1999,0,0,0,0,0,0,0,0,0,0
200003,2,1,1999,0,0,0,0,0,0,0,0,0,0
200004,1,1,1999,0,0,0,0,0,0,0,10,0,0
200004,2,1,1999,0,15,0,0,0,0,0,0,0,0
200005,1,1,1999,0,11,0,0,0,0,0,0,0,0
200005,2,1,1999,4,4,4,4,4,4,4,4,4,4
200006,1,1,1999,32,32,32,32,32,32,32,32,32,32
200007,1,1,1999,0,0,0,0,0,0,0,0,0,0
200007,2,1,1999,0,0,0,0,0,0,0,0,0,0
200008,1,1,1999,0,0,0,0,0,0,0,0,0,0
200008,2,1,1999,0,0,0,0,0,0,0,0,0,11
200009,1,1,1999,0,0,0,0,0,0,0,0,0,0
200010,1,1,1999,0,0,0,0,0,0,0,0,0,0
200010,2,1,1999,0,0,0,0,0,0,0,0,0,0
200011,1,1,1999,0,0,0,0,0,0,0,0,0,0
200011,2,1,1999,0,0,0,0,0,0,0,0,0,0
200012,1,1,1999,0,0,0,0,0,0,0,0,0,0
200013,1,1,1999,0,0,0,0,0,0,0,0,0,0
200013,2,1,1999,0,0,0,0,0,0,0,0,0,0
200014,1,1,1999,0,0,0,0,0,0,0,0,0,0
200014,2,1,1999,0,0,0,0,0,0,0,0,0,0
200015,1,1,1999,0,0,0,0,12,0,0,0,0,0
200015,2,1,1999,0,0,0,0,0,0,0,0,0,0
200016,1,1,1999,10,10,10,10,10,10,10,10,10,10
200017,1,1,1999,28,28,28,28,28,28,28,28,28,28
200017,2,1,1999,0,0,0,0,0,0,0,0,0,0
200018,1,1,1999,0,0,0,0,0,0,0,0,0,0
200018,2,1,1999,3,3,3,3,3,3,3,3,3,3
200018,3,1,1999,0,0,0,0,0,0,0,0,0,0
200019,1,1,1999,0,0,0,0,0,0,0,0,0,0
200019,2,1,1999,0,0,0,0,0,0,0,0,0,0
200020,1,1,1999,28,28,28,28,28,28,28,28,28,28
200021,1,1,1999,0,0,0,0,0,0,0,0,0,0
200021,2,1,1999,0,0,0,0,0,0,0,0,0,0
200022,1,1,1999,58,58,58,58,58,58,58,58,58,58
200023,0,1,1999,0,0,0,0,0,0,0,0,0,0
200023,1,1,1999,0,0,0,0,0,0,0,0,0,0
200024,1,1,1999,0,0,0,0,0,0,0,0,0,0
200024,2,1,1999,0,0,0,0,0,0,0,0,0,0
200025,1,1,1999,11,0,0,0,0,0,15,0,0,0
200025,2,1,1999,0,0,0,0,0,0,0,0,0,0
200026,1,1,1999,20,20,20,20,20,20,20,20,20,20
200027,1,1,1999,0,0,0,0,0,0,0,0,0,0
200027,2,1,1999,0,0,0,0,0,0,0,0,0,0
200027,3,1,1999,0,0,0,0,0,0,0,0,0,0
200028,1,1,1999,0,0,0,0,0,0,0,0,0,0
200028,2,1,1999,0,0,0,0,0,0,0,0,0,0
200029,1,1,1999,0,0,0,0,0,0,0,0,0,0
200030,1,1,1999,30,30,30,30,30,30,30,30,30,30
200031,1,1,1999,0,0,15,0,0,0,0,0,0,0
200031,2,1,1999,0,0,0,0,0,0,0,0,0,0
200032,1,1,1999,17,17,17,17,17,17,17,17,17,17
200033,1,1,1999,0,0,12,15,22,14,22,17,19,15
200034,1,1,1999,0,0,0,0,0,0,0,0,0,0
200035,0,1,1999,26,0,0,0,0,0,0,20,0,0
200035,1,1,1999,9,9,9,9,9,9,9,9,9,9
200036,1,1,1999,30,30,30,30,30,30,30,30,30,30
200037,1,1,1999,0,0,0,0,0,0,0,0,0,0
200038,1,1,1999,0,0,0,0,0,0,0,0,0,0
200038,2,1,1999,0,0,0,0,0,0,12,0,0,0
200039,1,1,1999,7,7,7,7,7,7,7,7,7,7
200040,1,1,1999,0,0,0,0,0,0,0,0,0,0
200041,1,1,1999,13,39,0,13,0,0,0,0,19,0
200042,1,1,1999,0,0,0,0,0,0,0,0,0,0
200042,2,1,1999,0,0,0,0,0,0,0,0,0,0
200043,1,1,1999,0,0,0,0,0,0,0,0,0,0
200044,0,1,1999,0,0,0,0,0,0,0,0,0,0
200045,1,1,1999,0,0,0,0,0,0,0,0,0,0
200045,2,1,1999,0,0,0,0,0,0,0,0,0,0
200046,1,1,1999,0,0,0,0,0,0,0,0,0,0
200046,2,1,1999,0,0,0,0,0,0,0,0,0,0
200047,1,1,1999,0,0,0,0,0,0,0,0,0,0
200047,2,1,1999,0,0,0,0,0,0,0,0,0,0
200048,1,1,1999,0,0,0,0,18,0,0,0,0,0
200048,2,1,1999,0,0,0,0,0,0,0,0,0,0
200049,1,1,1999,0,0,0,0,0,0,0,0,0,0
200050,1,1,1999,0,0,0,0,0,0,0,0,0,0
200051,1,1,1999,21,21,21,21,21,21,21,21,21,21
200052,1,1,1999,0,0,0,0,0,0,0,0,0,0
200052,2,1,1999,4,4,4,4,4,4,4,4,4,4
200053,1,1,1999,0,0,0,0,0,0,0,12,0,0
200054,1,1,1999,0,0,0,17,27,0,0,0,23,15
200055,0,1,1999,0,0,12,0,0,0,0,0,0,0
200055,1,1,1999,0,4,0,0,0,0,12,0,0,0
200056,1,1,1999,0,0,0,0,0,0,0,0,0,0
200057,1,1,1999,0,0,0,0,0,0,0,0,0,0
200057,2,1,1999,0,0,0,0,0,0,0,0,0,0
200058,1,1,1999,0,0,0,0,0,0,0,0,0,0
200058,2,1,1999,0,0,0,0,0,0,0,0,0,0
200059,1,1,1999,0,0,0,0,0,0,0,0,0,0
200060,1,1,1999,0,0,0,0,0,0,25,0,0,0
200061,1,1,1999,0,0,0,0,0,0,0,0,0,0
200061,2,1,1999,0,0,0,0,0,0,0,0,0,0
200062,1,1,1999,12,12,12,12,12,12,12,12,12,12
200063,1,1,1999,0,0,0,0,0,0,0,0,0,0
200064,0,1,1999,0,0,0,0,0,0,9,0,0,0
200064,1,1,1999,0,0,0,0,0,0,0,0,0,0
200065,1,1,1999,0,0,0,0,0,0,0,0,0,0
200066,1,1,1999,0,0,0,0,0,0,0,0,0,0
200067,1,1,1999,18,18,18,18,18,18,18,18,18,18
200067,2,1,1999,0,0,0,0,0,0,0,0,0,6
200068,1,1,1999,19,19,19,19,19,19,19,19,19,19
200069,1,1,1999,0,0,0,0,0,0,0,0,0,0
200069,2,1,1999,0,0,0,0,0,0,0,0,0,0
200070,1,1,1999,6,6,6,6,6,6,6,6,6,6
200071,1,1,1999,0,0,0,0,0,0,0,0,0,0
200072,1,1,1999,0,0,0,0,0,0,0,0,0,0
200072,2,1,1999,0,0,0,0,0,0,0,0,0,0
200073,1,1,1999,22,22,22,22,22,22,22,22,22,22
200074,1,1,1999,0,0,0,0,0,0,0,0,0,0
200074,2,1,1999,0,0,0,0,0,0,0,0,0,0
200075,1,1,1999,0,14,12,0,0,0,19,0,0,15
200076,1,1,1999,0,0,0,0,0,0,0,0,0,0
200076,2,1,1999,0,0,0,0,0,0,0,0,0,0
200077,1,1,1999,0,0,0,0,0,0,0,0,0,0
200077,2,1,1999,0,0,0,0,0,0,0,0,0,0
200078,1,1,1999,15,15,15,15,15,15,15,15,15,15
200078,2,1,1999,0,0,0,0,0,0,0,0,0,0
200080,0,1,1999,0,0,0,0,0,0,0,0,0,0
200080,1,1,1999,0,0,0,0,0,0,0,0,0,0
200081,1,1,1999,20,20,20,20,20,20,20,20,20,20
200082,0,1,1999,7,7,7,7,7,7,7,7,7,7
200082,1,1,1999,6,6,6,6,6,6,6,6,6,6
200083,1,1,1999,0,0,0,0,0,0,0,0,0,0
200083,2,1,1999,0,0,0,0,0,0,0,0,0,0
200084,1,1,1999,0,0,0,0,0,0,0,0,0,16
200085,1,1,1999,0,0,0,0,0,0,0,0,0,0
200085,2,1,1999,0,0,0,0,0,0,0,0,0,0
200086,1,1,1999,0,0,0,0,0,0,0,0,0,0
200086,2,1,1999,0,0,0,0,0,0,0,0,0,0
200086,3,1,1999,0,0,0,0,0,0,0,0,0,0
200087,1,1,1999,0,0,0,0,0,0,0,0,0,0
200087,2,1,1999,0,0,0,0,0,0,0,0,0,18
200088,1,1,1999,0,0,0,0,0,0,0,0,0,0
200088,2,1,1999,0,0,0,0,0,0,0,0,0,0
200089,1,1,1999,16,16,16,16,16,16,16,16,16,16
200089,2,1,1999,0,0,0,0,0,0,0,0,0,0
200090,1,1,1999,38,38,38,38,38,38,38,38,38,38
200090,2,1,1999,0,0,0,0,0,0,0,0,0,0
200091,0,1,1999,26,26,26,26,26,26,26,26,26,26
200091,1,1,1999,0,0,0,0,0,0,0,0,0,0
200092,1,1,1999,13,16,14,20,12,18,18,17,20,9
200093,1,1,1999,0,0,16,0,0,0,6,0,0,0
200094,1,1,1999,0,0,0,0,0,0,0,0,0,0
200094,2,1,1999,0,0,0,0,0,0,0,0,0,0
200095,1,1,1999,0,0,0,0,0,0,0,0,0,0
200095,2,1,1999,0,0,0,0,0,0,0,0,0,0
200096,0,1,1999,0,0,0,0,0,0,0,0,0,0
200096,1,1,1999,0,0,0,0,0,0,0,0,0,0
200097,0,1,1999,11,11,11,11,11,11,11,11,11,11
200097,1,1,1999,0,0,0,0,0,0,0,0,0,0
200098,1,1,1999,17,17,17,17,17,17,17,17,17,17
200098,2,1,1999,8,10,2,17,13,10,15,18,12,8
200099,1,1,1999,25,10,17,11,32,28,5,19,4,19
200100,1,1,1999,0,0,0,0,0,0,0,0,0,0
200100,2,1,1999,0,0,0,0,0,0,0,0,0,0
200101,1,1,1999,0,0,0,0,0,0,0,0,0,0
200101,2,1,1999,3,3,3,3,3,3,3,3,3,3
200101,3,1,1999,0,0,0,0,0,0,0,0,0,0
200102,1,1,1999,0,0,0,0,0,0,0,0,0,0
200103,1,1,1999,0,0,0,0,0,0,0,0,0,0
200104,1,1,1999,0,0,0,0,0,0,0,0,0,0
200104,2,1,1999,0,0,0,0,0,0,0,0,0,0
200105,1,1,1999,0,0,0,0,0,0,0,0,0,0
200105,2,1,1999,0,0,0,0,0,0,0,0,0,0
200106,1,1,1999,0,0,0,0,0,0,0,0,0,0
200107,1,1,1999,0,0,0,0,0,0,0,0,0,0
200108,1,1,1999,0,3,0,0,0,0,0,0,0,0
200108,2,1,1999,0,0,0,0,0,0,0,0,0,0
200110,1,1,1999,0,0,0,0,0,0,0,0,0,0
200111,1,1,1999,0,0,0,0,0,0,0,0,0,0
200112,1,1,1999,0,0,0,0,0,0,0,0,0,0
200113,1,1,1999,0,0,0,32,0,0,0,20,0,0
200114,1,1,1999,0,5,0,0,0,0,0,0,0,0
200114,2,1,1999,0,0,0,0,0,0,0,0,14,0
200115,1,1,1999,19,19,19,19,19,19,19,19,19,19
200116,1,1,1999,0,0,0,0,0,0,0,0,0,0
200116,2,1,1999,0,0,0,0,0,0,0,0,0,0
200117,1,1,1999,0,0,0,0,0,0,0,0,0,0
200117,2,1,1999,0,0,0,0,0,0,0,0,0,0
200117,3,1,1999,0,0,0,0,0,0,0,0,0,0
200118,1,1,1999,23,23,23,23,23,23,23,23,23,23
200119,0,1,1999,19,19,19,19,19,19,19,19,19,19
200119,1,1,1999,0,0,0,0,0,0,0,0,0,0
200120,1,1,1999,14,15,21,18,20,0,14,10,25,9
200121,1,1,1999,29,29,29,29,29,29,29,29,29,29
200122,1,1,1999,0,0,0,0,0,0,0,0,0,0
200122,2,1,1999,0,0,0,0,0,0,0,0,0,0
200123,1,1,1999,0,3,0,0,0,0,0,0,0,0
200124,0,1,1999,16,16,16,16,16,16,16,16,16,16
200124,1,1,1999,16,26,14,13,21,24,21,10,21,23
200125,1,1,1999,0,0,0,0,0,0,0,0,0,0
200126,1,1,1999,0,0,0,0,0,0,0,0,0,0
200126,2,1,1999,0,0,0,0,0,0,0,0,0,0
200127,1,1,1999,38,38,38,38,38,38,38,38,38,38
200128,1,1,1999,0,0,0,0,0,0,0,0,0,0
200128,2,1,1999,0,0,0,0,0,0,0,0,0,0
200128,3,1,1999,0,0,0,0,0,0,0,0,0,0
200129,0,1,1999,0,0,0,0,0,0,0,0,0,0
200129,1,1,1999,0,0,0,13,0,0,0,0,0,0
200130,1,1,1999,26,24,36,15,8,34,0,15,0,0
200131,1,1,1999,14,14,14,14,14,14,14,14,14,14
200132,1,1,1999,0,0,0,0,0,0,0,0,0,0
200133,0,1,1999,11,0,14,32,35,19,13,32,28,25
200133,1,1,1999,0,0,0,0,0,0,0,0,0,0
200134,1,1,1999,33,0,0,0,0,0,0,0,11,0
200134,2,1,1999,0,0,0,0,0,0,0,20,0,0
200135,1,1,1999,0,0,0,0,0,0,0,0,0,0
200135,2,1,1999,0,0,0,0,0,0,0,0,0,0
200136,1,1,1999,0,0,0,0,6,0,0,0,0,0
200136,2,1,1999,0,0,0,0,0,0,24,0,0,0
200137,1,1,1999,13,0,21,9,0,8,5,0,14,14
200137,2,1,1999,8,8,8,8,8,8,8,8,8,8
200138,1,1,1999,0,0,0,0,0,0,0,0,0,0
200138,2,1,1999,0,0,0,0,0,0,0,0,0,0
200139,1,1,1999,0,0,0,0,0,0,0,0,0,0
200140,1,1,1999,0,0,0,0,0,0,0,0,0,0
200140,2,1,1999,0,0,0,0,0,0,0,0,0,0
200141,1,1,1999,0,0,0,0,0,0,0,0,0,0
200141,2,1,1999,0,0,0,0,0,0,0,0,0,0
200142,1,1,1999,0,0,0,0,0,0,0,0,0,0
200143,1,1,1999,0,0,0,0,0,0,0,0,0,0
200144,1,1,1999,0,0,0,0,0,0,0,0,0,0
200145,1,1,1999,0,0,0,0,0,0,0,0,0,0
200146,1,1,1999,20,0,0,0,0,0,19,0,20,0
200147,1,1,1999,18,18,18,18,18,18,18,18,18,18
200148,1,1,1999,0,0,0,0,0,0,0,0,0,0
200148,2,1,1999,0,0,0,0,0,0,0,0,0,0
200149,1,1,1999,0,0,0,0,0,0,0,0,0,0
200149,2,1,1999,0,0,0,0,0,0,0,0,0,0
200150,1,1,1999,0,0,0,0,0,0,0,0,0,0
200150,2,1,1999,0,0,0,0,0,0,0,0,19,0
200151,1,1,1999,0,0,0,0,0,0,0,0,0,0
200151,2,1,1999,0,0,0,0,0,0,0,0,0,0
200152,1,1,1999,10,10,10,10,10,10,10,10,10,10
200153,1,1,1999,0,0,0,11,0,6,0,0,0,0
200154,0,1,1999,16,16,16,16,16,16,16,16,16,16
200154,1,1,1999,0,10,0,0,0,0,0,0,0,0
200155,1,1,1999,0,0,0,0,4,0,0,0,0,0
200155,2,1,1999,0,0,0,0,0,0,0,0,0,0
200156,1,1,1999,25,25,25,25,25,25,25,25,25,25
200157,1,1,1999,0,0,0,0,0,0,0,0,0,0
200157,2,1,1999,0,0,0,0,0,0,0,0,0,0
200158,1,1,1999,0,0,0,0,0,0,0,0,0,0
200160,1,1,1999,0,0,0,0,0,0,0,23,0,0
200160,2,1,1999,13,13,13,13,13,13,13,13,13,13
200161,1,1,1999,0,0,0,0,0,0,0,0,0,0
200162,1,1,1999,12,12,12,12,12,12,12,12,12,12
200163,1,1,1999,0,0,0,0,0,0,0,0,0,0
200164,1,1,1999,11,11,11,11,11,11,11,11,11,11
200165,0,1,1999,37,27,0,0,20,0,21,20,0,20
200165,1,1,1999,0,0,0,0,0,0,0,0,0,0
200166,1,1,1999,15,15,15,15,15,15,15,15,15,15
200167,1,1,1999,0,0,0,0,0,0,0,0,0,0
200167,2,1,1999,0,0,0,0,0,0,0,0,0,0
200168,1,1,1999,0,0,0,0,0,0,0,0,0,0