ST_CASE,VEH_NO,PER_NO,YEAR,P1,P2,P3,P4,P5,P6,P7,P8,P9,P10
200168,2,1,1999,0,0,0,0,0,0,0,0,0,0
200169,1,1,1999,0,0,0,0,0,0,0,0,0,0
200170,1,1,1999,5,5,5,5,5,5,5,5,5,5
200170,2,1,1999,0,0,0,0,0,0,0,0,0,0
200171,1,1,1999,5,5,5,5,5,5,5,5,5,5
200171,2,1,1999,17,12,9,0,4,0,7,0,0,10
200172,1,1,1999,17,17,17,17,17,17,17,17,17,17
200172,2,1,1999,0,0,0,0,0,0,0,0,0,0
200173,1,1,1999,0,0,0,0,0,0,0,0,0,0
200174,1,1,1999,13,13,13,13,13,13,13,13,13,13
200175,1,1,1999,18,18,22,27,14,26,26,31,15,23
200176,1,1,1999,13,13,13,13,13,13,13,13,13,13
200177,1,1,1999,18,18,18,18,18,18,18,18,18,18
200177,2,1,1999,0,0,0,0,0,0,0,0,0,0
200178,1,1,1999,0,0,0,0,0,0,0,0,0,0
200178,2,1,1999,0,0,0,20,0,0,0,0,0,0
200180,0,1,1999,0,0,0,0,0,0,0,0,0,0
200180,1,1,1999,0,0,0,0,0,0,0,0,0,0
200181,1,1,1999,17,0,0,0,18,0,0,0,0,0
200182,1,1,1999,0,0,0,0,0,0,0,0,0,0
200182,2,1,1999,0,0,0,0,0,0,0,0,0,0
200183,1,1,1999,19,19,19,19,19,19,19,19,19,19
200184,1,1,1999,0,0,0,0,0,0,0,0,0,0
200185,1,1,1999,7,7,7,7,7,7,7,7,7,7
200185,2,1,1999,15,10,10,15,13,6,0,8,23,15
200186,1,1,1999,0,0,0,0,0,0,0,0,0,0
200187,1,1,1999,8,8,8,8,8,8,8,8,8,8
200188,1,1,1999,0,0,0,0,0,0,0,0,0,0
200188,2,1,1999,0,0,0,0,0,0,0,0,0,0
200189,1,1,1999,0,0,0,0,0,0,0,0,0,0
200190,1,1,1999,0,0,0,0,0,0,0,0,0,0
200190,2,1,1999,0,0,0,0,0,0,0,0,0,0
200191,1,1,1999,0,7,0,0,0,0,0,0,0,0
200192,1,1,1999,0,0,0,0,0,0,0,0,0,0
200192,2,1,1999,0,0,0,0,0,0,0,0,0,0
200193,1,1,1999,0,0,0,0,0,0,0,0,0,0
200194,1,1,1999,0,0,0,0,0,0,0,0,0,0
200194,2,1,1999,0,0,0,0,0,0,0,0,0,0
200195,1,1,1999,23,23,23,23,23,23,23,23,23,23
200196,1,1,1999,0,0,0,0,0,0,0,0,0,0
200196,2,1,1999,0,0,0,0,0,0,0,0,0,0
200196,3,1,1999,0,0,0,0,0,0,0,0,0,0
200197,1,1,1999,0,0,0,0,0,0,13,0,0,0
200197,2,1,1999,0,0,0,0,0,0,0,0,0,0
200198,1,1,1999,0,0,0,0,0,0,0,0,0,0
200199,1,1,1999,19,19,19,19,19,19,19,19,19,19
200200,0,1,1999,12,0,0,0,23,0,0,28,0,40
200200,1,1,1999,0,0,0,0,0,0,0,0,0,0
200201,1,1,1999,0,0,0,0,0,0,0,0,0,0
200201,2,1,1999,0,0,0,0,0,0,0,0,0,0
200202,1,1,1999,9,9,9,9,9,9,9,9,9,9
200202,2,1,1999,0,0,0,0,0,0,0,0,0,0
200203,1,1,1999,0,0,25,0,0,0,0,0,0,0
200203,2,1,1999,0,0,0,0,0,0,0,0,0,0
200203,3,1,1999,0,0,0,0,0,0,0,0,0,0
200203,4,1,1999,0,0,0,15,0,6,0,0,0,0
200204,1,1,1999,13,13,13,13,13,13,13,13,13,13
200204,2,1,1999,9,9,9,9,9,9,9,9,9,9
200205,1,1,1999,0,0,0,0,0,0,0,0,0,0
200205,2,1,1999,0,0,0,0,0,0,0,0,0,0
200206,1,1,1999,0,0,0,0,0,0,0,0,0,0
200207,1,1,1999,19,19,19,19,19,19,19,19,19,19
200207,2,1,1999,0,0,0,0,0,0,0,0,0,0
200208,1,1,1999,0,0,0,0,0,0,0,0,0,0
200208,2,1,1999,0,0,0,0,0,0,0,0,0,0
200209,1,1,1999,0,0,16,0,0,0,0,0,0,0
200209,2,1,1999,0,0,20,16,0,17,11,0,0,0
200209,3,1,1999,0,0,0,0,0,0,0,0,0,0
200210,1,1,1999,7,7,7,7,7,7,7,7,7,7
200210,2,1,1999,0,0,0,0,0,0,0,0,0,0
200211,1,1,1999,0,0,0,0,0,0,0,0,0,0
200211,2,1,1999,0,0,0,0,0,0,0,0,0,0
200212,1,1,1999,2,2,2,2,2,2,2,2,2,2
200213,1,1,1999,12,12,12,12,12,12,12,12,12,12
200213,2,1,1999,10,10,10,10,10,10,10,10,10,10
200214,1,1,1999,21,7,23,5,21,9,14,8,6,5
200214,2,1,1999,0,0,16,0,0,17,8,0,0,0
200215,1,1,1999,8,8,8,8,8,8,8,8,8,8
200215,2,1,1999,0,0,0,0,0,0,0,0,0,0
200215,3,1,1999,0,0,0,0,0,11,0,0,0,0
200216,1,1,1999,0,0,0,0,0,0,0,0,0,0
200217,1,1,1999,4,4,4,4,4,4,4,4,4,4
200217,2,1,1999,0,0,0,0,0,0,0,0,0,0
200218,1,1,1999,5,5,5,5,5,5,5,5,5,5
200219,1,1,1999,10,10,10,10,10,10,10,10,10,10
200220,1,1,1999,0,0,0,0,0,0,0,0,0,0
200221,1,1,1999,24,14,15,10,16,18,25,11,12,20
200222,1,1,1999,0,0,0,0,0,0,0,0,0,0
200222,2,1,1999,0,0,0,0,0,0,0,0,0,0
200223,1,1,1999,29,29,29,29,29,29,29,29,29,29
200224,1,1,1999,0,0,0,0,0,0,0,0,0,0
200224,2,1,1999,4,0,0,0,0,0,0,0,0,0
200225,1,1,1999,0,0,0,0,0,0,0,0,0,0
200225,2,1,1999,0,0,0,0,0,0,0,0,0,0
200226,1,1,1999,0,0,0,0,0,0,0,0,0,0
200226,2,1,1999,0,0,0,0,0,0,0,0,0,0
200227,1,1,1999,0,6,0,0,0,11,0,0,0,11
200228,1,1,1999,0,0,0,0,0,0,0,0,0,0
200228,2,1,1999,0,0,0,0,0,0,0,0,0,0
200229,1,1,1999,0,0,0,0,0,0,0,0,0,0
200229,2,1,1999,0,0,0,7,0,0,0,0,3,13
200230,1,1,1999,0,0,0,0,0,0,0,0,0,0
200230,2,1,1999,0,0,0,0,0,0,0,0,0,0
200230,3,1,1999,0,0,0,0,0,0,0,0,0,0
200231,1,1,1999,0,0,0,0,7,0,0,0,0,0
200232,1,1,1999,0,0,0,0,19,0,0,0,0,0
200233,1,1,1999,0,0,0,0,0,0,0,0,0,0
200233,2,1,1999,29,29,29,29,29,29,29,29,29,29
200234,1,1,1999,0,0,0,0,0,0,0,0,0,0
200234,2,1,1999,0,0,0,0,0,0,0,0,0,0
200235,1,1,1999,52,24,0,20,0,23,15,14,27,0
200236,1,1,1999,0,0,0,11,0,0,0,0,0,0
200237,1,1,1999,0,0,0,0,0,0,0,0,0,0
200237,2,1,1999,0,0,0,0,0,0,0,0,0,0
200238,1,1,1999,0,0,0,0,0,0,0,0,0,0
200238,2,1,1999,0,0,20,0,0,0,0,0,0,0
200239,1,1,1999,5,5,5,5,5,5,5,5,5,5
200239,2,1,1999,0,0,0,0,0,0,0,0,0,0
200240,1,1,1999,0,0,0,0,0,0,0,0,0,0
200240,2,1,1999,0,0,0,0,0,0,0,0,0,0
200241,1,1,1999,0,0,0,0,0,0,0,0,0,0
200241,2,1,1999,0,0,0,0,0,0,0,0,0,0
200242,0,1,1999,0,0,0,0,0,0,0,0,0,0
200242,1,1,1999,0,0,0,0,0,0,0,0,0,0
200243,1,1,1999,0,0,0,0,0,0,0,0,0,0
200243,2,1,1999,0,0,0,0,0,0,0,0,0,0
200244,1,1,1999,0,0,0,0,0,0,0,0,0,0
200244,2,1,1999,0,0,0,0,0,0,0,0,0,0
200245,1,1,1999,0,0,0,0,0,0,0,0,0,0
200246,1,1,1999,0,0,0,0,0,0,0,0,0,0
200246,2,1,1999,0,0,0,0,0,0,0,0,0,0
200247,1,1,1999,8,8,8,8,8,8,8,8,8,8
200248,1,1,1999,0,0,0,0,0,0,0,0,0,0
200249,1,1,1999,0,0,0,0,0,0,0,0,0,0
200249,2,1,1999,0,0,0,0,0,0,0,0,0,0
200249,3,1,1999,13,0,0,0,0,17,0,0,0,9
200250,1,1,1999,0,0,0,0,0,13,0,0,0,0
200250,2,1,1999,0,0,0,0,0,0,0,0,0,0
200251,1,1,1999,0,0,0,0,0,0,0,0,0,0
200251,2,1,1999,0,0,0,0,0,0,0,0,0,0
200252,1,1,1999,18,18,18,18,18,18,18,18,18,18
200253,0,1,1999,10,10,10,10,10,10,10,10,10,10
200253,1,1,1999,0,0,0,0,0,0,0,0,0,0
200254,1,1,1999,0,0,0,0,0,0,0,0,0,0
200254,2,1,1999,0,0,0,0,0,0,0,0,0,0
200255,1,1,1999,0,0,0,0,11,0,0,18,20,16
200256,1,1,1999,0,0,0,0,0,0,0,0,0,0
200257,1,1,1999,0,0,0,0,0,0,0,0,0,0
200258,1,1,1999,0,0,0,0,0,0,0,0,0,0
200258,2,1,1999,0,0,0,0,0,0,0,0,0,0
200259,1,1,1999,0,0,0,0,0,0,0,0,0,0
200259,2,1,1999,0,0,0,0,0,0,0,0,0,0
200260,1,1,1999,0,0,0,0,0,0,0,0,0,0
200261,1,1,1999,0,0,0,0,0,0,0,0,7,0
200262,1,1,1999,32,32,32,32,32,32,32,32,32,32
200263,1,1,1999,0,0,0,0,0,0,0,0,0,0
200263,2,1,1999,0,0,0,0,0,0,0,0,0,0
200264,1,1,1999,26,27,9,7,5,12,18,20,13,19
200265,1,1,1999,0,0,0,0,0,0,0,0,0,0
200265,2,1,1999,0,0,0,0,0,0,0,0,0,0
200266,1,1,1999,0,0,0,0,0,0,0,0,0,0
200266,2,1,1999,0,0,0,0,0,0,0,0,0,0
200267,1,1,1999,11,11,11,11,11,11,11,11,11,11
200267,2,1,1999,0,0,0,0,0,0,8,0,0,0
200268,1,1,1999,0,12,14,0,0,0,0,0,0,0
200268,2,1,1999,0,0,0,0,0,0,0,0,0,0
200269,1,1,1999,21,18,9,18,20,15,34,14,32,11
200270,1,1,1999,0,0,0,0,0,0,0,0,0,0
200271,1,1,1999,0,0,0,0,0,0,0,0,0,0
200271,2,1,1999,0,0,0,0,0,0,0,0,0,0
200271,3,1,1999,0,0,0,0,0,0,0,0,0,0
200271,4,1,1999,0,0,0,0,0,0,0,0,0,0
200273,1,1,1999,46,46,46,46,46,46,46,46,46,46
200274,1,1,1999,0,0,0,0,0,0,0,0,0,0
200274,2,1,1999,0,0,0,0,0,0,0,0,0,0
200275,1,1,1999,0,0,0,0,0,0,0,0,0,0
200275,2,1,1999,0,0,0,0,0,0,0,0,0,0
200276,1,1,1999,7,0,0,12,0,22,10,0,4,7
200277,1,1,1999,20,20,20,20,20,20,20,20,20,20
200278,1,1,1999,0,0,0,0,0,0,0,0,0,0
200278,2,1,1999,12,12,12,12,12,12,12,12,12,12
200279,1,1,1999,0,0,0,0,0,0,0,0,0,0
200279,2,1,1999,0,0,0,0,0,0,0,0,0,0
200280,1,1,1999,0,0,0,0,0,0,0,0,0,0
200280,2,1,1999,0,0,0,12,0,0,0,15,0,0
200281,1,1,1999,0,0,0,0,0,0,0,0,0,0
200281,2,1,1999,0,0,0,0,0,0,0,0,0,0
200281,3,1,1999,0,0,0,0,0,0,0,0,0,0
200282,1,1,1999,15,15,15,15,15,15,15,15,15,15
200283,1,1,1999,0,0,0,0,0,0,0,0,0,0
200284,1,1,1999,0,0,0,0,0,0,0,0,0,0
200284,2,1,1999,0,0,0,0,0,0,0,0,0,0
200285,1,1,1999,0,0,0,0,0,0,0,7,0,9
200285,2,1,1999,0,0,0,0,0,0,0,0,0,0
200286,1,1,1999,13,13,13,13,13,13,13,13,13,13
200286,2,1,1999,18,18,18,18,18,18,18,18,18,18
200287,1,1,1999,0,0,15,0,0,0,5,0,0,0
200287,2,1,1999,0,0,0,0,0,0,0,0,0,0
200288,0,1,1999,0,0,0,0,0,0,0,0,0,0
200288,1,1,1999,0,0,0,0,0,0,0,0,0,0
200289,1,1,1999,0,0,0,0,0,0,0,0,0,0
200290,1,1,1999,0,0,0,0,0,0,0,0,0,0
200290,2,1,1999,0,0,0,0,0,0,0,0,0,0
200291,0,1,1999,0,0,0,0,0,0,0,0,0,0
200291,1,1,1999,0,7,0,0,0,0,0,0,0,0
200292,1,1,1999,0,0,0,0,0,0,0,0,0,0
200292,2,1,1999,0,0,0,0,0,0,0,0,0,0
200293,1,1,1999,0,0,0,0,0,0,0,0,0,0
200293,2,1,1999,0,0,0,0,0,0,0,0,0,0
200294,0,1,1999,0,0,0,0,0,0,0,0,0,0
200294,1,1,1999,0,0,0,0,0,0,0,0,0,0
200295,1,1,1999,0,0,0,0,0,0,0,0,0,0
200295,2,1,1999,0,0,0,0,0,0,0,0,0,0
200296,1,1,1999,0,0,0,0,0,0,0,0,0,0
200297,1,1,1999,0,0,0,0,0,0,0,0,0,0
200298,1,1,1999,0,0,0,0,0,0,0,0,0,0
200298,2,1,1999,0,0,0,0,0,0,0,0,0,0
200298,3,1,1999,0,0,0,0,0,0,0,0,0,0
200299,1,1,1999,5,31,10,14,22,16,10,20,24,10
200300,1,1,1999,39,0,23,9,2,12,0,23,12,27
200300,2,1,1999,0,0,0,0,0,0,0,0,0,0
200301,1,1,1999,2,2,2,2,2,2,2,2,2,2
200302,1,1,1999,0,0,0,0,0,0,0,0,0,0
200303,1,1,1999,21,21,21,21,21,21,21,21,21,21
200304,1,1,1999,16,16,16,16,16,16,16,16,16,16
200304,2,1,1999,0,0,0,0,0,0,0,0,0,0
200305,1,1,1999,0,5,0,0,0,0,0,0,0,0
200306,1,1,1999,0,0,27,22,19,23,42,19,33,34
200306,2,1,1999,8,3,12,37,16,0,13,12,13,22
200307,1,1,1999,0,0,0,0,0,0,0,0,0,0
200307,2,1,1999,0,0,0,0,0,0,7,0,0,0
200308,1,1,1999,28,11,14,18,29,35,24,24,15,24
200309,0,1,1999,6,0,20,0,0,0,0,0,0,0
200309,1,1,1999,0,0,0,0,0,0,0,0,0,0
200310,1,1,1999,13,10,0,22,4,11,21,20,17,13
200311,1,1,1999,0,0,0,0,0,0,0,0,0,0
200311,2,1,1999,0,0,0,0,0,0,0,0,0,0
200312,1,1,1999,0,0,0,0,0,0,0,0,0,0
200312,2,1,1999,0,0,0,0,0,0,0,0,0,0
200313,1,1,1999,0,0,0,0,0,0,0,0,0,0
200313,2,1,1999,0,0,0,0,0,0,0,0,0,0
200314,0,1,1999,0,2,0,29,0,37,0,22,0,0
200314,1,1,1999,0,0,0,0,0,0,0,0,0,0
200315,1,1,1999,0,0,0,0,0,0,0,0,0,12
200315,2,1,1999,0,0,0,0,13,0,0,0,0,0
200316,1,1,1999,0,0,0,0,0,0,0,0,0,0
200316,2,1,1999,0,0,0,0,0,0,0,0,0,0
200317,1,1,1999,0,0,0,0,0,0,0,0,0,0
200318,1,1,1999,0,0,0,0,20,0,26,0,0,0
200318,2,1,1999,0,0,0,0,0,0,0,0,0,0
200319,1,1,1999,29,22,20,21,7,7,10,5,28,12
200320,1,1,1999,18,18,18,18,18,18,18,18,18,18
200320,2,1,1999,0,21,0,0,0,0,5,0,0,0
200321,1,1,1999,0,0,0,0,0,0,0,0,0,0
200321,2,1,1999,0,0,0,0,0,0,0,0,0,0
200322,1,1,1999,0,0,0,0,0,0,0,0,0,0
200322,2,1,1999,0,0,0,0,0,0,0,0,0,0
200323,1,1,1999,0,0,0,0,0,0,0,0,0,0
200324,1,1,1999,0,0,0,0,0,0,0,0,0,0
200325,0,1,1999,0,0,0,0,0,0,0,0,0,0
200325,1,1,1999,13,13,13,13,13,13,13,13,13,13
200326,1,1,1999,15,15,15,15,15,15,15,15,15,15
200327,1,1,1999,0,0,0,0,0,0,0,0,0,0
200327,2,1,1999,15,0,0,0,0,0,0,0,0,0
200327,3,1,1999,0,0,0,0,0,0,0,0,0,0
200328,1,1,1999,18,0,0,12,0,6,0,0,0,0
200329,1,1,1999,0,0,0,0,0,0,0,0,0,0
200329,2,1,1999,0,0,0,0,0,0,0,0,0,0
200330,1,1,1999,0,0,0,0,0,0,0,0,0,0
200330,2,1,1999,0,0,0,0,0,0,0,0,0,0
200331,1,1,1999,27,24,0,9,25,0,23,31,11,0
200332,1,1,1999,0,0,0,0,0,0,0,0,0,0
200332,2,1,1999,0,0,0,0,0,0,0,0,0,0
200333,1,1,1999,0,0,0,0,0,0,0,0,0,0
200333,2,1,1999,0,0,0,0,0,16,0,0,0,0
200334,1,1,1999,0,0,0,0,0,0,0,0,0,0
200334,2,1,1999,0,0,0,0,0,0,0,0,0,0
200335,1,1,1999,16,13,29,12,18,26,35,16,22,23
200336,1,1,1999,23,23,23,23,23,23,23,23,23,23
200337,1,1,1999,0,0,0,0,0,0,0,0,0,0
200337,2,1,1999,0,0,0,0,0,0,0,0,0,0
200337,3,1,1999,10,0,0,0,0,0,0,0,0,0
200338,1,1,1999,0,0,0,0,0,0,0,0,0,0
200339,1,1,1999,13,13,13,13,13,13,13,13,13,13
200339,2,1,1999,2,2,2,2,2,2,2,2,2,2
200340,0,1,1999,3,0,29,0,16,0,0,0,12,0
200340,1,1,1999,17,17,17,17,17,17,17,17,17,17
200341,1,1,1999,0,0,0,0,0,0,0,0,0,0
200341,2,1,1999,0,0,0,0,0,0,0,0,0,0
200342,1,1,1999,0,0,0,0,0,0,0,0,0,0
200342,2,1,1999,0,0,0,0,0,0,0,0,0,0
200343,1,1,1999,0,0,0,0,0,0,0,0,0,0
200344,1,1,1999,0,0,0,0,0,0,0,0,0,0
200344,2,1,1999,0,0,0,0,0,0,0,0,0,0
200345,1,1,1999,0,0,0,0,0,0,0,0,20,0
200345,2,1,1999,0,0,0,0,0,0,0,0,0,0
200346,0,1,1999,0,0,0,0,0,0,0,0,0,0
200346,1,1,1999,0,0,0,0,0,0,0,0,0,0
200347,0,1,1999,0,0,0,0,0,0,0,0,0,0
200347,1,1,1999,0,0,0,0,0,0,0,0,0,0
200347,2,1,1999,0,0,0,0,0,0,0,0,0,0
200348,1,1,1999,0,0,0,11,0,0,0,0,0,0
200349,1,1,1999,23,23,23,23,23,23,23,23,23,23
200350,1,1,1999,0,0,0,0,0,0,0,0,0,2
200350,2,1,1999,0,0,0,0,0,0,0,0,0,16
200351,1,1,1999,22,22,22,22,22,22,22,22,22,22
200352,1,1,1999,0,0,0,0,0,0,0,0,0,0
200352,2,1,1999,0,0,0,0,0,0,0,0,0,0
200353,1,1,1999,0,0,0,0,0,0,0,0,0,0
200354,1,1,1999,0,0,0,0,0,0,6,0,0,0
200355,1,1,1999,26,26,26,26,26,26,26,26,26,26
200356,1,1,1999,0,0,0,0,0,0,0,0,0,0
200357,1,1,1999,0,0,0,0,0,0,0,0,0,0
200358,1,1,1999,9,21,12,0,9,9,10,2,0,16
200359,1,1,1999,0,0,0,0,0,0,0,0,0,0
200360,1,1,1999,8,8,8,8,8,8,8,8,8,8
200361,1,1,1999,0,0,0,0,0,0,0,0,0,0
200362,1,1,1999,0,0,0,0,0,0,0,0,0,0
200362,2,1,1999,0,0,0,0,0,0,0,0,0,0
200363,1,1,1999,0,0,0,0,0,0,0,0,9,0
200364,1,1,1999,0,0,0,0,0,0,0,15,20,8
200365,1,1,1999,0,0,0,0,0,0,0,0,0,0
200365,2,1,1999,0,0,0,0,0,0,0,0,0,0
200366,1,1,1999,0,0,0,0,0,0,0,0,0,0
200366,2,1,1999,0,0,0,0,0,0,0,0,0,0
200367,1,1,1999,0,0,0,18,21,0,0,8,0,29
200367,2,1,1999,18,36,5,22,0,0,0,17,4,15
200368,1,1,1999,9,9,9,9,9,9,9,9,9,9
200369,0,1,1999,0,0,0,0,0,0,0,0,0,0
200369,1,1,1999,0,0,0,0,0,0,0,0,0,0
200370,1,1,1999,0,0,0,0,0,0,0,0,0,0
200370,2,1,1999,0,0,0,0,0,0,0,0,0,0
200371,1,1,1999,0,0,0,0,0,0,0,0,0,0
200371,2,1,1999,0,0,0,0,0,0,0,0,0,0
200372,1,1,1999,0,0,0,0,0,0,0,0,0,0
200372,2,1,1999,21,6,26,31,17,6,3,12,7,12
200373,1,1,1999,0,0,0,0,0,0,0,0,0,0
200373,2,1,1999,0,0,0,0,0,0,0,0,0,0
200373,3,1,1999,0,0,0,0,0,0,0,0,0,0
200374,1,1,1999,3,3,3,3,3,3,3,3,3,3
200375,1,1,1999,0,12,0,0,0,9,0,13,0,0
200376,1,1,1999,6,6,6,6,6,6,6,6,6,6
200377,1,1,1999,0,0,0,0,0,0,0,0,0,0
200377,2,1,1999,0,0,0,0,0,0,0,0,0,0
200378,1,1,1999,0,0,0,0,0,0,0,0,0,18
200378,2,1,1999,43,0,0,0,0,0,11,0,0,0
200379,1,1,1999,0,0,0,0,0,0,0,0,0,0
200379,2,1,1999,0,0,0,0,0,0,0,0,0,0
200380,1,1,1999,0,12,0,0,0,0,0,11,0,9
200381,1,1,1999,19,0,0,0,0,0,0,0,0,0
200382,1,1,1999,18,18,18,18,18,18,18,18,18,18
200382,2,1,1999,19,0,0,0,0,0,0,0,0,0
200383,1,1,1999,0,0,0,0,0,0,0,0,0,0
200384,1,1,1999,10,10,10,10,10,10,10,10,10,10
200385,1,1,1999,0,0,0,0,0,0,0,0,0,0
200386,1,1,1999,14,14,14,14,14,14,14,14,14,14
200387,1,1,1999,0,0,0,0,0,0,0,0,0,0
200387,2,1,1999,0,0,0,0,0,0,0,0,0,0
200387,3,1,1999,0,0,0,0,0,0,0,0,0,0
200387,4,1,1999,0,0,0,0,0,0,0,0,0,0
200387,5,1,1999,0,0,0,0,0,0,0,0,0,0
200387,6,1,1999,0,0,0,0,0,0,0,0,0,0
200387,7,1,1999,0,0,0,0,0,0,0,0,0,0
200388,1,1,1999,0,0,0,0,0,0,0,0,0,0
200388,2,1,1999,0,0,0,0,0,0,0,0,0,0
200389,1,1,1999,0,0,0,0,0,0,0,0,0,0
200389,2,1,1999,0,0,0,0,0,0,0,0,0,0
200390,1,1,1999,0,0,0,0,0,0,0,0,0,0
200392,0,1,1999,25,25,25,25,25,25,25,25,25,25
200392,1,1,1999,0,0,0,0,0,0,0,0,0,0
200392,2,1,1999,0,0,0,0,0,0,0,0,0,0
200393,0,1,1999,56,25,14,26,10,19,17,27,18,31
200393,1,1,1999,10,10,10,10,10,10,10,10,10,10
200394,1,1,1999,11,11,11,11,11,11,11,11,11,11
200395,1,1,1999,0,19,0,0,0,0,0,0,0,0
200396,1,1,1999,28,28,28,28,28,28,28,28,28,28
200397,1,1,1999,16,16,16,16,16,16,16,16,16,16
200398,1,1,1999,8,8,8,8,8,8,8,8,8,8
200399,1,1,1999,16,16,16,16,16,16,16,16,16,16
200400,1,1,1999,13,9,14,20,9,14,11,27,21,18
200401,1,1,1999,0,0,0,0,0,0,0,0,0,0
200401,2,1,1999,0,0,0,0,0,0,0,0,0,0
200402,1,1,1999,0,0,0,0,0,0,0,0,0,0
200403,1,1,1999,0,0,0,6,0,0,0,0,0,0
200404,1,1,1999,0,0,0,0,0,0,0,0,0,0
200404,2,1,1999,0,0,0,0,0,0,0,0,0,0
200404,3,1,1999,0,0,0,0,0,0,0,0,0,0
200405,1,1,1999,0,0,0,0,0,0,0,0,0,0
200405,2,1,1999,0,0,0,0,0,0,0,0,0,0
200406,1,1,1999,23,26,10,14,25,29,28,25,14,14
200407,1,1,1999,0,0,0,0,0,0,0,27,0,0
200408,1,1,1999,0,0,0,0,0,0,0,0,0,0
200409,1,1,1999,14,0,20,18,18,16,19,14,0,5
200410,1,1,1999,0,0,0,0,0,0,0,0,0,0
200410,2,1,1999,0,0,0,0,0,0,0,0,0,0
200411,1,1,1999,0,0,0,0,0,0,0,0,0,0
200411,2,1,1999,0,0,0,0,0,0,0,0,0,0
200412,1,1,1999,28,28,28,28,28,28,28,28,28,28
200412,2,1,1999,0,0,0,0,0,0,0,0,0,0
200413,1,1,1999,23,17,19,33,5,12,10,27,45,11
200414,1,1,1999,0,0,0,0,0,0,0,0,0,0
200414,2,1,1999,0,0,0,0,0,0,0,0,0,0
200414,3,1,1999,0,0,0,0,0,0,0,0,0,0
200415,1,1,1999,14,12,27,21,0,7,43,17,17,17
200416,0,1,1999,0,0,0,0,0,0,0,0,0,0
200416,0,2,1999,0,0,0,0,0,21,23,0,0,6
200416,1,1,1999,0,0,0,0,0,0,0,0,0,6
200416,2,1,1999,7,7,7,7,7,7,7,7,7,7
200417,1,1,1999,7,11,16,23,12,8,19,20,12,8
200418,1,1,1999,0,0,0,0,0,0,0,0,0,0
200419,1,1,1999,0,0,0,0,0,0,0,0,0,0
200420,1,1,1999,28,28,28,28,28,28,28,28,28,28
200421,1,1,1999,0,0,0,0,0,0,0,0,0,0
200421,2,1,1999,0,0,0,0,0,0,0,0,0,0
200422,1,1,1999,0,0,0,10,0,0,0,10,0,0
200423,1,1,1999,21,18,10,0,8,12,13,34,12,21
200424,1,1,1999,0,0,0,0,0,0,0,0,0,0
200425,1,1,1999,0,0,18,20,19,17,0,33,27,0
200426,1,1,1999,0,0,0,0,0,0,0,0,0,0
200426,2,1,1999,0,0,0,0,0,0,0,0,0,0
200426,3,1,1999,0,0,0,0,0,0,0,0,0,0
200427,0,1,1999,0,0,0,0,0,0,0,0,0,0
200427,1,1,1999,0,0,0,0,0,0,0,0,0,0
200428,1,1,1999,0,0,0,0,0,0,0,0,0,0
200428,2,1,1999,0,0,0,0,0,0,0,0,0,0
200429,1,1,1999,17,17,17,17,17,17,17,17,17,17
200429,2,1,1999,0,0,0,0,0,0,0,0,0,0
200430,1,1,1999,0,0,0,0,0,0,0,0,0,0
200430,2,1,1999,0,0,0,0,0,0,0,0,0,0
200431,0,1,1999,0,0,0,0,0,0,19,10,46,0
200431,1,1,1999,15,24,23,6,23,13,0,9,12,23
200431,2,1,1999,0,0,0,0,0,0,0,0,0,0
200432,1,1,1999,12,12,12,12,12,12,12,12,12,12
200433,1,1,1999,0,0,0,0,0,0,0,0,0,0
200433,2,1,1999,24,24,24,24,24,24,24,24,24,24
200434,1,1,1999,0,0,0,0,0,0,0,0,0,0
200434,2,1,1999,0,28,0,0,0,0,0,0,0,0
200435,1,1,1999,22,22,22,22,22,22,22,22,22,22
200436,1,1,1999,0,0,0,0,0,0,0,0,0,0
200436,2,1,1999,0,0,0,18,0,0,0,0,0,16
200437,1,1,1999,0,0,0,0,0,0,0,0,0,0
200437,2,1,1999,0,0,0,0,0,0,0,0,0,0
200438,1,1,1999,2,29,16,7,28,19,20,14,14,3
200438,2,1,1999,0,0,0,0,0,0,0,0,0,0
200439,1,1,1999,0,0,0,0,0,0,0,0,0,0
200439,2,1,1999,0,0,0,0,0,0,0,0,0,0
200440,1,1,1999,0,0,0,19,0,0,17,0,0,2
200440,2,1,1999,0,0,0,0,0,0,0,0,0,0
200441,1,1,1999,0,0,0,0,0,0,0,0,0,0
200442,1,1,1999,13,13,13,13,13,13,13,13,13,13
200443,1,1,1999,23,16,21,44,16,30,12,17,27,12
200444,1,1,1999,0,0,0,0,0,0,0,0,0,0
200444,2,1,1999,0,0,0,0,0,0,0,0,0,0
200445,1,1,1999,5,5,5,5,5,5,5,5,5,5
200446,1,1,1999,9,9,9,9,9,9,9,9,9,9
200446,2,1,1999,0,0,0,0,0,0,0,0,0,0
200447,1,1,1999,0,0,0,0,0,0,0,0,0,0
200448,1,1,1999,0,0,0,0,0,0,0,0,6,0
200448,2,1,1999,0,0,0,0,0,0,0,0,0,0
200449,0,1,1999,0,0,0,0,0,0,0,0,0,0
200449,1,1,1999,0,0,0,0,0,0,0,0,0,0
200450,0,1,1999,0,0,0,0,0,0,0,0,0,0
200450,1,1,1999,0,0,0,0,0,0,0,0,0,0
200451,0,1,1999,0,0,0,0,0,0,0,0,0,0