ST_CASE,VEH_NO,PER_NO,YEAR,P1,P2,P3,P4,P5,P6,P7,P8,P9,P10
200451,1,1,1999,0,16,0,0,0,0,28,0,0,0
200452,1,1,1999,0,0,0,0,0,0,0,0,0,0
200453,0,1,1999,35,18,0,0,0,0,11,0,0,0
200453,1,1,1999,12,7,0,0,23,0,0,0,0,12
200454,1,1,1999,0,0,0,0,0,0,0,0,0,0
200454,2,1,1999,0,0,0,0,0,0,0,0,0,0
200455,1,1,1999,0,0,0,0,0,0,0,0,0,0
200456,0,1,1999,0,0,0,0,0,0,0,0,0,0
200456,1,1,1999,0,0,0,0,0,13,0,0,0,0
200457,1,1,1999,0,0,0,0,0,0,0,0,0,0
200458,1,1,1999,0,0,0,0,0,0,0,0,0,0
200459,1,1,1999,0,11,15,16,27,0,0,22,0,0
200460,1,1,1999,0,0,0,0,0,0,0,0,0,0
200460,2,1,1999,0,0,0,0,0,0,0,0,0,0
200460,3,1,1999,0,0,0,10,0,0,0,0,0,0
200460,4,1,1999,0,0,0,0,0,0,0,0,0,0
200460,5,1,1999,0,0,0,0,0,0,0,0,0,0
200461,1,1,1999,0,0,0,0,0,0,0,0,0,0
200461,2,1,1999,6,6,6,6,6,6,6,6,6,6
200462,1,1,1999,0,0,5,0,0,0,0,0,0,0
200463,1,1,1999,0,0,0,0,0,0,0,0,0,0
200463,2,1,1999,0,0,0,0,0,0,0,0,0,0
200463,3,1,1999,0,0,0,0,0,0,0,0,0,0
210001,1,1,1999,22,22,22,22,22,22,22,22,22,22
210002,1,1,1999,0,0,0,0,0,0,0,0,0,0
210003,1,1,1999,0,0,0,0,0,0,0,0,0,0
210003,2,1,1999,0,0,0,0,0,0,0,0,0,0
210004,1,1,1999,0,0,0,0,0,0,20,0,0,0
210004,2,1,1999,0,0,0,0,0,0,0,0,0,0
210005,1,1,1999,0,0,0,0,0,0,0,0,0,0
210006,0,1,1999,0,0,0,0,0,0,0,0,0,0
210006,1,1,1999,0,0,0,0,0,0,0,0,0,0
210007,1,1,1999,0,0,0,0,0,0,0,0,0,0
210008,1,1,1999,0,0,0,0,0,0,0,0,0,0
210008,2,1,1999,0,0,0,0,0,0,0,0,0,0
210009,1,1,1999,0,14,0,0,26,0,36,0,0,0
210010,1,1,1999,23,23,23,23,23,23,23,23,23,23
210011,1,1,1999,0,0,0,0,0,0,0,0,0,0
210012,1,1,1999,0,0,0,0,0,0,0,0,0,0
210013,1,1,1999,0,0,0,0,0,0,0,0,0,0
210013,2,1,1999,0,0,0,0,0,9,0,0,0,0
210014,1,1,1999,0,0,0,0,0,0,0,0,0,0
210015,1,1,1999,0,0,0,0,0,0,0,0,0,0
210015,2,1,1999,0,0,0,0,0,0,0,0,0,0
210016,1,1,1999,0,0,0,0,0,0,0,0,0,0
210017,1,1,1999,14,14,14,14,14,14,14,14,14,14
210018,1,1,1999,30,30,30,30,30,30,30,30,30,30
210019,1,1,1999,27,27,27,27,27,27,27,27,27,27
210020,1,1,1999,0,0,0,0,0,0,0,0,0,0
210020,2,1,1999,0,0,0,0,0,0,0,0,0,0
210021,1,1,1999,18,14,0,9,14,17,13,28,23,7
210021,2,1,1999,0,0,0,0,0,17,0,0,0,0
210021,3,1,1999,0,0,0,0,0,0,0,0,0,0
210022,1,1,1999,0,0,0,0,0,0,0,0,0,0
210023,1,1,1999,0,0,0,13,0,0,0,0,0,9
210024,1,1,1999,0,0,0,0,0,0,0,0,0,0
210025,1,1,1999,0,0,0,0,0,0,0,0,0,0
210025,2,1,1999,0,0,0,0,0,0,0,0,0,0
210026,0,1,1999,0,0,0,0,0,0,0,14,0,0
210026,0,2,1999,11,0,0,20,0,0,0,0,11,0
210026,1,1,1999,0,0,0,0,0,0,0,0,0,0
210027,1,1,1999,0,0,0,0,0,20,0,0,0,0
210028,1,1,1999,25,25,25,25,25,25,25,25,25,25
210028,2,1,1999,0,20,0,0,0,0,0,0,0,0
210029,1,1,1999,0,31,0,0,0,0,0,0,0,0
210030,1,1,1999,14,14,14,14,14,14,14,14,14,14
210031,1,1,1999,0,0,0,6,0,0,0,0,0,0
210032,1,1,1999,0,0,0,0,0,0,0,0,0,0
210033,1,1,1999,30,30,30,30,30,30,30,30,30,30
210034,1,1,1999,0,0,0,0,0,0,0,0,0,0
210035,1,1,1999,0,0,0,0,0,0,0,0,0,0
210036,1,1,1999,13,13,13,13,13,13,13,13,13,13
210037,1,1,1999,0,0,0,0,0,0,0,0,0,0
210037,2,1,1999,0,0,0,0,0,0,0,0,0,0
210038,1,1,1999,30,30,30,30,30,30,30,30,30,30
210038,2,1,1999,0,0,0,0,0,0,0,0,0,0
210039,1,1,1999,0,0,0,0,0,12,0,0,0,0
210040,1,1,1999,13,13,13,13,13,13,13,13,13,13
210040,2,1,1999,0,0,0,0,0,0,0,0,0,0
210041,1,1,1999,0,0,0,0,0,0,0,0,0,0
210041,2,1,1999,0,0,0,0,0,0,0,0,0,0
210042,1,1,1999,0,0,0,0,0,0,0,0,0,0
210042,2,1,1999,0,0,0,0,0,0,0,0,0,0
210043,1,1,1999,0,0,0,0,0,0,0,0,0,0
210044,1,1,1999,0,0,0,0,0,0,0,0,0,0
210044,2,1,1999,0,0,0,0,0,0,0,0,0,0
210045,1,1,1999,0,0,0,0,0,0,0,0,0,0
210046,1,1,1999,0,0,0,0,0,0,0,0,0,0
210047,1,1,1999,0,0,0,0,0,0,0,0,0,0
210048,1,1,1999,0,0,0,0,0,0,0,0,0,0
210049,1,1,1999,0,0,0,0,0,0,0,0,0,0
210049,2,1,1999,0,0,0,0,0,0,0,0,0,0
210050,1,1,1999,21,21,21,21,21,21,21,21,21,21
210050,2,1,1999,0,0,0,0,0,0,11,0,0,0
210051,1,1,1999,23,23,23,23,23,23,23,23,23,23
210052,1,1,1999,0,0,0,0,0,0,0,0,0,0
210052,2,1,1999,0,0,0,0,0,0,0,0,0,0
210053,1,1,1999,8,8,8,8,8,8,8,8,8,8
210053,2,1,1999,0,0,0,0,0,7,0,0,0,0
210054,1,1,1999,15,15,15,15,15,15,15,15,15,15
210055,1,1,1999,16,16,16,16,16,16,16,16,16,16
210056,1,1,1999,0,0,0,0,0,0,0,0,0,0
210057,1,1,1999,0,0,0,0,0,0,0,0,0,0
210057,2,1,1999,0,0,0,0,0,0,0,0,0,0
210057,3,1,1999,0,0,0,0,0,0,0,0,0,0
210058,1,1,1999,0,0,0,0,0,0,0,0,0,0
210059,1,1,1999,0,0,0,0,0,0,0,0,0,0
210060,1,1,1999,0,0,0,0,0,0,0,0,0,0
210061,1,1,1999,0,0,0,0,0,0,0,0,0,0
210061,2,1,1999,0,0,0,0,0,0,0,0,9,0
210062,0,1,1999,0,0,0,0,0,0,0,0,0,0
210062,1,1,1999,0,0,0,0,0,0,0,0,0,0
210063,1,1,1999,0,0,0,0,0,0,0,0,23,11
210063,2,1,1999,0,0,0,13,0,0,0,0,0,0
210064,1,1,1999,0,0,0,0,0,0,0,0,0,0
210064,2,1,1999,18,0,0,0,0,0,0,0,0,0
210064,3,1,1999,0,0,0,0,0,0,0,0,0,0
210065,1,1,1999,0,0,0,0,0,0,10,0,0,0
210065,2,1,1999,0,0,0,0,0,0,0,0,0,0
210066,1,1,1999,23,23,23,23,23,23,23,23,23,23
210067,1,1,1999,0,0,0,0,0,0,0,0,0,0
210067,2,1,1999,3,3,3,3,3,3,3,3,3,3
210068,1,1,1999,0,0,0,0,0,0,0,0,0,0
210069,0,1,1999,0,0,0,0,0,0,0,0,0,0
210069,1,1,1999,0,0,0,0,0,0,0,0,0,0
210070,1,1,1999,23,23,23,23,23,23,23,23,23,23
210071,1,1,1999,0,0,0,0,0,0,0,0,0,0
210071,2,1,1999,21,0,0,18,16,0,13,42,0,0
210072,1,1,1999,0,0,0,0,0,0,0,0,0,0
210072,2,1,1999,0,24,0,0,0,0,0,0,0,0
210073,1,1,1999,0,0,0,0,0,0,0,0,0,0
210073,2,1,1999,0,16,0,0,0,0,0,0,22,13
210074,1,1,1999,0,0,0,0,0,0,0,0,0,0
210075,1,1,1999,0,0,0,0,0,0,0,0,0,0
210076,1,1,1999,0,0,0,0,0,0,0,0,0,0
210076,2,1,1999,0,0,0,0,0,0,0,0,0,0
210076,3,1,1999,0,0,0,0,0,0,0,0,0,0
210077,1,1,1999,26,26,26,26,26,26,26,26,26,26
210078,1,1,1999,22,22,22,22,22,22,22,22,22,22
210079,1,1,1999,0,0,0,0,0,0,0,0,0,0
210079,2,1,1999,0,0,0,0,0,0,0,0,0,0
210080,0,1,1999,0,0,0,0,0,0,0,0,0,0
210080,1,1,1999,0,0,0,0,0,0,0,0,0,0
210081,1,1,1999,28,9,25,9,12,0,7,4,27,27
210082,1,1,1999,0,0,0,0,0,0,0,0,0,0
210082,2,1,1999,0,0,0,0,0,0,0,0,0,0
210083,1,1,1999,4,4,4,4,4,4,4,4,4,4
210084,1,1,1999,0,0,0,0,0,0,0,0,0,0
210085,1,1,1999,19,19,19,19,19,19,19,19,19,19
210086,1,1,1999,0,0,0,0,0,0,0,0,0,0
210086,2,1,1999,0,0,0,0,0,0,0,0,0,0
210087,1,1,1999,0,0,0,0,0,0,0,0,0,0
210088,1,1,1999,0,0,0,0,0,0,0,0,0,0
210088,2,1,1999,0,0,0,0,0,0,0,0,0,0
210089,1,1,1999,22,22,22,22,22,22,22,22,22,22
210090,1,1,1999,7,7,7,7,7,7,7,7,7,7
210091,1,1,1999,0,0,0,0,0,0,0,0,0,0
210091,2,1,1999,0,0,0,0,0,0,0,0,0,0
210092,1,1,1999,0,0,0,0,0,0,0,0,0,0
210093,1,1,1999,15,15,15,15,15,15,15,15,15,15
210094,1,1,1999,21,21,21,21,21,21,21,21,21,21
210095,1,1,1999,0,0,0,0,0,0,0,0,0,0
210096,1,1,1999,0,0,0,0,0,0,0,0,0,0
210096,2,1,1999,0,0,0,0,0,0,0,0,0,12
210097,1,1,1999,0,0,0,0,0,0,0,0,0,0
210097,2,1,1999,0,0,0,0,0,0,0,0,0,0
210098,1,1,1999,0,0,0,0,0,0,0,0,0,0
210098,2,1,1999,0,0,0,0,0,0,0,0,0,0
210099,1,1,1999,0,0,0,0,0,0,0,0,0,0
210100,0,1,1999,0,0,0,0,0,0,0,0,0,0
210100,1,1,1999,0,0,0,0,0,0,0,0,0,0
210101,1,1,1999,10,10,10,10,10,10,10,10,10,10
210102,1,1,1999,26,26,26,26,26,26,26,26,26,26
210103,1,1,1999,0,0,0,0,0,0,0,0,26,0
210104,1,1,1999,0,0,0,0,0,0,0,0,0,0
210104,2,1,1999,0,0,0,0,0,0,0,0,0,0
210105,1,1,1999,0,0,0,0,0,0,0,0,0,0
210106,1,1,1999,11,11,11,11,11,11,11,11,11,11
210107,1,1,1999,10,10,10,10,10,10,10,10,10,10
210107,2,1,1999,0,0,0,0,0,0,0,0,0,0
210107,3,1,1999,0,0,0,0,0,0,0,0,0,0
210108,1,1,1999,26,26,26,26,26,26,26,26,26,26
210108,2,1,1999,0,0,0,0,0,0,0,0,0,0
210109,1,1,1999,17,17,17,17,17,17,17,17,17,17
210109,2,1,1999,0,0,0,0,0,0,0,0,0,0
210110,1,1,1999,0,0,0,0,0,0,0,0,0,0
210111,1,1,1999,0,9,0,0,0,0,0,0,0,0
210111,2,1,1999,0,0,0,0,0,0,0,0,0,0
210112,1,1,1999,0,0,0,0,0,0,0,0,0,0
210112,2,1,1999,19,19,19,19,19,19,19,19,19,19
210113,1,1,1999,14,15,19,20,21,15,25,13,13,17
210113,2,1,1999,0,0,0,0,0,0,0,0,0,0
210114,1,1,1999,0,0,11,12,19,0,0,0,13,0
210115,1,1,1999,0,0,0,0,0,0,0,0,9,9
210116,1,1,1999,0,0,0,0,0,0,0,0,0,0
210116,2,1,1999,0,0,0,0,0,0,0,0,0,0
210117,1,1,1999,0,0,0,0,0,0,0,0,0,0
210117,2,1,1999,0,0,22,0,0,0,0,0,21,0
210118,1,1,1999,0,0,0,0,0,0,0,0,0,0
210118,2,1,1999,0,0,0,0,0,0,0,0,0,0
210119,1,1,1999,0,0,0,0,0,0,0,0,0,0
210119,2,1,1999,0,0,0,0,0,0,0,0,0,0
210120,1,1,1999,0,0,0,0,0,0,0,0,0,0
210120,2,1,1999,0,0,0,0,0,0,0,0,0,0
210121,1,1,1999,0,0,0,0,0,0,0,0,0,0
210121,2,1,1999,0,0,0,0,0,0,0,0,0,0
210122,0,1,1999,0,0,0,0,0,0,0,0,0,0
210122,1,1,1999,0,0,0,0,0,0,0,0,0,0
210123,1,1,1999,0,0,0,0,0,0,0,0,0,0
210123,2,1,1999,0,10,14,0,0,0,0,0,15,0
210124,1,1,1999,0,0,0,0,0,0,0,0,0,0
210125,1,1,1999,0,0,0,0,0,0,0,0,0,0
210125,2,1,1999,0,0,0,0,0,0,0,0,0,0
210126,1,1,1999,0,31,25,0,0,16,0,23,0,16
210126,2,1,1999,0,0,0,0,29,0,0,0,9,0
210127,0,1,1999,0,0,26,0,8,0,0,0,10,0
210127,1,1,1999,0,0,0,0,0,0,0,0,0,0
210128,0,1,1999,0,0,0,0,0,0,0,0,0,0
210128,1,1,1999,0,0,0,0,0,0,0,0,0,0
210129,0,1,1999,8,23,46,11,0,10,30,0,25,13
210129,1,1,1999,1,1,1,1,1,1,1,1,1,1
210130,1,1,1999,0,0,0,0,0,0,0,0,0,0
210130,2,1,1999,0,0,0,0,0,0,0,0,0,0
210131,1,1,1999,20,20,20,20,20,20,20,20,20,20
210132,1,1,1999,0,0,0,0,0,0,0,0,0,0
210132,2,1,1999,0,0,0,0,0,0,0,0,0,0
210133,1,1,1999,0,0,0,0,0,0,0,0,0,0
210133,2,1,1999,0,0,0,0,0,0,0,0,0,0
210134,1,1,1999,9,0,0,0,0,0,0,0,0,0
210135,1,1,1999,0,0,0,0,0,0,0,0,0,0
210136,1,1,1999,0,0,0,0,0,0,0,0,0,0
210137,1,1,1999,0,28,0,0,0,0,0,0,13,0
210138,0,1,1999,0,0,0,0,0,0,0,0,0,0
210138,0,2,1999,0,0,0,0,0,0,0,0,0,0
210138,0,3,1999,0,0,0,0,0,0,0,0,6,0
210138,0,4,1999,0,0,0,0,0,0,0,0,0,0
210138,1,1,1999,0,0,0,0,0,0,0,0,0,0
210139,1,1,1999,0,0,0,0,0,0,0,0,0,0
210139,2,1,1999,0,0,0,0,0,0,0,0,0,0
210140,1,1,1999,25,25,25,25,25,25,25,25,25,25
210141,1,1,1999,0,6,8,6,0,0,0,0,0,0
210141,2,1,1999,0,0,0,0,0,6,0,0,0,0
210142,1,1,1999,13,13,13,13,13,13,13,13,13,13
210143,0,1,1999,0,0,0,0,0,0,0,0,0,0
210143,0,2,1999,0,0,0,0,0,0,0,0,0,0
210143,1,1,1999,0,0,0,0,0,0,0,0,0,0
210144,1,1,1999,0,0,0,0,0,0,0,0,0,0
210145,0,1,1999,0,0,0,0,0,0,0,0,0,0
210145,1,1,1999,0,0,0,0,0,0,0,0,0,0
210146,1,1,1999,0,16,0,0,0,0,0,0,0,0
210146,2,1,1999,0,0,0,0,0,0,0,0,0,0
210147,1,1,1999,0,0,0,0,0,0,0,0,0,0
210147,2,1,1999,0,0,0,0,0,0,0,0,0,0
210148,1,1,1999,0,0,0,0,0,0,0,0,0,0
210148,2,1,1999,0,0,0,0,0,0,0,0,0,0
210149,0,1,1999,20,23,0,8,27,25,22,35,0,0
210149,1,1,1999,0,0,0,0,0,0,0,0,0,0
210150,1,1,1999,0,0,0,0,0,0,0,0,0,0
210151,1,1,1999,7,7,7,7,7,7,7,7,7,7
210152,1,1,1999,26,16,9,23,15,0,14,12,22,21
210153,1,1,1999,19,19,19,19,19,19,19,19,19,19
210154,1,1,1999,0,0,0,0,0,0,0,0,0,0
210154,2,1,1999,0,0,0,0,0,0,0,0,0,0
210155,1,1,1999,0,0,0,0,0,0,0,0,0,0
210155,2,1,1999,0,0,0,0,0,0,0,26,0,0
210156,1,1,1999,0,0,0,0,6,0,0,0,0,0
210156,2,1,1999,0,0,0,0,0,0,0,0,0,0
210157,1,1,1999,0,0,0,0,0,0,0,0,0,0
210157,2,1,1999,0,0,0,0,0,0,0,0,0,0
210158,1,1,1999,17,17,17,17,17,17,17,17,17,17
210159,1,1,1999,0,14,0,0,0,0,0,0,0,0
210160,1,1,1999,0,18,0,0,0,0,0,14,0,0
210161,1,1,1999,0,0,0,0,0,0,8,29,0,0
210162,1,1,1999,0,0,0,0,0,0,0,0,0,0
210162,2,1,1999,0,0,0,0,0,0,0,0,0,0
210163,1,1,1999,24,24,24,24,24,24,24,24,24,24
210163,2,1,1999,0,0,0,0,0,0,0,20,0,15
210164,1,1,1999,14,14,14,14,14,14,14,14,14,14
210165,1,1,1999,0,0,0,0,0,0,0,0,0,0
210165,2,1,1999,0,0,0,0,0,0,0,0,0,0
210166,1,1,1999,13,13,13,13,13,13,13,13,13,13
210167,1,1,1999,0,0,0,0,0,0,0,0,0,0
210167,2,1,1999,0,0,0,0,0,0,0,0,0,0
210168,1,1,1999,0,0,0,0,0,0,0,0,0,0
210169,0,1,1999,0,0,0,0,0,20,0,13,0,36
210169,1,1,1999,0,0,0,0,0,0,0,0,0,0
210170,1,1,1999,18,18,18,18,18,18,18,18,18,18
210170,2,1,1999,0,0,0,0,0,0,0,0,0,0
210171,1,1,1999,0,0,0,0,0,0,0,0,0,0
210172,0,1,1999,0,0,0,0,0,0,0,0,10,0
210172,1,1,1999,0,0,0,7,0,0,0,0,0,0
210173,1,1,1999,0,0,0,0,0,15,0,0,0,0
210174,1,1,1999,0,0,0,0,0,0,0,0,0,0
210174,2,1,1999,0,0,0,0,0,20,0,0,0,0
210174,3,1,1999,0,0,0,0,0,0,0,0,0,0
210175,1,1,1999,0,0,0,0,0,0,0,0,0,0
210175,2,1,1999,0,0,0,0,0,0,0,0,0,0
210176,1,1,1999,0,0,0,0,0,0,0,0,0,0
210177,1,1,1999,0,0,0,0,0,0,0,0,0,0
210177,2,1,1999,0,0,0,0,0,32,12,0,0,0
210177,3,1,1999,0,0,0,0,0,14,0,0,0,0
210178,1,1,1999,15,15,15,15,15,15,15,15,15,15
210179,1,1,1999,14,14,14,14,14,14,14,14,14,14
210180,1,1,1999,0,0,0,0,0,30,0,0,0,0
210181,1,1,1999,2,2,2,2,2,2,2,2,2,2
210181,2,1,1999,0,0,0,0,0,0,0,0,0,0
210182,1,1,1999,28,16,20,0,15,16,7,31,13,17
210182,2,1,1999,0,0,0,0,0,26,0,0,0,0
210182,3,1,1999,0,0,0,0,0,0,0,0,0,0
210183,1,1,1999,19,19,19,19,19,19,19,19,19,19
210184,1,1,1999,0,0,0,0,0,0,0,0,0,0
210184,2,1,1999,0,0,0,0,0,0,0,0,0,0
210185,1,1,1999,0,0,0,0,18,0,0,0,0,21
210186,1,2,1999,8,8,8,8,8,8,8,8,8,8
210187,0,1,1999,0,0,0,0,0,0,0,0,0,0
210187,1,1,1999,0,0,0,6,0,5,0,0,0,0
210188,1,1,1999,0,0,0,0,0,0,0,0,16,0
210188,2,1,1999,0,0,0,0,0,0,0,0,0,0
210189,1,1,1999,20,20,20,20,20,20,20,20,20,20
210189,2,1,1999,0,0,0,0,0,0,0,0,0,0
210190,1,1,1999,0,0,0,0,0,0,0,0,0,0
210190,2,1,1999,0,0,0,0,0,7,0,0,0,0
210191,1,1,1999,0,0,0,0,0,0,0,0,0,0
210191,2,1,1999,0,0,0,0,0,0,0,0,0,0
210192,1,1,1999,0,0,0,0,0,0,0,0,0,0
210192,2,1,1999,0,0,0,0,0,0,0,0,0,0
210193,1,1,1999,22,22,22,22,22,22,22,22,22,22
210194,0,1,1999,0,0,29,0,6,0,0,0,0,0
210194,1,1,1999,0,0,0,0,0,0,0,0,0,0
210195,1,1,1999,0,0,12,0,0,0,0,0,0,0
210195,2,1,1999,0,0,0,0,0,0,0,0,0,0
210196,1,1,1999,0,0,0,0,0,0,0,0,0,0
210197,1,1,1999,0,0,0,0,0,0,0,0,0,0
210197,2,1,1999,0,0,0,0,0,0,0,0,0,0
210198,0,1,1999,0,0,0,0,0,0,0,0,0,0
210198,1,1,1999,0,0,0,0,0,0,0,0,0,0
210199,1,1,1999,27,27,27,27,27,27,27,27,27,27
210199,2,1,1999,0,0,0,0,0,0,0,0,0,0
210200,1,1,1999,0,0,0,0,0,0,0,0,0,0
210200,2,1,1999,0,0,0,0,0,0,0,0,0,0
210201,1,1,1999,0,0,0,0,0,0,0,0,0,0
210202,1,1,1999,1,1,1,1,1,1,1,1,1,1
210202,2,1,1999,13,13,13,13,13,13,13,13,13,13
210203,0,1,1999,1,1,1,1,1,1,1,1,1,1
210203,1,1,1999,0,0,0,0,0,0,0,0,0,0
210204,1,1,1999,0,0,0,0,0,0,0,0,0,0
210204,2,1,1999,0,0,0,0,0,0,0,0,0,0
210205,1,1,1999,0,0,0,0,0,0,0,0,0,0
210206,1,1,1999,0,0,0,0,0,0,0,0,0,0
210206,2,1,1999,0,0,0,0,0,0,11,0,0,0
210207,1,1,1999,0,0,0,0,0,0,0,0,0,0
210207,2,1,1999,0,0,0,0,0,0,0,0,0,0
210208,1,1,1999,0,0,0,0,0,0,0,0,0,0
210208,2,1,1999,0,0,0,0,0,0,0,0,0,0
210209,1,1,1999,15,15,15,15,15,15,15,15,15,15
210209,2,1,1999,8,0,0,0,0,12,0,0,0,0
210210,1,1,1999,0,0,0,0,0,0,0,0,0,0
210210,2,1,1999,0,0,0,0,0,0,0,0,0,0
210211,1,1,1999,20,20,20,20,20,20,20,20,20,20
210212,1,1,1999,0,0,0,0,0,0,0,0,0,0
210212,2,1,1999,0,0,0,0,0,0,0,0,0,0
210213,1,1,1999,0,0,0,0,0,0,0,0,0,0
210213,2,1,1999,0,0,0,0,0,0,0,0,0,0
210214,1,1,1999,0,0,0,0,0,21,0,19,0,0
210215,1,1,1999,8,8,8,8,8,8,8,8,8,8
210215,2,1,1999,0,0,0,0,0,0,0,0,0,0
210216,1,1,1999,0,0,0,0,0,0,0,0,0,0
210217,1,1,1999,0,0,0,0,0,0,0,0,0,0
210217,2,1,1999,0,0,0,0,0,0,0,0,0,0
210218,1,1,1999,0,0,0,0,0,0,0,0,0,0
210219,1,1,1999,0,0,0,0,0,0,0,0,0,0
210219,2,1,1999,10,0,0,0,0,0,0,0,0,0
210220,1,1,1999,0,0,0,0,0,0,0,0,0,0
210220,2,1,1999,0,0,0,0,0,0,16,0,0,0
210221,1,1,1999,0,0,0,0,0,0,0,0,0,0
210222,1,1,1999,0,0,0,0,0,0,0,0,0,0
210222,2,1,1999,0,0,0,0,0,0,0,0,0,0
210223,1,1,1999,15,15,15,15,15,15,15,15,15,15
210223,2,1,1999,0,0,0,0,0,0,0,0,0,0
210224,1,1,1999,0,0,0,0,0,0,0,0,0,0
210225,1,1,1999,0,0,0,0,0,0,0,0,0,0
210225,2,1,1999,0,0,0,0,0,0,0,0,0,0
210225,3,1,1999,0,0,0,0,0,0,0,0,0,0
210226,1,1,1999,0,0,0,0,0,0,0,0,0,0
210226,2,1,1999,0,0,0,0,0,0,0,0,0,0
210227,1,1,1999,18,18,18,18,18,18,18,18,18,18
210228,1,1,1999,0,19,28,16,14,26,9,9,0,21
210229,1,1,1999,0,0,0,0,0,0,0,0,0,0
210232,1,1,1999,14,14,14,14,14,14,14,14,14,14
210233,1,1,1999,0,0,0,0,0,0,0,0,0,0
210233,2,1,1999,0,0,0,0,0,0,0,0,0,0
210233,3,1,1999,0,0,0,0,0,0,0,0,0,0
210234,1,1,1999,0,0,0,0,0,0,0,0,0,0
210235,1,4,1999,3,3,3,3,3,3,3,3,3,3
210236,1,1,1999,0,0,0,0,0,0,0,0,0,0
210236,2,1,1999,11,11,11,11,11,11,11,11,11,11
210237,1,1,1999,13,13,13,13,13,13,13,13,13,13
210237,2,1,1999,0,0,10,0,0,0,0,0,12,0
210238,1,1,1999,18,18,18,18,18,18,18,18,18,18
210239,1,1,1999,17,17,17,17,17,17,17,17,17,17
210240,1,1,1999,0,0,0,0,0,0,0,0,0,0
210240,2,1,1999,0,0,0,0,0,0,0,0,0,0
210240,3,1,1999,0,0,0,0,0,0,0,0,0,0
210241,1,1,1999,13,13,13,13,13,13,13,13,13,13
210242,1,1,1999,0,0,0,0,0,0,0,0,0,0
210242,2,1,1999,0,0,0,0,0,0,0,0,0,0
210243,1,1,1999,14,14,14,14,14,14,14,14,14,14
210244,1,1,1999,20,20,20,20,20,20,20,20,20,20
210244,2,1,1999,0,0,0,0,0,0,0,0,0,0
210245,1,1,1999,0,25,14,26,0,0,0,0,0,0
210245,2,1,1999,0,0,0,0,0,0,0,0,0,0
210246,1,1,1999,0,0,0,0,0,0,0,0,0,0
210247,1,1,1999,7,7,7,7,7,7,7,7,7,7
210247,2,1,1999,0,0,0,0,0,0,0,0,0,0
210248,1,1,1999,0,0,0,0,0,0,0,0,0,0
210249,1,1,1999,0,0,0,0,0,0,0,0,0,0
210249,2,1,1999,0,0,0,0,0,0,0,0,0,0
210250,1,1,1999,0,0,0,0,0,0,0,0,0,0
210251,1,1,1999,0,0,0,0,0,0,0,0,0,0
210251,2,1,1999,0,0,0,0,0,0,0,0,0,0
210252,1,1,1999,0,26,0,18,0,0,0,21,0,0
210253,1,1,1999,0,0,0,0,0,0,0,0,0,0
210253,2,1,1999,0,0,0,0,0,0,0,0,0,0
210254,1,1,1999,30,30,30,30,30,30,30,30,30,30
210254,2,1,1999,0,0,9,0,0,0,0,0,0,0
210255,1,1,1999,0,0,0,0,0,0,0,0,0,0
210256,1,1,1999,0,0,0,0,0,0,0,0,0,0
210256,2,1,1999,0,0,0,0,0,0,0,0,0,0
210257,0,1,1999,33,33,33,33,33,33,33,33,33,33
210257,1,1,1999,0,0,0,0,0,0,0,0,0,0
210258,1,1,1999,27,27,27,27,27,27,27,27,27,27
210259,1,1,1999,21,21,21,21,21,21,21,21,21,21
210260,1,1,1999,0,0,0,0,0,0,0,0,0,0
210260,2,1,1999,0,0,0,0,0,0,0,0,0,0
210261,0,1,1999,0,0,0,0,0,0,0,0,0,0
210261,1,1,1999,0,0,0,0,0,0,0,0,0,0
210262,1,1,1999,4,4,4,4,4,4,4,4,4,4
210262,2,1,1999,0,0,0,0,0,0,0,0,0,0
210263,1,1,1999,0,0,0,0,0,0,0,0,0,0
210264,1,1,1999,0,0,0,0,0,0,0,0,0,0
210264,2,1,1999,0,0,0,0,0,0,0,0,0,0
210264,3,1,1999,0,0,0,0,0,0,0,0,0,0
210265,1,1,1999,0,0,0,0,0,0,0,0,0,0
210266,1,1,1999,0,0,0,0,0,0,0,0,0,0
210267,1,1,1999,0,0,0,0,0,0,0,0,0,0
210267,2,1,1999,0,0,0,0,0,0,0,0,0,0
210268,1,1,1999,0,0,0,0,0,0,0,0,0,0
210268,2,1,1999,0,0,0,0,0,0,0,0,0,0
210268,3,1,1999,0,0,0,0,0,0,0,0,0,0
210269,1,1,1999,18,18,18,18,18,18,18,18,18,18
210270,1,1,1999,0,0,0,0,0,0,0,0,0,0
210270,2,1,1999,0,0,0,0,0,0,0,0,0,0
210270,3,1,1999,0,0,0,0,0,0,0,0,0,0
210271,1,1,1999,0,0,0,0,0,0,0,0,0,0
210271,2,1,1999,0,0,0,0,0,0,0,0,0,0
210272,1,1,1999,32,32,32,32,32,32,32,32,32,32
210273,1,1,1999,0,0,0,0,0,0,0,0,0,0
210274,1,3,1999,30,0,0,0,11,39,0,7,25,0
210275,1,1,1999,0,0,0,0,0,0,0,0,0,0
210276,1,1,1999,20,20,20,20,20,20,20,20,20,20
210277,0,1,1999,25,25,25,25,25,25,25,25,25,25
210277,1,1,1999,0,0,0,0,0,0,0,0,0,0
210278,1,1,1999,0,0,0,0,0,0,0,0,0,0
210278,2,1,1999,0,0,0,0,0,0,0,0,0,0