ST_CASE,VEH_NO,PER_NO,YEAR,P1,P2,P3,P4,P5,P6,P7,P8,P9,P10
210279,1,1,1999,0,0,0,0,0,0,0,0,0,0
210280,1,1,1999,0,0,0,0,0,0,0,0,0,0
210280,2,1,1999,0,0,0,0,0,0,0,0,0,0
210281,1,1,1999,20,20,20,20,20,20,20,20,20,20
210282,0,1,1999,23,23,23,23,23,23,23,23,23,23
210282,1,1,1999,9,9,9,9,9,9,9,9,9,9
210283,0,1,1999,0,51,0,0,0,0,0,22,0,0
210283,1,1,1999,0,0,0,0,0,0,0,0,0,0
210284,0,1,1999,0,0,0,0,0,0,0,0,0,0
210285,1,1,1999,0,0,0,0,0,0,0,0,0,0
210285,2,1,1999,0,0,0,0,0,0,0,0,0,0
210286,1,1,1999,16,16,16,16,16,16,16,16,16,16
210287,1,1,1999,0,0,0,0,0,0,0,0,0,0
210288,1,1,1999,0,0,0,0,0,0,0,0,0,0
210289,1,1,1999,0,0,0,0,0,0,0,0,0,0
210290,1,1,1999,0,0,0,0,0,0,0,0,0,0
210290,2,1,1999,0,0,0,0,0,0,0,0,0,0
210291,1,1,1999,0,0,0,3,0,0,0,0,0,17
210292,1,1,1999,0,0,0,0,0,0,0,0,0,0
210292,2,1,1999,0,0,0,0,0,0,0,0,0,0
210293,1,1,1999,0,0,0,0,0,0,0,0,0,0
210293,2,1,1999,0,0,0,0,0,0,0,0,0,0
210294,1,1,1999,0,0,0,25,0,0,34,0,0,0
210295,1,1,1999,0,0,0,0,0,0,0,0,0,0
210295,2,1,1999,0,18,0,0,0,0,0,0,0,0
210296,1,1,1999,19,19,19,19,19,19,19,19,19,19
210297,1,1,1999,0,0,0,0,0,0,0,0,0,0
210298,1,1,1999,0,0,9,0,0,0,0,0,13,0
210298,2,1,1999,0,0,0,0,0,0,0,0,0,0
210298,3,1,1999,0,0,0,0,0,0,0,0,0,0
210298,4,1,1999,0,0,0,0,0,0,0,0,0,0
210299,0,1,1999,0,0,0,0,0,0,0,0,0,0
210299,1,1,1999,0,0,0,0,0,0,0,0,0,0
210300,1,1,1999,0,0,0,0,0,0,0,0,0,0
210300,2,1,1999,0,0,0,0,0,0,0,0,0,0
210301,1,1,1999,2,2,2,2,2,2,2,2,2,2
210302,1,1,1999,0,0,0,0,0,0,0,0,0,0
210302,2,1,1999,0,0,0,0,0,0,0,0,0,0
210303,1,1,1999,22,22,22,22,22,22,22,22,22,22
210304,1,1,1999,17,13,16,23,0,9,23,7,16,20
210305,0,1,1999,0,0,0,0,0,0,0,0,0,0
210305,1,1,1999,0,0,0,0,0,0,0,0,0,0
210306,1,1,1999,0,0,0,0,0,0,0,0,0,0
210307,1,1,1999,0,0,0,0,0,0,0,0,0,0
210307,2,1,1999,0,0,0,0,0,0,0,0,0,0
210307,3,1,1999,0,0,0,0,0,0,0,0,0,0
210308,1,1,1999,18,18,18,18,18,18,18,18,18,18
210309,0,1,1999,22,25,0,0,0,0,0,17,0,0
210309,1,1,1999,0,0,0,9,0,0,0,0,0,0
210310,1,1,1999,6,6,6,6,6,6,6,6,6,6
210311,1,1,1999,0,0,0,0,0,0,0,0,0,0
210311,2,1,1999,0,0,0,0,0,0,0,0,0,0
210312,1,1,1999,15,15,15,15,15,15,15,15,15,15
210313,1,1,1999,0,0,0,0,0,0,0,0,0,0
210314,1,1,1999,10,10,10,10,10,10,10,10,10,10
210315,1,1,1999,15,15,15,15,15,15,15,15,15,15
210315,2,1,1999,0,0,0,0,0,0,0,0,0,0
210316,1,1,1999,0,0,0,0,0,0,0,0,0,0
210316,2,1,1999,0,0,0,0,0,0,0,0,13,0
210317,1,1,1999,0,0,0,0,0,0,0,0,0,0
210317,2,1,1999,0,0,0,0,0,0,0,0,0,0
210318,1,1,1999,13,13,13,13,13,13,13,13,13,13
210319,1,1,1999,0,0,0,0,8,0,0,0,0,0
210320,1,1,1999,0,0,0,0,0,0,0,0,0,0
210321,1,1,1999,14,14,14,14,14,14,14,14,14,14
210322,1,1,1999,8,8,8,8,8,8,8,8,8,8
210322,2,1,1999,0,0,0,0,0,0,0,0,0,0
210323,1,1,1999,0,0,0,0,0,0,0,0,0,0
210323,2,1,1999,0,0,0,0,0,0,0,0,0,0
210324,1,1,1999,0,0,0,0,0,0,0,0,0,0
210325,1,1,1999,11,11,11,11,11,11,11,11,11,11
210326,1,1,1999,18,18,18,18,18,18,18,18,18,18
210327,1,1,1999,0,0,0,0,0,0,0,0,0,0
210327,2,1,1999,0,0,0,0,0,0,0,0,0,0
210327,3,1,1999,0,0,0,0,0,0,0,0,0,0
210328,1,1,1999,0,0,0,0,0,0,0,0,0,0
210329,1,1,1999,0,0,0,0,0,0,0,0,0,0
210330,1,1,1999,0,0,0,0,0,0,0,0,0,0
210331,1,1,1999,0,0,0,0,0,0,0,0,0,0
210331,2,1,1999,0,0,0,0,0,0,0,0,0,0
210332,1,1,1999,0,0,0,0,0,0,0,0,0,0
210332,2,1,1999,0,0,0,0,0,0,17,0,0,0
210332,3,1,1999,0,0,0,0,0,0,0,0,0,16
210333,1,1,1999,0,0,0,12,0,0,0,0,0,0
210333,2,1,1999,0,0,0,0,0,0,0,0,0,0
210334,1,1,1999,17,17,17,17,17,17,17,17,17,17
210334,2,1,1999,0,0,0,0,0,0,0,0,0,0
210335,1,1,1999,0,0,0,0,0,0,0,0,0,0
210335,2,1,1999,0,0,0,0,0,0,0,0,0,0
210336,1,1,1999,0,0,0,0,0,0,0,0,0,0
210336,2,1,1999,0,0,0,0,0,0,0,0,0,0
210337,1,1,1999,0,0,0,0,0,0,0,0,0,0
210338,1,1,1999,0,0,0,0,0,0,0,0,0,0
210338,2,1,1999,0,0,0,0,0,0,0,0,0,0
210339,1,1,1999,0,0,0,0,0,0,0,0,0,0
210340,1,1,1999,25,25,25,25,25,25,25,25,25,25
210341,1,1,1999,1,1,1,1,1,1,1,1,1,1
210342,1,1,1999,0,0,0,0,0,0,0,0,0,0
210343,0,1,1999,0,0,0,0,0,0,0,0,0,0
210343,1,1,1999,0,0,0,0,0,0,0,0,0,0
210344,1,1,1999,0,0,0,9,0,0,0,0,0,0
210344,2,1,1999,0,0,0,0,0,0,0,0,0,0
210345,1,1,1999,0,0,0,0,0,0,0,0,0,0
210345,2,1,1999,2,2,2,2,2,2,2,2,2,2
210345,3,1,1999,2,2,2,2,2,2,2,2,2,2
210346,1,1,1999,0,0,0,0,0,0,0,0,0,0
210346,2,1,1999,0,0,0,0,0,0,0,0,0,0
210347,1,1,1999,0,0,0,0,0,0,0,0,12,0
210347,2,1,1999,0,0,0,0,0,0,0,0,0,0
210348,1,1,1999,0,0,0,0,0,0,0,0,0,0
210349,1,1,1999,12,12,12,12,12,12,12,12,12,12
210350,1,1,1999,31,31,20,16,14,14,10,35,40,32
210351,1,1,1999,0,0,0,0,0,0,0,0,0,0
210352,1,1,1999,0,0,0,0,0,0,0,0,0,0
210352,2,1,1999,0,0,0,0,0,0,0,0,0,0
210353,1,1,1999,3,3,3,3,3,3,3,3,3,3
210354,1,1,1999,0,0,28,20,0,0,0,0,0,10
210355,1,1,1999,0,0,16,0,0,0,2,0,0,0
210356,1,1,1999,0,0,0,0,0,0,0,0,0,0
210357,1,1,1999,0,0,0,0,0,0,0,0,0,0
210358,1,1,1999,13,13,13,13,13,13,13,13,13,13
210359,1,1,1999,0,0,0,0,0,0,0,0,0,0
210359,2,1,1999,0,0,0,0,0,0,0,0,0,0
210360,0,1,1999,2,2,2,2,2,2,2,2,2,2
210360,1,1,1999,0,0,0,0,0,0,0,0,0,0
210361,0,1,1999,1,1,1,1,1,1,1,1,1,1
210361,1,1,1999,0,0,0,0,0,0,0,0,0,0
210362,1,1,1999,0,0,0,0,0,0,0,0,0,0
210363,1,1,1999,0,0,0,0,0,0,0,0,0,0
210364,1,1,1999,0,0,9,0,0,0,0,0,0,9
210365,1,1,1999,20,20,20,20,20,20,20,20,20,20
210366,1,1,1999,27,27,27,27,27,27,27,27,27,27
210367,1,1,1999,0,0,0,0,0,0,0,0,0,0
210367,2,1,1999,0,0,0,0,0,0,0,0,0,14
210367,3,1,1999,0,0,0,0,0,0,0,0,0,0
210367,4,1,1999,0,0,0,0,0,0,0,0,0,0
210367,5,1,1999,0,0,0,0,0,0,0,0,0,0
210368,1,1,1999,16,16,16,16,16,16,16,16,16,16
210369,1,1,1999,7,7,7,7,7,7,7,7,7,7
210370,1,1,1999,12,12,12,12,12,12,12,12,12,12
210371,1,1,1999,0,0,0,0,0,0,0,0,0,0
210372,1,1,1999,24,24,24,24,24,24,24,24,24,24
210372,2,1,1999,0,0,0,0,0,0,0,0,0,0
210373,1,1,1999,0,0,0,0,0,0,0,0,0,0
210373,2,1,1999,0,0,0,0,0,0,0,0,0,0
210374,1,1,1999,23,23,23,23,23,23,23,23,23,23
210375,1,1,1999,0,0,8,0,0,0,0,0,17,0
210376,1,1,1999,0,0,22,0,0,0,25,0,0,0
210377,1,1,1999,0,0,0,0,0,0,0,0,0,0
210377,2,1,1999,0,0,0,0,0,0,0,0,0,0
210378,1,1,1999,18,18,18,18,18,18,18,18,18,18
210379,1,1,1999,0,0,0,0,0,0,0,0,0,0
210379,2,1,1999,0,0,0,0,0,0,0,0,0,0
210380,1,1,1999,14,14,14,14,14,14,14,14,14,14
210381,1,1,1999,15,15,15,15,15,15,15,15,15,15
210382,1,1,1999,13,13,13,13,13,13,13,13,13,13
210383,1,1,1999,16,16,16,16,16,16,16,16,16,16
210384,1,1,1999,0,0,0,0,0,0,0,0,0,0
210385,1,1,1999,20,20,20,20,20,20,20,20,20,20
210386,0,1,1999,17,17,17,17,17,17,17,17,17,17
210386,1,1,1999,0,0,0,0,0,0,0,0,0,0
210387,1,1,1999,0,0,0,0,0,0,0,0,0,0
210387,2,1,1999,0,0,0,0,0,0,0,0,0,0
210388,1,1,1999,28,28,28,28,28,28,28,28,28,28
210389,1,1,1999,0,0,0,0,3,0,0,0,0,0
210390,1,1,1999,0,0,0,0,0,0,0,0,0,0
210390,2,1,1999,0,0,0,0,0,0,0,0,0,0
210391,1,1,1999,0,0,0,0,0,0,0,0,0,0
210391,2,1,1999,0,0,0,0,0,0,0,0,0,0
210392,1,1,1999,0,0,0,0,0,0,0,0,0,0
210392,2,1,1999,0,0,0,0,0,0,0,0,0,0
210393,1,1,1999,0,0,0,0,0,0,0,0,0,0
210394,1,1,1999,0,0,0,0,0,0,0,0,0,0
210394,2,1,1999,0,0,0,0,0,0,0,0,0,0
210395,1,1,1999,10,10,10,10,10,10,10,10,10,10
210396,1,1,1999,0,0,0,0,0,0,0,0,0,0
210396,2,1,1999,0,0,0,0,0,0,0,0,0,0
210397,1,1,1999,0,0,0,0,0,0,0,0,0,0
210398,1,1,1999,9,9,9,9,9,9,9,9,9,9
210398,2,1,1999,0,0,0,0,0,0,0,6,0,0
210399,1,1,1999,13,13,13,13,13,13,13,13,13,13
210399,2,1,1999,0,0,0,0,0,0,0,0,0,0
210400,1,1,1999,0,0,0,0,0,0,0,0,0,0
210400,2,1,1999,0,0,0,0,0,0,0,0,0,0
210400,3,1,1999,0,0,0,0,0,0,0,0,0,0
210402,1,1,1999,0,0,0,0,0,0,0,0,0,0
210403,1,1,1999,0,0,0,0,0,0,0,0,0,0
210403,2,1,1999,0,0,0,0,0,0,0,0,0,0
210403,3,1,1999,0,0,0,0,0,0,0,0,0,0
210404,1,1,1999,0,0,0,0,0,0,0,0,0,0
210404,2,1,1999,0,0,19,0,0,0,0,0,0,0
210405,1,1,1999,0,0,0,0,0,0,0,0,0,0
210405,2,1,1999,0,0,0,0,0,0,0,0,0,0
210406,1,1,1999,17,17,17,17,17,17,17,17,17,17
210407,1,1,1999,0,0,0,0,0,0,0,0,0,0
210407,2,1,1999,0,0,0,0,0,0,0,0,0,0
210407,3,1,1999,0,0,0,0,0,0,0,0,0,0
210407,4,1,1999,0,0,0,0,0,0,0,0,0,0
210408,1,1,1999,0,14,0,0,0,0,0,0,0,7
210409,1,1,1999,0,0,0,0,0,0,0,0,0,0
210409,2,1,1999,0,0,0,0,0,0,0,0,0,0
210409,3,1,1999,0,0,0,0,0,0,0,0,0,0
210409,4,1,1999,0,0,0,0,0,0,0,0,0,0
210410,1,1,1999,21,21,21,21,21,21,21,21,21,21
210411,1,1,1999,0,0,0,0,0,0,0,0,0,0
210412,1,1,1999,27,27,27,27,27,27,27,27,27,27
210412,2,1,1999,0,0,0,0,0,0,0,0,9,0
210413,1,1,1999,0,0,0,0,0,0,0,0,0,0
210413,2,1,1999,0,0,0,0,0,0,0,0,0,0
210413,3,1,1999,0,0,0,0,0,0,0,0,0,0
210414,1,1,1999,0,0,0,0,0,0,0,0,0,0
210414,2,1,1999,0,0,0,0,0,0,0,0,0,0
210415,1,1,1999,1,1,1,1,1,1,1,1,1,1
210416,0,1,1999,24,24,24,24,24,24,24,24,24,24
210416,1,1,1999,0,0,0,0,0,0,0,0,0,0
210417,1,1,1999,18,0,5,18,16,21,0,10,14,0
210418,1,1,1999,23,23,23,23,23,23,23,23,23,23
210419,1,1,1999,0,0,0,0,0,0,0,0,0,0
210419,2,1,1999,0,0,0,0,0,0,0,0,0,0
210420,1,1,1999,19,19,19,19,19,19,19,19,19,19
210421,1,1,1999,0,0,0,0,0,0,0,0,0,0
210422,1,1,1999,28,16,23,20,23,14,23,12,0,6
210423,1,1,1999,0,0,0,0,0,0,0,0,0,0
210423,2,1,1999,0,0,0,0,0,0,0,0,0,0
210424,1,1,1999,0,0,0,0,11,0,0,0,0,0
210425,1,1,1999,33,0,0,0,0,0,0,0,0,0
210425,2,1,1999,0,0,0,0,0,0,0,0,0,0
210426,1,1,1999,17,17,17,17,17,17,17,17,17,17
210427,1,1,1999,14,14,14,14,14,14,14,14,14,14
210427,2,1,1999,0,0,0,0,0,0,0,0,0,0
210427,3,1,1999,0,0,0,0,0,0,0,0,0,0
210428,0,1,1999,0,0,0,0,0,0,0,0,0,0
210428,1,1,1999,6,6,6,6,6,6,6,6,6,6
210429,1,1,1999,0,0,0,0,0,0,0,0,0,0
210429,2,1,1999,0,0,0,0,0,0,0,0,0,0
210430,1,1,1999,0,0,0,0,0,0,0,0,0,0
210431,1,1,1999,0,0,0,0,0,0,0,0,17,0
210432,1,1,1999,10,10,10,10,10,10,10,10,10,10
210433,1,1,1999,0,0,0,0,0,0,0,0,0,0
210434,1,1,1999,17,17,17,17,17,17,17,17,17,17
210435,1,1,1999,0,0,0,0,0,0,0,0,0,0
210435,2,1,1999,0,0,0,0,0,0,0,0,0,0
210436,1,1,1999,0,0,0,0,0,0,0,0,0,0
210437,1,1,1999,0,0,0,0,0,0,9,0,0,0
210438,1,1,1999,14,22,16,14,21,24,30,22,35,16
210439,1,1,1999,0,0,0,0,0,0,0,0,0,0
210439,2,1,1999,0,0,0,0,0,0,0,0,0,0
210440,1,1,1999,0,0,0,0,0,0,0,0,0,0
210440,2,1,1999,0,0,0,0,0,0,0,0,0,0
210441,1,1,1999,0,0,0,0,0,0,0,0,0,0
210441,2,1,1999,0,0,0,0,0,0,12,0,14,0
210442,1,1,1999,0,0,0,0,0,0,0,0,0,0
210442,2,1,1999,0,0,0,0,0,0,0,0,0,0
210442,3,1,1999,0,0,0,0,0,0,0,0,0,0
210443,1,1,1999,0,0,0,0,0,0,0,0,0,21
210444,1,1,1999,0,0,0,0,0,0,0,0,0,0
210445,1,1,1999,0,0,0,0,0,0,0,0,0,0
210446,1,1,1999,0,0,0,0,0,0,0,0,0,0
210446,2,1,1999,0,0,0,0,0,0,0,0,0,0
210447,1,1,1999,0,0,0,0,0,0,0,0,0,0
210447,2,1,1999,0,19,0,0,0,0,0,0,0,0
210447,3,1,1999,0,0,0,0,0,0,0,0,0,0
210448,1,1,1999,10,10,10,10,10,10,10,10,10,10
210449,1,1,1999,0,32,0,0,0,0,0,0,0,0
210450,1,1,1999,0,0,0,0,9,0,9,0,0,0
210451,1,1,1999,21,21,21,21,21,21,21,21,21,21
210451,2,1,1999,0,0,0,0,0,0,0,0,0,0
210452,1,1,1999,0,0,0,0,0,0,0,0,0,0
210452,2,1,1999,0,0,0,0,0,0,0,0,0,0
210453,1,1,1999,0,0,0,0,0,0,0,0,0,0
210453,2,1,1999,14,0,0,0,0,0,0,0,0,0
210454,1,1,1999,20,20,20,20,20,20,20,20,20,20
210455,1,1,1999,0,0,0,0,0,0,0,0,0,0
210455,2,1,1999,0,0,0,0,0,0,0,0,0,0
210456,1,1,1999,0,0,0,0,0,0,0,0,0,0
210456,2,1,1999,0,0,0,0,0,0,0,0,0,11
210457,1,1,1999,0,0,0,0,0,0,0,0,0,0
210458,1,1,1999,0,0,0,0,0,0,0,0,0,0
210459,1,1,1999,0,0,0,0,0,0,0,0,0,0
210459,2,1,1999,0,0,0,0,0,0,0,0,0,0
210460,1,1,1999,34,34,34,34,34,34,34,34,34,34
210461,1,1,1999,21,14,0,0,0,8,16,0,0,0
210462,1,1,1999,15,15,15,15,15,15,15,15,15,15
210462,2,1,1999,3,3,3,3,3,3,3,3,3,3
210463,1,1,1999,15,15,15,15,15,15,15,15,15,15
210464,1,1,1999,0,0,0,0,0,0,0,0,0,0
210465,0,1,1999,0,0,0,0,0,22,0,9,0,0
210465,1,1,1999,0,0,0,0,0,0,0,0,0,0
210466,1,1,1999,0,0,0,0,0,0,0,0,0,0
210467,1,1,1999,22,22,22,22,22,22,22,22,22,22
210468,1,1,1999,0,0,0,0,0,0,0,0,0,0
210468,2,1,1999,0,0,0,0,0,0,0,0,0,0
210469,1,1,1999,0,0,0,0,0,0,0,0,0,0
210470,1,1,1999,0,0,0,0,0,0,0,0,0,0
210471,1,1,1999,0,0,14,0,0,0,0,0,0,0
210472,1,1,1999,0,0,0,0,0,0,0,0,0,0
210473,1,1,1999,0,0,0,0,0,0,0,0,0,0
210474,1,1,1999,0,0,0,0,0,0,0,0,0,0
210474,2,1,1999,0,0,0,0,0,0,0,0,0,0
210475,1,1,1999,27,27,27,27,27,27,27,27,27,27
210475,2,1,1999,0,0,0,7,0,0,0,0,0,0
210476,1,1,1999,0,0,0,0,0,0,0,0,0,0
210477,1,1,1999,11,11,11,11,11,11,11,11,11,11
210478,1,1,1999,15,15,15,15,15,15,15,15,15,15
210479,0,1,1999,0,0,0,11,0,0,0,0,0,0
210479,1,1,1999,0,0,0,0,0,0,0,0,0,0
210480,1,1,1999,0,0,0,0,0,0,0,0,0,0
210480,2,1,1999,0,0,0,0,0,0,0,0,0,0
210481,1,1,1999,0,0,25,11,0,48,19,14,0,0
210482,1,1,1999,0,0,0,0,0,0,0,0,0,17
210483,1,1,1999,0,0,0,0,0,14,0,0,0,0
210483,2,1,1999,0,0,0,0,0,0,0,0,0,0
210484,1,1,1999,7,7,7,7,7,7,7,7,7,7
210485,1,1,1999,19,19,19,19,19,19,19,19,19,19
210486,1,1,1999,0,0,0,0,0,0,0,0,14,0
210486,2,1,1999,0,0,0,0,0,0,7,0,0,0
210487,1,1,1999,0,0,0,0,0,0,0,0,0,0
210488,1,1,1999,0,0,0,0,0,0,0,0,0,0
210488,2,1,1999,0,0,0,0,0,0,0,0,0,0
210489,1,1,1999,0,0,0,0,0,0,0,0,0,0
210490,1,1,1999,0,0,0,0,0,0,0,0,0,0
210492,1,1,1999,0,0,0,0,0,0,0,0,0,0
210492,2,1,1999,0,0,0,0,0,0,0,0,0,0
210492,3,1,1999,0,0,0,0,0,0,0,0,0,0
210493,1,1,1999,32,32,32,32,32,32,32,32,32,32
210494,1,1,1999,0,0,0,0,0,0,0,0,0,0
210495,1,1,1999,14,14,14,14,14,14,14,14,14,14
210496,1,1,1999,22,22,22,22,22,22,22,22,22,22
210498,1,1,1999,15,15,15,15,15,15,15,15,15,15
210499,1,1,1999,0,0,0,0,0,0,0,0,0,0
210499,2,1,1999,0,0,0,0,0,0,0,0,0,0
210500,1,1,1999,31,31,31,31,31,31,31,31,31,31
210501,1,1,1999,0,0,0,0,0,0,0,0,0,0
210502,1,1,1999,0,0,0,0,0,0,0,0,0,0
210503,1,1,1999,0,0,0,0,0,0,0,0,0,0
210503,2,1,1999,0,0,0,0,0,0,0,0,0,0
210504,1,1,1999,20,20,20,20,20,20,20,20,20,20
210505,1,1,1999,12,12,12,12,12,12,12,12,12,12
210505,2,1,1999,0,0,0,0,0,0,0,0,0,0
210506,1,1,1999,10,10,10,10,10,10,10,10,10,10
210507,1,1,1999,17,17,17,17,17,17,17,17,17,17
210508,1,1,1999,23,23,23,23,23,23,23,23,23,23
210509,1,1,1999,0,0,0,0,0,0,0,0,0,0
210509,2,1,1999,0,0,0,0,0,0,0,0,0,0
210510,1,1,1999,0,0,0,0,0,0,0,0,0,0
210511,1,1,1999,0,0,0,0,0,0,0,0,0,0
210511,2,1,1999,0,0,0,0,0,8,0,0,0,0
210512,1,1,1999,0,0,0,0,0,0,0,0,0,0
210512,2,1,1999,0,0,0,0,0,0,0,0,0,0
210512,3,1,1999,0,0,0,0,0,0,0,0,0,0
210513,1,1,1999,0,0,27,0,0,0,0,0,0,0
210514,1,1,1999,24,24,24,24,24,24,24,24,24,24
210515,1,1,1999,17,17,17,17,17,17,17,17,17,17
210515,2,1,1999,0,0,0,0,0,0,0,0,0,0
210516,1,1,1999,22,22,22,22,22,22,22,22,22,22
210517,1,1,1999,24,0,0,16,27,17,0,18,12,0
210518,1,1,1999,0,0,0,0,0,0,0,0,0,0
210519,1,1,1999,0,0,0,0,0,0,0,0,0,0
210519,2,1,1999,0,0,0,0,0,0,0,0,0,0
210520,1,1,1999,0,0,0,0,0,0,0,0,0,0
210521,1,1,1999,21,21,21,21,21,21,21,21,21,21
210521,2,1,1999,0,0,0,0,0,0,0,0,0,0
210522,0,1,1999,5,0,0,0,0,0,0,0,0,0
210522,1,1,1999,0,0,0,0,0,0,0,0,0,10
210523,1,1,1999,17,17,17,17,17,17,17,17,17,17
210524,1,1,1999,0,0,0,0,0,0,0,0,0,0
210524,2,1,1999,0,0,0,0,0,0,0,0,0,0
210525,1,1,1999,11,11,11,11,11,11,11,11,11,11
210526,1,1,1999,0,0,0,0,0,0,0,0,0,0
210526,2,1,1999,0,0,0,0,0,0,0,0,0,0
210527,1,1,1999,0,0,18,0,0,0,0,0,0,0
210527,2,1,1999,39,0,0,0,13,0,0,0,0,0
210528,1,1,1999,0,0,0,0,0,0,0,0,0,0
210528,2,1,1999,0,0,0,0,0,0,0,0,0,0
210529,1,1,1999,11,11,11,11,11,11,11,11,11,11
210530,1,1,1999,0,0,29,20,0,0,13,0,0,13
210531,1,1,1999,0,0,0,0,0,0,0,0,0,0
210531,2,1,1999,0,0,0,0,0,0,0,0,0,0
210532,1,1,1999,0,0,0,0,0,0,0,0,0,0
210532,2,1,1999,0,0,0,0,0,0,0,0,0,0
210532,3,1,1999,0,0,0,0,0,0,0,0,0,0
210533,1,1,1999,12,12,12,12,12,12,12,12,12,12
210534,1,1,1999,0,0,0,0,19,14,0,0,0,29
210535,1,1,1999,0,0,0,0,0,0,0,0,0,0
210535,2,1,1999,0,0,0,0,0,0,0,0,0,0
210536,1,1,1999,0,0,0,0,0,0,0,0,0,0
210537,1,1,1999,17,17,17,17,17,17,17,17,17,17
210539,1,1,1999,8,8,8,8,8,8,8,8,8,8
210539,2,1,1999,0,0,0,0,0,0,0,0,19,0
210540,1,1,1999,0,0,0,0,0,0,0,0,0,0
210541,1,1,1999,22,22,22,22,22,22,22,22,22,22
210542,1,1,1999,0,13,0,0,0,0,0,0,0,0
210542,2,1,1999,0,0,0,0,0,0,0,0,0,0
210543,1,1,1999,24,26,0,0,0,0,13,17,14,0
210544,1,1,1999,0,0,0,0,0,0,0,0,0,0
210545,0,1,1999,0,0,0,20,18,0,17,40,0,0
210545,0,2,1999,0,30,0,0,0,14,29,15,0,0
210545,0,3,1999,0,0,0,0,0,0,0,0,0,0
210545,1,1,1999,0,0,6,0,0,0,0,0,0,0
210546,1,1,1999,0,0,0,0,0,0,0,0,0,0
210547,1,1,1999,0,0,0,0,0,0,0,0,0,0
210547,2,1,1999,0,0,0,0,0,0,0,0,0,0
210548,1,1,1999,13,13,13,13,13,13,13,13,13,13
210549,1,1,1999,15,15,15,15,15,15,15,15,15,15
210550,1,1,1999,0,0,0,16,0,0,10,0,26,0
210551,1,1,1999,0,0,0,0,0,0,0,0,0,0
210552,0,1,1999,0,0,0,0,0,0,0,0,0,0
210552,1,1,1999,0,0,0,0,0,0,0,0,0,0
210553,1,1,1999,23,23,23,23,23,23,23,23,23,23
210554,1,1,1999,0,0,0,0,0,6,0,0,0,0
210555,1,1,1999,4,4,4,4,4,4,4,4,4,4
210556,1,1,1999,24,24,24,24,24,24,24,24,24,24
210557,1,1,1999,0,0,0,7,0,0,0,0,0,0
210557,2,1,1999,0,0,0,0,0,0,0,0,0,0
210558,1,1,1999,0,0,0,0,0,0,0,0,0,0
210559,1,1,1999,23,23,23,23,23,23,23,23,23,23
210560,1,1,1999,0,0,0,0,0,0,0,0,0,0
210560,2,1,1999,0,0,0,0,0,0,0,0,0,0
210561,1,1,1999,7,7,7,7,7,7,7,7,7,7
210562,1,1,1999,0,0,0,0,0,0,0,0,0,0
210563,1,1,1999,0,0,0,4,0,0,0,0,0,0
210564,1,1,1999,11,11,11,11,11,11,11,11,11,11
210565,1,1,1999,0,0,0,0,0,0,0,0,0,0
210565,2,1,1999,0,0,0,0,0,0,0,0,0,0
210566,1,1,1999,0,0,0,0,0,0,3,0,0,0
210567,1,1,1999,30,30,30,30,30,30,30,30,30,30
210568,1,1,1999,18,18,18,18,18,18,18,18,18,18
210569,1,1,1999,0,0,0,0,0,0,0,0,0,0
210570,1,1,1999,33,33,33,33,33,33,33,33,33,33
210571,1,1,1999,1,1,1,1,1,1,1,1,1,1
210572,1,1,1999,8,8,8,8,8,8,8,8,8,8
210573,1,1,1999,0,0,0,0,0,0,16,0,0,6
210574,1,1,1999,10,8,10,12,17,18,23,13,22,13
210575,1,1,1999,0,0,0,0,0,0,0,0,0,0
210575,2,1,1999,0,0,0,0,0,0,0,0,0,0
210576,1,1,1999,0,0,0,0,0,0,0,0,0,0
210576,2,1,1999,0,10,0,0,0,0,0,0,0,0
210577,1,1,1999,0,0,0,0,0,0,0,0,0,0
210578,0,1,1999,0,0,0,0,0,0,0,0,0,0
210578,1,1,1999,0,0,0,0,0,0,0,0,0,0
210579,1,1,1999,30,30,30,30,30,30,30,30,30,30
210580,1,1,1999,22,22,22,22,22,22,22,22,22,22
210580,2,1,1999,0,0,0,0,0,0,0,0,0,0
210581,1,1,1999,0,0,0,0,0,0,0,0,0,0
210581,2,1,1999,0,7,0,0,0,0,0,0,0,0
210581,3,1,1999,0,0,0,0,0,0,0,0,0,0
210582,0,1,1999,11,0,0,0,0,0,32,0,17,19
210582,1,1,1999,0,0,0,0,0,0,0,0,0,0
210583,1,1,1999,0,0,0,0,0,0,0,0,0,0
210583,2,1,1999,0,0,0,0,0,0,0,0,0,0
210584,0,1,1999,0,0,0,35,15,6,0,16,0,20
210584,1,1,1999,0,0,0,0,0,0,0,0,0,0
210585,1,1,1999,0,0,0,0,0,0,0,0,0,0
210586,1,1,1999,0,0,0,0,0,0,0,0,0,0
210587,1,1,1999,0,0,0,0,9,0,0,0,0,0
210587,2,1,1999,0,0,0,0,0,0,0,0,0,0
210588,1,1,1999,0,0,0,0,0,0,0,0,0,0
210589,1,1,1999,0,0,0,0,0,0,0,0,0,0
210589,2,1,1999,0,0,0,0,0,0,0,0,0,0
210590,1,1,1999,0,0,0,0,0,0,0,0,0,0