ST_CASE,VEH_NO,PER_NO,YEAR,P1,P2,P3,P4,P5,P6,P7,P8,P9,P10
220141,1,1,1999,28,28,28,28,28,28,28,28,28,28
220142,1,1,1999,25,25,25,25,25,25,25,25,25,25
220143,1,1,1999,0,0,0,0,0,0,0,0,0,0
220143,2,1,1999,0,0,0,0,0,0,0,0,0,0
220144,1,1,1999,0,0,0,0,0,0,0,0,0,0
220144,2,1,1999,0,0,0,0,0,0,0,0,0,0
220145,1,1,1999,0,0,0,0,0,0,0,7,0,0
220145,2,1,1999,0,0,0,0,0,0,0,0,0,0
220145,3,1,1999,0,0,0,0,0,0,0,0,0,0
220146,0,1,1999,23,23,23,23,23,23,23,23,23,23
220146,1,1,1999,23,23,23,23,23,23,23,23,23,23
220147,1,1,1999,0,0,0,0,0,0,0,0,12,0
220147,2,1,1999,0,0,0,0,0,0,0,0,0,0
220148,0,1,1999,0,0,24,15,0,0,0,0,0,0
220148,1,1,1999,0,0,0,0,0,0,0,0,0,0
220149,1,1,1999,0,0,0,0,0,0,0,0,0,0
220149,2,1,1999,19,0,0,0,0,16,0,0,0,0
220150,0,1,1999,0,0,0,0,0,0,0,0,0,0
220150,1,1,1999,0,0,0,0,0,0,0,0,0,0
220151,1,1,1999,0,0,0,0,0,0,0,0,0,0
220152,1,1,1999,13,0,14,0,0,0,9,13,0,14
220153,1,1,1999,9,14,11,0,0,18,21,23,35,16
220154,0,1,1999,24,24,24,24,24,24,24,24,24,24
220154,1,1,1999,0,0,0,0,0,0,0,0,0,0
220155,1,1,1999,0,0,0,0,5,0,0,0,0,0
220155,2,1,1999,0,0,0,0,0,0,0,0,0,0
220156,1,1,1999,0,0,0,0,0,0,0,0,0,0
220156,2,1,1999,0,0,0,0,0,0,0,0,0,0
220156,3,1,1999,0,0,0,0,0,0,0,0,0,0
220156,4,1,1999,0,0,0,0,0,0,0,0,0,0
220157,1,1,1999,0,17,0,0,0,0,0,0,0,0
220157,2,1,1999,0,0,0,0,0,0,0,0,0,0
220158,1,1,1999,20,32,10,0,30,0,0,22,16,15
220159,1,1,1999,13,13,13,13,13,13,13,13,13,13
220160,1,1,1999,0,12,0,0,0,0,0,0,0,0
220160,2,1,1999,0,11,0,0,0,0,0,0,0,0
220161,1,1,1999,5,5,5,5,5,5,5,5,5,5
220162,1,1,1999,0,35,0,0,14,27,24,0,23,12
220163,1,1,1999,11,0,21,0,20,20,20,13,26,0
220164,1,1,1999,18,18,18,18,18,18,18,18,18,18
220165,1,1,1999,13,13,13,13,13,13,13,13,13,13
220166,1,1,1999,21,21,21,21,21,21,21,21,21,21
220167,1,1,1999,8,8,8,8,8,8,8,8,8,8
220168,1,1,1999,9,9,9,9,9,9,9,9,9,9
220169,1,1,1999,18,18,18,18,18,18,18,18,18,18
220169,2,1,1999,10,10,10,10,10,10,10,10,10,10
220170,1,1,1999,0,0,0,0,0,0,0,0,0,0
220170,2,1,1999,0,0,0,0,0,0,0,0,0,0
220170,3,1,1999,0,0,0,0,0,0,0,0,0,0
220171,1,1,1999,27,27,27,27,27,27,27,27,27,27
220172,1,1,1999,9,9,9,9,9,9,9,9,9,9
220173,1,1,1999,0,0,11,0,0,0,0,0,0,0
220174,0,1,1999,0,0,0,0,0,0,0,0,0,0
220174,1,1,1999,0,0,5,11,0,0,0,0,0,9
220175,1,1,1999,27,27,27,27,27,27,27,27,27,27
220176,1,1,1999,0,0,0,0,0,0,0,0,0,0
220176,2,1,1999,0,0,0,0,0,0,0,0,0,0
220177,1,1,1999,0,0,0,0,0,0,0,0,0,0
220177,2,1,1999,0,0,0,0,0,0,0,0,0,0
220178,1,1,1999,0,0,0,0,0,0,0,0,0,0
220178,2,1,1999,0,0,0,0,0,0,0,0,0,0
220178,3,1,1999,0,0,0,0,0,0,0,0,0,0
220178,4,1,1999,0,0,0,0,0,0,0,0,0,0
220178,5,1,1999,0,0,0,0,0,0,0,0,0,0
220179,1,1,1999,0,0,0,0,0,0,0,0,0,0
220179,2,1,1999,0,0,0,0,0,0,0,0,0,0
220180,1,1,1999,18,18,18,18,18,18,18,18,18,18
220181,1,1,1999,21,28,25,0,24,18,11,0,19,0
220182,1,1,1999,19,3,18,0,0,12,4,0,0,0
220183,0,1,1999,32,32,32,32,32,32,32,32,32,32
220183,1,1,1999,0,0,0,0,0,0,0,0,0,0
220183,2,1,1999,0,0,0,0,0,0,0,0,0,0
220184,1,1,1999,20,23,22,18,22,18,21,32,23,19
220185,0,1,1999,26,0,0,0,0,21,0,0,0,0
220185,1,1,1999,0,0,0,0,0,0,0,0,0,0
220186,1,1,1999,0,0,0,0,0,14,0,0,0,0
220186,2,1,1999,0,0,0,0,0,0,0,0,0,0
220187,1,1,1999,14,0,0,23,0,0,31,19,31,22
220188,1,1,1999,0,0,0,0,0,0,0,0,0,0
220188,2,1,1999,0,0,0,0,0,0,0,0,0,0
220189,1,1,1999,0,0,0,0,0,0,0,0,0,0
220190,0,1,1999,19,28,9,41,27,18,0,0,14,0
220190,1,1,1999,0,0,0,0,0,0,0,0,0,0
220191,1,1,1999,20,20,20,20,20,20,20,20,20,20
220192,1,1,1999,17,0,26,0,36,16,21,0,10,11
220193,1,1,1999,0,0,0,0,0,0,0,0,0,0
220193,2,1,1999,0,0,0,0,0,0,0,0,0,0
220193,3,1,1999,0,0,0,0,0,0,0,0,0,0
220194,1,1,1999,0,17,0,0,0,0,0,0,0,12
220195,1,1,1999,25,25,15,13,20,0,12,14,22,15
220196,1,1,1999,0,0,0,0,14,0,0,0,0,0
220197,1,1,1999,18,0,0,0,11,0,14,19,0,0
220198,0,1,1999,0,0,0,0,0,0,0,0,0,0
220198,1,1,1999,0,0,0,0,0,0,0,0,0,0
220199,1,1,1999,20,20,20,20,20,20,20,20,20,20
220200,1,1,1999,0,0,0,0,0,0,0,0,0,0
220200,2,1,1999,0,0,0,0,0,0,0,0,0,0
220201,1,1,1999,0,0,16,12,5,8,14,10,0,17
220202,1,1,1999,0,0,0,0,0,0,0,0,0,0
220202,2,1,1999,0,0,0,0,0,0,0,0,0,0
220202,3,1,1999,0,0,0,10,0,0,0,0,0,0
220203,1,1,1999,0,16,0,10,16,40,0,27,0,13
220204,1,1,1999,0,0,0,0,0,0,0,0,16,0
220204,2,1,1999,0,0,0,0,0,0,0,7,0,0
220205,1,1,1999,0,0,0,0,0,0,0,0,0,0
220205,2,1,1999,14,17,26,0,19,3,14,16,0,6
220205,3,1,1999,0,0,0,0,0,0,0,0,0,0
220206,1,1,1999,0,0,0,0,0,0,0,0,0,0
220206,2,1,1999,0,0,0,0,0,0,0,0,0,0
220207,1,1,1999,0,0,12,0,0,10,16,0,0,5
220207,2,1,1999,0,0,0,0,0,0,0,0,0,0
220208,1,1,1999,26,26,26,26,26,26,26,26,26,26
220209,1,1,1999,18,18,18,18,18,18,18,18,18,18
220210,0,1,1999,0,0,0,0,0,0,0,0,0,0
220210,1,1,1999,0,0,0,0,0,0,0,0,0,0
220211,1,1,1999,12,12,12,12,12,12,12,12,12,12
220212,1,1,1999,20,20,20,20,20,20,20,20,20,20
220213,1,1,1999,0,0,0,0,0,0,0,0,0,0
220214,1,1,1999,0,0,0,0,0,0,0,0,0,0
220214,2,1,1999,0,0,0,0,0,0,0,0,0,0
220215,1,1,1999,0,25,0,24,0,14,0,13,0,21
220216,0,1,1999,0,0,0,0,0,0,0,0,0,0
220216,1,1,1999,0,0,0,0,0,0,0,0,0,0
220217,1,1,1999,30,8,17,13,12,6,0,11,12,2
220218,1,1,1999,29,29,29,29,29,29,29,29,29,29
220219,1,1,1999,23,23,23,23,23,23,23,23,23,23
220220,1,1,1999,11,11,11,11,11,11,11,11,11,11
220220,2,1,1999,7,14,10,10,4,16,14,0,9,11
220221,1,1,1999,0,0,0,0,0,0,0,0,0,0
220221,2,1,1999,0,0,0,0,0,0,0,0,0,0
220222,1,1,1999,28,28,28,28,28,28,28,28,28,28
220222,2,1,1999,20,20,20,20,20,20,20,20,20,20
220222,3,1,1999,0,0,3,0,0,0,0,12,0,0
220223,1,1,1999,7,0,7,13,0,22,24,24,11,22
220224,1,1,1999,0,0,0,0,0,0,0,0,0,0
220224,2,1,1999,0,0,0,0,0,0,0,0,0,0
220225,1,1,1999,17,26,7,19,26,24,15,28,31,19
220226,1,1,1999,0,0,0,0,0,0,0,0,0,0
220226,2,1,1999,0,0,0,0,0,0,0,0,0,0
220227,0,1,1999,29,0,18,0,28,0,8,0,0,0
220227,1,1,1999,0,0,0,0,0,0,6,0,0,0
220228,1,1,1999,19,19,19,19,19,19,19,19,19,19
220229,1,1,1999,16,16,16,16,16,16,16,16,16,16
220229,2,1,1999,0,0,0,0,0,0,0,0,0,0
220230,1,1,1999,0,0,0,0,0,0,0,0,0,0
220231,1,1,1999,20,20,20,20,20,20,20,20,20,20
220232,1,1,1999,0,0,0,0,0,0,0,0,0,0
220232,2,1,1999,0,0,0,0,0,0,0,0,0,0
220233,1,1,1999,21,18,25,12,0,32,17,0,18,10
220234,1,1,1999,5,15,0,26,20,24,26,8,8,6
220234,2,1,1999,9,9,9,9,9,9,9,9,9,9
220235,1,1,1999,0,0,0,0,0,0,0,0,0,0
220235,2,1,1999,0,0,0,0,0,0,0,0,0,0
220236,1,1,1999,0,0,0,0,0,0,0,0,0,0
220236,2,1,1999,0,0,0,0,0,0,0,0,0,0
220236,3,1,1999,0,0,0,0,0,0,0,0,0,0
220236,4,1,1999,0,0,0,0,0,0,0,0,0,0
220237,1,1,1999,0,8,0,0,0,0,19,0,0,0
220238,1,1,1999,0,0,0,0,0,0,0,0,0,0
220239,1,1,1999,0,0,0,0,0,0,0,0,0,0
220239,2,1,1999,0,0,0,0,0,0,0,0,0,0
220240,1,1,1999,5,17,9,23,17,10,13,16,19,12
220241,1,1,1999,10,10,10,10,10,10,10,10,10,10
220241,2,1,1999,0,0,0,0,0,0,0,0,0,0
220242,1,1,1999,0,0,0,0,0,0,0,0,0,0
220242,2,1,1999,0,0,0,0,0,0,0,0,0,0
220243,1,1,1999,17,17,17,17,17,17,17,17,17,17
220244,1,1,1999,0,0,0,0,0,0,0,0,0,0
220245,1,1,1999,0,0,0,0,0,0,0,0,0,0
220245,2,1,1999,0,0,0,0,0,0,0,0,0,0
220246,0,1,1999,29,19,30,28,19,24,30,36,16,8
220246,1,1,1999,11,0,0,0,0,0,0,0,0,0
220247,1,1,1999,26,26,26,26,26,26,26,26,26,26
220248,1,1,1999,0,0,0,0,0,0,0,0,0,0
220248,2,1,1999,0,0,0,0,0,0,0,0,0,0
220249,0,1,1999,0,0,0,0,0,0,0,0,0,0
220249,0,2,1999,24,19,15,24,21,36,17,15,12,0
220249,1,1,1999,0,0,0,0,0,0,0,0,0,0
220250,1,1,1999,12,13,22,20,22,28,18,16,21,13
220251,0,1,1999,26,26,26,26,26,26,26,26,26,26
220251,1,1,1999,0,0,0,0,0,0,0,0,0,0
220252,1,1,1999,0,0,0,0,0,0,0,0,0,0
220252,2,1,1999,0,0,0,0,0,0,0,0,0,0
220253,1,1,1999,0,0,0,0,0,0,0,0,0,0
220253,2,1,1999,0,0,0,0,0,0,0,0,0,0
220254,1,1,1999,0,0,0,0,0,0,0,0,0,0
220254,2,1,1999,0,0,0,9,0,0,13,0,0,0
220255,1,1,1999,0,0,0,0,0,0,0,0,0,0
220256,1,1,1999,0,0,27,0,0,0,0,7,0,0
220256,2,1,1999,0,0,0,0,0,0,0,0,0,0
220257,1,1,1999,0,0,0,0,0,0,0,0,0,0
220257,2,1,1999,0,0,0,0,0,0,11,0,0,1
220257,3,1,1999,0,0,0,4,0,0,0,0,0,0
220257,4,1,1999,0,0,0,0,0,0,0,0,0,0
220257,5,1,1999,1,9,0,0,0,0,0,0,0,0
220257,6,1,1999,0,0,0,0,0,0,0,0,0,0
220258,1,1,1999,0,0,0,0,0,0,0,0,0,0
220258,2,1,1999,0,0,0,0,0,0,0,0,0,0
220259,1,1,1999,0,0,0,0,0,0,0,0,0,0
220259,2,1,1999,0,0,0,0,0,0,0,0,0,0
220260,0,1,1999,0,0,13,0,0,0,12,31,21,10
220260,1,1,1999,0,0,0,0,0,0,0,0,0,0
220261,1,1,1999,9,17,11,16,11,12,20,17,15,0
220262,1,1,1999,0,0,0,0,0,0,0,0,0,0
220262,2,1,1999,0,0,11,0,0,0,0,0,0,0
220263,1,1,1999,26,26,26,26,26,26,26,26,26,26
220264,1,1,1999,0,0,0,7,0,0,0,0,0,4
220264,2,1,1999,0,0,0,24,17,19,9,8,16,32
220265,1,1,1999,25,25,25,25,25,25,25,25,25,25
220266,0,1,1999,0,0,0,0,0,0,0,0,0,0
220266,1,1,1999,0,0,0,0,0,0,0,0,0,0
220267,1,1,1999,0,0,6,0,0,0,0,0,0,9
220268,1,1,1999,4,0,0,0,0,0,0,5,14,0
220268,2,1,1999,0,0,0,0,0,0,0,0,0,0
220269,1,1,1999,0,0,0,0,0,0,0,0,0,9
220269,2,1,1999,0,0,0,0,0,0,0,0,0,0
220270,1,1,1999,12,12,12,12,12,12,12,12,12,12
220271,1,1,1999,0,0,22,22,30,0,0,0,0,0
220271,2,1,1999,0,16,4,18,8,0,9,0,0,22
220272,1,1,1999,23,23,23,23,23,23,23,23,23,23
220273,0,1,1999,17,21,0,0,10,0,0,10,30,4
220273,1,1,1999,4,0,0,0,0,0,0,0,11,0
220274,1,1,1999,7,7,7,7,7,7,7,7,7,7
220274,2,1,1999,0,0,0,0,0,0,0,0,0,0
220275,1,1,1999,0,0,0,0,0,0,0,0,0,0
220276,0,1,1999,0,0,20,0,0,0,0,0,0,0
220276,1,1,1999,0,0,0,0,0,0,0,0,0,0
220277,1,1,1999,0,0,0,0,0,0,0,0,0,0
220277,2,1,1999,0,0,0,0,0,0,0,0,0,0
220278,1,1,1999,9,9,9,9,9,9,9,9,9,9
220278,2,1,1999,0,0,0,0,0,0,0,0,0,0
220279,1,1,1999,0,0,0,0,0,0,0,0,0,5
220279,2,1,1999,7,0,0,0,0,0,0,0,0,0
220280,1,1,1999,0,24,10,0,8,0,0,18,12,13
220281,1,1,1999,0,0,19,0,0,0,0,0,0,0
220281,2,1,1999,0,0,0,0,0,0,28,0,12,25
220281,3,1,1999,0,0,0,0,0,0,0,0,0,0
220282,1,1,1999,0,0,0,0,0,23,0,0,0,0
220282,2,1,1999,0,0,0,0,0,0,0,0,0,0
220283,1,1,1999,1,1,1,1,1,1,1,1,1,1
220284,0,1,1999,0,0,0,0,0,0,0,0,0,0
220284,1,1,1999,0,0,0,0,0,0,0,0,0,0
220285,1,1,1999,0,0,0,0,0,0,0,0,0,0
220286,1,1,1999,22,22,22,22,22,22,22,22,22,22
220287,0,1,1999,24,24,24,24,24,24,24,24,24,24
220287,1,1,1999,0,0,0,0,0,0,0,0,0,0
220288,1,1,1999,3,3,3,3,3,3,3,3,3,3
220289,1,1,1999,0,0,0,0,0,0,0,0,0,0
220289,2,1,1999,0,0,0,0,0,0,0,0,0,0
220290,1,1,1999,12,12,12,12,12,12,12,12,12,12
220291,0,1,1999,14,14,14,14,14,14,14,14,14,14
220291,1,1,1999,0,0,0,0,0,0,0,0,0,0
220292,0,1,1999,0,0,0,0,0,0,0,0,0,0
220292,1,1,1999,17,17,17,17,17,17,17,17,17,17
220293,1,1,1999,0,0,0,0,0,0,0,0,0,0
220294,1,1,1999,0,0,0,0,0,0,0,0,0,0
220294,2,1,1999,0,0,0,0,0,0,0,0,0,0
220295,1,1,1999,0,0,0,0,16,0,0,23,0,21
220296,1,1,1999,12,0,0,28,18,15,0,0,28,10
220297,1,1,1999,0,0,0,0,10,0,14,0,0,0
220298,1,1,1999,0,0,0,0,0,0,0,0,0,0
220299,1,1,1999,0,15,16,20,9,14,17,0,29,11
220300,0,1,1999,0,0,0,0,0,0,0,0,0,0
220300,1,1,1999,0,0,0,0,0,0,0,0,0,0
220301,1,1,1999,0,0,0,0,0,0,0,0,0,0
220302,1,1,1999,0,0,0,0,0,0,30,0,0,0
220302,2,1,1999,0,0,0,0,0,0,0,0,0,0
220303,1,1,1999,0,0,0,0,0,0,0,0,0,0
220303,2,1,1999,0,0,0,0,0,0,0,0,0,0
220304,1,1,1999,0,0,0,0,0,0,11,0,0,0
220304,2,1,1999,0,0,0,0,0,0,0,0,0,0
220305,1,1,1999,25,25,25,25,25,25,25,25,25,25
220305,2,1,1999,0,0,0,0,0,0,0,0,0,0
220306,1,1,1999,0,0,0,0,0,0,22,10,29,0
220307,0,1,1999,0,0,25,0,0,0,0,0,0,15
220307,1,1,1999,0,0,0,0,0,0,0,0,0,22
220307,2,1,1999,0,0,0,0,0,0,0,0,0,0
220308,1,1,1999,5,5,5,5,5,5,5,5,5,5
220308,2,1,1999,0,0,0,0,0,0,0,0,0,0
220309,1,1,1999,29,29,29,29,29,29,29,29,29,29
220310,1,1,1999,23,23,23,23,23,23,23,23,23,23
220311,1,1,1999,0,0,0,0,0,0,0,0,0,0
220312,0,1,1999,18,18,18,18,18,18,18,18,18,18
220312,1,1,1999,0,0,12,15,13,8,0,0,18,7
220313,1,1,1999,0,0,0,0,0,7,0,0,0,0
220313,2,1,1999,0,0,0,0,0,0,0,0,0,0
220314,1,1,1999,4,4,4,4,4,4,4,4,4,4
220315,0,1,1999,0,0,24,0,0,0,0,0,0,0
220315,1,1,1999,0,0,4,0,0,0,0,0,4,0
220316,1,1,1999,20,20,20,20,20,20,20,20,20,20
220317,1,1,1999,18,0,11,22,21,0,13,0,9,23
220318,1,1,1999,9,9,9,9,9,9,9,9,9,9
220319,1,1,1999,0,0,0,0,0,0,0,0,0,0
220319,2,1,1999,0,0,0,0,0,0,0,0,0,0
220320,1,1,1999,0,12,0,0,0,0,0,0,0,15
220321,1,1,1999,0,0,0,0,0,0,0,0,0,0
220321,2,1,1999,0,0,0,0,0,0,0,0,0,0
220322,1,1,1999,0,0,0,0,0,0,0,0,0,0
220322,2,1,1999,0,0,0,0,0,0,0,0,0,0
220322,3,1,1999,17,0,0,0,0,0,0,0,0,0
220323,1,1,1999,15,15,15,15,15,15,15,15,15,15
220323,2,1,1999,0,0,0,0,0,0,0,0,0,0
220324,1,1,1999,0,0,0,0,0,0,0,0,0,0
220324,2,1,1999,0,0,0,0,0,0,0,0,0,0
220325,0,1,1999,2,2,2,2,2,2,2,2,2,2
220325,1,1,1999,0,0,0,0,0,0,0,0,0,0
220325,2,1,1999,0,0,0,0,0,0,0,0,0,0
220326,1,1,1999,14,0,0,0,0,0,0,0,24,0
220326,2,1,1999,0,0,0,0,0,0,0,21,0,0
220327,1,1,1999,32,32,32,32,32,32,32,32,32,32
220327,2,1,1999,0,0,0,15,0,0,0,0,0,0
220328,1,1,1999,19,19,19,19,19,19,19,19,19,19
220328,2,1,1999,0,0,0,0,0,0,0,0,0,0
220329,1,1,1999,0,0,0,0,0,0,0,0,0,0
220329,2,1,1999,0,0,0,0,0,0,0,0,0,0
220330,0,1,1999,0,0,0,0,0,0,0,0,0,0
220330,1,1,1999,0,0,0,0,0,0,0,0,0,0
220331,1,1,1999,0,0,0,0,0,0,0,0,0,0
220331,2,1,1999,0,0,0,0,0,0,0,0,0,0
220332,1,1,1999,29,29,29,29,29,29,29,29,29,29
220333,1,1,1999,2,2,2,2,2,2,2,2,2,2
220333,2,1,1999,0,0,0,0,0,0,0,0,0,0
220334,1,1,1999,20,16,0,0,0,0,0,0,0,2
220334,2,1,1999,0,0,0,0,0,0,0,0,0,0
220335,0,1,1999,0,10,0,0,34,0,21,0,0,28
220335,1,1,1999,1,1,1,1,1,1,1,1,1,1
220335,2,1,1999,8,0,0,0,0,0,0,0,28,0
220336,1,1,1999,0,0,0,0,0,0,0,0,0,0
220337,0,1,1999,8,8,8,8,8,8,8,8,8,8
220337,1,1,1999,0,20,14,0,9,11,0,0,0,21
220337,2,1,1999,0,0,0,0,0,0,0,0,0,0
220338,1,1,1999,0,0,0,0,0,0,0,0,0,0
220338,2,1,1999,0,0,0,0,0,0,0,0,0,0
220339,1,1,1999,9,0,21,0,0,0,12,24,0,0
220340,1,1,1999,0,0,0,0,0,0,0,0,0,0
220340,2,1,1999,0,0,0,0,0,0,0,0,0,0
220341,1,1,1999,8,8,8,8,8,8,8,8,8,8
220342,1,1,1999,0,0,0,0,0,0,0,0,0,0
220343,1,1,1999,0,0,0,0,0,0,0,0,0,0
220343,2,1,1999,0,0,0,0,0,0,0,0,0,0
220344,1,1,1999,0,0,0,0,0,0,0,0,0,0
220345,1,1,1999,0,0,0,0,0,0,0,0,0,0
220345,2,1,1999,0,0,0,0,0,0,0,0,0,0
220346,1,1,1999,22,22,22,22,22,22,22,22,22,22
220347,1,1,1999,0,0,0,0,0,0,0,0,0,0
220347,2,1,1999,0,0,0,0,0,0,0,0,0,0
220348,1,1,1999,19,19,19,19,19,19,19,19,19,19
220349,1,1,1999,0,0,0,15,0,0,0,0,0,0
220350,1,1,1999,0,23,0,0,0,0,9,0,0,9
220350,2,1,1999,0,0,0,0,0,0,0,0,0,0
220351,1,1,1999,28,28,28,28,28,28,28,28,28,28
220352,0,1,1999,12,0,13,0,34,10,12,21,0,13
220352,1,1,1999,0,0,0,0,0,0,0,0,0,0
220353,1,1,1999,33,33,33,33,33,33,33,33,33,33
220354,1,1,1999,0,0,0,0,0,0,0,0,0,0
220354,2,1,1999,0,0,0,0,0,0,0,0,0,0
220355,1,1,1999,10,18,0,0,0,0,0,0,13,5
220355,2,1,1999,10,0,0,0,0,0,23,0,0,0
220355,3,1,1999,0,0,0,0,0,0,0,0,0,0
220355,4,1,1999,0,0,0,0,0,0,0,0,0,0
220356,1,1,1999,17,0,9,15,8,21,0,0,4,11
220357,1,1,1999,8,8,8,8,8,8,8,8,8,8
220358,1,1,1999,13,13,13,13,13,13,13,13,13,13
220358,2,1,1999,0,17,0,0,8,0,23,23,0,24
220359,1,1,1999,0,0,0,0,0,0,0,0,0,0
220359,2,1,1999,0,0,0,0,0,0,0,0,0,0
220360,0,1,1999,17,21,13,10,16,23,34,18,7,0
220360,1,1,1999,0,0,0,0,0,0,0,0,0,0
220361,1,1,1999,0,0,0,0,0,0,0,0,0,0
220361,2,1,1999,0,0,0,0,0,0,0,0,0,0
220362,0,1,1999,0,22,0,0,0,0,0,27,25,32
220362,1,1,1999,0,0,0,0,0,0,0,0,0,0
220363,1,1,1999,0,0,0,0,0,0,0,16,0,21
220364,0,1,1999,22,0,15,0,7,0,9,23,0,11
220364,1,1,1999,0,0,0,0,0,0,0,0,0,0
220365,1,1,1999,0,0,0,0,0,0,0,0,0,0
220365,2,1,1999,0,0,0,0,0,0,0,0,0,0
220365,3,1,1999,0,0,0,0,0,0,0,0,0,0
220366,1,1,1999,19,19,19,19,19,19,19,19,19,19
220367,1,1,1999,0,0,0,0,0,0,0,0,0,0
220368,1,1,1999,0,0,19,0,0,0,8,0,20,0
220368,2,1,1999,0,0,0,0,0,0,0,0,0,0
220369,0,1,1999,0,0,0,0,0,0,0,0,0,0
220369,1,1,1999,0,0,0,0,0,0,0,0,0,0
220370,1,1,1999,0,0,0,0,0,0,0,0,0,0
220371,0,1,1999,0,0,0,19,0,5,0,23,6,24
220371,1,1,1999,17,17,17,17,17,17,17,17,17,17
220372,1,1,1999,14,17,13,7,16,15,6,16,12,37
220373,1,1,1999,16,16,16,16,16,16,16,16,16,16
220374,1,1,1999,0,0,0,0,0,0,0,0,0,0
220374,2,1,1999,0,0,0,0,0,0,0,0,0,0
220374,3,1,1999,0,0,0,0,0,0,0,0,0,0
220375,1,1,1999,0,0,0,0,0,0,0,0,0,0
220376,1,1,1999,30,4,21,22,11,17,0,16,22,13
220377,1,1,1999,0,0,0,0,0,0,0,0,0,0
220377,2,1,1999,0,0,0,0,0,0,0,0,0,0
220377,3,1,1999,0,0,0,0,0,0,0,0,0,0
220378,1,1,1999,15,13,6,19,9,18,11,32,18,29
220379,1,1,1999,0,0,0,0,0,0,0,0,0,0
220380,1,1,1999,0,0,0,0,0,0,0,0,0,0
220381,1,1,1999,13,0,19,0,10,17,22,0,20,0
220382,1,1,1999,0,0,0,0,0,0,0,0,0,0
220382,2,1,1999,0,0,0,0,0,0,0,0,0,0
220383,1,1,1999,0,0,0,0,8,0,0,25,22,17
220384,0,1,1999,0,0,0,0,0,0,0,0,0,0
220384,1,1,1999,0,0,0,0,0,0,0,0,0,0
220385,1,1,1999,0,0,0,0,0,0,0,0,0,0
220385,2,1,1999,0,0,0,0,0,0,0,0,0,0
220386,1,1,1999,13,13,13,13,13,13,13,13,13,13
220387,1,1,1999,0,0,0,0,0,0,0,0,0,0
220388,1,1,1999,0,0,0,0,0,0,0,0,0,0
220389,1,1,1999,8,0,28,15,9,10,29,16,8,37
220389,2,1,1999,0,0,0,0,0,0,0,0,0,0
220390,1,1,1999,31,22,12,14,0,27,11,28,19,0
220391,1,1,1999,22,22,22,22,22,22,22,22,22,22
220392,1,1,1999,14,14,14,14,14,14,14,14,14,14
220393,1,1,1999,0,0,0,0,0,0,0,0,0,0
220393,2,1,1999,0,0,0,0,0,0,0,0,0,0
220394,1,1,1999,0,0,15,0,11,0,0,0,0,0
220394,2,1,1999,16,0,0,0,0,0,0,0,0,0
220395,1,1,1999,17,17,17,17,17,17,17,17,17,17
220395,2,1,1999,1,1,1,1,1,1,1,1,1,1
220396,1,1,1999,10,12,17,18,20,16,26,21,14,18
220397,1,1,1999,0,0,0,0,0,0,0,0,0,0
220397,2,1,1999,0,0,0,0,0,0,0,0,0,0
220398,1,1,1999,16,16,16,16,16,16,16,16,16,16
220398,2,1,1999,0,0,0,0,0,0,0,0,0,0
220399,1,1,1999,14,14,14,14,14,14,14,14,14,14
220400,0,1,1999,6,6,6,6,6,6,6,6,6,6
220400,1,1,1999,0,0,0,0,6,0,19,0,0,0
220401,1,1,1999,21,21,21,21,21,21,21,21,21,21
220401,2,1,1999,0,0,0,0,0,0,0,0,0,0
220402,1,1,1999,0,0,0,0,0,0,0,0,0,0
220402,2,1,1999,0,0,0,0,0,0,0,3,0,0
220403,1,1,1999,17,24,0,8,22,13,0,17,31,0
220404,1,1,1999,0,0,0,0,0,0,0,0,0,0
220404,2,1,1999,0,0,0,16,0,0,0,0,0,0
220405,1,1,1999,0,0,0,0,0,0,0,0,0,0
220405,2,1,1999,0,0,0,0,17,0,0,0,0,0
220405,3,1,1999,0,0,0,0,0,0,0,0,0,0
220406,0,1,1999,40,0,0,4,13,0,12,0,27,0
220406,1,1,1999,0,0,0,0,0,0,0,0,0,0
220407,1,1,1999,0,0,0,0,0,0,0,0,0,0
220407,2,1,1999,0,0,0,0,0,0,0,0,0,0
220407,3,1,1999,0,0,0,0,0,0,0,0,0,0
220408,1,1,1999,27,13,0,0,0,0,0,26,0,18
220409,1,1,1999,0,0,0,9,0,11,6,0,0,19
220409,2,1,1999,0,0,0,13,0,11,12,4,22,0
220410,1,1,1999,0,0,0,0,0,0,10,0,0,0
220410,2,1,1999,0,0,0,0,0,8,0,0,24,0
220411,0,1,1999,0,21,0,15,27,9,33,18,28,15
220411,1,1,1999,0,0,0,0,0,0,0,0,0,0
220412,1,1,1999,0,0,8,0,12,0,0,0,0,0
220413,1,1,1999,0,0,0,0,0,0,0,0,0,0
220413,2,1,1999,4,4,4,4,4,4,4,4,4,4
220414,1,1,1999,0,0,0,0,0,0,0,0,0,0
220414,2,1,1999,0,0,0,0,0,0,0,0,0,0