ST_CASE,VEH_NO,PER_NO,YEAR,P1,P2,P3,P4,P5,P6,P7,P8,P9,P10
220415,1,1,1999,12,0,0,0,0,0,0,0,0,0
220415,2,1,1999,0,0,0,0,0,0,0,0,0,0
220416,1,1,1999,0,0,0,0,0,0,0,0,0,0
220416,2,1,1999,22,0,10,0,31,13,0,26,14,0
220417,1,1,1999,0,0,0,0,0,0,0,0,0,0
220417,2,1,1999,0,0,0,0,0,0,0,0,0,0
220418,1,1,1999,14,14,14,14,14,14,14,14,14,14
220418,2,1,1999,0,8,0,0,0,3,0,5,0,0
220419,1,1,1999,0,0,0,0,0,0,0,0,0,0
220419,2,1,1999,0,0,0,0,0,0,0,0,0,0
220420,1,1,1999,8,10,49,10,12,19,21,48,23,13
220421,1,1,1999,14,14,14,14,14,14,14,14,14,14
220421,2,1,1999,0,0,0,0,0,0,0,0,0,0
220422,1,1,1999,18,0,0,0,31,28,16,0,0,32
220423,0,1,1999,15,0,31,0,21,0,37,20,0,19
220423,1,1,1999,9,9,9,9,9,9,9,9,9,9
220424,1,1,1999,17,17,17,17,17,17,17,17,17,17
220425,1,1,1999,0,0,0,0,0,0,0,0,0,0
220426,1,1,1999,0,0,0,0,0,0,0,0,0,0
220426,2,1,1999,0,0,0,0,0,0,0,0,0,0
220427,1,1,1999,0,0,0,0,0,0,0,0,0,0
220428,1,1,1999,0,0,0,0,0,0,0,0,0,0
220429,1,1,1999,6,6,6,6,6,6,6,6,6,6
220430,1,1,1999,2,2,2,2,2,2,2,2,2,2
220431,0,1,1999,29,0,27,31,16,4,21,6,0,27
220431,1,1,1999,0,0,0,0,0,0,11,0,0,0
220432,1,1,1999,0,4,0,0,0,0,0,0,0,14
220433,0,1,1999,0,0,0,0,0,0,0,0,0,0
220433,1,1,1999,23,23,23,23,23,23,23,23,23,23
220434,1,1,1999,4,4,4,4,4,4,4,4,4,4
220435,1,1,1999,0,15,0,0,0,0,0,0,0,0
220436,0,1,1999,15,0,10,32,0,19,0,27,0,0
220436,1,1,1999,0,0,0,0,16,0,0,0,0,0
220437,1,1,1999,0,8,0,0,0,0,0,0,0,8
220437,2,1,1999,0,0,0,0,0,0,0,0,0,0
220438,1,1,1999,0,0,0,0,0,0,0,0,0,0
220438,2,1,1999,0,0,0,0,0,0,0,0,0,0
220438,3,1,1999,0,0,0,0,0,0,0,0,0,0
220439,0,1,1999,0,0,0,0,0,0,0,0,0,0
220439,1,1,1999,0,0,0,0,0,0,0,0,0,0
220440,0,1,1999,0,0,0,0,0,0,20,0,0,0
220440,1,1,1999,0,0,0,0,0,0,0,0,0,0
220441,0,1,1999,0,0,0,0,0,0,0,0,0,0
220441,1,1,1999,0,0,0,0,0,0,0,0,0,0
220442,1,1,1999,0,0,14,0,0,0,0,0,0,0
220442,2,1,1999,0,0,0,0,0,0,0,0,0,0
220443,1,1,1999,0,0,0,0,0,0,0,0,0,0
220443,2,1,1999,0,0,0,0,0,0,0,0,0,0
220444,1,1,1999,12,0,21,0,14,24,0,32,22,0
220445,1,1,1999,0,0,0,0,0,0,0,0,0,0
220445,2,1,1999,0,0,0,0,0,0,0,0,0,0
220446,0,1,1999,0,0,0,0,0,0,0,0,0,0
220446,1,1,1999,0,0,0,0,0,0,0,0,0,0
220447,0,1,1999,13,34,20,14,15,17,0,21,19,17
220447,1,1,1999,0,0,0,0,0,0,0,0,0,0
220448,0,1,1999,13,0,15,5,12,13,0,0,0,11
220448,1,1,1999,2,0,0,0,0,0,0,0,0,0
220449,1,1,1999,0,0,0,0,0,0,0,0,0,0
220449,2,1,1999,0,25,0,0,0,0,24,0,0,14
220450,1,1,1999,0,0,0,0,0,0,0,0,0,0
220450,2,1,1999,0,0,0,0,0,0,0,0,0,0
220451,1,1,1999,0,0,0,0,0,0,0,0,0,0
220452,1,1,1999,0,0,0,0,0,0,0,0,0,0
220452,2,1,1999,0,0,0,0,0,0,0,0,0,0
220452,3,1,1999,0,0,0,0,0,0,0,0,0,0
220453,1,1,1999,0,0,0,0,0,0,0,0,0,0
220454,1,1,1999,4,5,16,6,10,0,25,20,21,11
220455,1,1,1999,22,22,22,22,22,22,22,22,22,22
220456,1,1,1999,8,8,33,21,49,0,20,11,16,35
220457,1,1,1999,0,0,0,0,0,0,0,0,0,0
220458,1,1,1999,5,5,5,5,5,5,5,5,5,5
220459,1,1,1999,14,29,13,13,13,31,12,23,13,22
220460,1,1,1999,26,30,15,19,15,13,13,22,7,13
220461,1,1,1999,10,3,0,17,8,11,17,14,12,16
220462,0,1,1999,12,0,0,0,7,0,12,0,0,0
220462,1,1,1999,0,0,17,0,0,0,0,18,0,18
220463,1,1,1999,0,0,0,0,0,0,0,0,0,0
220463,2,1,1999,0,0,0,0,0,0,0,0,0,0
220464,1,1,1999,18,18,18,18,18,18,18,18,18,18
220465,1,1,1999,0,23,0,0,0,0,0,0,0,21
220466,1,1,1999,0,0,0,0,0,0,0,0,0,0
220467,1,1,1999,0,0,0,0,0,0,0,0,0,0
220467,2,1,1999,0,0,0,0,0,0,0,0,0,0
220468,1,1,1999,17,17,17,17,17,17,17,17,17,17
220469,1,1,1999,24,24,11,5,17,19,0,18,15,0
220470,0,1,1999,0,25,0,0,31,26,29,0,0,17
220470,1,1,1999,0,0,0,0,0,15,4,14,0,0
220471,1,1,1999,0,0,0,0,0,0,0,0,0,0
220471,2,1,1999,0,0,0,0,0,0,0,0,0,0
220472,1,1,1999,5,0,0,0,18,4,0,0,0,26
220473,1,1,1999,0,0,0,0,0,0,0,0,0,0
220474,0,1,1999,17,0,0,13,0,0,0,0,0,0
220474,1,1,1999,0,0,0,0,0,0,0,0,0,0
220475,1,1,1999,7,7,7,7,7,7,7,7,7,7
220476,1,1,1999,0,0,0,0,0,0,0,0,0,0
220476,2,1,1999,0,0,0,0,0,0,0,16,0,0
220477,1,1,1999,4,18,39,21,18,33,21,14,19,9
220478,1,1,1999,9,9,9,9,9,9,9,9,9,9
220479,0,1,1999,0,0,0,0,0,0,0,0,0,0
220479,1,1,1999,14,0,0,0,0,0,0,0,0,0
220480,1,1,1999,9,9,9,9,9,9,9,9,9,9
220481,1,1,1999,0,0,0,0,0,0,0,0,0,0
220482,1,1,1999,9,39,0,15,0,12,24,0,38,0
220483,1,1,1999,16,16,16,16,16,16,16,16,16,16
220483,2,1,1999,35,35,35,35,35,35,35,35,35,35
220484,1,1,1999,0,0,0,17,0,0,16,0,0,6
220485,1,1,1999,0,0,0,0,0,0,0,0,0,0
220485,2,1,1999,0,0,0,0,0,0,0,0,0,0
220486,1,1,1999,0,0,0,0,0,0,0,0,0,0
220487,1,1,1999,0,0,0,0,0,0,0,0,0,0
220487,2,1,1999,0,0,0,0,0,0,0,0,0,0
220488,1,1,1999,0,0,0,0,0,0,0,0,0,0
220488,2,1,1999,0,0,0,0,0,0,0,0,10,15
220489,1,1,1999,0,0,0,0,0,0,0,0,0,0
220489,2,1,1999,0,0,0,0,0,0,0,0,0,0
220490,1,1,1999,0,0,0,0,0,0,0,0,0,0
220490,2,1,1999,4,4,4,4,4,4,4,4,4,4
220490,3,1,1999,0,0,19,0,12,0,0,9,12,0
220491,1,1,1999,22,22,22,22,22,22,22,22,22,22
220492,1,1,1999,24,10,9,7,7,36,16,12,8,10
220493,1,1,1999,20,0,0,0,9,16,0,20,15,0
220494,1,1,1999,0,0,0,0,0,0,0,0,0,0
220495,1,1,1999,14,14,14,14,14,14,14,14,14,14
220496,0,1,1999,45,45,45,45,45,45,45,45,45,45
220496,1,1,1999,0,0,0,0,0,0,0,26,8,0
220497,1,1,1999,9,9,9,9,9,9,9,9,9,9
220498,1,1,1999,14,11,24,12,14,20,7,0,14,7
220499,1,1,1999,11,11,11,11,11,11,11,11,11,11
220499,2,1,1999,0,0,0,0,0,0,0,0,0,0
220500,1,1,1999,22,22,22,22,22,22,22,22,22,22
220501,1,1,1999,0,0,0,0,12,0,0,12,0,0
220501,2,1,1999,14,0,0,0,6,6,14,0,0,0
220502,0,1,1999,0,0,0,22,0,0,0,0,0,0
220502,1,1,1999,0,0,0,0,0,0,0,0,0,0
220503,1,1,1999,22,22,22,22,22,22,22,22,22,22
220503,2,1,1999,0,0,0,0,0,0,0,0,0,0
220504,1,1,1999,14,14,14,14,14,14,14,14,14,14
220505,0,1,1999,0,0,0,0,0,0,0,0,0,0
220505,1,1,1999,0,0,0,0,0,10,0,0,0,0
220506,1,1,1999,12,12,12,12,12,12,12,12,12,12
220507,1,1,1999,0,0,0,0,0,0,0,0,0,0
220507,2,1,1999,0,0,0,0,0,0,0,0,0,0
220508,0,1,1999,6,0,13,0,12,16,0,0,17,26
220508,1,1,1999,0,0,0,0,0,0,0,0,0,0
220509,1,1,1999,0,0,0,0,0,0,0,0,0,0
220509,2,1,1999,0,0,0,0,0,0,0,0,0,0
220510,1,1,1999,0,0,0,0,0,0,0,0,0,0
220510,2,1,1999,0,0,12,3,0,0,0,0,0,0
220511,1,1,1999,15,15,15,15,15,15,15,15,15,15
220511,2,1,1999,11,17,0,0,0,15,14,0,29,0
220512,1,1,1999,0,0,0,0,0,0,0,0,0,0
220512,2,1,1999,0,0,0,0,0,0,0,0,0,0
220513,1,1,1999,0,0,0,0,0,0,0,0,0,0
220514,1,1,1999,25,25,25,25,25,25,25,25,25,25
220515,1,1,1999,5,23,17,0,13,0,38,20,27,0
220516,0,1,1999,33,0,0,0,18,0,0,14,0,24
220516,2,1,1999,0,0,0,0,0,0,0,0,0,0
220517,1,1,1999,0,0,0,0,0,0,0,0,0,0
220518,1,1,1999,23,18,20,25,0,15,49,33,18,17
220519,0,1,1999,0,0,0,0,0,0,0,0,0,0
220519,1,1,1999,0,0,0,0,0,8,0,0,0,0
220520,1,1,1999,16,28,0,18,28,9,12,27,10,21
220521,1,1,1999,21,21,21,21,21,21,21,21,21,21
220522,1,1,1999,0,0,0,0,0,0,0,0,0,0
220522,2,1,1999,0,0,0,0,0,0,0,0,0,0
220523,0,1,1999,0,0,0,9,0,15,0,0,0,0
220523,1,1,1999,0,0,0,0,0,0,0,0,0,0
220524,1,1,1999,13,13,13,13,13,13,13,13,13,13
220525,1,1,1999,0,0,0,0,0,0,13,0,0,0
220526,1,1,1999,39,17,16,19,22,0,0,21,0,24
220526,2,1,1999,17,0,0,0,0,0,0,0,0,0
220527,1,1,1999,30,17,8,13,12,10,36,38,24,0
220528,1,1,1999,26,28,8,14,16,21,40,31,33,19
220529,1,1,1999,0,0,0,0,0,0,0,0,0,0
220529,2,1,1999,0,0,0,0,0,0,0,0,0,0
220530,1,1,1999,0,0,0,0,0,0,0,0,0,0
220530,2,1,1999,0,0,0,0,0,0,0,0,0,0
220531,1,1,1999,0,0,0,0,0,0,0,0,0,0
220531,2,1,1999,0,0,0,0,0,0,0,0,0,0
220532,1,1,1999,0,0,0,0,0,0,0,0,0,14
220532,2,1,1999,0,0,0,0,14,0,0,0,0,0
220533,1,1,1999,0,0,0,0,0,0,0,0,0,0
220534,0,1,1999,0,0,0,0,0,0,0,0,0,0
220534,1,1,1999,0,0,0,0,0,0,0,0,0,0
220535,1,1,1999,8,0,14,21,26,17,13,12,0,38
220535,2,1,1999,7,0,0,0,0,2,0,0,0,0
220536,0,1,1999,0,0,0,0,0,0,0,0,0,0
220536,1,1,1999,0,0,0,0,0,0,0,0,0,0
220537,1,1,1999,27,27,27,27,27,27,27,27,27,27
220537,2,1,1999,0,0,0,0,0,0,0,0,0,0
220537,3,1,1999,0,0,0,0,0,0,0,0,0,0
220537,4,1,1999,0,0,0,0,0,0,0,0,0,0
220538,1,1,1999,0,0,16,0,0,0,0,20,33,16
220538,2,1,1999,0,0,0,0,0,0,0,0,0,0
220539,1,1,1999,0,19,7,16,0,11,8,0,0,10
220540,1,1,1999,30,30,30,30,30,30,30,30,30,30
220541,1,1,1999,17,17,17,17,17,17,17,17,17,17
220542,1,1,1999,0,0,0,0,0,0,0,0,0,0
220542,2,1,1999,0,0,0,0,0,0,0,0,0,0
220543,1,1,1999,0,0,0,0,0,0,0,0,0,0
220543,2,1,1999,0,0,0,0,0,0,0,13,14,0
220544,1,1,1999,0,0,0,0,0,0,0,9,0,0
220545,1,1,1999,18,18,18,18,18,18,18,18,18,18
220545,2,1,1999,1,1,1,1,1,1,1,1,1,1
220546,1,1,1999,0,0,0,0,0,0,0,0,0,0
220547,1,1,1999,0,0,0,0,0,0,0,0,0,0
220547,2,1,1999,0,0,0,0,0,0,0,0,0,0
220548,2,1,1999,0,0,0,0,0,0,0,0,0,0
220549,0,1,1999,6,6,6,6,6,6,6,6,6,6
220549,1,1,1999,0,0,0,0,0,0,0,0,0,0
220549,2,1,1999,0,0,11,0,0,0,0,0,0,0
220550,0,1,1999,0,27,7,15,29,31,29,0,0,24
220550,1,1,1999,0,0,0,0,0,0,0,0,0,0
220550,2,1,1999,0,0,0,22,0,0,0,0,0,0
220551,1,1,1999,15,15,15,15,15,15,15,15,15,15
220552,1,1,1999,10,0,0,17,32,0,0,21,0,0
220553,1,1,1999,11,21,29,15,19,2,7,16,20,19
220554,1,1,1999,0,0,0,0,0,0,0,0,0,0
220555,1,1,1999,0,0,0,0,0,0,0,0,0,0
220555,2,1,1999,0,0,0,0,0,0,0,0,0,0
220556,1,1,1999,0,0,0,0,0,7,0,0,0,0
220557,1,1,1999,0,0,0,0,0,0,0,0,0,0
220557,2,1,1999,0,0,0,0,0,0,0,0,0,0
220558,1,1,1999,8,8,8,8,8,8,8,8,8,8
220559,1,1,1999,15,15,15,15,15,15,15,15,15,15
220560,1,1,1999,0,0,0,0,0,0,0,0,0,0
220560,2,1,1999,0,0,0,0,9,26,0,2,14,0
220561,1,1,1999,18,18,18,18,18,18,18,18,18,18
220561,2,1,1999,0,0,0,0,0,0,0,0,0,0
220562,1,1,1999,29,23,17,10,15,8,24,0,22,25
220563,1,1,1999,0,0,0,0,0,0,0,0,0,0
220563,2,1,1999,0,0,0,0,0,0,0,0,0,0
220564,0,1,1999,0,0,0,0,0,0,0,0,0,0
220564,1,1,1999,0,0,0,0,0,0,0,0,0,0
220565,1,1,1999,0,0,0,0,0,0,0,0,0,0
220566,1,1,1999,0,0,0,0,0,0,0,0,0,0
220567,1,1,1999,0,0,0,0,0,0,0,0,0,0
220567,2,1,1999,0,0,0,0,0,0,0,0,0,0
220568,0,1,1999,26,26,26,26,26,26,26,26,26,26
220568,1,1,1999,0,0,0,0,0,0,0,0,0,0
220569,0,1,1999,0,0,0,0,0,0,0,0,0,0
220569,0,2,1999,0,0,0,0,0,0,0,0,0,0
220569,1,1,1999,0,0,0,0,0,0,0,0,0,0
220570,1,1,1999,0,0,0,0,0,0,0,0,0,0
220570,2,1,1999,0,0,0,0,0,0,0,0,0,0
220571,1,1,1999,0,0,14,0,0,0,0,0,0,0
220572,1,1,1999,0,0,0,0,0,0,0,0,0,0
220573,1,1,1999,0,0,0,0,0,0,0,0,0,0
220573,2,1,1999,0,0,0,0,0,0,0,0,0,0
220574,0,1,1999,0,0,0,0,0,0,0,48,0,0
220574,1,1,1999,0,0,0,0,0,0,0,0,0,0
220575,1,1,1999,0,0,22,25,9,16,0,7,0,13
220575,2,1,1999,0,17,0,0,16,19,0,0,0,0
220575,3,1,1999,0,0,0,9,0,0,0,0,0,0
220576,0,1,1999,0,0,0,0,0,0,0,0,0,0
220576,1,1,1999,10,10,10,10,10,10,10,10,10,10
220577,1,3,1999,23,0,11,0,13,26,0,14,31,20
220578,1,1,1999,0,0,0,0,0,0,0,0,0,0
220578,2,1,1999,0,0,0,0,0,0,0,0,0,0
220579,1,1,1999,0,0,0,0,0,0,0,0,0,0
220579,2,1,1999,0,0,0,0,0,0,0,0,0,0
220580,1,1,1999,2,2,2,2,2,2,2,2,2,2
220581,1,1,1999,13,13,13,13,13,13,13,13,13,13
220582,1,1,1999,1,1,1,1,1,1,1,1,1,1
220583,0,1,1999,0,24,0,0,0,16,0,14,26,0
220583,1,1,1999,0,0,0,0,0,0,0,0,0,0
220584,0,1,1999,15,15,15,15,15,15,15,15,15,15
220584,1,1,1999,0,0,0,0,0,0,0,0,0,0
220585,1,1,1999,6,6,6,6,6,6,6,6,6,6
220585,2,1,1999,0,7,0,0,0,17,7,0,0,0
220586,1,1,1999,8,7,21,14,20,23,13,13,21,13
220587,1,1,1999,13,13,13,13,13,13,13,13,13,13
220588,1,1,1999,0,0,0,0,0,0,0,0,0,0
220589,1,1,1999,23,23,23,23,23,23,23,23,23,23
220590,1,1,1999,0,0,0,0,0,0,0,0,0,0
220591,1,1,1999,0,0,0,0,0,0,0,0,0,0
220591,2,1,1999,0,0,0,0,0,0,0,0,0,0
220592,1,1,1999,0,0,0,0,0,0,0,0,0,0
220593,1,1,1999,11,11,11,11,11,11,11,11,11,11
220594,1,1,1999,14,14,14,14,14,14,14,14,14,14
220594,2,1,1999,0,0,0,0,0,0,0,0,0,0
220595,1,1,1999,0,0,0,0,0,0,0,0,0,0
220595,2,1,1999,0,0,0,0,0,0,0,0,0,0
220596,0,1,1999,0,0,0,0,0,0,0,0,0,0
220596,1,1,1999,0,0,0,0,0,0,0,0,0,0
220597,1,1,1999,8,8,8,8,8,8,8,8,8,8
220597,2,1,1999,0,0,0,0,0,0,0,0,0,0
220598,1,1,1999,0,0,0,0,0,0,0,0,0,0
220598,2,1,1999,0,6,0,0,0,0,0,0,0,0
220599,0,1,1999,0,0,0,0,0,0,0,0,0,0
220599,1,1,1999,0,0,0,0,0,0,0,0,0,0
220600,1,1,1999,0,0,0,0,0,0,0,0,0,0
220600,2,1,1999,0,0,0,0,0,0,0,0,0,0
220600,3,1,1999,0,0,0,0,0,0,0,0,0,0
220601,1,1,1999,0,0,0,0,0,0,0,0,0,0
220601,2,1,1999,0,0,0,0,0,0,0,0,0,0
220601,3,1,1999,0,0,0,0,0,0,0,0,0,0
220602,0,1,1999,20,20,20,20,20,20,20,20,20,20
220602,1,1,1999,0,0,0,0,0,0,0,0,0,0
220603,0,1,1999,0,0,0,0,0,0,0,0,0,0
220603,1,1,1999,0,0,0,0,0,0,0,0,0,0
220604,1,1,1999,19,15,0,29,15,30,22,0,0,12
220605,1,1,1999,21,21,21,21,21,21,21,21,21,21
220606,1,1,1999,24,24,24,24,24,24,24,24,24,24
220607,0,1,1999,6,6,6,6,6,6,6,6,6,6
220607,1,1,1999,0,0,0,0,0,0,0,0,0,0
220608,1,1,1999,0,11,14,0,4,34,16,14,0,10
220609,1,1,1999,0,0,0,0,0,0,0,0,0,0
220610,1,1,1999,0,0,0,0,0,0,0,0,0,0
220610,2,1,1999,0,0,0,0,0,0,0,0,0,0
220611,1,1,1999,0,0,0,0,0,0,0,0,0,0
220611,2,1,1999,0,0,0,0,0,0,0,0,0,0
220612,1,1,1999,0,0,0,0,0,0,0,0,0,0
220612,2,1,1999,0,0,0,0,0,0,0,0,0,0
220613,1,1,1999,0,7,20,0,4,15,10,0,15,14
220613,2,1,1999,0,0,0,0,6,0,0,23,0,19
220614,1,1,1999,22,24,0,22,26,16,30,11,19,0
220615,1,1,1999,31,31,31,31,31,31,31,31,31,31
220616,1,1,1999,15,0,0,0,0,0,0,0,14,11
220616,2,1,1999,11,27,0,0,7,24,0,0,0,0
220617,1,1,1999,0,20,0,0,0,0,0,0,0,0
220618,1,1,1999,0,0,0,0,0,0,0,0,0,0
220618,2,1,1999,0,0,0,0,0,0,0,0,0,0
220619,1,1,1999,17,17,17,17,17,17,17,17,17,17
220620,1,1,1999,0,0,0,0,0,0,0,0,0,0
220620,2,1,1999,0,0,0,0,0,0,0,0,0,0
220621,1,1,1999,11,11,11,11,11,11,11,11,11,11
220622,1,1,1999,3,3,3,3,3,3,3,3,3,3
220623,1,1,1999,15,0,10,17,23,15,10,13,27,19
220624,1,1,1999,0,0,12,7,0,0,9,0,30,0
220625,1,1,1999,13,13,13,13,13,13,13,13,13,13
220626,1,1,1999,16,0,0,0,23,10,0,0,0,0
220627,1,1,1999,9,9,9,9,9,9,9,9,9,9
220628,1,1,1999,0,0,0,0,0,0,0,0,0,0
220628,2,1,1999,0,0,0,0,0,0,0,0,0,0
220629,1,1,1999,0,17,0,18,12,14,10,21,0,0
220630,0,1,1999,0,0,0,0,22,0,31,0,0,0
220630,1,1,1999,0,0,0,0,0,0,0,0,0,0
220631,1,1,1999,0,0,0,0,0,0,0,0,0,0
220632,1,1,1999,2,2,2,2,2,2,2,2,2,2
220633,1,1,1999,0,0,0,0,0,0,0,0,0,0
220633,2,1,1999,0,0,0,0,0,0,0,0,0,0
220634,1,1,1999,27,9,13,13,12,12,7,17,32,11
220635,1,1,1999,23,3,20,11,0,0,7,19,8,11
220636,1,1,1999,17,17,17,17,17,17,17,17,17,17
220637,1,1,1999,8,8,8,8,8,8,8,8,8,8
220637,2,1,1999,0,0,0,0,0,0,0,0,0,0
220638,1,1,1999,0,0,0,0,0,0,0,0,0,0
220638,2,1,1999,0,0,0,0,0,0,0,0,0,0
220639,1,1,1999,17,17,17,17,17,17,17,17,17,17
220640,1,1,1999,10,10,10,10,10,10,10,10,10,10
220641,1,1,1999,24,0,0,0,21,0,14,27,0,0
220641,2,1,1999,29,22,17,0,14,4,0,0,0,0
220642,1,1,1999,0,0,0,0,0,0,0,0,0,0
220642,2,1,1999,0,0,0,0,0,0,0,0,0,0
220643,1,1,1999,0,0,0,0,0,0,0,0,0,0
220643,2,1,1999,0,0,0,0,0,0,0,0,0,0
220644,1,1,1999,0,0,0,0,0,27,0,10,0,14
220645,1,1,1999,13,0,4,0,10,3,0,20,15,20
220646,1,1,1999,14,14,14,14,14,14,14,14,14,14
220647,1,1,1999,17,17,17,17,17,17,17,17,17,17
220647,2,1,1999,0,0,15,0,34,10,23,38,13,26
220648,1,1,1999,13,0,24,0,0,0,0,12,10,0
220648,2,1,1999,0,15,0,0,0,0,8,0,0,18
220649,0,1,1999,0,0,0,0,0,0,0,0,0,0
220649,1,1,1999,0,0,0,0,0,0,0,0,0,13
220650,0,1,1999,0,0,0,5,0,12,18,19,6,0
220650,1,1,1999,0,0,0,0,0,0,0,0,0,0
220651,1,1,1999,0,0,0,0,0,0,0,0,0,0
220651,2,1,1999,0,0,0,0,0,0,0,0,0,0
220652,1,1,1999,19,0,12,0,0,0,14,0,16,13
220653,1,1,1999,11,0,0,0,0,0,0,0,15,0
220653,2,1,1999,0,0,0,0,0,15,0,0,0,0
220654,0,1,1999,0,14,32,0,13,0,0,0,0,0
220654,0,2,1999,0,0,0,0,0,0,0,0,0,0
220654,0,3,1999,0,0,0,0,0,0,0,0,0,0
220654,1,1,1999,0,0,0,0,0,0,0,0,0,0
220655,0,1,1999,0,17,10,31,24,36,28,29,13,17
220655,1,1,1999,28,28,28,28,28,28,28,28,28,28
220656,1,1,1999,0,0,0,0,0,0,0,0,0,0
220656,2,1,1999,0,0,0,0,0,0,0,0,0,0
220656,3,1,1999,0,0,0,0,0,0,0,0,0,0
220657,0,1,1999,0,0,0,0,0,0,0,0,0,0
220657,1,1,1999,0,0,0,0,0,0,0,0,0,0
220658,1,1,1999,0,0,0,0,0,0,0,0,0,0
220658,2,1,1999,0,0,0,0,0,0,0,0,0,0
220659,0,1,1999,0,0,0,0,8,0,0,0,0,36
220659,1,1,1999,0,0,0,0,0,0,0,0,0,0
220660,1,1,1999,0,0,0,0,0,0,0,0,0,0
220660,2,1,1999,0,0,0,0,0,0,0,0,0,0
220661,1,1,1999,10,10,10,10,10,10,10,10,10,10
220662,1,1,1999,17,17,17,17,17,17,17,17,17,17
220663,1,1,1999,0,0,0,0,0,0,0,0,0,0
220664,0,1,1999,0,0,19,0,0,0,21,21,12,0
220664,1,1,1999,0,0,0,0,0,14,0,0,0,17
220665,1,1,1999,0,0,0,0,0,0,0,0,0,0
220666,1,1,1999,0,0,0,0,0,0,0,0,0,0
220667,1,1,1999,13,13,13,13,13,13,13,13,13,13
220668,0,1,1999,18,19,0,12,0,21,0,12,0,0
220668,0,2,1999,5,5,5,5,5,5,5,5,5,5
220668,0,3,1999,28,0,27,28,14,14,13,6,37,15
220668,0,4,1999,0,0,0,0,0,0,0,0,0,0
220668,0,5,1999,22,0,0,0,14,16,17,22,0,0
220668,1,1,1999,0,5,18,0,0,0,0,0,0,0
220668,3,1,1999,20,0,7,0,0,0,0,0,0,0
220668,5,1,1999,0,22,0,0,9,0,12,0,0,0
220668,7,1,1999,0,0,0,0,0,0,0,0,0,0
220669,1,1,1999,0,0,2,9,0,0,0,0,0,0
220669,2,1,1999,0,0,0,0,0,0,0,0,0,0
220670,1,1,1999,0,0,0,0,0,0,0,6,0,0
220671,1,1,1999,0,0,0,0,0,0,0,0,0,0
220671,2,1,1999,11,11,11,11,11,11,11,11,11,11
220672,1,1,1999,25,25,25,25,25,25,25,25,25,25
220672,2,1,1999,0,0,0,0,0,0,0,0,0,0
220673,1,1,1999,18,18,18,18,18,18,18,18,18,18
220674,1,1,1999,0,0,0,0,0,0,0,0,0,0
220674,2,1,1999,0,0,0,0,0,0,0,0,10,0
220675,0,2,1999,21,0,25,23,34,14,29,0,13,26
220675,1,1,1999,0,0,0,0,0,0,0,0,0,0
220675,2,1,1999,5,5,5,5,5,5,5,5,5,5
220676,0,1,1999,0,12,0,0,0,0,0,0,0,0
220676,1,1,1999,0,0,0,0,0,0,0,0,0,0
220677,1,1,1999,0,0,0,0,0,0,0,0,0,0
220677,2,1,1999,0,0,0,0,0,0,0,0,0,0
220678,1,1,1999,8,8,8,8,8,8,8,8,8,8
220679,1,1,1999,0,0,0,0,0,0,0,0,0,0
220680,1,1,1999,18,18,18,18,18,18,18,18,18,18
220681,1,1,1999,19,19,19,19,19,19,19,19,19,19
220682,1,1,1999,19,19,19,19,19,19,19,19,19,19
220683,1,1,1999,11,11,11,11,11,11,11,11,11,11
220684,1,1,1999,0,0,0,0,0,0,0,0,0,0
220684,2,1,1999,0,0,0,0,0,0,0,0,0,0
220685,1,1,1999,0,0,0,9,0,0,0,0,0,0
220685,2,1,1999,0,0,0,0,0,0,0,0,0,0
220686,1,1,1999,0,0,0,0,0,0,0,0,0,0
220686,2,1,1999,0,0,0,0,0,0,0,0,0,0
220687,1,1,1999,32,20,0,26,26,0,20,18,19,30
220688,1,1,1999,0,0,0,0,0,0,0,0,0,0
220688,2,1,1999,0,0,0,0,0,0,0,0,0,0
220689,1,1,1999,0,0,0,0,0,0,0,0,0,0
220690,1,1,1999,23,23,23,23,23,23,23,23,23,23
220691,1,1,1999,0,0,0,0,0,0,0,0,0,0
220692,1,1,1999,21,20,13,25,17,21,10,10,18,9
220693,1,1,1999,0,0,0,0,0,0,0,0,0,0
220693,2,1,1999,0,0,0,0,0,0,0,0,0,0
220694,1,1,1999,0,0,0,0,0,0,0,0,0,0
220694,2,1,1999,0,0,0,0,0,0,0,0,0,0
220694,3,1,1999,0,0,0,0,0,0,0,0,0,0
220695,1,1,1999,0,0,0,0,0,0,0,0,0,0
220696,1,1,1999,0,0,0,0,0,0,0,0,0,0
220696,2,1,1999,0,0,0,0,0,0,0,0,0,0
220697,1,1,1999,0,0,0,14,0,15,0,18,0,0
220697,2,1,1999,0,0,0,0,0,0,0,0,0,0
220698,1,1,1999,0,0,0,0,0,0,0,0,13,0
220698,2,1,1999,0,0,0,0,0,0,0,0,0,0
220699,1,1,1999,9,9,9,9,9,9,9,9,9,9