ST_CASE,VEH_NO,PER_NO,YEAR,P1,P2,P3,P4,P5,P6,P7,P8,P9,P10
220699,2,1,1999,26,0,0,0,0,0,0,16,0,0
220700,1,1,1999,0,28,0,0,0,0,0,0,0,0
220700,2,1,1999,0,0,0,0,0,0,0,0,0,0
220701,1,1,1999,0,0,0,0,0,0,0,0,0,0
220702,1,1,1999,4,4,4,4,4,4,4,4,4,4
220703,1,1,1999,11,0,0,0,23,0,0,0,0,0
220704,1,1,1999,18,18,18,18,18,18,18,18,18,18
220705,1,1,1999,0,23,0,0,0,0,0,0,0,0
220705,2,1,1999,0,0,0,0,0,0,0,0,0,0
220706,1,1,1999,0,0,0,0,15,0,0,0,18,19
220707,1,1,1999,20,0,11,23,24,0,24,0,28,20
220707,2,1,1999,0,0,0,0,0,0,0,0,0,0
220708,0,1,1999,1,1,1,1,1,1,1,1,1,1
220708,1,1,1999,0,0,0,0,0,0,0,0,0,0
220709,1,1,1999,1,1,1,1,1,1,1,1,1,1
220710,1,1,1999,0,0,0,0,0,0,0,0,0,0
220710,2,1,1999,0,0,0,0,0,0,0,0,0,0
220711,1,1,1999,16,16,16,16,16,16,16,16,16,16
220712,1,1,1999,20,17,25,17,7,15,19,10,20,15
220713,1,1,1999,21,6,0,0,19,26,0,0,0,0
220714,1,1,1999,21,21,21,21,21,21,21,21,21,21
220714,2,1,1999,0,0,0,0,0,0,0,0,0,0
220715,1,1,1999,0,0,0,0,0,0,0,0,0,0
220715,2,1,1999,0,9,10,0,0,17,0,20,0,14
220716,1,1,1999,11,0,0,39,0,20,0,8,17,0
220716,2,1,1999,2,17,0,0,14,0,23,10,12,27
220717,1,1,1999,29,18,13,29,19,25,0,18,0,20
220718,1,1,1999,13,13,13,13,13,13,13,13,13,13
220718,2,1,1999,0,0,0,0,0,0,0,0,0,0
220719,1,1,1999,14,14,14,14,14,14,14,14,14,14
220719,2,1,1999,0,0,0,0,0,0,0,0,0,0
220720,0,1,1999,0,0,0,0,0,0,0,0,0,0
220720,1,1,1999,0,0,0,0,0,0,0,0,0,0
220721,0,1,1999,8,8,8,8,8,8,8,8,8,8
220721,1,1,1999,11,11,11,11,11,11,11,11,11,11
220722,1,1,1999,24,24,24,24,24,24,24,24,24,24
220723,1,1,1999,0,0,0,0,0,19,0,0,0,0
220723,2,1,1999,0,0,0,0,0,0,0,0,0,0
220724,1,1,1999,0,0,0,0,0,0,0,0,0,0
220724,2,1,1999,0,0,13,0,0,0,25,0,0,0
220725,1,1,1999,0,0,0,0,0,0,0,0,0,0
220725,2,1,1999,0,0,0,0,0,0,0,0,0,0
220726,1,1,1999,0,0,0,0,0,0,0,0,0,0
220727,1,1,1999,0,0,0,0,0,0,0,0,0,0
220728,0,1,1999,25,25,25,25,25,25,25,25,25,25
220728,1,1,1999,14,14,14,14,14,14,14,14,14,14
220729,1,1,1999,0,0,0,0,0,0,0,0,13,0
220730,1,1,1999,0,0,0,0,0,0,0,0,0,0
220730,2,1,1999,1,1,1,1,1,1,1,1,1,1
220731,0,1,1999,0,0,0,0,0,0,0,0,0,0
220731,1,1,1999,0,0,0,0,0,0,0,0,0,0
220732,1,1,1999,9,12,16,8,6,0,0,13,6,27
220733,1,1,1999,16,36,0,0,24,18,0,0,0,15
220734,1,1,1999,16,16,16,16,16,16,16,16,16,16
220735,1,1,1999,6,0,10,0,22,0,19,12,18,11
220736,1,1,1999,0,25,15,25,18,15,0,36,17,5
220737,1,1,1999,0,0,0,0,0,0,0,0,0,0
220737,2,1,1999,13,13,13,13,13,13,13,13,13,13
220738,1,1,1999,23,19,0,13,0,11,3,10,27,0
220738,2,1,1999,0,0,0,0,0,0,0,7,5,0
220739,1,1,1999,27,11,8,16,14,24,11,19,17,13
220740,0,1,1999,0,0,0,0,0,0,0,0,0,0
220740,1,1,1999,0,0,0,0,0,0,0,0,0,0
220741,1,1,1999,0,0,0,0,10,0,0,0,0,0
220741,2,1,1999,12,0,0,0,0,0,0,0,0,0
220741,3,1,1999,0,0,0,0,0,0,0,0,0,0
220741,4,1,1999,0,0,0,0,0,0,0,0,0,0
220742,1,1,1999,0,0,0,0,0,0,0,0,0,0
220742,2,1,1999,0,0,0,0,0,0,0,0,0,0
220743,1,1,1999,0,0,0,0,0,0,0,0,0,0
220743,2,1,1999,0,0,0,0,0,0,0,0,0,0
220744,1,1,1999,0,0,14,0,0,25,8,0,12,0
220744,2,1,1999,0,0,0,0,0,0,0,30,0,0
220745,0,1,1999,34,20,8,17,0,0,15,27,0,0
220745,1,1,1999,0,0,0,0,0,0,0,0,0,0
220746,1,1,1999,15,39,23,24,9,41,0,11,5,14
220747,1,1,1999,0,18,15,0,6,0,0,0,11,0
220747,2,1,1999,29,12,0,23,0,26,0,27,15,28
220748,1,1,1999,0,0,0,10,21,0,0,0,0,0
220749,1,1,1999,0,0,0,0,0,0,0,0,0,0
220749,2,1,1999,0,0,0,0,0,0,0,0,0,0
220750,1,1,1999,0,0,0,0,0,0,0,0,0,0
220751,1,1,1999,0,0,0,0,0,0,0,0,0,0
220752,0,1,1999,0,43,7,0,25,0,0,35,20,8
220752,1,1,1999,0,24,12,6,22,13,0,17,0,0
220753,0,1,1999,0,0,17,0,26,0,0,13,0,0
220753,1,1,1999,0,0,0,0,0,0,0,0,0,0
220754,1,1,1999,0,0,0,0,0,0,0,0,0,0
220754,2,1,1999,0,0,0,0,0,0,10,0,0,0
220755,1,1,1999,0,24,0,0,0,0,0,0,0,17
220755,2,1,1999,0,0,0,0,0,0,0,0,0,0
220756,1,1,1999,0,0,0,0,0,0,0,0,0,0
220756,2,1,1999,0,0,0,0,0,0,0,0,0,0
220757,1,1,1999,20,20,20,20,20,20,20,20,20,20
220757,2,1,1999,0,0,0,0,0,0,0,0,0,0
220758,0,1,1999,0,0,0,0,0,0,0,0,0,0
220758,1,1,1999,0,0,0,0,0,0,0,0,0,0
220759,1,1,1999,0,0,24,24,0,0,0,0,0,7
220760,1,1,1999,0,0,0,0,0,0,0,0,0,0
220761,1,1,1999,0,0,0,0,0,0,0,0,0,0
220761,2,1,1999,28,28,28,28,28,28,28,28,28,28
220762,1,1,1999,0,0,0,0,0,0,0,0,0,0
220763,1,1,1999,0,0,0,0,0,0,0,0,0,0
220764,1,1,1999,4,4,4,4,4,4,4,4,4,4
220764,2,1,1999,0,0,0,0,0,0,0,0,0,0
220764,3,1,1999,0,0,0,0,0,0,0,0,0,0
220765,1,1,1999,0,0,0,0,0,0,0,0,0,0
220765,2,1,1999,0,0,0,0,0,0,0,0,0,0
220766,1,1,1999,0,0,0,0,0,0,0,0,0,0
220766,2,1,1999,0,0,0,0,0,0,0,0,0,0
220766,3,1,1999,0,0,0,0,0,0,0,0,0,0
220767,1,1,1999,0,0,9,0,0,0,0,0,0,0
220767,2,1,1999,0,0,0,0,0,15,0,0,0,0
220767,3,1,1999,0,0,0,0,0,0,0,0,0,0
220768,1,1,1999,21,21,21,21,21,21,21,21,21,21
220769,1,1,1999,18,18,18,18,18,18,18,18,18,18
220770,1,1,1999,0,0,0,0,0,0,0,0,0,0
220770,2,1,1999,0,0,0,0,0,0,0,0,0,0
220771,1,1,1999,6,6,6,6,6,6,6,6,6,6
220772,0,1,1999,27,31,0,8,0,20,29,28,14,27
220772,1,1,1999,0,0,0,0,0,0,0,0,0,0
220772,2,1,1999,8,0,0,0,0,0,0,0,0,0
220773,1,1,1999,0,0,0,0,0,0,0,0,0,0
220773,2,1,1999,0,0,0,0,0,0,0,0,0,0
220774,1,1,1999,0,0,0,0,0,0,0,0,15,0
220774,2,1,1999,21,17,7,0,0,23,0,0,0,0
220775,1,1,1999,1,1,1,1,1,1,1,1,1,1
220776,1,1,1999,0,0,0,0,0,0,0,0,0,0
220777,1,1,1999,0,0,0,0,0,0,0,0,0,0
220778,0,1,1999,5,0,0,0,0,0,0,0,17,0
220778,1,1,1999,0,0,0,0,0,0,0,0,0,0
220779,1,1,1999,11,0,0,10,0,0,0,0,0,0
220780,1,1,1999,0,0,17,40,0,0,21,0,0,0
220781,0,1,1999,34,0,39,10,24,10,21,19,28,0
220781,1,1,1999,0,0,0,0,0,0,0,0,0,0
220782,1,1,1999,18,18,18,18,18,18,18,18,18,18
220782,2,1,1999,4,12,0,0,0,0,0,0,32,0
220782,3,1,1999,0,0,0,15,0,17,0,0,0,0
220783,1,1,1999,0,0,0,0,0,0,0,0,0,0
220783,2,1,1999,0,0,0,0,0,0,0,0,0,0
220784,0,1,1999,0,0,31,0,18,0,0,0,0,0
220784,1,1,1999,29,14,10,0,0,0,26,7,5,6
220784,2,1,1999,22,12,9,12,18,0,32,12,0,0
220785,0,1,1999,21,0,14,0,7,0,0,0,0,0
220785,1,1,1999,9,9,9,9,9,9,9,9,9,9
220785,2,1,1999,0,0,0,0,0,0,0,0,0,0
220786,0,1,1999,0,0,0,0,0,0,0,0,0,0
220786,1,1,1999,8,0,0,0,0,0,0,0,0,0
220787,1,1,1999,0,0,0,0,0,0,0,0,0,0
220787,2,1,1999,0,0,0,0,0,0,0,0,0,0
220788,1,1,1999,18,0,10,0,23,25,0,21,13,14
220789,0,1,1999,0,0,0,0,0,0,0,0,0,0
220789,2,1,1999,7,22,0,0,0,0,0,0,0,0
220789,3,1,1999,0,0,0,0,0,0,5,0,11,0
220789,4,1,1999,0,0,0,0,0,0,0,0,0,0
220789,6,1,1999,12,0,0,23,25,17,14,0,0,0
220789,7,1,1999,0,0,0,0,0,0,0,0,0,0
220789,8,1,1999,0,0,15,0,14,0,22,0,0,0
220789,9,1,1999,4,12,0,0,0,0,8,31,0,13
220789,10,1,1999,21,0,20,16,47,0,0,8,0,26
220789,11,1,1999,0,7,6,0,12,21,0,28,18,0
220789,12,1,1999,0,0,0,0,0,0,0,0,0,0
220789,13,1,1999,26,14,12,13,20,21,0,18,10,20
220789,14,1,1999,0,0,0,0,0,20,17,0,0,0
220789,16,1,1999,0,0,0,0,0,0,0,0,0,0
220789,17,1,1999,0,0,0,0,0,0,0,0,0,0
220789,18,1,1999,0,0,0,0,5,0,0,17,0,0
220789,21,1,1999,0,0,0,0,0,0,0,0,0,0
220790,1,1,1999,0,0,0,0,0,21,0,0,15,28
220791,0,1,1999,0,0,0,0,0,0,0,0,0,0
220791,0,2,1999,0,11,21,11,14,0,0,0,0,0
220791,1,1,1999,13,0,0,0,0,0,0,0,0,0
220792,1,1,1999,0,0,0,0,0,0,0,16,0,0
220792,2,1,1999,0,0,0,0,0,0,0,0,14,0
220793,1,1,1999,15,15,15,15,15,15,15,15,15,15
220794,1,1,1999,6,6,6,6,6,6,6,6,6,6
220795,1,1,1999,12,12,12,12,12,12,12,12,12,12
220796,1,1,1999,8,16,17,18,31,6,31,0,22,19
220797,1,1,1999,0,0,0,0,0,0,0,0,0,0
220797,2,1,1999,22,0,24,0,0,0,22,0,0,0
220798,1,1,1999,0,0,0,0,0,0,0,0,0,4
220799,1,1,1999,8,0,0,0,0,8,0,0,0,18
220799,2,1,1999,0,0,0,0,0,0,0,0,0,0
220800,1,1,1999,20,20,20,20,20,20,20,20,20,20
220801,1,1,1999,0,0,0,0,0,0,0,0,0,0
220801,2,1,1999,0,0,0,0,0,0,0,0,0,0
220801,3,1,1999,11,11,11,11,11,11,11,11,11,11
220802,1,1,1999,0,0,0,0,0,0,0,0,0,0
220802,2,1,1999,0,0,0,0,0,0,0,0,16,0
220803,1,1,1999,19,10,23,5,18,40,13,25,16,31
220804,0,1,1999,0,0,0,0,0,0,0,0,0,0
220804,1,1,1999,11,11,11,11,11,11,11,11,11,11
220805,1,1,1999,0,0,0,0,0,0,0,0,13,0
220805,2,1,1999,0,0,0,0,0,0,0,0,0,0
220806,1,1,1999,0,0,0,0,18,0,9,12,0,0
220807,0,1,1999,16,9,22,8,30,31,0,16,0,28
220807,0,2,1999,0,20,17,0,13,15,4,9,38,0
220807,1,1,1999,0,0,0,0,0,0,0,0,0,0
220808,1,1,1999,25,0,0,0,15,0,0,0,0,0
220809,1,1,1999,0,0,0,0,0,0,0,0,0,0
220809,2,1,1999,0,0,0,0,0,0,0,0,0,0
220810,1,1,1999,0,0,0,0,0,0,0,0,0,0
220810,2,1,1999,0,0,0,0,0,0,0,0,0,0
220811,0,1,1999,0,16,15,0,0,15,0,0,0,7
220811,1,1,1999,0,0,0,0,0,0,0,0,0,0
220812,1,1,1999,18,0,0,15,13,15,15,17,0,12
220812,2,1,1999,0,0,0,0,0,0,0,0,0,0
220813,1,1,1999,15,15,15,15,15,15,15,15,15,15
220813,2,1,1999,0,0,0,0,0,0,0,0,0,0
220814,1,1,1999,0,0,0,0,0,0,0,0,0,0
220814,2,1,1999,0,0,0,0,0,0,0,0,0,0
220815,1,1,1999,13,9,13,17,18,21,12,0,18,24
220815,2,1,1999,0,0,0,0,0,0,0,0,0,0
220816,1,1,1999,17,11,8,9,15,15,11,16,12,8
220816,2,1,1999,0,0,0,0,0,0,0,0,0,0
220817,1,1,1999,0,0,10,0,0,6,0,0,0,0
220819,1,1,1999,0,13,12,0,27,0,16,0,14,0
220819,2,1,1999,0,0,0,0,0,0,0,0,0,0
220820,1,1,1999,0,0,0,0,0,0,0,0,0,0
220820,2,1,1999,0,0,0,0,0,0,0,0,0,0
220820,3,1,1999,0,9,0,5,0,15,0,4,0,17
220821,1,1,1999,23,32,25,17,24,16,21,10,27,22
220822,1,1,1999,13,0,0,0,0,0,0,0,39,0
220822,2,1,1999,0,0,0,0,0,16,7,0,0,23
220823,1,1,1999,17,17,17,17,17,17,17,17,17,17
220824,1,1,1999,0,0,0,0,0,0,0,0,0,0
220824,2,1,1999,12,26,0,0,0,20,0,0,37,35
220825,1,1,1999,0,0,0,15,0,0,0,7,0,0
220825,2,1,1999,0,0,0,0,0,0,0,0,0,0
220826,1,1,1999,0,0,0,0,0,0,0,0,0,4
220826,2,1,1999,0,0,0,0,0,0,0,0,0,0
220827,0,1,1999,0,23,0,0,0,0,0,0,0,0
220827,1,1,1999,0,0,0,0,0,0,0,0,0,0
220828,1,1,1999,1,1,1,1,1,1,1,1,1,1
220828,2,1,1999,0,0,0,0,0,0,0,0,0,0
220829,1,1,1999,0,0,0,0,0,0,0,0,0,0
220830,1,1,1999,16,0,0,0,0,7,0,0,0,0
220830,2,1,1999,0,0,0,0,0,0,0,0,0,0
220831,0,1,1999,0,0,25,38,15,24,0,0,0,0
220831,0,2,1999,31,24,0,0,0,0,0,0,0,0
220831,1,1,1999,0,0,0,0,0,0,0,0,0,0
220832,1,1,1999,26,14,29,21,8,18,0,26,17,3
230001,1,1,1999,17,17,17,17,17,17,17,17,17,17
230002,1,1,1999,0,0,0,0,0,0,0,0,0,0
230002,2,1,1999,0,0,0,0,0,0,0,0,0,0
230003,1,1,1999,0,0,0,0,0,0,0,0,0,0
230003,2,1,1999,0,0,0,0,0,0,0,0,0,0
230004,0,1,1999,16,16,16,16,16,16,16,16,16,16
230004,1,1,1999,0,0,0,0,0,0,0,0,0,0
230005,1,1,1999,0,0,0,0,0,0,0,0,0,0
230006,1,1,1999,0,0,0,0,0,0,0,0,0,0
230006,2,1,1999,0,0,0,0,0,0,0,0,0,0
230007,1,1,1999,0,0,0,0,0,0,0,0,0,0
230007,2,1,1999,0,0,0,0,0,0,0,0,0,0
230008,1,1,1999,0,0,0,0,0,0,0,0,0,0
230008,2,1,1999,0,0,0,0,0,0,0,0,0,0
230009,1,1,1999,0,0,0,0,0,0,0,0,0,0
230009,2,1,1999,0,0,0,0,0,0,0,0,0,0
230010,1,1,1999,0,0,0,0,0,0,0,0,0,0
230010,2,1,1999,0,0,0,0,0,0,0,0,0,0
230011,1,1,1999,14,14,14,14,14,14,14,14,14,14
230011,2,1,1999,0,0,0,0,0,0,0,0,0,0
230011,3,1,1999,0,0,0,0,0,0,0,0,0,0
230012,1,1,1999,1,1,1,1,1,1,1,1,1,1
230013,1,1,1999,20,20,20,20,20,20,20,20,20,20
230014,1,1,1999,0,0,0,0,0,0,0,0,0,0
230014,2,1,1999,0,0,0,0,0,0,0,0,0,0
230015,1,1,1999,19,19,19,19,19,19,19,19,19,19
230016,1,1,1999,0,0,0,0,0,0,0,0,0,0
230016,2,1,1999,0,0,0,0,0,0,0,0,0,0
230017,1,1,1999,0,0,0,0,0,0,0,0,0,0
230018,1,1,1999,15,15,15,15,15,15,15,15,15,15
230018,2,1,1999,0,0,0,0,0,0,0,0,0,0
230019,0,1,1999,25,25,25,25,25,25,25,25,25,25
230019,1,1,1999,0,0,0,0,0,0,0,0,0,0
230020,1,1,1999,0,0,0,0,0,0,0,0,0,0
230020,2,1,1999,0,0,0,0,0,0,0,0,0,0
230021,1,1,1999,18,18,18,18,18,18,18,18,18,18
230021,2,1,1999,0,0,0,0,0,0,0,0,0,0
230023,0,1,1999,7,14,13,12,0,0,0,0,0,0
230023,1,1,1999,0,0,0,0,0,0,0,0,0,0
230024,1,1,1999,0,0,0,0,0,0,0,0,0,0
230025,1,1,1999,27,27,27,27,27,27,27,27,27,27
230025,2,1,1999,0,0,0,0,0,0,0,0,0,0
230026,1,1,1999,0,0,0,0,0,0,0,0,0,0
230026,2,1,1999,0,0,0,0,0,0,0,0,0,0
230027,1,1,1999,0,0,0,0,0,0,0,0,0,0
230027,2,1,1999,0,0,0,0,0,0,0,0,0,0
230027,3,1,1999,0,0,0,0,0,0,0,0,0,0
230028,1,1,1999,19,19,19,19,19,19,19,19,19,19
230029,1,1,1999,0,0,0,0,0,0,0,0,0,0
230030,1,1,1999,0,0,0,0,0,0,0,0,0,0
230030,2,1,1999,0,0,0,0,0,0,0,0,0,0
230031,1,1,1999,0,0,0,0,0,0,0,0,0,0
230032,1,1,1999,0,0,0,0,0,0,0,0,0,0
230032,2,1,1999,0,0,0,0,0,0,0,0,0,0
230033,1,1,1999,0,0,0,0,0,0,0,0,0,0
230033,2,1,1999,0,0,0,0,0,0,0,0,0,0
230034,1,1,1999,0,0,0,0,0,0,0,0,0,0
230035,1,1,1999,0,0,0,0,0,0,0,0,0,0
230035,2,1,1999,0,0,0,0,0,0,0,0,0,0
230036,0,1,1999,0,0,0,0,0,0,0,0,0,0
230036,1,1,1999,0,0,0,0,0,0,0,0,0,0
230037,1,1,1999,16,16,16,16,16,16,16,16,16,16
230038,1,1,1999,0,0,0,0,0,0,0,0,0,0
230038,2,1,1999,0,0,0,0,0,0,0,0,0,0
230038,3,1,1999,0,0,0,0,0,0,0,0,0,0
230039,1,1,1999,0,0,0,0,0,0,0,0,0,0
230039,2,1,1999,0,0,0,0,0,0,0,0,0,0
230040,1,1,1999,0,0,0,0,0,0,0,0,0,0
230040,2,1,1999,0,0,0,0,0,0,0,0,0,0
230041,0,1,1999,34,0,0,0,0,11,0,0,0,0
230041,1,1,1999,0,0,0,0,0,0,0,0,0,0
230042,1,1,1999,0,0,0,0,0,0,0,0,0,0
230043,1,1,1999,0,0,0,0,0,0,0,0,0,14
230044,1,1,1999,0,0,0,0,0,0,0,0,0,0
230044,2,1,1999,0,0,0,0,0,0,0,0,0,0
230045,1,1,1999,0,0,0,0,0,0,0,0,0,0
230045,2,1,1999,0,0,0,0,0,0,0,0,0,0
230046,1,1,1999,18,18,18,18,18,18,18,18,18,18
230047,1,1,1999,0,0,0,0,0,0,0,0,0,0
230047,2,1,1999,0,0,0,0,0,0,0,0,0,0
230048,1,1,1999,0,0,0,0,0,0,0,0,0,0
230049,1,1,1999,0,0,0,0,0,0,0,0,0,0
230050,1,1,1999,5,5,5,5,5,5,5,5,5,5
230050,2,1,1999,0,0,0,0,0,0,0,0,0,0
230051,1,1,1999,20,20,20,20,20,20,20,20,20,20
230052,1,1,1999,0,0,0,0,0,0,0,0,0,0
230052,2,1,1999,0,0,0,0,0,0,0,0,0,0
230053,1,1,1999,0,0,0,0,0,0,0,0,0,0
230053,2,1,1999,0,0,0,0,0,0,0,0,0,0
230053,3,1,1999,0,0,0,0,0,0,0,0,0,0
230054,1,1,1999,0,0,0,0,0,0,0,0,0,0
230054,2,1,1999,0,0,0,0,0,0,0,0,0,0
230055,1,1,1999,0,0,0,0,0,0,0,0,0,0
230056,1,1,1999,0,0,0,0,0,0,0,0,0,0
230057,1,1,1999,16,16,16,16,16,16,16,16,16,16
230058,1,1,1999,0,0,0,0,0,0,0,0,0,0
230058,2,1,1999,0,0,0,0,0,0,0,0,0,0
230058,3,1,1999,0,0,0,0,0,0,0,0,0,0
230059,1,1,1999,0,0,0,0,0,0,0,0,0,0
230059,2,1,1999,0,0,0,0,0,0,0,0,0,0
230059,3,1,1999,0,0,0,0,0,0,0,0,0,0
230060,1,1,1999,0,0,0,0,0,0,0,0,0,0
230061,1,1,1999,0,0,0,0,0,0,0,0,0,0
230062,0,1,1999,0,0,0,0,0,0,0,0,0,0
230062,1,1,1999,0,0,0,0,0,0,0,0,0,0
230063,1,1,1999,13,13,13,13,13,13,13,13,13,13
230064,1,1,1999,0,0,0,0,0,0,0,0,0,0
230065,1,1,1999,17,17,17,17,17,17,17,17,17,17
230066,1,1,1999,0,0,0,0,0,0,0,0,0,0
230067,1,1,1999,0,0,0,0,0,0,0,0,0,0
230067,2,1,1999,0,0,0,0,0,0,0,0,0,0
230067,3,1,1999,0,0,0,0,0,0,0,0,0,0
230068,1,1,1999,13,13,13,13,13,13,13,13,13,13
230069,1,1,1999,0,0,0,0,0,0,0,0,0,0
230070,1,1,1999,0,0,0,0,0,0,0,0,0,0
230071,1,1,1999,12,12,12,12,12,12,12,12,12,12
230072,1,1,1999,28,28,28,28,28,28,28,28,28,28
230073,1,1,1999,0,0,0,0,0,0,0,0,0,0
230074,1,1,1999,0,0,0,0,0,0,0,0,0,0
230075,1,1,1999,0,0,0,0,0,0,0,0,0,0
230075,2,1,1999,0,0,0,0,0,0,0,0,0,0
230076,0,1,1999,12,20,24,25,16,30,14,0,18,26
230076,1,1,1999,9,23,15,30,10,12,14,14,21,7
230077,0,1,1999,0,0,10,11,0,0,0,0,29,0
230077,1,1,1999,0,0,0,0,0,0,0,0,0,0
230078,1,1,1999,0,0,0,0,0,0,0,0,0,0
230078,2,1,1999,0,0,0,0,0,0,0,0,0,0
230078,3,1,1999,14,0,0,0,18,5,0,15,0,0
230079,1,1,1999,10,10,10,10,10,10,10,10,10,10
230079,2,1,1999,0,0,0,0,0,0,0,0,0,0
230080,1,1,1999,0,0,0,0,0,0,0,0,0,0
230080,2,1,1999,4,4,4,4,4,4,4,4,4,4
230081,1,1,1999,0,0,0,0,0,0,0,0,0,0
230081,2,1,1999,0,0,0,0,0,0,0,0,0,0
230082,1,1,1999,20,20,20,20,20,20,20,20,20,20
230083,1,1,1999,12,12,12,12,12,12,12,12,12,12
230083,2,1,1999,0,0,0,0,0,0,0,0,0,0
230083,3,1,1999,4,4,4,4,4,4,4,4,4,4
230084,1,1,1999,0,0,0,0,0,0,0,0,0,0
230084,2,1,1999,0,0,0,0,0,0,0,0,0,0
230085,1,1,1999,0,0,0,0,0,0,0,0,0,0
230086,1,1,1999,0,0,0,0,0,0,0,0,0,0
230087,1,1,1999,11,11,11,11,11,11,11,11,11,11
230088,1,1,1999,0,0,0,0,0,0,0,0,0,0
230089,1,1,1999,0,0,0,0,0,0,0,0,0,0
230089,2,1,1999,0,0,0,0,0,0,0,0,0,0
230090,1,1,1999,0,0,22,13,0,14,0,0,0,25
230091,1,1,1999,0,0,0,0,0,0,0,0,0,0
230091,2,1,1999,0,0,0,0,0,0,0,0,0,0
230092,1,1,1999,0,0,0,0,0,0,0,0,0,0
230092,2,1,1999,0,0,0,0,0,0,0,0,0,0
230092,3,1,1999,0,0,0,0,0,0,0,0,0,0
230093,1,1,1999,0,0,0,0,0,0,0,0,0,0
230093,2,1,1999,0,0,0,0,0,0,0,0,0,0
230094,0,1,1999,0,0,0,0,0,0,0,0,0,0
230094,1,1,1999,0,0,0,0,0,0,0,0,0,0
230095,1,1,1999,0,0,0,0,0,0,0,0,0,0
230096,1,1,1999,0,0,0,0,0,0,0,0,0,0
230096,2,1,1999,0,0,0,0,0,0,0,0,0,0
230097,1,1,1999,0,0,0,0,0,0,0,0,0,0
230097,2,1,1999,0,0,0,0,0,0,0,0,0,0
230097,3,1,1999,0,0,0,0,0,0,0,0,0,0
230098,1,1,1999,0,0,0,0,0,0,0,0,0,0
230098,2,1,1999,0,0,0,0,0,0,0,0,0,0
230099,1,1,1999,0,0,0,15,0,0,6,0,12,4
230100,1,1,1999,19,19,19,19,19,19,19,19,19,19
230101,1,1,1999,0,0,0,0,0,0,0,0,0,0
230102,1,1,1999,20,20,20,20,20,20,20,20,20,20
230103,1,1,1999,0,0,0,0,0,0,0,0,0,0
230104,1,1,1999,14,14,14,14,14,14,14,14,14,14
230105,1,1,1999,18,18,18,18,18,18,18,18,18,18
230105,2,1,1999,0,0,0,0,0,0,0,0,0,0
230106,1,1,1999,0,0,0,0,0,0,0,0,0,0
230106,2,1,1999,0,0,0,0,0,0,0,0,0,0
230107,1,1,1999,26,26,26,26,26,26,26,26,26,26
230108,1,1,1999,0,0,0,0,0,0,0,0,0,0
230108,2,1,1999,0,0,0,0,0,0,0,0,0,0
230109,1,1,1999,23,23,23,23,23,23,23,23,23,23
230110,1,1,1999,0,0,0,0,0,0,0,0,0,0
230111,1,1,1999,0,0,0,0,0,0,0,0,0,0
230111,2,1,1999,0,0,0,0,0,0,0,0,0,0
230112,1,1,1999,17,17,17,17,17,17,17,17,17,17
230113,1,1,1999,0,0,0,0,0,0,0,0,0,0
230113,2,1,1999,0,0,0,0,0,0,0,0,0,0
230114,1,1,1999,0,0,0,0,0,0,0,0,0,0
230114,2,1,1999,0,0,0,0,0,0,0,0,0,0
230115,1,1,1999,0,0,0,0,0,0,0,0,0,0
230115,2,1,1999,0,0,0,0,0,0,0,0,0,0
230116,1,1,1999,0,0,0,0,0,0,0,0,0,0
230117,1,1,1999,14,14,14,14,14,14,14,14,14,14
230118,1,1,1999,0,0,0,0,0,0,0,0,0,0
230118,2,1,1999,0,0,0,0,0,0,0,0,0,0
230118,3,1,1999,0,0,0,0,0,0,0,0,0,0
230119,1,1,1999,23,23,23,23,23,23,23,23,23,23
230119,2,1,1999,0,0,0,0,0,0,0,0,0,0
230120,1,1,1999,0,0,0,0,0,0,0,0,0,0
230121,1,1,1999,0,0,0,0,0,0,0,0,0,0
230122,1,1,1999,0,0,0,0,0,0,0,0,0,0
230123,1,1,1999,17,17,17,17,17,17,17,17,17,17
230124,1,1,1999,13,13,13,13,13,13,13,13,13,13
230124,2,1,1999,0,0,0,0,0,0,0,0,0,0
230125,1,1,1999,4,4,4,4,4,4,4,4,4,4
230126,1,1,1999,12,12,12,12,12,12,12,12,12,12
230126,2,1,1999,0,0,0,0,14,0,0,4,0,3
230127,1,1,1999,0,0,0,0,0,0,0,0,0,0
230127,2,1,1999,4,4,4,4,4,4,4,4,4,4
230128,1,1,1999,0,0,0,0,0,0,0,0,0,0
230129,1,1,1999,0,0,0,0,0,0,0,0,0,0
230130,1,1,1999,0,0,0,0,0,0,0,0,0,0
230131,0,1,1999,0,0,0,0,0,0,0,0,0,0
230131,1,1,1999,0,0,0,0,0,0,0,0,0,0
230132,1,1,1999,0,0,0,0,0,0,0,0,0,0
230132,2,1,1999,0,0,0,0,0,0,0,0,0,0
230133,1,1,1999,16,16,16,16,16,16,16,16,16,16
230134,1,1,1999,0,0,0,0,0,0,0,0,0,0
230135,1,1,1999,0,0,0,0,0,0,0,0,0,0
230136,1,1,1999,13,13,13,13,13,13,13,13,13,13
230137,1,1,1999,9,9,9,9,9,9,9,9,9,9