ST_CASE,VEH_NO,PER_NO,YEAR,P1,P2,P3,P4,P5,P6,P7,P8,P9,P10
230138,0,1,1999,12,0,0,0,0,0,0,0,0,0
230138,0,2,1999,0,0,0,0,0,0,0,0,0,0
230138,1,1,1999,12,12,12,12,12,12,12,12,12,12
230139,1,1,1999,0,0,0,0,0,0,0,0,0,0
230139,2,1,1999,0,0,0,0,0,0,0,0,0,0
230140,1,1,1999,0,0,0,0,0,0,0,0,0,0
230141,1,1,1999,0,0,0,0,0,0,0,0,0,0
230141,2,1,1999,0,0,0,0,0,0,0,0,0,0
230142,1,1,1999,20,20,20,20,20,20,20,20,20,20
230143,1,1,1999,0,0,0,0,0,0,0,0,0,0
230144,1,1,1999,0,0,0,0,0,0,0,0,0,23
230144,2,1,1999,9,0,0,0,0,0,0,0,12,11
230145,1,1,1999,0,0,0,0,0,0,0,0,0,0
230146,1,1,1999,0,0,0,0,0,0,0,0,0,0
230147,1,1,1999,0,0,0,0,0,0,0,0,0,0
230148,1,1,1999,0,0,0,0,0,0,0,0,0,0
230148,2,1,1999,0,0,0,0,0,0,0,0,0,0
230149,1,1,1999,0,0,0,0,0,0,0,0,0,0
230149,2,1,1999,0,0,0,0,0,0,0,0,0,0
230149,3,1,1999,0,0,0,0,0,0,0,0,0,0
230149,4,1,1999,0,0,0,0,0,0,0,0,0,0
230150,0,1,1999,0,0,0,0,0,0,0,0,0,0
230150,1,1,1999,0,7,0,10,13,0,10,7,0,0
230151,1,1,1999,25,25,25,25,25,25,25,25,25,25
230152,1,1,1999,0,0,0,0,0,0,0,0,0,0
230153,1,1,1999,0,0,0,0,0,0,0,0,0,0
230153,2,1,1999,0,12,0,0,0,0,0,0,0,0
230153,3,1,1999,0,0,0,0,0,0,0,0,0,0
230154,1,1,1999,0,0,0,0,0,0,0,0,0,0
230154,2,1,1999,0,0,0,0,0,0,0,0,0,0
230155,0,1,1999,24,24,24,24,24,24,24,24,24,24
230155,1,1,1999,0,0,0,0,0,0,0,0,0,0
230156,1,1,1999,0,0,0,0,0,0,0,0,0,0
230157,1,1,1999,0,0,0,0,0,0,0,0,0,0
230157,2,1,1999,0,0,0,0,0,0,0,0,0,0
230158,1,1,1999,0,0,0,0,0,0,0,0,0,0
230159,1,1,1999,0,0,0,0,0,0,0,0,0,0
230160,1,1,1999,19,19,19,19,19,19,19,19,19,19
230161,1,1,1999,0,0,0,0,0,0,0,0,0,0
230161,2,1,1999,0,0,0,0,0,0,0,0,0,0
230162,1,1,1999,0,0,0,0,0,0,0,0,0,0
230162,2,1,1999,2,2,2,2,2,2,2,2,2,2
230163,1,1,1999,0,0,0,0,0,0,0,0,0,0
230163,2,1,1999,0,0,0,0,0,0,0,0,0,0
230164,1,1,1999,13,13,13,13,13,13,13,13,13,13
230165,1,1,1999,0,0,0,0,0,0,0,0,0,0
230165,2,1,1999,0,0,0,0,0,0,0,0,0,0
230166,1,1,1999,15,15,15,15,15,15,15,15,15,15
230167,1,1,1999,20,14,23,11,26,22,7,5,13,12
230168,1,1,1999,0,0,0,0,0,0,0,0,0,0
230169,1,1,1999,0,0,0,0,0,0,0,0,0,0
230169,2,1,1999,0,0,0,0,0,0,0,0,0,0
240001,1,1,1999,16,16,16,16,16,16,16,16,16,16
240002,0,1,1999,0,0,0,0,0,0,0,0,0,0
240002,1,1,1999,0,0,0,0,0,0,0,0,0,0
240002,2,1,1999,0,0,0,0,0,0,0,0,0,0
240003,1,1,1999,0,0,0,0,0,0,0,0,0,0
240004,0,1,1999,11,11,11,11,11,11,11,11,11,11
240004,1,1,1999,0,0,0,0,0,0,0,0,0,0
240005,1,1,1999,11,11,11,11,11,11,11,11,11,11
240006,1,1,1999,16,16,16,16,16,16,16,16,16,16
240006,2,1,1999,0,0,0,0,0,0,0,0,0,5
240006,3,1,1999,0,0,0,0,0,0,0,0,0,0
240007,1,1,1999,0,0,0,0,0,0,0,0,0,0
240007,2,1,1999,0,0,0,0,0,0,0,0,0,0
240008,1,1,1999,0,0,0,0,0,0,0,0,0,0
240008,2,1,1999,0,0,0,0,0,0,0,0,0,0
240008,3,1,1999,0,0,0,0,0,0,0,0,0,0
240009,1,1,1999,19,19,19,19,19,19,19,19,19,19
240010,1,1,1999,0,0,0,0,0,0,0,0,0,0
240011,1,1,1999,0,0,0,0,0,0,0,0,0,0
240012,1,1,1999,0,0,0,0,0,0,0,0,0,0
240012,2,1,1999,1,1,1,1,1,1,1,1,1,1
240013,0,1,1999,0,0,0,31,0,36,0,0,15,0
240013,1,1,1999,0,0,0,0,0,0,0,0,0,0
240014,1,1,1999,19,19,19,19,19,19,19,19,19,19
240014,2,1,1999,14,0,0,13,0,9,0,0,0,0
240015,1,1,1999,26,26,26,26,26,26,26,26,26,26
240015,2,1,1999,0,0,0,0,0,0,0,0,0,0
240016,0,1,1999,8,8,8,8,8,8,8,8,8,8
240016,1,1,1999,0,0,0,0,0,0,0,0,0,0
240016,2,1,1999,0,0,0,0,0,0,0,0,0,0
240017,0,1,1999,17,17,17,17,17,17,17,17,17,17
240017,1,1,1999,0,0,0,0,0,0,0,0,16,0
240018,1,1,1999,0,0,0,0,0,0,0,0,0,0
240019,0,1,1999,0,0,0,0,0,0,0,0,0,0
240019,1,1,1999,0,0,0,0,0,0,0,0,0,0
240020,1,1,1999,0,0,0,0,0,0,0,0,0,0
240020,2,1,1999,0,0,0,0,0,0,0,0,0,0
240021,1,1,1999,17,17,17,17,17,17,17,17,17,17
240022,0,1,1999,45,38,15,12,25,26,29,9,10,25
240022,1,1,1999,0,0,0,0,0,0,0,0,0,0
240023,1,1,1999,0,0,0,0,0,0,0,0,0,0
240023,2,1,1999,0,0,0,0,0,0,0,0,0,0
240024,1,1,1999,18,18,18,18,18,18,18,18,18,18
240025,1,1,1999,0,0,0,0,0,0,0,0,0,0
240026,1,1,1999,0,0,0,0,0,0,0,0,0,0
240027,0,1,1999,0,0,0,0,0,0,0,0,0,0
240027,1,1,1999,0,0,0,0,0,0,0,0,0,0
240027,2,1,1999,0,0,0,0,0,0,0,0,0,0
240028,1,1,1999,0,0,0,0,0,0,0,0,0,0
240028,2,1,1999,0,0,0,0,0,0,0,0,0,0
240029,1,1,1999,0,0,0,0,0,0,0,0,0,0
240030,1,1,1999,0,0,0,0,0,0,0,0,0,0
240030,2,1,1999,0,0,0,0,0,0,0,0,0,0
240031,1,1,1999,0,0,0,0,0,0,0,0,0,0
240031,2,1,1999,5,0,0,0,0,0,0,0,0,0
240032,1,1,1999,27,27,27,27,27,27,27,27,27,27
240033,0,1,1999,0,0,0,0,0,0,0,0,0,0
240033,1,1,1999,0,0,0,0,0,0,0,0,0,0
240034,1,1,1999,0,0,0,0,0,0,0,0,0,0
240035,1,1,1999,19,19,19,19,19,19,19,19,19,19
240036,1,1,1999,0,0,0,0,12,0,0,0,0,0
240036,2,1,1999,0,0,0,0,0,0,0,0,0,0
240037,1,1,1999,20,20,20,20,20,20,20,20,20,20
240037,2,1,1999,0,0,0,0,0,0,0,0,0,0
240038,1,1,1999,0,0,0,0,0,0,0,0,0,0
240039,1,1,1999,0,0,0,0,0,0,0,0,0,0
240040,1,1,1999,3,3,3,3,3,3,3,3,3,3
240041,1,1,1999,0,0,0,0,0,0,0,0,0,0
240041,2,1,1999,0,0,0,0,0,0,0,0,0,0
240041,3,1,1999,0,0,0,0,0,0,0,0,0,0
240042,1,1,1999,12,20,5,19,17,21,6,11,16,13
240043,1,1,1999,0,0,0,0,0,0,0,0,0,11
240043,2,1,1999,0,8,0,0,11,0,0,0,0,0
240044,1,1,1999,0,0,0,0,0,0,0,0,0,0
240045,1,1,1999,0,19,15,0,16,29,8,27,0,0
240045,2,1,1999,19,0,0,0,0,0,0,0,0,13
240046,1,1,1999,0,0,0,0,0,0,0,0,0,0
240046,2,1,1999,0,0,0,0,0,0,0,0,0,0
240047,1,1,1999,0,0,0,0,0,0,0,0,0,0
240047,2,1,1999,0,0,0,0,0,0,0,0,0,0
240048,1,1,1999,0,0,0,0,0,0,0,0,0,0
240048,2,1,1999,0,0,0,0,0,0,0,0,0,0
240049,1,1,1999,6,6,6,6,6,6,6,6,6,6
240049,2,1,1999,0,0,0,0,0,0,0,0,0,0
240050,1,1,1999,0,0,0,0,0,0,0,0,0,0
240051,1,1,1999,22,22,22,22,22,22,22,22,22,22
240052,0,1,1999,31,31,31,31,31,31,31,31,31,31
240052,1,1,1999,0,0,0,0,0,0,0,0,0,0
240053,1,1,1999,15,15,11,6,12,15,12,21,6,6
240053,2,1,1999,0,0,0,0,0,0,0,0,0,0
240054,1,1,1999,18,24,13,6,11,0,0,25,15,15
240054,2,1,1999,10,10,10,10,10,10,10,10,10,10
240055,0,1,1999,0,0,0,0,0,0,0,0,0,0
240055,1,1,1999,0,0,0,0,0,0,0,0,0,0
240055,2,1,1999,0,0,0,0,0,0,8,0,0,0
240056,1,1,1999,0,0,0,0,0,0,0,0,0,0
240057,1,1,1999,0,0,0,0,0,0,0,0,0,0
240058,1,1,1999,0,18,0,15,0,0,0,0,0,0
240058,2,1,1999,0,0,0,0,0,0,0,0,0,0
240059,1,1,1999,26,26,26,26,26,26,26,26,26,26
240060,1,1,1999,0,0,0,0,0,0,0,0,0,0
240060,2,1,1999,0,0,0,0,0,0,0,0,0,0
240061,0,1,1999,0,0,0,0,0,0,0,0,0,0
240061,1,1,1999,0,0,0,0,0,0,0,0,0,0
240062,1,1,1999,0,0,0,0,0,0,0,0,0,0
240062,2,1,1999,0,0,0,0,0,0,0,0,0,0
240063,1,1,1999,0,0,0,0,0,0,0,0,0,0
240063,2,1,1999,0,0,0,0,0,0,0,0,0,0
240064,1,1,1999,5,6,8,14,23,10,15,0,0,9
240064,2,1,1999,0,0,0,0,0,0,0,0,0,0
240065,0,1,1999,30,30,30,30,30,30,30,30,30,30
240065,1,1,1999,0,0,0,0,0,0,0,0,0,0
240066,1,1,1999,0,0,0,0,0,0,0,0,0,0
240066,2,1,1999,0,0,0,0,0,0,0,0,0,0
240067,1,1,1999,0,7,7,8,4,21,16,15,16,19
240067,2,1,1999,0,0,0,0,0,0,0,0,0,0
240068,1,1,1999,39,39,39,39,39,39,39,39,39,39
240069,1,1,1999,12,12,12,12,12,12,12,12,12,12
240069,2,1,1999,0,0,15,0,0,0,0,0,0,0
240069,3,1,1999,0,0,0,0,0,0,24,7,0,0
240070,1,1,1999,26,19,19,13,13,25,19,11,16,25
240071,1,1,1999,6,6,6,6,6,6,6,6,6,6
240071,2,1,1999,0,0,0,0,0,0,0,0,0,0
240072,1,1,1999,8,0,3,0,7,0,13,13,0,0
240073,1,1,1999,0,0,0,0,0,0,0,0,0,0
240074,1,1,1999,0,6,9,0,9,0,0,0,0,0
240075,1,1,1999,0,0,0,0,17,0,0,0,0,0
240075,2,1,1999,0,0,0,0,0,0,0,0,0,0
240075,3,1,1999,0,0,0,0,0,0,0,0,0,0
240076,1,1,1999,0,0,0,0,0,0,0,0,0,0
240076,2,1,1999,0,0,0,0,0,0,0,0,0,0
240077,1,1,1999,0,0,0,0,0,0,0,0,0,0
240077,2,1,1999,0,0,0,0,0,0,0,0,0,0
240078,1,1,1999,0,0,0,0,0,0,0,0,0,0
240078,2,1,1999,1,1,1,1,1,1,1,1,1,1
240079,1,1,1999,0,0,0,0,0,0,0,0,0,0
240079,2,1,1999,0,0,0,0,0,14,0,0,0,0
240080,1,1,1999,0,0,0,0,0,0,0,0,0,0
240081,1,1,1999,0,0,0,0,0,0,0,0,0,0
240081,2,1,1999,22,0,25,0,0,0,0,0,0,0
240082,1,1,1999,0,0,0,0,0,0,0,0,0,0
240083,0,1,1999,12,12,12,12,12,12,12,12,12,12
240083,1,1,1999,0,0,0,0,0,0,0,0,0,0
240084,0,1,1999,33,28,23,16,16,11,28,70,4,47
240084,1,1,1999,0,0,0,0,0,0,0,0,0,0
240085,1,1,1999,0,0,0,0,0,0,0,0,0,0
240086,1,1,1999,0,0,0,0,0,0,0,0,0,0
240086,2,1,1999,0,0,0,0,0,0,0,0,0,0
240087,1,1,1999,5,5,5,5,5,5,5,5,5,5
240088,1,1,1999,0,0,0,0,0,0,0,0,0,0
240088,2,1,1999,0,0,0,0,0,0,0,0,0,0
240088,3,1,1999,0,0,0,0,0,0,0,0,0,0
240089,1,1,1999,0,0,0,0,0,0,8,0,0,0
240090,1,1,1999,0,0,0,0,0,0,0,18,0,0
240091,0,1,1999,0,0,0,0,0,0,0,0,0,0
240091,1,1,1999,0,0,0,0,0,0,0,0,0,0
240092,1,1,1999,0,0,0,0,0,0,0,0,0,0
240093,1,1,1999,0,0,0,0,0,0,0,0,0,0
240093,2,1,1999,0,0,0,0,0,0,0,0,0,0
240094,0,1,1999,0,0,0,0,0,0,0,0,0,0
240094,1,1,1999,0,0,0,0,0,0,0,0,0,0
240095,1,1,1999,0,0,0,0,23,0,0,0,0,0
240095,2,1,1999,0,0,0,0,0,0,0,0,0,0
240095,3,1,1999,0,0,0,0,0,0,0,0,0,0
240096,0,1,1999,9,15,27,27,14,15,12,23,25,5
240096,1,1,1999,3,3,3,3,3,3,3,3,3,3
240097,1,1,1999,0,0,0,0,0,0,0,0,0,0
240098,1,1,1999,0,0,0,0,0,0,0,0,0,0
240098,2,1,1999,11,11,11,11,11,11,11,11,11,11
240099,1,1,1999,0,0,0,0,0,0,0,0,0,0
240100,1,1,1999,0,0,0,0,0,0,0,0,0,0
240100,2,1,1999,0,0,0,0,0,0,0,0,0,0
240100,3,1,1999,0,0,0,0,0,0,0,0,0,0
240101,0,1,1999,0,0,0,0,0,0,0,0,0,0
240101,1,1,1999,0,0,0,0,0,0,0,0,0,0
240101,2,1,1999,0,0,0,0,0,0,0,0,0,0
240102,1,1,1999,26,26,26,26,26,26,26,26,26,26
240103,1,1,1999,0,0,0,0,0,0,0,0,0,0
240104,1,1,1999,33,33,33,33,33,33,33,33,33,33
240105,1,1,1999,6,6,6,6,6,6,6,6,6,6
240105,2,1,1999,0,15,24,16,0,10,15,18,3,25
240106,1,1,1999,0,0,0,0,0,0,0,0,0,0
240107,1,1,1999,20,20,20,20,20,20,20,20,20,20
240108,1,1,1999,0,0,0,0,0,0,0,0,0,0
240108,2,1,1999,0,0,0,0,0,0,0,0,0,0
240109,1,1,1999,1,1,1,1,1,1,1,1,1,1
240109,2,1,1999,0,0,0,0,0,0,0,0,0,0
240110,1,1,1999,0,0,0,0,0,0,0,0,0,0
240111,1,1,1999,16,16,16,16,16,16,16,16,16,16
240112,1,1,1999,0,0,0,0,0,10,0,17,0,0
240112,2,1,1999,0,0,0,0,0,0,0,0,0,0
240113,1,1,1999,22,22,22,22,22,22,22,22,22,22
240114,1,1,1999,0,0,0,0,0,0,0,0,0,0
240114,2,1,1999,0,0,0,0,0,0,0,0,0,0
240114,3,1,1999,0,0,0,0,0,0,0,0,0,0
240115,0,1,1999,0,0,0,0,0,0,0,0,0,0
240115,1,1,1999,0,0,0,0,0,0,0,0,0,5
240116,1,1,1999,26,26,26,26,26,26,26,26,26,26
240116,2,1,1999,0,0,0,0,0,0,0,0,0,0
240117,1,1,1999,0,0,0,0,0,0,0,0,0,0
240117,2,1,1999,0,0,0,0,0,0,0,0,4,0
240118,1,1,1999,0,0,0,0,0,0,0,0,0,0
240119,1,1,1999,0,0,0,0,0,0,0,0,0,0
240120,1,1,1999,0,0,0,0,0,0,0,0,0,0
240120,2,1,1999,0,0,0,0,0,0,0,0,0,0
240121,1,1,1999,15,15,15,15,15,15,15,15,15,15
240122,1,1,1999,16,16,16,16,16,16,16,16,16,16
240122,2,1,1999,7,7,7,7,7,7,7,7,7,7
240123,1,1,1999,0,0,0,0,0,0,0,0,0,0
240123,2,1,1999,0,0,0,0,0,0,0,0,0,0
240124,1,1,1999,0,0,0,0,0,0,0,0,0,0
240125,0,1,1999,0,0,0,0,0,0,0,0,0,0
240125,1,1,1999,0,0,0,0,0,0,0,0,0,0
240126,1,1,1999,0,0,0,0,0,0,0,0,0,0
240126,2,1,1999,0,0,0,0,0,0,0,0,0,0
240127,0,1,1999,0,0,0,0,0,0,0,0,0,0
240127,1,1,1999,0,6,0,0,0,0,13,0,0,0
240128,1,1,1999,0,0,0,0,0,0,0,0,0,0
240129,1,1,1999,0,0,0,0,0,0,0,0,0,0
240130,1,1,1999,9,9,9,9,9,9,9,9,9,9
240131,1,1,1999,8,41,0,9,8,23,30,3,0,7
240131,2,1,1999,0,0,0,0,0,0,0,0,0,0
240132,1,1,1999,0,0,0,0,0,0,0,0,0,0
240132,2,1,1999,0,0,0,0,0,0,0,0,0,0
240132,3,1,1999,0,0,0,0,0,5,0,0,0,0
240132,4,1,1999,0,0,0,0,0,0,0,0,19,0
240133,1,1,1999,0,0,0,0,0,0,0,0,0,0
240133,2,1,1999,0,0,0,0,0,0,0,0,0,0
240133,3,1,1999,0,0,0,0,0,0,0,0,0,0
240134,1,1,1999,0,0,0,0,0,0,0,0,0,0
240134,2,1,1999,0,0,0,0,0,0,0,0,0,0
240135,0,1,1999,24,24,24,24,24,24,24,24,24,24
240135,1,1,1999,0,0,0,0,0,0,0,0,0,0
240136,1,1,1999,0,0,0,0,0,0,0,0,0,0
240136,2,1,1999,0,0,0,0,0,0,0,0,0,0
240137,1,1,1999,24,24,24,24,24,24,24,24,24,24
240137,2,1,1999,0,0,0,0,0,0,0,0,0,0
240138,1,1,1999,4,4,4,4,4,4,4,4,4,4
240139,1,1,1999,0,0,0,0,0,0,0,0,0,0
240139,2,1,1999,0,0,0,0,0,0,0,0,0,0
240140,0,1,1999,0,0,0,0,0,0,0,0,0,0
240140,1,1,1999,0,0,34,0,0,0,0,0,0,0
240141,0,1,1999,0,0,0,0,0,0,0,0,0,0
240141,1,1,1999,0,0,0,0,0,0,0,0,0,0
240141,2,1,1999,0,0,0,0,0,0,0,0,0,0
240142,1,1,1999,0,0,0,0,0,0,0,0,0,0
240142,2,1,1999,0,0,0,0,0,0,0,0,0,0
240142,3,1,1999,22,0,0,0,0,0,0,0,0,0
240142,4,1,1999,0,0,0,0,0,0,0,0,0,0
240143,1,1,1999,0,0,0,0,0,0,0,0,0,0
240143,2,1,1999,0,0,0,0,0,0,0,0,0,0
240144,0,1,1999,0,0,0,0,0,0,0,0,0,0
240144,1,1,1999,15,0,0,0,0,0,0,0,0,0
240145,1,1,1999,0,0,0,0,0,0,0,0,0,0
240145,2,1,1999,0,0,0,0,0,0,0,0,0,0
240146,1,1,1999,0,0,0,0,0,0,0,0,0,0
240146,2,1,1999,0,0,0,0,0,0,0,0,0,0
240147,1,1,1999,0,0,0,0,0,0,0,0,0,0
240147,2,1,1999,0,0,0,0,0,0,0,0,0,0
240147,3,1,1999,0,0,0,0,0,0,0,0,0,0
240148,0,1,1999,0,0,0,0,0,0,0,0,0,0
240148,1,1,1999,0,0,0,0,0,0,0,0,0,0
240149,1,1,1999,0,0,0,0,0,0,0,0,0,0
240149,2,1,1999,0,0,0,0,0,0,0,0,0,0
240150,1,1,1999,0,0,0,0,0,0,0,0,0,0
240151,1,1,1999,0,0,0,0,0,0,0,0,0,0
240152,1,1,1999,0,0,0,0,0,0,0,0,0,0
240152,2,1,1999,0,0,0,0,0,0,0,0,0,10
240153,1,1,1999,0,0,0,0,0,0,0,0,0,0
240153,2,1,1999,0,0,0,0,0,0,0,0,0,0
240154,1,1,1999,0,0,0,0,0,0,0,0,0,0
240154,2,1,1999,0,0,0,0,0,0,0,0,0,0
240155,0,1,1999,0,0,0,0,0,0,0,0,0,0
240155,1,1,1999,3,0,0,0,0,0,0,0,0,0
240156,1,1,1999,0,0,0,0,0,0,0,0,0,0
240156,2,1,1999,0,0,0,0,0,0,0,0,0,0
240157,1,1,1999,0,0,0,0,0,0,0,0,0,0
240158,1,1,1999,0,0,0,0,0,0,0,0,0,0
240158,2,1,1999,13,13,13,13,13,13,13,13,13,13
240159,1,1,1999,15,15,15,15,15,15,15,15,15,15
240160,1,1,1999,0,0,0,0,0,0,0,0,0,0
240161,1,1,1999,0,0,0,0,0,0,0,0,0,0
240161,2,1,1999,0,0,0,0,0,0,0,0,0,0
240162,1,1,1999,0,0,0,0,0,0,0,0,0,0
240163,1,1,1999,0,0,0,0,0,0,0,0,0,0
240163,2,1,1999,0,0,0,0,0,0,0,0,0,0
240163,3,1,1999,0,0,0,0,0,0,0,0,0,0
240163,4,1,1999,0,0,0,0,0,0,0,0,0,0
240163,5,1,1999,0,0,0,0,0,0,10,0,0,0
240164,1,1,1999,0,0,0,0,0,0,0,0,0,0
240164,2,1,1999,0,0,0,0,0,0,0,0,0,0
240165,1,1,1999,0,0,0,0,0,0,0,0,0,0
240166,1,1,1999,0,0,0,0,0,0,0,0,0,0
240167,0,1,1999,12,12,12,12,12,12,12,12,12,12
240167,1,1,1999,12,12,12,12,12,12,12,12,12,12
240168,1,1,1999,0,0,0,0,0,0,0,0,0,0
240168,2,1,1999,0,0,0,0,0,0,0,0,0,0
240169,1,1,1999,26,26,26,26,26,26,26,26,26,26
240170,0,1,1999,0,0,0,0,0,0,0,0,0,0
240170,1,1,1999,0,0,0,0,0,0,0,0,0,0
240171,1,1,1999,0,0,0,0,0,0,0,0,0,0
240172,0,1,1999,0,0,0,0,0,0,0,0,0,0
240172,0,2,1999,0,0,0,0,0,0,0,0,0,0
240172,0,3,1999,0,9,0,0,0,0,0,0,0,0
240172,1,1,1999,0,0,0,0,0,0,0,0,0,0
240172,2,1,1999,0,0,0,0,0,0,0,0,0,0
240173,1,1,1999,13,13,13,13,13,13,13,13,13,13
240174,1,1,1999,16,16,16,16,16,16,16,16,16,16
240175,0,1,1999,1,1,1,1,1,1,1,1,1,1
240175,1,1,1999,0,0,0,0,0,0,0,0,0,0
240176,1,1,1999,0,0,0,0,0,0,0,0,0,0
240176,2,1,1999,0,0,0,0,0,0,0,0,0,0
240176,3,1,1999,0,0,0,0,0,0,0,0,0,0
240177,0,1,1999,0,0,0,0,0,0,0,0,0,0
240177,1,1,1999,0,0,0,0,0,0,0,0,0,0
240178,1,1,1999,0,0,0,0,0,0,0,0,0,0
240178,2,1,1999,0,0,0,0,0,0,0,0,0,0
240179,0,1,1999,0,0,0,0,0,0,0,0,0,0
240179,1,1,1999,0,0,0,0,0,0,0,0,0,0
240180,1,1,1999,15,23,16,15,15,24,18,18,12,18
240181,1,1,1999,9,9,9,9,9,9,9,9,9,9
240182,1,1,1999,0,0,0,0,0,0,0,0,0,0
240182,2,1,1999,0,0,0,0,0,0,0,0,0,0
240182,3,1,1999,0,0,0,0,0,0,0,0,0,0
240182,4,1,1999,0,0,0,0,0,0,0,0,0,0
240183,1,1,1999,0,0,0,0,0,0,0,0,0,0
240183,2,1,1999,0,0,0,0,0,0,0,0,0,0
240183,3,1,1999,0,0,0,0,0,0,0,0,0,0
240184,1,1,1999,0,0,0,0,0,0,0,0,0,0
240184,2,1,1999,0,0,0,0,0,0,0,0,0,0
240184,3,1,1999,0,0,0,0,0,0,0,0,0,0
240185,1,1,1999,0,0,0,0,0,0,0,0,0,0
240186,1,1,1999,1,1,1,1,1,1,1,1,1,1
240187,1,1,1999,0,0,0,0,0,0,0,0,0,0
240187,2,1,1999,0,0,0,0,11,0,0,0,0,0
240188,1,1,1999,17,17,17,17,17,17,17,17,17,17
240189,0,1,1999,0,0,0,0,0,0,0,0,0,0
240189,1,1,1999,0,10,0,0,10,0,0,7,21,0
240190,1,1,1999,0,0,0,0,0,0,0,0,0,0
240190,2,1,1999,0,0,0,0,0,0,0,0,0,0
240191,1,1,1999,0,0,0,0,0,0,0,0,0,0
240191,2,1,1999,0,0,0,0,0,0,0,0,0,0
240192,1,1,1999,8,8,8,8,8,8,8,8,8,8
240193,1,1,1999,14,14,14,14,14,14,14,14,14,14
240194,1,1,1999,0,0,0,0,0,0,0,0,0,0
240195,0,1,1999,0,0,0,0,0,0,0,0,0,0
240195,1,1,1999,0,0,0,0,0,0,0,0,0,0
240196,1,1,1999,0,0,0,0,0,0,0,0,0,0
240196,2,1,1999,0,0,0,0,0,0,0,0,0,0
240197,0,1,1999,0,0,0,0,0,0,0,0,0,0
240198,1,1,1999,6,6,6,6,6,6,6,6,6,6
240199,0,1,1999,0,0,0,0,0,0,0,0,0,0
240199,1,1,1999,0,0,0,0,0,0,0,0,0,0
240200,1,1,1999,16,14,24,20,33,17,8,13,13,40
240200,2,1,1999,0,0,0,0,0,0,0,0,0,0
240201,1,1,1999,0,0,0,0,0,0,0,0,0,0
240201,2,1,1999,0,0,0,0,0,0,0,0,0,0
240202,0,1,1999,0,0,0,0,0,0,0,0,0,0
240202,1,1,1999,0,0,0,11,8,0,0,20,1,0
240203,1,1,1999,0,0,0,0,0,0,0,0,0,0
240203,2,1,1999,0,0,0,0,0,0,0,0,0,0
240204,1,1,1999,0,0,0,0,0,0,0,0,0,0
240205,1,1,1999,7,0,0,11,0,0,14,0,11,0
240205,2,1,1999,14,0,0,0,0,0,0,0,0,0
240206,1,1,1999,0,0,0,0,0,0,0,0,0,0
240207,1,1,1999,0,0,0,0,0,0,0,0,0,0
240207,2,1,1999,0,0,0,0,0,0,0,0,0,0
240208,1,1,1999,0,0,0,0,0,0,0,0,0,0
240208,2,1,1999,0,0,0,0,0,0,0,0,0,0
240208,3,1,1999,0,0,0,0,0,0,0,0,0,0
240209,0,1,1999,0,0,0,0,0,0,0,0,0,0
240209,1,1,1999,0,0,0,0,0,0,0,0,0,0
240210,0,1,1999,26,26,26,26,26,26,26,26,26,26
240210,1,1,1999,0,0,0,0,0,0,0,0,0,0
240211,1,1,1999,0,0,0,0,0,0,0,0,0,0
240211,2,1,1999,0,0,0,0,0,0,7,0,0,0
240212,0,1,1999,22,22,22,22,22,22,22,22,22,22
240212,1,1,1999,0,0,0,0,0,0,0,0,0,0
240213,1,1,1999,0,0,0,0,0,0,0,0,0,0
240213,2,1,1999,0,0,0,0,0,0,0,0,0,0
240214,1,1,1999,0,0,0,0,0,0,0,0,0,0
240214,2,1,1999,0,0,0,0,0,0,0,0,0,0
240215,1,1,1999,13,9,3,13,15,13,13,10,5,8
240216,1,1,1999,21,21,21,21,21,21,21,21,21,21
240216,2,1,1999,0,0,0,0,0,0,0,0,0,0
240217,1,1,1999,0,0,0,0,0,0,0,0,0,0
240217,2,1,1999,0,0,0,0,0,0,0,0,0,0
240218,1,1,1999,0,0,0,0,0,0,0,0,0,0
240218,2,1,1999,0,0,0,0,0,0,0,0,0,0
240219,1,1,1999,0,0,0,0,0,0,0,0,0,0
240219,2,1,1999,0,0,0,0,0,0,0,0,0,0
240220,1,1,1999,31,31,31,31,31,31,31,31,31,31
240221,1,1,1999,0,0,0,0,0,0,0,0,0,0
240221,2,1,1999,0,0,0,0,0,0,0,0,0,0
240222,1,1,1999,0,0,0,0,0,0,0,0,0,0
240222,2,1,1999,0,0,0,0,0,0,0,0,0,0
240222,3,1,1999,9,9,9,9,9,9,9,9,9,9
240222,4,1,1999,0,0,0,0,0,0,12,0,0,0
240222,5,1,1999,0,0,0,0,0,0,0,0,0,0
240223,1,1,1999,0,0,0,0,0,0,0,0,0,0
240223,2,1,1999,0,0,0,0,0,0,0,0,23,0
240224,1,1,1999,9,9,9,9,9,9,9,9,9,9
240225,1,1,1999,17,17,17,17,17,17,17,17,17,17
240226,1,1,1999,20,20,20,20,20,20,20,20,20,20
240227,1,1,1999,2,2,2,2,2,2,2,2,2,2
240227,2,1,1999,0,0,0,0,0,0,0,0,0,0
240228,0,1,1999,0,0,0,0,0,0,0,0,0,0
240228,1,1,1999,0,0,0,0,21,0,8,7,0,17
240229,0,1,1999,19,19,19,19,19,19,19,19,19,19
240229,1,1,1999,4,10,24,16,23,7,0,13,25,19
240230,0,1,1999,35,35,35,35,35,35,35,35,35,35
240230,1,1,1999,28,20,0,0,13,20,5,16,18,0
240231,1,1,1999,9,9,9,9,9,9,9,9,9,9
240232,1,1,1999,1,1,1,1,1,1,1,1,1,1
240233,0,1,1999,0,0,0,0,0,0,0,0,0,0