ST_CASE,VEH_NO,PER_NO,YEAR,P1,P2,P3,P4,P5,P6,P7,P8,P9,P10
240233,1,1,1999,0,0,0,0,0,0,0,0,0,0
240234,1,1,1999,0,0,0,0,0,0,0,0,0,0
240235,1,1,1999,0,0,0,0,0,0,0,0,0,0
240235,2,1,1999,0,0,0,0,0,0,0,0,0,0
240236,1,1,1999,0,0,0,0,0,0,0,0,0,0
240237,0,1,1999,15,10,0,13,0,0,37,35,19,0
240237,1,1,1999,0,0,0,7,0,0,0,0,0,0
240238,1,1,1999,0,0,0,0,0,0,0,0,0,0
240238,2,1,1999,0,0,0,0,0,0,0,0,0,0
240239,0,1,1999,0,0,0,0,0,0,0,0,0,0
240239,1,1,1999,0,0,0,0,0,0,0,0,0,0
240240,0,1,1999,0,0,0,0,0,0,12,0,0,0
240240,1,1,1999,0,0,0,0,0,0,0,0,0,0
240241,1,1,1999,0,15,7,0,15,0,0,0,19,0
240242,1,1,1999,0,0,0,0,0,0,0,0,0,0
240243,0,1,1999,0,0,0,0,0,0,0,0,0,0
240243,1,1,1999,0,0,0,0,0,0,0,0,0,0
240244,0,1,1999,0,0,0,0,0,0,0,0,0,0
240244,1,1,1999,0,0,0,0,0,0,0,0,0,0
240245,1,1,1999,0,0,7,0,0,0,0,17,0,6
240246,1,1,1999,6,6,6,6,6,6,6,6,6,6
240247,0,1,1999,0,0,0,0,0,0,0,0,0,0
240247,1,1,1999,0,0,0,0,0,0,0,0,0,0
240248,1,1,1999,0,0,0,0,0,0,0,0,0,0
240248,2,1,1999,0,20,0,24,0,12,0,20,0,0
240249,1,1,1999,0,0,0,0,0,0,0,0,0,0
240249,2,1,1999,0,0,0,0,0,0,0,0,0,7
240249,3,1,1999,0,0,0,0,0,0,0,0,0,0
240250,1,1,1999,0,0,0,0,0,0,0,0,0,0
240250,2,1,1999,0,0,0,0,0,0,0,0,0,0
240251,0,1,1999,8,8,8,8,8,8,8,8,8,8
240251,1,1,1999,0,0,0,0,0,0,0,0,0,10
240252,1,1,1999,0,0,0,0,0,0,0,0,0,0
240253,1,1,1999,0,0,0,0,0,0,0,0,0,0
240254,1,1,1999,0,0,0,0,0,38,21,39,0,0
240255,1,1,1999,0,0,0,0,0,0,0,0,0,0
240256,1,1,1999,0,0,0,0,0,0,0,0,0,0
240256,2,1,1999,0,0,0,0,0,0,0,0,0,0
240257,1,1,1999,0,0,0,0,0,0,0,0,0,0
240258,1,1,1999,20,20,20,20,20,20,20,20,20,20
240259,1,1,1999,0,0,0,0,0,0,0,0,0,0
240259,2,1,1999,0,0,0,0,0,0,0,0,0,0
240259,3,1,1999,0,0,0,0,0,0,0,0,0,0
240259,4,1,1999,0,0,0,0,0,0,0,0,0,0
240260,0,1,1999,0,0,0,0,0,0,0,0,0,0
240260,1,1,1999,0,0,0,0,0,0,0,0,0,0
240261,1,1,1999,0,0,0,0,0,0,0,0,0,0
240261,2,1,1999,0,0,0,0,0,0,16,19,0,0
240262,0,1,1999,18,26,21,39,25,23,33,6,26,20
240262,1,1,1999,0,0,0,0,0,0,0,0,0,0
240263,0,1,1999,0,0,0,0,0,0,0,0,0,0
240263,1,1,1999,0,0,0,0,0,0,0,0,0,0
240264,1,1,1999,0,0,0,0,0,0,0,0,0,0
240264,2,1,1999,0,0,0,0,0,0,0,0,0,0
240265,0,1,1999,0,0,0,0,0,0,0,0,0,0
240265,1,1,1999,0,0,0,0,0,0,0,0,0,0
240266,1,1,1999,0,0,0,0,0,0,0,0,0,0
240267,1,1,1999,0,0,0,0,0,0,0,0,0,0
240267,2,1,1999,0,0,0,0,0,0,0,0,0,0
240267,3,1,1999,0,0,0,0,0,0,0,0,0,0
240268,1,1,1999,0,0,0,0,0,0,0,0,0,0
240269,1,1,1999,0,0,0,0,0,0,0,0,0,0
240269,2,1,1999,0,0,0,0,0,0,0,0,0,0
240270,1,1,1999,14,14,14,14,14,14,14,14,14,14
240270,2,1,1999,0,0,0,0,0,0,0,0,0,0
240271,1,1,1999,0,0,0,0,0,0,0,0,0,0
240272,1,1,1999,0,0,0,0,0,0,0,0,0,0
240273,0,1,1999,0,0,0,0,0,0,0,0,0,0
240273,1,1,1999,0,0,0,0,0,1,0,0,0,22
240274,1,1,1999,19,19,19,19,19,19,19,19,19,19
240275,1,1,1999,0,0,0,0,0,0,0,0,0,0
240275,2,1,1999,0,0,0,0,0,0,0,0,0,0
240276,1,1,1999,0,0,0,0,0,10,0,0,0,0
240276,2,1,1999,0,0,0,0,0,0,0,0,0,0
240276,3,1,1999,0,0,0,0,0,0,0,0,0,0
240277,1,1,1999,21,21,21,21,21,21,21,21,21,21
240278,1,1,1999,9,9,9,9,9,9,9,9,9,9
240278,2,1,1999,0,0,0,0,0,0,0,0,0,0
240279,1,1,1999,0,15,0,0,0,0,0,0,0,11
240280,1,1,1999,0,0,0,0,0,0,0,0,0,0
240280,2,1,1999,0,0,0,0,0,0,0,0,0,0
240281,1,1,1999,0,0,0,0,0,0,0,0,0,0
240282,1,1,1999,0,0,0,0,0,0,0,0,0,0
240282,2,1,1999,0,0,0,0,0,0,0,0,0,0
240283,1,1,1999,0,0,0,0,0,0,0,0,0,0
240284,1,1,1999,12,12,12,12,12,12,12,12,12,12
240285,1,1,1999,0,0,0,0,0,0,0,0,0,0
240285,2,1,1999,0,0,0,0,0,0,0,0,0,0
240286,1,1,1999,0,0,0,0,0,0,0,0,0,0
240286,2,1,1999,0,0,0,0,0,0,0,0,0,0
240287,1,1,1999,0,0,0,0,0,0,0,0,0,0
240288,1,1,1999,0,0,0,0,0,0,0,0,0,0
240288,2,1,1999,0,0,0,0,0,0,0,0,0,0
240289,1,1,1999,9,9,9,9,9,9,9,9,9,9
240290,1,1,1999,0,0,0,0,0,0,0,0,0,0
240290,2,1,1999,0,0,16,0,8,0,0,0,0,0
240291,1,1,1999,19,19,19,19,19,19,19,19,19,19
240291,2,1,1999,0,0,0,0,0,0,0,0,0,0
240292,1,1,1999,0,0,0,0,0,0,0,0,0,0
240293,1,1,1999,16,16,16,16,16,16,16,16,16,16
240294,1,1,1999,0,0,0,0,0,0,0,0,0,0
240295,0,1,1999,0,0,0,0,0,0,0,0,0,0
240295,0,2,1999,0,0,0,0,0,0,0,0,0,0
240295,1,1,1999,0,0,0,0,0,0,0,0,0,0
240296,1,1,1999,0,0,0,0,0,0,0,0,0,0
240297,1,1,1999,22,22,22,22,22,22,22,22,22,22
240298,1,1,1999,0,0,0,0,0,0,0,0,0,0
240299,1,1,1999,0,0,0,0,0,0,0,0,0,0
240299,2,1,1999,0,0,0,0,0,0,0,0,0,0
240299,3,1,1999,0,0,0,0,0,0,0,0,0,0
240300,1,1,1999,0,0,0,0,0,0,0,0,0,0
240300,2,1,1999,0,0,0,0,0,0,0,0,0,0
240301,1,1,1999,0,0,0,0,0,0,0,0,0,0
240301,2,1,1999,0,0,0,0,0,0,0,0,0,0
240302,1,1,1999,0,0,0,0,0,0,0,0,0,0
240302,2,1,1999,0,0,0,0,0,0,0,0,0,0
240303,1,1,1999,8,9,0,5,10,8,10,9,15,22
240303,2,1,1999,0,0,0,0,0,0,0,0,0,0
240304,1,1,1999,19,19,19,19,19,19,19,19,19,19
240305,1,1,1999,9,9,9,9,9,9,9,9,9,9
240306,1,1,1999,0,0,0,0,0,0,0,0,0,0
240306,2,1,1999,5,0,0,0,0,0,0,0,0,0
240307,1,1,1999,0,0,0,0,0,0,0,0,0,0
240307,2,1,1999,0,0,0,0,0,0,0,0,0,0
240308,1,1,1999,27,27,27,27,27,27,27,27,27,27
240309,1,1,1999,0,9,0,0,0,0,0,0,0,0
240310,0,1,1999,0,0,0,0,0,0,0,0,0,0
240310,1,1,1999,0,0,0,0,0,0,0,0,0,0
240311,1,1,1999,13,12,7,0,10,7,10,9,20,21
240312,1,1,1999,0,0,0,0,0,0,0,0,0,0
240312,2,1,1999,0,4,0,0,0,0,0,0,0,0
240313,0,1,1999,23,6,0,10,0,29,12,8,9,0
240313,1,1,1999,0,0,0,0,15,0,0,0,0,13
240314,1,1,1999,0,0,0,0,0,0,0,0,0,0
240315,1,1,1999,0,0,0,0,0,0,0,0,0,0
240315,2,1,1999,0,0,0,0,0,0,0,0,0,0
240316,1,1,1999,25,25,25,25,25,25,25,25,25,25
240317,1,1,1999,0,0,0,0,0,0,0,0,0,0
240317,2,1,1999,0,0,0,0,0,0,0,0,0,0
240317,3,1,1999,0,0,0,0,0,0,0,0,0,0
240318,0,1,1999,0,0,0,0,0,0,0,0,0,0
240318,1,1,1999,0,0,0,0,0,0,0,0,0,0
240319,0,1,1999,18,18,18,18,18,18,18,18,18,18
240319,1,1,1999,0,0,0,0,23,0,0,0,0,0
240319,2,1,1999,0,0,0,0,0,0,0,0,0,0
240320,1,1,1999,0,0,0,0,0,0,0,0,0,0
240321,0,1,1999,24,24,24,24,24,24,24,24,24,24
240321,1,1,1999,9,9,9,9,9,9,9,9,9,9
240322,1,1,1999,0,0,0,0,0,0,0,0,0,0
240322,2,1,1999,0,0,0,0,0,0,0,0,0,0
240322,3,1,1999,0,0,0,0,0,0,0,0,0,0
240323,1,1,1999,5,17,11,2,12,10,7,22,9,16
240324,1,1,1999,0,0,0,0,0,0,0,0,0,0
240324,2,1,1999,0,0,0,0,0,0,0,0,0,0
240325,1,1,1999,18,13,12,19,0,9,13,4,11,0
240325,2,1,1999,0,0,0,0,0,0,0,0,0,0
240326,1,1,1999,0,15,0,0,0,0,0,0,0,0
240326,2,1,1999,0,0,0,0,0,0,0,0,0,0
240327,1,1,1999,0,0,0,0,0,0,0,0,0,0
240327,2,1,1999,0,0,0,0,0,0,0,0,0,0
240327,3,1,1999,0,0,0,0,0,0,0,0,0,0
240328,1,1,1999,11,16,16,15,18,18,20,15,22,14
240329,0,1,1999,22,22,22,22,22,22,22,22,22,22
240329,1,1,1999,0,0,0,0,0,0,0,0,0,0
240329,2,1,1999,0,0,0,0,0,0,0,0,0,0
240330,1,1,1999,0,0,0,0,0,0,0,0,0,0
240330,2,1,1999,0,0,0,0,0,0,0,0,0,0
240331,1,1,1999,8,8,8,8,8,8,8,8,8,8
240332,1,1,1999,0,0,0,13,0,0,8,0,0,29
240333,1,1,1999,15,15,15,15,15,15,15,15,15,15
240334,1,1,1999,17,17,17,17,17,17,17,17,17,17
240335,1,1,1999,0,0,0,0,0,0,0,0,0,0
240336,0,1,1999,0,0,0,0,0,0,0,0,0,0
240336,1,1,1999,0,0,0,0,0,0,0,0,0,0
240337,1,1,1999,0,0,0,0,0,0,0,0,0,0
240338,0,1,1999,0,0,0,0,0,0,0,0,0,0
240338,1,1,1999,0,0,0,0,15,0,0,0,0,0
240339,1,1,1999,13,10,0,3,3,14,12,25,0,4
240340,0,1,1999,0,0,0,0,0,0,0,0,0,0
240340,1,1,1999,14,14,14,14,14,14,14,14,14,14
240340,2,1,1999,0,0,0,0,15,0,0,0,0,0
240341,1,1,1999,4,4,4,4,4,4,4,4,4,4
240342,1,1,1999,0,0,0,0,0,0,0,0,0,0
240342,2,1,1999,0,0,0,0,0,3,0,0,0,0
240343,1,1,1999,9,9,9,9,9,9,9,9,9,9
240343,2,1,1999,0,0,0,0,0,0,0,0,0,0
240343,3,1,1999,0,0,0,0,0,0,0,0,0,0
240344,0,1,1999,0,0,0,0,0,0,0,0,0,0
240344,1,1,1999,0,0,0,0,0,0,0,0,0,0
240345,1,1,1999,0,0,0,0,0,0,0,0,0,0
240345,2,1,1999,0,0,0,0,0,0,0,0,5,0
240346,1,1,1999,19,0,0,9,0,0,0,0,0,0
240347,1,1,1999,14,14,14,14,14,14,14,14,14,14
240348,1,1,1999,0,0,0,0,0,0,0,0,0,0
240349,0,1,1999,0,0,0,0,0,0,0,0,0,0
240349,1,1,1999,0,0,0,0,0,0,0,0,0,0
240349,2,1,1999,0,0,0,0,0,0,0,0,0,0
240350,1,1,1999,0,0,0,0,0,0,0,0,0,0
240351,1,1,1999,0,0,0,0,0,0,0,0,0,0
240351,2,1,1999,0,0,0,0,0,0,0,0,0,0
240352,1,1,1999,0,0,0,0,0,0,0,0,0,0
240353,1,1,1999,21,21,21,21,21,21,21,21,21,21
240353,2,1,1999,22,4,7,14,6,9,12,9,5,13
240354,1,1,1999,11,11,11,11,11,11,11,11,11,11
240355,0,1,1999,0,0,0,0,0,0,0,0,0,0
240355,1,1,1999,0,0,0,0,0,0,0,0,0,0
240355,2,1,1999,0,0,0,0,0,0,0,0,0,0
240356,1,1,1999,0,0,0,0,0,0,0,0,0,0
240356,2,1,1999,0,0,0,0,0,0,0,0,0,0
240357,1,1,1999,17,17,17,17,17,17,17,17,17,17
240357,2,1,1999,0,0,0,0,0,0,0,0,0,0
240358,1,1,1999,0,0,0,0,0,0,0,0,0,0
240358,2,1,1999,0,0,0,0,0,0,0,0,0,0
240358,3,1,1999,0,0,0,0,0,0,0,0,0,0
240359,0,1,1999,0,0,0,0,0,0,0,0,0,0
240359,1,1,1999,0,0,0,0,0,0,0,0,0,0
240360,1,1,1999,0,0,0,0,35,0,0,0,0,0
240360,2,1,1999,14,0,0,0,0,0,0,0,0,0
240361,1,1,1999,18,18,18,18,18,18,18,18,18,18
240361,2,1,1999,0,31,0,0,0,0,0,0,0,0
240362,0,1,1999,0,0,0,0,0,0,0,0,0,0
240362,1,1,1999,0,0,0,0,0,0,0,0,0,0
240363,0,1,1999,29,29,29,29,29,29,29,29,29,29
240363,1,1,1999,0,0,0,0,0,0,0,0,0,0
240364,1,1,1999,0,0,0,0,0,0,0,0,0,0
240364,2,1,1999,0,0,0,0,0,0,0,0,0,0
240365,0,1,1999,0,0,0,0,0,0,0,0,0,0
240365,1,1,1999,0,0,0,0,0,0,0,0,0,0
240366,1,1,1999,1,1,1,1,1,1,1,1,1,1
240367,1,1,1999,11,0,0,0,0,0,18,12,0,0
240367,2,1,1999,0,0,0,0,0,0,0,0,0,0
240368,0,1,1999,18,18,18,18,18,18,18,18,18,18
240368,1,1,1999,0,0,0,0,8,0,0,0,0,0
240369,1,1,1999,13,13,13,13,13,13,13,13,13,13
240370,1,1,1999,19,19,19,19,19,19,19,19,19,19
240371,1,1,1999,0,0,0,0,0,0,0,0,0,0
240372,1,1,1999,22,22,22,22,22,22,22,22,22,22
240372,2,1,1999,0,0,0,0,0,0,0,0,0,0
240373,1,1,1999,0,0,0,0,0,0,0,0,0,0
240373,2,1,1999,0,0,0,0,0,0,0,0,0,0
240374,1,1,1999,7,7,7,7,7,7,7,7,7,7
240375,1,1,1999,0,0,0,0,0,0,0,0,0,0
240375,2,1,1999,22,9,16,10,19,4,20,0,13,9
240376,1,1,1999,0,0,0,0,0,0,0,0,0,0
240376,2,1,1999,6,6,6,6,6,6,6,6,6,6
240377,0,1,1999,0,0,0,0,0,0,0,0,0,0
240377,1,1,1999,0,0,0,0,0,0,0,0,0,0
240378,1,1,1999,0,0,0,0,0,0,0,0,0,0
240379,1,1,1999,0,0,0,0,0,0,0,0,0,0
240380,1,1,1999,20,20,20,20,20,20,20,20,20,20
240381,2,1,1999,12,12,12,12,12,12,12,12,12,12
240382,1,1,1999,8,8,8,8,8,8,8,8,8,8
240383,0,1,1999,24,24,24,24,24,24,24,24,24,24
240383,1,1,1999,0,0,0,0,0,0,0,0,0,0
240384,1,1,1999,0,0,0,0,0,0,0,0,0,0
240384,2,1,1999,0,0,0,0,0,0,0,0,16,0
240385,1,1,1999,0,0,0,0,0,0,0,0,0,0
240385,2,1,1999,0,0,0,0,0,14,0,0,0,0
240386,0,1,1999,0,0,0,0,0,0,0,0,0,0
240386,0,2,1999,10,11,20,15,34,0,0,0,0,0
240386,1,1,1999,6,6,6,6,6,6,6,6,6,6
240387,1,1,1999,0,0,0,0,0,0,0,0,0,0
240387,2,1,1999,0,0,0,0,0,0,0,0,17,0
240388,1,1,1999,14,14,14,14,14,14,14,14,14,14
240388,2,1,1999,0,0,0,0,0,0,0,0,0,0
240389,1,1,1999,0,0,0,0,0,0,0,0,0,0
240389,2,1,1999,0,0,0,0,0,0,0,0,0,0
240390,1,1,1999,0,0,0,0,0,0,0,0,0,0
240390,2,1,1999,0,0,0,0,0,0,0,0,0,0
240391,1,1,1999,0,0,0,0,0,0,0,0,0,0
240391,2,1,1999,0,0,0,0,0,0,0,0,0,0
240392,0,1,1999,0,0,0,0,0,0,0,0,0,0
240392,1,1,1999,0,0,0,0,0,0,0,0,0,0
240393,1,1,1999,0,0,0,0,0,0,0,0,0,0
240393,2,1,1999,23,23,23,23,23,23,23,23,23,23
240394,1,1,1999,0,0,0,0,0,0,0,0,0,0
240394,2,1,1999,0,0,0,0,0,0,0,0,0,0
240395,1,1,1999,0,0,0,0,0,0,0,0,0,0
240395,2,1,1999,0,0,0,0,0,0,0,0,0,0
240396,0,1,1999,6,6,6,6,6,6,6,6,6,6
240396,1,1,1999,0,0,0,0,0,0,0,0,0,0
240396,2,1,1999,0,0,0,0,0,0,0,0,0,0
240396,3,1,1999,0,0,0,0,0,14,0,0,0,0
240397,0,1,1999,0,0,0,0,0,0,0,0,0,0
240397,1,1,1999,0,0,0,0,0,0,0,0,0,0
240398,1,1,1999,0,0,0,0,4,0,0,0,0,11
240398,2,1,1999,0,0,0,0,0,0,0,0,0,0
240399,1,1,1999,14,14,14,14,14,14,14,14,14,14
240400,1,1,1999,15,10,15,14,4,6,26,13,24,11
240401,1,1,1999,17,17,17,17,17,17,17,17,17,17
240402,1,1,1999,23,23,23,23,23,23,23,23,23,23
240403,1,1,1999,0,0,0,0,0,0,0,0,0,0
240403,2,1,1999,0,0,0,0,0,0,0,0,0,0
240403,3,1,1999,0,0,0,0,0,0,0,0,0,0
240404,1,1,1999,0,0,0,0,0,0,0,0,0,0
240404,2,1,1999,0,0,0,0,0,0,0,0,0,0
240405,1,1,1999,12,18,9,5,3,5,12,14,14,13
240406,1,1,1999,0,0,0,0,0,0,0,0,0,0
240406,2,1,1999,0,0,0,0,0,0,0,0,0,0
240407,1,1,1999,0,0,0,0,0,0,0,0,0,0
240408,1,1,1999,0,0,0,0,0,0,0,0,0,0
240409,1,1,1999,0,0,0,0,0,0,0,0,0,0
240410,0,1,1999,0,0,0,0,0,0,0,0,0,0
240410,1,1,1999,0,12,0,10,0,18,0,32,0,0
240411,0,1,1999,0,0,0,0,0,0,0,0,0,0
240411,1,1,1999,0,0,0,0,0,0,0,0,0,0
240412,0,1,1999,0,0,0,0,0,0,0,0,0,0
240412,1,1,1999,0,0,0,0,0,0,0,0,0,0
240413,1,1,1999,0,0,0,0,0,0,0,0,0,0
240413,2,1,1999,0,0,0,0,0,0,0,0,0,0
240414,1,1,1999,0,0,0,0,0,0,0,0,0,0
240414,2,1,1999,5,0,0,0,0,0,0,0,0,0
240415,0,1,1999,14,0,0,0,0,0,0,0,0,33
240415,0,2,1999,0,0,0,0,0,0,0,0,0,0
240415,1,1,1999,0,0,0,0,0,0,0,0,0,0
240415,2,1,1999,0,0,0,0,0,0,0,0,0,0
240415,3,1,1999,0,0,0,0,0,0,0,0,0,0
240416,1,1,1999,14,14,14,14,14,14,14,14,14,14
240417,1,1,1999,0,10,0,0,0,32,22,0,0,0
240418,0,1,1999,0,0,0,0,0,0,0,0,0,0
240418,1,1,1999,0,0,0,0,0,0,0,0,0,0
240419,1,1,1999,0,0,0,0,0,0,0,0,0,0
240419,2,1,1999,0,0,0,0,0,0,0,0,0,0
240420,1,1,1999,0,0,0,0,0,0,0,0,0,0
240421,1,1,1999,8,8,8,8,8,8,8,8,8,8
240422,1,1,1999,0,0,0,0,0,0,0,0,0,0
240422,2,1,1999,0,0,0,0,0,0,0,0,0,0
240423,1,1,1999,0,0,0,0,0,0,0,0,0,0
240424,1,1,1999,18,18,18,18,18,18,18,18,18,18
240425,0,1,1999,0,0,0,0,0,0,0,0,0,0
240425,1,1,1999,0,0,0,0,0,0,0,0,0,0
240426,0,1,1999,32,32,32,32,32,32,32,32,32,32
240426,1,1,1999,4,4,4,4,4,4,4,4,4,4
240427,1,1,1999,0,0,0,0,0,0,0,0,0,0
240428,1,1,1999,0,0,0,0,0,0,0,0,0,0
240428,2,1,1999,0,0,0,0,0,0,0,11,0,0
240429,0,1,1999,0,0,5,0,0,0,18,35,15,0
240429,1,1,1999,0,0,0,0,0,0,0,0,0,0
240430,0,1,1999,31,31,31,31,31,31,31,31,31,31
240430,1,1,1999,19,17,2,11,30,10,22,19,0,6
240431,1,1,1999,0,0,0,0,0,0,0,0,0,0
240432,1,1,1999,0,10,0,12,0,0,0,14,0,0
240433,1,1,1999,11,11,11,11,11,11,11,11,11,11
240433,2,1,1999,12,9,18,19,12,19,15,5,20,20
240434,1,1,1999,1,1,1,1,1,1,1,1,1,1
240434,2,1,1999,0,0,0,0,0,0,0,0,0,0
240435,1,1,1999,0,0,0,0,0,0,0,0,0,0
240435,2,1,1999,0,0,0,0,0,0,0,0,0,0
240436,1,1,1999,0,0,0,0,0,0,0,0,0,0
240437,0,1,1999,0,0,0,0,0,0,0,0,0,0
240437,1,1,1999,0,0,0,0,7,0,0,0,0,0
240438,1,1,1999,0,0,0,0,0,0,0,0,0,0
240438,2,1,1999,0,0,0,0,0,0,0,0,0,0
240439,1,1,1999,0,0,0,0,0,0,0,0,0,0
240439,2,1,1999,0,0,0,0,0,0,0,0,0,0
240440,1,1,1999,0,0,0,0,0,0,0,0,0,0
240441,0,1,1999,0,0,0,0,0,0,0,0,0,0
240441,1,1,1999,0,0,0,0,0,0,0,0,0,0
240442,1,1,1999,4,4,4,4,4,4,4,4,4,4
240442,2,1,1999,0,0,0,0,0,0,0,0,0,0
240443,1,1,1999,17,17,17,17,17,17,17,17,17,17
240444,1,1,1999,0,0,0,0,0,0,0,0,0,0
240444,2,1,1999,0,0,0,0,0,0,13,0,0,0
240445,0,1,1999,0,0,0,0,0,0,0,0,0,0
240445,1,1,1999,0,0,0,0,0,0,0,0,0,0
240445,2,1,1999,0,0,0,0,0,0,0,0,0,0
240446,1,1,1999,0,0,0,0,0,0,0,0,0,0
240447,1,1,1999,7,7,7,7,7,7,7,7,7,7
240447,2,1,1999,0,0,0,0,0,0,0,0,0,0
240447,3,1,1999,0,0,0,0,0,0,0,0,0,0
240448,1,1,1999,0,0,0,0,0,0,0,0,0,0
240448,2,1,1999,0,0,0,0,0,0,0,0,0,0
240448,3,1,1999,0,0,0,0,0,0,0,0,0,0
240449,0,1,1999,0,0,0,0,0,0,0,0,0,0
240449,1,1,1999,0,2,0,0,0,9,0,0,0,0
240450,1,1,1999,0,0,0,0,0,0,0,0,0,0
240450,2,1,1999,0,0,0,0,0,0,0,0,0,0
240451,0,1,1999,1,1,1,1,1,1,1,1,1,1
240451,1,1,1999,0,0,0,0,0,0,0,0,0,0
240452,0,1,1999,16,16,16,16,16,16,16,16,16,16
240452,1,1,1999,16,16,16,16,16,16,16,16,16,16
240453,1,1,1999,14,20,10,6,14,23,17,24,13,14
240453,2,1,1999,0,0,0,15,0,0,0,0,0,0
240454,1,1,1999,0,0,0,0,0,0,0,0,0,0
240454,2,1,1999,0,0,0,0,0,0,0,0,0,0
240455,1,1,1999,0,0,0,0,0,0,0,0,0,0
240456,1,1,1999,0,0,0,0,0,0,0,0,0,0
240456,2,1,1999,0,0,0,0,0,0,0,0,0,0
240457,1,1,1999,0,0,0,0,0,0,0,0,0,0
240457,2,1,1999,0,0,0,0,0,0,0,0,0,0
240458,1,1,1999,0,0,0,0,0,0,0,0,0,0
240459,1,1,1999,0,0,0,0,0,0,0,0,0,0
240460,1,1,1999,0,0,0,0,0,0,0,0,0,0
240460,2,1,1999,2,2,2,2,2,2,2,2,2,2
240461,1,1,1999,8,8,8,8,8,8,8,8,8,8
240462,1,1,1999,0,0,0,0,0,0,0,0,0,0
240462,2,1,1999,0,0,0,0,0,0,0,0,0,0
240463,0,1,1999,0,0,0,0,0,0,0,0,0,0
240463,1,1,1999,0,0,0,0,0,0,0,0,0,0
240464,1,1,1999,0,0,0,0,0,0,0,0,0,0
240464,2,1,1999,0,0,0,0,0,0,0,0,0,0
240464,3,1,1999,0,0,0,0,0,0,0,0,0,0
240464,4,1,1999,0,0,0,0,0,0,0,0,0,0
240465,1,1,1999,0,0,0,0,0,0,0,0,0,0
240465,2,1,1999,0,0,0,0,0,0,0,0,0,0
240465,3,1,1999,0,0,0,0,0,0,0,0,0,0
240466,1,1,1999,0,0,0,0,0,0,0,0,0,0
240466,2,1,1999,0,0,0,0,0,0,0,0,0,0
240467,1,1,1999,0,0,0,0,0,0,0,0,0,0
240467,2,1,1999,0,0,0,0,0,0,0,0,0,0
240468,0,1,1999,0,0,0,0,0,0,0,0,0,0
240468,1,1,1999,0,0,0,0,0,0,0,0,0,0
240469,1,1,1999,14,14,14,14,14,14,14,14,14,14
240470,0,1,1999,0,0,0,0,0,0,0,0,0,17
240470,1,1,1999,0,0,0,0,0,0,0,0,0,0
240471,1,1,1999,0,0,0,0,0,0,0,0,0,0
240471,2,1,1999,0,0,0,0,0,0,0,0,0,0
240472,1,1,1999,0,0,0,0,0,0,0,0,0,0
240472,2,1,1999,0,0,7,0,0,0,0,0,0,0
240473,1,1,1999,0,0,0,0,0,0,0,0,0,18
240473,2,1,1999,0,0,0,0,0,0,0,0,0,0
240473,3,1,1999,0,0,16,0,0,0,0,0,0,0
240473,4,1,1999,0,0,0,0,0,0,0,0,0,0
240474,1,1,1999,0,0,0,0,0,0,0,0,0,0
240474,2,1,1999,2,2,2,2,2,2,2,2,2,2
240476,1,1,1999,0,0,0,0,0,0,0,0,2,0
240477,1,1,1999,0,0,0,0,0,0,14,0,0,0
240478,1,1,1999,2,2,2,2,2,2,2,2,2,2
240478,2,1,1999,0,0,0,0,0,0,0,0,0,0
240479,1,1,1999,0,0,0,0,0,0,0,0,0,0
240479,2,1,1999,0,0,0,0,0,0,0,0,0,0
240480,0,1,1999,0,0,0,0,0,0,0,0,0,0
240480,1,1,1999,0,0,0,0,0,0,0,0,0,0
240481,1,1,1999,0,0,0,0,0,0,0,0,0,0
240482,0,1,1999,0,0,0,0,0,0,0,0,0,0
240482,1,1,1999,0,0,0,0,0,0,0,0,0,0
240483,1,1,1999,0,0,0,0,0,0,17,0,0,0
240483,2,1,1999,0,0,0,0,0,0,0,0,0,0
240483,3,1,1999,0,0,0,0,0,0,0,0,0,0
240484,1,1,1999,0,0,0,0,0,0,0,0,0,0
240484,2,1,1999,24,24,24,24,24,24,24,24,24,24
240485,1,1,1999,0,0,0,0,0,0,0,0,0,0
240485,2,1,1999,0,0,0,0,0,0,0,0,0,0
240486,1,1,1999,0,0,0,0,0,0,0,0,0,0
240487,0,1,1999,22,22,22,22,22,22,22,22,22,22
240487,1,1,1999,0,0,0,0,0,0,0,0,0,10
240487,2,1,1999,0,4,0,0,19,0,0,0,0,0
240488,0,1,1999,15,15,15,15,15,15,15,15,15,15
240488,1,1,1999,0,0,0,0,0,0,0,0,0,0
240489,1,1,1999,0,0,0,0,0,0,0,0,0,0
240489,2,1,1999,0,0,0,0,0,0,0,0,0,0
240490,1,1,1999,0,0,0,0,0,0,0,0,0,0
240491,0,1,1999,0,0,0,0,0,0,0,0,0,0
240491,1,1,1999,0,0,0,0,0,0,0,0,0,0
240492,1,1,1999,0,0,0,0,0,0,0,0,0,0
240492,2,1,1999,0,0,0,0,0,0,0,0,0,0
240492,3,1,1999,0,0,0,0,0,0,0,0,0,0
240493,1,1,1999,0,0,0,0,0,0,0,0,0,0
240493,2,1,1999,0,0,0,0,0,0,0,0,0,0
240494,1,1,1999,21,21,21,21,21,21,21,21,21,21
240495,1,1,1999,15,15,4,3,23,20,9,20,0,15
240496,1,1,1999,0,0,0,0,0,0,0,0,0,0
240496,2,1,1999,0,0,0,0,0,0,0,0,0,0
240497,0,1,1999,17,17,17,17,17,17,17,17,17,17
240497,1,1,1999,0,0,0,0,0,0,0,0,0,0
240498,1,1,1999,0,0,0,0,0,0,0,0,0,0
240498,2,1,1999,0,0,0,0,0,0,0,0,0,0
240499,0,1,1999,39,39,39,39,39,39,39,39,39,39