ST_CASE,VEH_NO,PER_NO,YEAR,P1,P2,P3,P4,P5,P6,P7,P8,P9,P10
250222,2,1,1999,19,0,10,17,0,18,20,0,20,0
250223,1,1,1999,0,0,0,0,0,0,0,0,0,0
250223,2,1,1999,0,0,0,0,24,0,0,0,6,0
250224,1,1,1999,0,0,0,0,0,3,0,0,10,0
250224,2,1,1999,0,0,0,0,0,0,4,0,0,0
250225,1,1,1999,16,0,7,21,0,24,16,9,21,26
250225,2,1,1999,0,0,0,0,0,0,0,0,0,0
250226,1,1,1999,0,0,0,0,0,0,0,0,0,0
250226,2,1,1999,0,0,0,7,0,0,0,0,0,8
250227,1,1,1999,10,10,10,10,10,10,10,10,10,10
250228,0,1,1999,0,0,0,0,0,0,0,0,0,0
250228,0,2,1999,0,0,0,0,0,0,0,0,0,0
250228,1,1,1999,0,0,0,8,18,0,11,0,0,0
250229,1,1,1999,0,0,0,0,0,0,0,0,0,0
250230,1,1,1999,27,38,26,12,11,5,11,19,21,17
250230,2,1,1999,0,0,0,0,0,0,7,0,0,0
250230,3,1,1999,0,0,0,0,0,0,0,0,0,0
250231,0,1,1999,12,12,12,12,12,12,12,12,12,12
250231,1,1,1999,16,9,13,22,0,0,14,19,0,0
250232,1,1,1999,0,0,0,0,0,0,0,0,0,0
250233,1,1,1999,19,19,19,19,19,19,19,19,19,19
250234,1,1,1999,0,0,0,0,0,27,0,0,24,0
250234,2,1,1999,0,0,0,0,13,0,0,0,0,0
250235,1,1,1999,0,0,0,0,0,0,0,0,0,0
250235,2,1,1999,0,0,0,0,0,0,0,0,0,0
250236,1,1,1999,0,0,0,0,0,0,0,0,0,0
250236,2,1,1999,0,0,0,0,0,0,0,0,0,0
250237,0,1,1999,27,16,0,22,18,20,0,0,0,29
250237,1,1,1999,23,0,0,0,0,17,0,0,0,0
250238,0,1,1999,23,23,23,23,23,23,23,23,23,23
250238,1,1,1999,0,0,0,0,0,0,0,0,0,0
250239,1,1,1999,11,9,26,12,39,18,40,10,11,17
250240,0,1,1999,23,23,23,23,23,23,23,23,23,23
250240,1,1,1999,0,0,0,0,0,0,0,0,6,0
250241,1,1,1999,0,0,0,0,0,0,0,0,0,0
250241,2,1,1999,0,0,0,0,0,0,0,0,0,0
250242,1,1,1999,19,19,19,19,19,19,19,19,19,19
250243,0,1,1999,0,0,0,0,0,0,22,0,0,26
250243,1,1,1999,0,0,0,0,0,0,0,0,0,0
250244,1,1,1999,0,0,0,0,0,0,0,0,0,0
250245,1,1,1999,18,18,18,18,18,18,18,18,18,18
250246,1,1,1999,5,0,27,11,11,20,6,10,3,0
250247,1,1,1999,0,0,0,0,0,0,0,0,0,0
250247,2,1,1999,0,0,0,0,0,0,0,0,0,0
250248,1,1,1999,22,24,0,0,0,0,0,0,0,0
250248,2,1,1999,0,0,0,0,0,0,0,0,0,0
250249,1,1,1999,22,0,0,0,0,0,12,0,0,0
250250,0,1,1999,0,0,0,0,0,0,0,0,0,0
250250,1,1,1999,0,0,0,8,0,0,0,0,0,0
250251,1,1,1999,0,0,0,0,0,0,0,0,0,0
250252,1,1,1999,0,0,6,17,21,0,0,0,8,15
250253,1,1,1999,1,1,1,1,1,1,1,1,1,1
250254,1,1,1999,20,0,10,0,0,0,0,0,0,0
250255,1,1,1999,7,7,7,7,7,7,7,7,7,7
250256,0,1,1999,0,0,0,0,0,0,0,0,0,0
250256,0,2,1999,0,0,0,0,0,16,0,0,0,0
250256,1,1,1999,0,26,0,0,0,0,0,0,0,0
250257,1,1,1999,0,0,0,0,0,0,0,0,0,0
250257,2,1,1999,0,0,0,0,0,0,0,0,0,0
250258,1,1,1999,0,0,0,0,0,0,0,0,0,0
250259,1,1,1999,0,0,0,0,0,0,0,0,0,0
250259,2,1,1999,0,0,0,0,0,0,0,0,0,0
250260,1,1,1999,0,0,0,0,0,0,0,0,0,0
250260,2,1,1999,0,0,0,0,0,0,0,0,0,0
250261,1,1,1999,0,0,0,0,0,0,23,0,0,0
250261,2,1,1999,0,0,0,0,0,0,0,0,0,0
250262,1,1,1999,0,0,0,0,0,0,0,0,0,17
250262,2,1,1999,0,0,0,14,0,0,0,0,0,0
250262,3,1,1999,0,0,0,0,0,0,0,0,0,13
250263,1,1,1999,0,0,0,0,0,17,0,0,12,0
250263,2,1,1999,0,0,0,0,0,0,7,0,0,0
250264,0,1,1999,3,3,3,3,3,3,3,3,3,3
250264,1,1,1999,0,0,0,7,0,0,22,16,0,0
250265,0,1,1999,7,7,7,7,7,7,7,7,7,7
250265,1,1,1999,0,0,6,0,0,0,10,0,0,2
250266,1,1,1999,12,12,12,12,12,12,12,12,12,12
250267,1,1,1999,0,0,0,0,0,0,0,0,0,0
250267,2,1,1999,0,0,0,0,20,0,0,0,0,0
250268,0,1,1999,0,0,0,0,0,0,0,0,0,0
250268,0,2,1999,0,49,0,0,18,0,0,14,0,0
250268,1,1,1999,0,0,0,0,0,0,0,0,0,0
250269,1,1,1999,0,0,0,0,0,0,0,0,0,0
250269,2,1,1999,14,0,6,0,0,0,0,0,0,0
250270,1,1,1999,0,0,0,32,0,0,0,30,0,0
250271,1,1,1999,0,0,0,0,0,0,0,0,0,0
250271,2,1,1999,22,10,24,10,16,11,3,13,11,16
250272,1,1,1999,0,0,0,0,0,0,0,0,0,0
250272,2,1,1999,0,0,0,0,0,0,0,0,0,0
250273,1,1,1999,9,0,3,0,0,0,0,0,0,20
250274,1,1,1999,0,0,0,0,0,0,0,0,0,0
250274,2,1,1999,0,0,0,0,0,0,0,0,0,0
250275,1,1,1999,10,10,10,10,10,10,10,10,10,10
250276,1,1,1999,0,0,0,0,0,0,0,0,0,0
250276,2,1,1999,0,0,0,0,0,0,0,0,0,0
250277,1,1,1999,35,35,35,35,35,35,35,35,35,35
250278,1,1,1999,0,0,0,0,0,0,0,0,0,0
250279,1,1,1999,19,19,19,19,19,19,19,19,19,19
250280,1,1,1999,0,0,0,11,0,0,11,7,0,0
250280,2,1,1999,0,8,0,0,19,47,0,0,0,0
250280,3,1,1999,0,0,0,0,0,0,0,0,0,0
250281,1,1,1999,0,0,0,0,0,0,0,0,0,0
250281,2,1,1999,0,0,0,0,0,0,0,0,0,0
250282,1,1,1999,0,0,0,0,0,0,0,0,0,0
250282,2,1,1999,0,0,10,20,9,2,29,11,12,12
250284,1,1,1999,3,18,4,12,16,8,15,18,9,9
250285,1,1,1999,0,0,0,0,0,0,0,0,0,0
250286,1,1,1999,0,0,0,0,0,0,0,0,0,0
250287,0,1,1999,0,0,0,0,0,0,0,0,0,0
250287,1,1,1999,0,0,0,0,0,0,11,0,0,0
250288,1,1,1999,0,0,0,0,0,0,0,0,0,0
250289,1,1,1999,0,0,0,0,0,0,25,0,0,0
250289,2,1,1999,4,22,0,0,16,0,10,22,0,4
250290,1,1,1999,11,0,0,7,0,7,5,0,0,17
250290,2,1,1999,0,0,0,0,0,0,0,0,0,0
250291,1,1,1999,0,0,0,0,0,0,0,0,0,0
250292,1,1,1999,10,6,3,13,15,20,20,11,4,4
250293,1,1,1999,0,7,0,0,0,14,0,0,0,0
250293,2,1,1999,0,0,0,0,0,0,0,0,0,0
250294,1,1,1999,0,0,0,0,0,0,0,0,0,0
250295,1,1,1999,0,0,0,0,0,0,0,0,0,0
250295,2,1,1999,0,0,0,0,0,0,0,0,0,0
250296,1,1,1999,17,17,17,17,17,17,17,17,17,17
250297,1,1,1999,22,22,22,22,22,22,22,22,22,22
250298,1,1,1999,10,8,27,0,14,0,0,0,0,0
250299,1,1,1999,0,0,3,0,0,0,0,0,14,0
250300,1,1,1999,0,0,0,0,0,0,0,0,0,0
250301,1,1,1999,0,0,0,0,0,0,0,0,0,0
250302,1,1,1999,24,0,0,9,12,4,8,16,19,9
250302,2,1,1999,23,12,49,8,17,19,20,11,22,9
250303,0,1,1999,0,0,0,0,0,0,0,0,0,0
250303,1,1,1999,0,0,0,0,0,0,0,0,0,0
250304,1,1,1999,5,5,5,5,5,5,5,5,5,5
250305,1,1,1999,0,0,0,0,0,0,0,0,0,0
250306,1,1,1999,19,19,19,19,19,19,19,19,19,19
250307,1,1,1999,0,0,0,0,0,0,0,0,0,0
250308,1,1,1999,18,22,0,0,20,0,0,17,0,0
250309,1,1,1999,0,0,0,0,0,0,0,0,0,0
250309,2,1,1999,0,0,0,0,0,0,0,0,0,0
250310,1,1,1999,22,22,22,22,22,22,22,22,22,22
250311,1,1,1999,18,0,3,0,0,15,0,0,6,12
250311,2,1,1999,8,0,0,16,0,30,0,15,16,14
250313,1,1,1999,10,8,21,16,9,23,16,5,9,16
250313,2,1,1999,0,0,0,0,0,0,0,0,0,0
250313,3,1,1999,12,0,0,0,12,0,7,8,0,0
250314,0,1,1999,0,0,0,0,0,0,0,0,0,0
250314,1,1,1999,9,0,0,0,0,19,0,0,0,0
250315,1,1,1999,0,0,13,11,0,16,0,13,0,14
250315,2,1,1999,0,13,24,0,11,0,45,12,35,21
250315,3,1,1999,0,34,11,0,0,11,22,14,0,0
250316,1,1,1999,0,0,0,0,0,0,0,0,0,0
250316,2,1,1999,22,22,22,22,22,22,22,22,22,22
250317,0,1,1999,2,2,2,2,2,2,2,2,2,2
250317,1,1,1999,0,0,0,0,0,0,0,0,0,0
250318,1,1,1999,0,0,0,0,0,0,0,0,0,0
250318,2,1,1999,0,0,0,0,0,0,0,0,0,0
250319,0,1,1999,0,0,0,0,0,0,0,0,0,0
250319,1,1,1999,0,0,0,0,0,0,0,0,0,0
250320,1,1,1999,14,14,14,14,14,14,14,14,14,14
250321,0,1,1999,0,0,0,0,0,0,0,0,0,0
250321,1,1,1999,0,0,8,0,0,0,12,0,0,0
250321,2,1,1999,0,11,17,7,13,0,0,0,18,0
250322,1,1,1999,0,8,23,7,15,18,0,5,15,23
250322,2,1,1999,0,0,0,0,0,0,7,0,23,0
250322,3,1,1999,0,0,0,0,0,0,0,10,0,0
250322,4,1,1999,0,0,0,0,0,0,17,0,0,0
250323,1,1,1999,0,0,0,0,0,0,0,0,0,0
250323,2,1,1999,0,0,0,0,0,0,0,0,0,0
250324,0,1,1999,0,0,0,0,0,0,0,0,0,0
250324,1,1,1999,0,0,0,0,0,0,0,0,0,0
250325,1,1,1999,0,0,0,9,0,0,0,0,0,0
250325,2,1,1999,0,0,12,0,0,0,0,0,0,0
250326,0,1,1999,11,11,11,11,11,11,11,11,11,11
250326,1,1,1999,0,0,9,20,0,22,0,0,0,0
250326,2,1,1999,0,0,0,0,0,0,6,5,20,0
250326,3,1,1999,21,0,0,0,0,0,0,0,0,0
250326,4,1,1999,0,0,0,7,0,0,0,0,0,0
250327,1,1,1999,12,15,19,23,20,12,24,23,31,15
250328,1,1,1999,0,0,0,0,0,0,0,0,0,0
250330,1,1,1999,0,0,0,0,0,0,0,0,0,0
250330,2,1,1999,1,1,1,1,1,1,1,1,1,1
250331,1,1,1999,11,14,7,2,21,9,23,22,8,7
250332,1,1,1999,0,0,0,0,0,16,23,0,14,20
250332,2,1,1999,0,0,0,0,0,0,0,0,0,0
250332,3,1,1999,0,0,0,0,0,0,0,0,0,0
250333,1,1,1999,1,1,1,1,1,1,1,1,1,1
250333,2,1,1999,0,10,0,0,0,0,0,6,0,13
250333,3,1,1999,17,0,0,9,13,0,0,0,0,21
250334,1,1,1999,6,6,6,6,6,6,6,6,6,6
250335,1,1,1999,0,0,0,0,12,0,0,0,0,0
250335,2,1,1999,0,0,0,0,0,0,0,0,0,0
250336,0,1,1999,26,26,26,26,26,26,26,26,26,26
250336,1,1,1999,0,0,0,0,0,0,0,0,0,0
250337,1,1,1999,14,0,11,30,13,12,27,17,0,0
250338,0,1,1999,13,13,13,13,13,13,13,13,13,13
250338,1,1,1999,0,0,0,17,0,0,0,43,0,0
250339,0,1,1999,19,24,23,0,14,28,0,34,25,36
250339,0,2,1999,0,0,0,0,0,0,0,0,0,0
250339,1,1,1999,0,0,0,0,0,0,0,0,0,0
250340,1,1,1999,8,0,3,7,0,11,6,10,14,24
250340,2,1,1999,0,23,13,0,0,0,0,31,0,15
250341,1,1,1999,0,16,0,0,0,0,0,0,0,0
250341,2,1,1999,0,0,0,0,0,0,0,0,0,0
250342,1,1,1999,18,18,18,18,18,18,18,18,18,18
250343,1,1,1999,0,0,0,0,0,0,0,0,0,0
250344,1,1,1999,0,0,0,0,0,0,0,0,0,0
250345,1,1,1999,0,0,0,0,0,0,0,0,0,0
250345,2,1,1999,0,0,0,0,0,0,0,0,0,0
250346,1,1,1999,0,0,0,0,0,0,0,0,0,0
250346,2,1,1999,0,0,0,0,0,0,0,0,0,0
250347,0,1,1999,0,20,14,0,0,23,0,0,12,34
250347,1,1,1999,18,9,0,0,0,0,0,0,0,0
250348,1,1,1999,5,5,5,5,5,5,5,5,5,5
250349,1,1,1999,0,0,0,0,0,0,0,0,0,0
250350,0,1,1999,0,0,0,0,0,0,0,0,0,0
250350,1,1,1999,0,0,0,0,0,0,0,0,0,0
250351,0,1,1999,0,0,0,0,0,0,0,0,0,0
250351,0,2,1999,0,0,0,0,0,0,0,0,0,0
250351,2,1,1999,0,0,0,0,0,0,0,0,0,0
250351,3,1,1999,0,0,0,0,0,0,0,0,0,0
250352,1,1,1999,0,0,0,0,0,0,0,0,0,0
250353,0,1,1999,0,0,0,0,0,0,0,0,0,0
250353,1,1,1999,0,0,0,0,0,0,0,0,0,0
250354,0,1,1999,0,0,0,0,0,0,0,0,0,0
250354,1,1,1999,0,0,3,0,0,0,0,0,4,0
250355,1,1,1999,12,12,0,17,0,23,0,13,0,6
250356,0,1,1999,33,52,23,0,25,19,0,0,28,22
250356,1,1,1999,0,3,0,0,0,0,0,0,0,0
250357,1,1,1999,0,0,0,0,0,0,0,0,0,0
250358,0,1,1999,0,0,0,0,0,0,0,0,0,0
250358,1,1,1999,0,0,0,0,0,0,0,9,0,0
250359,1,1,1999,0,0,0,0,0,0,0,0,0,0
250359,2,1,1999,0,0,0,0,0,0,0,0,0,0
250361,1,1,1999,18,18,18,18,18,18,18,18,18,18
250362,1,1,1999,17,17,17,17,17,17,17,17,17,17
250362,2,1,1999,0,0,2,0,0,0,0,0,0,0
250362,3,1,1999,0,0,0,0,0,0,0,0,0,0
250363,0,1,1999,2,2,2,2,2,2,2,2,2,2
250363,1,1,1999,6,31,4,6,16,0,25,15,3,8
250364,0,1,1999,25,25,25,25,25,25,25,25,25,25
250364,1,1,1999,0,0,0,10,0,18,0,0,0,0
250365,1,1,1999,13,13,13,13,13,13,13,13,13,13
250366,1,1,1999,23,23,23,23,23,23,23,23,23,23
250367,0,1,1999,0,0,0,0,0,0,0,0,0,0
250367,1,1,1999,0,11,18,0,5,0,0,0,15,0
250368,0,1,1999,18,0,0,0,0,21,0,8,0,0
250368,1,1,1999,13,13,13,13,13,13,13,13,13,13
250369,1,1,1999,0,0,0,0,0,0,0,0,0,0
250370,0,1,1999,0,0,0,0,0,0,0,0,0,0
250370,0,2,1999,11,0,0,10,0,0,0,15,16,0
250370,0,3,1999,2,16,8,0,0,15,0,0,35,0
250370,1,1,1999,0,0,0,0,21,0,0,0,0,0
250371,1,1,1999,0,0,0,0,0,12,0,0,20,0
250372,1,1,1999,0,0,0,0,0,0,0,0,0,0
250372,2,1,1999,0,0,0,0,0,0,0,0,0,0
250373,1,1,1999,3,3,3,3,3,3,3,3,3,3
250374,1,1,1999,0,0,0,0,0,10,0,0,0,0
250374,2,1,1999,0,0,0,0,0,0,0,17,0,14
250375,1,1,1999,0,0,0,0,0,0,0,0,0,0
250375,2,1,1999,0,0,0,0,0,0,0,0,0,0
250375,3,1,1999,0,0,0,0,0,0,0,0,15,17
250376,1,1,1999,0,0,0,0,0,0,0,0,0,0
250376,2,1,1999,0,0,0,0,0,0,0,0,0,0
250377,1,1,1999,1,1,1,1,1,1,1,1,1,1
250378,1,1,1999,0,0,0,0,0,13,0,0,0,0
250378,2,1,1999,0,18,21,0,0,0,0,0,0,0
250379,0,1,1999,0,0,27,0,0,12,0,0,0,0
250379,1,1,1999,0,2,0,0,0,0,21,0,0,0
250380,1,1,1999,0,0,0,0,0,0,0,0,0,0
250381,1,1,1999,0,0,0,0,0,0,0,0,0,0
250382,1,1,1999,20,20,20,20,20,20,20,20,20,20
250383,1,1,1999,25,25,25,25,25,25,25,25,25,25
250384,1,1,1999,0,0,0,0,0,0,0,0,0,0
250384,2,1,1999,0,0,0,0,0,0,0,0,0,0
250385,1,1,1999,15,0,0,8,0,16,8,10,12,11
250386,1,1,1999,13,0,0,0,0,0,0,0,0,0
250386,2,1,1999,0,0,0,0,0,0,0,0,0,0
250387,1,1,1999,0,0,0,0,0,0,0,0,0,0
250389,1,1,1999,0,0,0,0,0,0,0,0,0,0
250389,2,1,1999,0,0,0,0,0,0,0,0,0,0
250390,1,1,1999,0,0,0,0,0,0,0,18,0,0
250390,2,1,1999,0,27,0,0,0,0,0,0,0,0
250391,1,1,1999,21,16,0,8,27,12,0,0,0,0
250391,2,1,1999,24,0,0,0,4,0,0,23,9,10
250392,0,1,1999,19,14,18,27,0,28,25,0,17,25
250392,1,1,1999,18,0,21,0,0,0,15,0,0,19
250393,1,1,1999,0,0,0,0,0,0,0,0,0,0
250394,1,1,1999,19,0,0,0,0,0,0,9,0,0
250394,2,1,1999,8,27,49,14,8,28,15,0,6,15
250394,3,1,1999,24,0,0,0,0,18,0,0,0,6
250394,4,1,1999,28,0,32,14,0,7,27,0,0,0
250394,5,1,1999,0,14,0,21,0,22,0,0,0,2
250395,0,1,1999,0,0,0,0,0,0,0,0,0,0
250395,1,1,1999,0,8,0,0,19,14,0,0,0,0
250395,2,1,1999,0,0,0,0,0,0,0,0,0,11
250395,3,1,1999,0,0,0,8,0,5,0,7,11,10
250396,1,1,1999,0,0,0,0,0,0,0,0,0,0
250396,2,1,1999,0,0,0,0,0,0,3,0,0,0
250396,3,1,1999,0,8,0,0,0,0,15,0,0,16
250397,0,1,1999,0,0,0,0,0,0,0,0,0,0
250397,1,1,1999,0,0,0,0,0,0,0,0,0,0
250398,1,1,1999,0,13,0,0,12,17,0,22,22,0
260001,1,1,1999,58,58,58,58,58,58,58,58,58,58
260002,1,1,1999,0,0,0,0,0,0,0,0,0,0
260002,2,1,1999,0,0,0,0,0,0,0,0,0,0
260003,1,1,1999,0,0,0,0,0,0,0,0,0,0
260003,2,1,1999,0,0,0,0,0,0,0,0,0,0
260004,1,1,1999,0,0,0,0,0,0,0,0,0,0
260004,2,1,1999,0,0,0,0,0,0,0,0,0,0
260005,1,1,1999,14,11,8,11,13,15,11,11,21,8
260006,1,1,1999,0,0,0,0,0,0,0,0,0,0
260006,2,1,1999,0,0,0,0,0,0,0,0,0,0
260007,0,1,1999,0,0,0,0,0,0,0,0,0,0
260007,1,1,1999,0,0,0,0,0,0,0,0,0,0
260008,1,1,1999,0,0,0,0,0,0,0,0,0,0
260008,2,1,1999,0,0,0,0,0,0,0,0,0,0
260008,3,1,1999,0,0,0,0,0,0,0,0,0,0
260009,1,1,1999,0,0,0,0,0,14,0,0,0,0
260009,2,1,1999,0,0,0,0,0,0,0,0,0,0
260010,1,1,1999,0,0,0,0,0,0,0,0,0,0
260010,2,1,1999,0,0,0,0,0,0,0,0,0,0
260011,1,1,1999,0,0,0,0,0,0,0,0,0,0
260012,1,1,1999,22,22,22,22,22,22,22,22,22,22
260013,1,1,1999,0,0,0,13,0,20,0,12,0,0
260014,1,1,1999,0,0,10,0,0,0,16,0,0,0
260015,1,1,1999,0,0,0,0,0,0,0,0,0,0
260015,2,1,1999,0,0,0,0,0,0,0,0,0,0
260016,0,1,1999,0,0,0,0,0,0,0,0,0,0
260016,1,1,1999,0,0,0,0,0,0,0,0,0,0
260017,0,1,1999,14,14,14,14,14,14,14,14,14,14
260017,1,1,1999,10,17,7,4,17,22,34,11,12,6
260018,1,1,1999,24,24,24,24,24,24,24,24,24,24
260018,2,1,1999,0,16,0,0,9,0,5,0,0,0
260019,0,1,1999,12,12,12,12,12,12,12,12,12,12
260019,1,1,1999,0,0,0,0,0,0,0,0,0,0
260020,1,1,1999,0,0,0,0,0,0,0,0,0,0
260020,2,1,1999,0,0,0,0,0,0,0,0,0,0
260021,1,1,1999,24,24,24,24,24,24,24,24,24,24
260022,1,1,1999,0,0,0,0,0,0,0,0,0,0
260022,2,1,1999,0,0,0,0,0,0,0,0,0,0
260023,1,1,1999,0,0,0,0,0,0,0,0,0,20
260023,2,1,1999,0,0,0,0,0,0,0,0,0,0
260024,1,1,1999,0,0,0,0,0,0,0,0,0,0
260024,2,1,1999,0,0,0,0,0,0,0,0,0,0
260025,0,1,1999,3,3,3,3,3,3,3,3,3,3
260025,1,1,1999,0,0,0,0,0,0,0,0,0,0
260026,1,1,1999,0,0,0,0,0,0,0,0,0,0
260026,2,1,1999,0,0,0,0,0,0,0,0,0,0
260027,1,1,1999,14,7,15,0,0,0,15,6,9,22
260027,2,1,1999,0,0,0,0,0,0,0,0,0,0
260028,1,1,1999,0,23,6,0,12,0,0,0,0,16
260028,2,1,1999,0,0,0,0,0,0,0,0,0,0
260029,1,1,1999,0,32,0,0,0,10,10,0,0,0
260029,2,1,1999,16,16,16,16,16,16,16,16,16,16
260029,3,1,1999,0,0,0,0,7,0,0,0,0,0
260030,0,1,1999,20,20,20,20,20,20,20,20,20,20
260030,1,1,1999,0,0,0,0,0,0,0,0,0,0
260031,1,1,1999,0,0,0,0,0,0,0,0,0,0
260032,1,1,1999,0,0,0,0,0,0,0,0,0,0
260033,0,1,1999,0,0,0,0,0,0,0,0,0,0
260033,1,1,1999,0,0,0,0,0,0,0,0,0,0
260034,1,1,1999,14,14,14,14,14,14,14,14,14,14
260035,1,1,1999,0,0,0,0,0,0,0,0,0,0
260035,2,1,1999,0,0,0,0,0,0,0,0,0,0
260036,1,1,1999,0,0,0,0,0,0,0,0,0,0
260037,0,1,1999,0,0,0,0,0,44,0,0,0,0
260037,1,1,1999,0,0,0,0,0,0,0,22,0,0
260038,1,1,1999,12,12,12,12,12,12,12,12,12,12
260039,1,1,1999,0,0,0,0,0,0,0,0,0,0
260039,2,1,1999,0,0,0,0,0,0,0,0,0,0
260040,1,1,1999,0,0,0,0,0,0,0,0,0,0
260040,2,1,1999,0,0,0,0,0,0,0,0,0,0
260041,1,1,1999,0,0,0,0,0,0,0,0,0,0
260041,2,1,1999,6,0,0,0,0,0,0,0,0,0
260042,1,1,1999,13,0,0,0,0,0,0,0,0,0
260042,2,1,1999,0,0,0,0,0,0,0,0,0,0
260043,0,1,1999,0,0,0,0,0,0,0,0,0,0
260043,1,1,1999,0,0,0,0,0,0,0,0,0,0
260044,0,1,1999,0,0,0,0,0,0,0,0,0,0
260044,1,1,1999,0,0,0,0,0,0,0,0,0,0
260045,1,1,1999,0,0,0,0,0,0,0,0,0,0
260045,2,1,1999,0,0,0,0,0,0,0,0,0,0
260046,1,1,1999,0,0,0,0,0,0,0,0,0,0
260046,2,1,1999,0,0,0,0,0,0,0,0,0,0
260047,0,1,1999,25,25,25,25,25,25,25,25,25,25
260047,1,1,1999,0,0,0,0,0,0,0,0,0,0
260048,1,1,1999,0,0,0,4,0,0,0,0,0,0
260049,1,1,1999,25,25,25,25,25,25,25,25,25,25
260049,2,1,1999,21,21,21,21,21,21,21,21,21,21
260050,1,1,1999,0,0,0,0,0,0,0,0,0,0
260050,2,1,1999,0,0,0,0,0,0,0,0,0,0
260051,1,1,1999,21,21,21,21,21,21,21,21,21,21
260052,1,1,1999,14,14,14,14,14,14,14,14,14,14
260053,1,1,1999,0,0,0,0,0,0,0,0,0,22
260053,2,1,1999,0,0,0,0,0,0,0,0,0,0
260054,1,1,1999,0,0,0,0,0,0,0,0,0,0
260055,1,1,1999,18,18,18,18,18,18,18,18,18,18
260056,1,1,1999,11,11,11,11,11,11,11,11,11,11
260056,2,1,1999,0,0,0,8,0,0,0,0,0,0
260057,1,1,1999,0,0,0,0,0,0,0,0,0,0
260057,2,1,1999,0,0,0,0,0,0,0,0,0,0
260058,1,1,1999,17,17,17,17,17,17,17,17,17,17
260059,1,1,1999,0,0,0,0,0,0,0,0,0,0
260060,1,1,1999,27,27,27,27,27,27,27,27,27,27
260060,2,1,1999,0,0,0,0,0,0,0,0,0,0
260061,1,1,1999,0,0,0,0,0,0,0,0,0,0
260061,2,1,1999,0,0,0,0,0,0,0,0,0,5
260062,1,1,1999,0,0,0,0,0,0,0,0,0,0
260063,1,1,1999,0,0,0,0,0,17,0,0,0,0
260064,1,1,1999,16,0,0,0,19,0,31,9,19,0
260064,2,1,1999,0,0,0,0,0,0,0,0,0,0
260065,0,1,1999,16,16,16,16,16,16,16,16,16,16
260065,1,1,1999,0,0,0,0,0,0,0,0,0,0
260066,1,1,1999,0,0,0,0,0,0,0,0,0,0
260066,2,1,1999,0,0,0,0,0,0,0,0,0,0
260067,1,1,1999,0,0,0,0,0,0,0,0,0,0
260067,2,1,1999,0,0,0,0,0,0,0,0,0,0
260068,1,1,1999,0,0,0,0,15,0,0,0,0,0
260068,2,1,1999,0,0,0,0,0,0,0,0,0,0
260069,1,1,1999,23,21,0,19,29,11,14,10,8,16
260070,1,1,1999,0,0,0,0,0,0,0,0,0,0
260071,0,1,1999,0,0,0,0,0,0,0,0,0,0
260071,1,1,1999,0,0,0,0,0,0,0,0,18,0
260072,1,1,1999,0,0,21,0,0,0,0,0,0,0
260073,0,1,1999,28,28,28,28,28,28,28,28,28,28
260073,1,1,1999,0,0,0,0,0,0,0,0,0,0
260074,1,1,1999,0,0,0,0,0,0,0,0,0,0
260074,2,1,1999,0,0,0,0,0,0,0,0,0,0
260075,1,1,1999,0,0,0,0,0,0,0,0,0,0
260075,2,1,1999,0,0,0,0,0,0,0,0,0,0
260076,1,1,1999,0,0,0,0,0,0,0,0,0,0
260076,2,1,1999,0,0,0,0,0,0,0,0,0,0
260077,0,1,1999,10,10,10,10,10,10,10,10,10,10
260077,1,1,1999,0,0,0,0,0,0,0,0,0,0
260078,1,1,1999,0,0,0,8,0,0,0,0,0,0
260079,1,1,1999,11,0,21,0,11,18,15,11,7,14
260080,1,1,1999,15,15,15,15,15,15,15,15,15,15
260080,2,1,1999,0,0,0,0,0,0,0,0,23,0
260081,1,1,1999,0,0,0,0,0,0,0,0,0,0
260081,2,1,1999,0,0,0,0,0,0,0,0,0,0
260081,3,1,1999,0,0,0,0,0,0,0,0,0,0
260082,1,1,1999,22,22,22,22,22,22,22,22,22,22
260083,1,1,1999,0,0,0,0,0,0,0,0,0,0
260083,2,1,1999,0,0,0,0,0,0,0,0,0,0
260084,1,1,1999,0,0,15,0,11,8,0,0,0,14
260085,1,1,1999,19,19,19,19,19,19,19,19,19,19
260085,2,1,1999,0,0,0,0,0,0,0,0,0,0
260086,0,1,1999,15,15,15,15,15,15,15,15,15,15
260086,1,1,1999,0,0,0,0,0,0,0,0,0,0
260086,2,1,1999,0,0,0,0,0,0,0,0,0,0
260087,0,1,1999,0,0,0,0,0,0,0,0,0,0
260087,1,1,1999,0,11,14,19,18,22,20,15,4,10
260088,1,1,1999,0,0,0,0,0,0,0,0,0,0
260088,2,1,1999,0,0,0,0,0,0,0,0,0,0
260089,1,1,1999,0,0,0,0,0,0,0,0,0,0
260089,2,1,1999,0,0,0,0,0,0,0,0,0,0
260090,0,1,1999,0,0,0,0,0,0,0,0,0,0
260090,1,1,1999,0,0,0,0,0,0,0,0,0,0
260091,1,1,1999,31,31,31,31,31,31,31,31,31,31
260091,2,1,1999,0,0,0,0,0,0,0,0,0,0
260092,1,1,1999,0,0,0,0,0,0,0,0,0,0