ST_CASE,VEH_NO,PER_NO,YEAR,P1,P2,P3,P4,P5,P6,P7,P8,P9,P10
260356,1,1,1999,0,0,0,0,0,0,0,0,0,0
260356,2,1,1999,0,6,0,0,0,0,0,0,0,0
260357,1,1,1999,12,12,12,12,12,12,12,12,12,12
260358,1,1,1999,0,0,0,0,0,0,0,0,0,0
260358,2,1,1999,0,0,0,0,0,0,0,0,0,0
260359,1,1,1999,0,0,0,0,0,0,0,0,0,0
260359,2,1,1999,0,0,0,0,0,0,0,0,0,0
260359,3,1,1999,0,0,0,0,0,0,0,0,0,0
260360,1,1,1999,0,0,0,0,0,0,0,0,0,0
260360,2,1,1999,0,0,0,0,0,0,0,0,0,0
260361,1,1,1999,29,29,29,29,29,29,29,29,29,29
260361,2,1,1999,0,0,0,0,0,0,0,0,0,0
260362,1,1,1999,0,0,0,0,0,0,0,0,0,0
260362,2,1,1999,0,0,0,0,0,0,0,0,0,0
260363,1,1,1999,10,20,18,11,0,24,4,7,9,15
260363,2,1,1999,0,0,0,0,0,33,0,0,20,0
260364,1,1,1999,0,0,0,0,0,0,0,0,0,0
260364,2,1,1999,0,0,0,0,0,0,0,0,0,0
260365,0,1,1999,0,0,0,0,0,0,0,0,0,0
260365,1,1,1999,30,30,30,30,30,30,30,30,30,30
260366,1,1,1999,0,0,0,0,0,0,0,0,0,0
260366,2,1,1999,0,0,0,0,0,0,0,0,0,0
260366,3,1,1999,0,0,0,0,0,0,0,0,0,0
260366,4,1,1999,0,0,0,0,0,0,0,0,0,0
260366,5,1,1999,0,0,0,0,0,0,0,0,0,0
260367,1,1,1999,0,0,0,0,0,0,0,0,0,0
260367,2,1,1999,0,16,0,0,0,0,0,0,0,13
260368,0,1,1999,0,0,0,0,0,0,0,0,0,0
260368,0,2,1999,0,0,0,0,0,0,0,0,0,0
260368,1,1,1999,0,13,0,0,0,0,0,0,0,0
260369,1,1,1999,0,0,0,0,0,0,0,0,0,0
260369,2,1,1999,11,18,21,8,13,0,8,19,11,3
260369,3,1,1999,0,0,0,0,0,0,0,9,0,0
260370,1,1,1999,0,0,0,0,0,0,0,0,0,0
260370,2,1,1999,0,0,0,0,0,0,0,0,0,19
260371,1,1,1999,14,14,14,14,14,14,14,14,14,14
260371,2,1,1999,0,0,0,0,0,0,0,0,0,0
260372,1,1,1999,0,0,0,0,0,0,0,0,0,0
260372,2,1,1999,0,0,0,0,0,0,0,0,0,0
260373,1,1,1999,0,0,0,0,0,0,0,0,0,0
260373,2,1,1999,13,13,13,13,13,13,13,13,13,13
260374,1,1,1999,0,0,0,0,0,0,0,0,0,0
260374,2,1,1999,0,0,0,0,0,0,0,0,0,0
260375,1,1,1999,0,0,0,0,0,0,0,0,0,0
260375,2,1,1999,0,0,0,0,0,0,0,0,0,0
260375,3,1,1999,0,0,0,0,0,0,0,0,0,31
260376,1,1,1999,0,0,0,0,0,0,0,0,0,0
260376,2,1,1999,0,0,0,0,0,0,0,0,0,0
260377,1,1,1999,9,9,9,9,9,9,9,9,9,9
260377,2,1,1999,16,16,16,16,16,16,16,16,16,16
260378,0,1,1999,19,19,19,19,19,19,19,19,19,19
260378,1,1,1999,0,0,0,0,0,0,17,0,11,2
260379,1,1,1999,0,0,0,0,0,0,0,0,0,0
260379,2,1,1999,0,0,0,0,0,0,0,0,0,0
260380,0,1,1999,0,0,0,0,0,0,0,0,0,0
260380,1,1,1999,0,0,0,0,0,0,0,0,0,0
260380,2,1,1999,0,0,0,0,0,0,0,0,0,0
260380,3,1,1999,0,16,0,20,0,0,0,0,14,0
260381,1,1,1999,0,0,0,0,0,0,0,0,0,0
260381,2,1,1999,0,0,0,0,0,0,0,0,0,0
260382,1,1,1999,18,0,13,4,14,9,2,10,9,26
260382,2,1,1999,0,0,0,0,0,0,0,0,10,0
260382,3,1,1999,0,0,0,0,0,0,0,0,0,0
260383,1,1,1999,0,0,0,0,0,0,0,0,0,0
260384,0,1,1999,0,0,0,0,0,0,0,0,0,0
260384,1,1,1999,0,0,0,0,0,0,0,0,0,0
260385,1,1,1999,19,0,0,16,19,3,0,0,0,14
260385,2,1,1999,0,0,0,0,0,0,0,0,0,0
260386,1,1,1999,0,0,0,0,0,0,0,0,0,0
260387,1,1,1999,7,7,7,7,7,7,7,7,7,7
260387,2,1,1999,19,13,49,29,30,13,9,20,16,15
260388,1,1,1999,0,0,0,0,0,0,0,0,0,0
260388,2,1,1999,0,0,0,0,0,0,0,0,0,0
260388,3,1,1999,0,0,0,0,0,0,0,0,0,0
260389,1,1,1999,0,0,0,0,9,0,0,0,0,0
260389,2,1,1999,0,0,0,0,0,0,0,0,0,0
260390,1,1,1999,0,0,0,0,0,0,0,0,0,0
260390,2,1,1999,0,0,0,0,0,0,0,0,0,0
260390,3,1,1999,0,0,0,0,0,0,0,0,0,0
260391,1,1,1999,0,0,0,0,0,0,0,0,0,0
260391,2,1,1999,0,0,0,0,0,0,0,0,0,0
260392,1,1,1999,3,3,3,3,3,3,3,3,3,3
260393,1,1,1999,0,0,0,0,0,0,0,0,0,0
260393,2,1,1999,0,0,0,0,0,0,0,0,0,0
260394,1,1,1999,0,0,0,0,0,0,0,0,0,0
260395,1,1,1999,0,0,0,0,0,0,0,0,0,0
260396,1,1,1999,0,0,0,0,0,0,0,0,0,0
260396,2,1,1999,0,0,0,0,0,0,0,0,0,0
260397,1,1,1999,0,0,0,0,0,0,0,0,0,0
260397,2,1,1999,0,0,0,0,0,0,0,0,0,0
260397,3,1,1999,0,0,0,0,0,0,0,0,0,0
260398,1,1,1999,0,0,0,0,0,0,0,0,6,0
260398,2,1,1999,0,0,0,0,0,0,0,0,0,0
260399,1,1,1999,0,0,0,0,0,0,0,0,0,0
260400,1,1,1999,18,18,18,18,18,18,18,18,18,18
260401,1,1,1999,0,0,0,0,0,0,0,0,0,0
260402,0,1,1999,0,0,0,0,0,0,0,0,0,0
260402,1,1,1999,0,0,0,0,0,0,0,0,0,0
260402,2,1,1999,0,0,0,0,0,0,0,0,0,0
260403,1,1,1999,0,0,0,0,0,0,0,0,0,0
260404,0,1,1999,0,0,0,0,0,0,0,0,0,0
260404,1,1,1999,0,19,0,0,0,0,0,0,0,0
260405,1,1,1999,0,0,0,0,0,0,0,0,0,0
260405,2,1,1999,0,0,0,0,0,0,0,0,0,0
260406,1,1,1999,0,0,0,0,0,0,0,0,0,0
260406,2,1,1999,0,0,0,15,0,0,0,0,0,0
260407,1,1,1999,6,6,6,6,6,6,6,6,6,6
260407,2,1,1999,19,29,11,21,9,21,8,6,0,8
260407,3,1,1999,0,0,0,0,0,18,0,0,0,0
260408,1,1,1999,21,21,21,21,21,21,21,21,21,21
260409,1,1,1999,0,0,0,0,0,0,0,0,0,0
260409,2,1,1999,0,0,0,0,0,0,0,0,0,0
260410,1,1,1999,19,19,19,19,19,19,19,19,19,19
260411,0,1,1999,0,0,0,0,0,0,0,0,0,0
260411,0,2,1999,0,0,0,0,0,0,0,0,0,0
260411,1,1,1999,0,0,0,0,0,0,0,0,0,0
260412,1,1,1999,0,0,0,0,0,0,0,0,0,0
260412,2,1,1999,0,0,0,0,0,0,0,0,0,0
260413,1,1,1999,18,18,18,18,18,18,18,18,18,18
260414,1,1,1999,11,11,11,11,11,11,11,11,11,11
260415,1,1,1999,0,0,0,0,0,0,0,0,0,0
260415,2,1,1999,17,17,17,17,17,17,17,17,17,17
260416,1,1,1999,10,26,12,20,17,9,20,28,28,17
260417,0,1,1999,0,0,0,0,0,0,0,0,0,0
260417,1,1,1999,0,0,0,0,0,0,0,0,0,0
260418,1,1,1999,0,0,0,0,0,0,0,0,0,0
260418,2,1,1999,0,0,0,0,0,0,0,0,0,0
260419,1,1,1999,0,0,0,0,0,0,0,0,0,0
260420,1,1,1999,0,0,0,0,0,0,0,0,0,0
260420,2,1,1999,0,0,0,0,0,0,0,0,0,0
260421,1,1,1999,0,0,0,0,0,0,0,0,0,0
260421,2,1,1999,0,0,0,0,0,0,0,0,0,0
260422,1,1,1999,21,21,21,21,21,21,21,21,21,21
260423,1,1,1999,28,28,28,28,28,28,28,28,28,28
260424,0,1,1999,5,0,0,0,9,10,0,0,0,10
260424,1,1,1999,16,16,16,16,16,16,16,16,16,16
260425,1,1,1999,0,0,0,0,0,0,0,0,0,0
260425,2,1,1999,0,0,0,0,0,0,0,0,0,0
260426,1,1,1999,0,0,0,0,0,0,0,0,0,13
260426,2,1,1999,0,0,0,0,0,0,0,14,0,0
260426,3,1,1999,0,0,0,0,0,0,0,0,14,0
260426,4,1,1999,0,0,0,0,0,0,14,0,0,0
260427,1,1,1999,0,0,0,0,0,0,0,0,0,0
260427,2,1,1999,17,0,0,0,0,0,0,0,0,11
260427,3,1,1999,0,0,0,0,0,0,0,0,0,0
260428,1,1,1999,0,0,0,0,0,0,0,0,0,0
260428,2,1,1999,0,0,0,0,0,0,0,0,0,0
260429,1,1,1999,0,0,0,0,0,0,0,0,0,0
260429,2,1,1999,0,0,0,0,0,0,0,0,0,0
260429,3,1,1999,0,0,0,0,4,0,0,0,0,0
260429,4,1,1999,0,0,0,0,0,0,0,0,0,0
260430,1,1,1999,14,14,14,14,14,14,14,14,14,14
260430,2,1,1999,0,0,0,0,0,0,0,0,0,0
260431,1,1,1999,0,0,0,0,0,0,0,0,0,0
260432,1,1,1999,16,16,16,16,16,16,16,16,16,16
260433,1,1,1999,16,16,16,16,16,16,16,16,16,16
260433,2,1,1999,0,0,0,0,0,0,0,0,0,0
260434,1,1,1999,0,0,0,0,0,0,0,0,0,0
260435,0,1,1999,33,33,33,33,33,33,33,33,33,33
260435,1,1,1999,0,0,0,0,0,0,0,0,0,0
260436,1,1,1999,0,0,0,0,0,0,0,0,0,0
260436,2,1,1999,0,0,7,0,0,0,0,0,0,0
260437,0,1,1999,0,0,0,0,0,0,0,0,0,0
260437,1,1,1999,0,0,0,0,0,0,0,0,0,0
260438,1,1,1999,9,11,19,9,16,0,9,6,18,6
260439,1,1,1999,18,18,18,18,18,18,18,18,18,18
260440,0,1,1999,0,0,0,0,0,0,0,0,0,0
260440,1,1,1999,0,0,0,0,0,0,0,0,0,0
260441,1,1,1999,0,0,0,0,0,0,0,0,0,0
260441,2,1,1999,0,0,0,0,0,0,0,0,0,0
260442,1,1,1999,0,0,0,0,0,0,0,0,0,0
260442,2,1,1999,0,0,0,0,0,0,0,0,0,0
260443,1,1,1999,25,25,25,25,25,25,25,25,25,25
260444,0,1,1999,0,0,0,0,0,0,0,0,0,0
260444,1,1,1999,2,0,0,0,0,0,0,9,0,0
260445,0,1,1999,23,23,26,22,27,23,28,16,23,14
260445,1,1,1999,0,0,0,0,0,0,0,0,0,0
260446,1,1,1999,0,0,0,0,0,0,0,0,0,0
260446,2,1,1999,0,0,0,0,0,0,0,0,0,0
260447,1,1,1999,0,0,0,0,0,0,0,0,0,0
260447,2,1,1999,0,0,0,0,0,0,0,0,0,0
260448,1,1,1999,0,0,0,0,0,0,0,0,0,0
260448,2,1,1999,0,0,0,0,0,0,0,0,0,0
260449,1,1,1999,0,0,0,0,0,0,0,0,0,0
260450,1,1,1999,0,0,0,0,0,0,0,0,0,0
260450,2,1,1999,0,0,0,0,0,0,0,0,0,0
260451,1,1,1999,13,0,0,0,0,0,0,0,0,0
260451,2,1,1999,0,0,0,0,0,0,0,0,0,0
260451,3,1,1999,0,0,0,15,0,0,0,0,0,0
260451,4,1,1999,0,0,0,0,0,0,0,0,0,0
260452,1,1,1999,0,0,0,0,0,0,0,0,0,0
260452,2,1,1999,0,0,0,0,0,0,0,0,0,0
260452,3,1,1999,0,0,0,0,0,0,0,0,0,0
260452,4,1,1999,0,0,0,0,0,0,0,0,0,0
260452,5,1,1999,0,0,0,0,19,0,0,0,0,0
260453,1,1,1999,0,0,0,0,0,0,0,0,0,0
260453,2,1,1999,0,0,0,0,0,0,0,0,0,0
260454,1,1,1999,16,16,16,16,16,16,16,16,16,16
260455,1,1,1999,24,24,24,24,24,24,24,24,24,24
260456,0,3,1999,0,0,0,0,0,0,0,0,0,0
260456,0,4,1999,0,0,0,0,0,0,0,0,0,0
260456,0,5,1999,0,0,0,0,0,0,0,0,0,0
260456,0,6,1999,0,0,0,0,0,0,0,0,0,0
260456,1,1,1999,0,0,0,0,0,0,0,0,0,0
260457,1,1,1999,6,6,6,6,6,6,6,6,6,6
260457,2,1,1999,21,0,0,0,0,0,0,0,0,0
260458,1,1,1999,0,0,0,0,0,0,0,0,0,0
260458,2,1,1999,0,0,0,0,0,0,0,0,0,0
260459,1,1,1999,0,0,0,0,0,0,0,0,0,0
260460,1,1,1999,0,0,0,0,0,0,0,0,0,0
260460,2,1,1999,0,0,0,0,0,0,0,0,0,0
260461,0,1,1999,0,0,0,0,0,0,0,0,0,0
260461,1,1,1999,0,0,0,0,0,0,3,0,0,0
260462,1,1,1999,15,0,5,7,20,5,7,10,21,7
260463,1,1,1999,0,0,0,0,0,0,0,0,0,0
260464,1,1,1999,0,13,38,0,0,0,11,0,14,0
260465,0,1,1999,0,0,0,0,15,0,0,0,0,0
260465,1,1,1999,4,4,4,4,4,4,4,4,4,4
260466,1,1,1999,16,16,16,16,16,16,16,16,16,16
260467,1,1,1999,14,14,14,14,14,14,14,14,14,14
260467,2,1,1999,0,0,0,0,0,0,0,0,0,0
260468,1,1,1999,0,0,0,0,0,0,0,0,0,0
260468,2,1,1999,0,0,0,0,0,0,0,0,0,0
260469,1,1,1999,2,2,2,2,2,2,2,2,2,2
260469,2,1,1999,0,0,0,0,0,0,0,0,0,0
260470,1,1,1999,0,0,0,0,0,0,0,0,0,0
260470,2,1,1999,0,0,0,0,0,0,0,0,0,0
260470,3,1,1999,0,0,0,0,0,0,0,0,0,0
260470,4,1,1999,0,0,0,0,0,0,0,0,0,0
260471,1,1,1999,0,0,0,0,0,0,0,0,0,0
260472,1,1,1999,0,0,0,0,0,0,0,0,0,0
260473,1,1,1999,13,13,13,13,13,13,13,13,13,13
260474,1,1,1999,0,0,0,0,0,0,0,0,0,0
260474,2,1,1999,0,0,0,0,0,0,0,0,0,0
260475,1,1,1999,0,0,0,0,0,0,0,0,0,0
260475,2,1,1999,0,0,0,0,0,0,0,0,0,0
260476,1,1,1999,4,4,4,4,4,4,4,4,4,4
260477,0,1,1999,22,22,22,22,22,22,22,22,22,22
260477,1,1,1999,11,19,10,0,9,8,1,6,10,2
260478,1,1,1999,0,0,0,0,0,0,0,0,0,0
260479,1,1,1999,9,0,8,12,5,7,20,14,0,8
260480,1,1,1999,0,0,0,0,0,0,0,0,0,0
260480,2,1,1999,0,0,0,0,0,10,0,0,0,0
260480,3,1,1999,0,0,0,0,0,0,0,0,0,0
260480,4,1,1999,0,0,0,0,0,0,0,0,0,0
260481,1,1,1999,0,0,0,0,0,0,0,0,0,0
260481,2,1,1999,0,0,0,0,0,0,0,0,0,0
260482,1,1,1999,0,0,0,0,0,0,0,0,0,0
260482,2,1,1999,0,0,0,0,0,0,0,0,0,0
260483,1,1,1999,0,0,0,0,0,0,0,0,0,0
260483,2,1,1999,0,0,0,0,0,0,0,0,0,0
260483,3,1,1999,0,0,0,0,0,0,0,0,0,0
260484,1,1,1999,0,0,0,0,0,0,0,0,0,0
260484,2,1,1999,0,0,0,0,0,0,0,0,0,0
260485,1,1,1999,0,0,0,0,0,0,0,0,0,0
260485,2,1,1999,2,2,2,2,2,2,2,2,2,2
260486,1,1,1999,0,4,8,0,8,15,0,31,21,18
260486,2,1,1999,13,0,0,0,0,0,0,0,0,30
260486,3,1,1999,0,0,0,0,0,0,0,0,0,0
260487,1,1,1999,0,0,0,0,0,0,0,0,0,0
260487,2,1,1999,0,0,0,0,0,0,0,0,0,0
260488,1,1,1999,0,0,0,0,0,0,0,0,0,0
260488,2,1,1999,0,0,0,0,0,0,0,0,0,0
260488,3,1,1999,0,0,0,0,0,0,0,0,0,0
260489,1,1,1999,15,3,12,15,15,30,9,7,8,8
260490,0,1,1999,12,12,12,12,12,12,12,12,12,12
260490,1,1,1999,0,0,0,0,0,0,0,0,0,0
260491,1,1,1999,0,0,0,0,0,0,0,0,0,0
260491,2,1,1999,0,0,0,0,0,0,0,0,0,0
260492,1,1,1999,0,0,0,0,0,0,0,0,0,0
260492,2,1,1999,0,0,0,0,0,0,0,0,0,16
260493,0,3,1999,0,28,0,0,0,4,0,11,0,0
260493,1,1,1999,0,0,0,0,0,0,24,0,0,0
260494,1,1,1999,30,14,16,13,21,11,25,24,11,24
260495,1,1,1999,0,0,0,0,0,0,0,0,0,0
260496,1,1,1999,0,0,0,0,0,0,0,0,0,0
260496,2,1,1999,0,0,0,0,0,0,0,0,0,0
260497,1,1,1999,19,19,19,19,19,19,19,19,19,19
260497,2,1,1999,0,0,0,0,0,0,0,0,0,0
260498,1,1,1999,19,19,19,19,19,19,19,19,19,19
260499,1,1,1999,8,9,17,7,18,17,13,13,11,9
260499,2,1,1999,0,0,0,0,0,0,0,0,0,0
260500,1,1,1999,0,0,0,0,0,0,0,0,0,0
260500,2,1,1999,0,0,0,0,0,0,0,0,0,0
260501,1,1,1999,16,16,16,16,16,16,16,16,16,16
260502,1,1,1999,25,25,25,25,25,25,25,25,25,25
260503,1,1,1999,0,0,0,0,0,0,0,0,0,0
260503,2,1,1999,0,0,0,0,0,0,0,0,0,0
260504,1,1,1999,0,0,0,0,0,0,0,0,0,0
260504,2,1,1999,0,0,0,0,0,0,0,0,0,0
260504,3,1,1999,0,0,0,0,0,0,0,0,0,0
260505,1,1,1999,0,0,0,0,0,0,0,27,0,0
260506,1,1,1999,0,0,0,0,0,0,0,0,0,0
260506,2,1,1999,0,0,0,0,0,0,0,0,0,0
260507,1,1,1999,1,1,1,1,1,1,1,1,1,1
260507,2,1,1999,0,0,0,0,0,0,0,0,0,0
260508,1,1,1999,0,0,0,0,0,0,0,0,0,0
260508,2,1,1999,0,0,0,0,0,0,0,0,0,0
260509,1,1,1999,0,0,0,0,0,0,0,0,0,0
260510,1,1,1999,14,14,14,14,14,14,14,14,14,14
260511,1,1,1999,0,0,0,0,0,0,0,0,0,0
260511,2,1,1999,18,18,18,18,18,18,18,18,18,18
260512,0,1,1999,16,16,16,16,16,16,16,16,16,16
260512,1,1,1999,0,0,17,0,0,0,0,0,0,20
260513,1,1,1999,0,0,0,0,0,0,0,0,0,0
260513,2,1,1999,0,0,0,0,0,0,0,0,0,0
260514,1,1,1999,0,0,0,0,0,0,0,0,0,0
260515,1,1,1999,0,0,0,0,0,0,0,0,0,0
260515,2,1,1999,0,0,0,0,0,0,0,0,0,0
260516,1,1,1999,8,8,8,8,8,8,8,8,8,8
260517,1,1,1999,7,7,7,7,7,7,7,7,7,7
260518,1,1,1999,0,0,0,0,0,0,0,0,0,0
260518,2,1,1999,0,0,0,0,0,0,0,0,0,0
260519,1,1,1999,0,0,0,0,0,0,0,0,0,0
260520,1,1,1999,0,0,0,0,0,0,0,0,0,0
260521,1,1,1999,0,0,0,0,0,0,0,0,0,0
260521,2,1,1999,0,0,0,0,0,14,0,0,0,0
260522,0,1,1999,22,20,25,11,7,14,17,9,0,0
260522,0,2,1999,0,0,0,0,0,0,0,0,0,0
260522,1,1,1999,24,36,26,13,0,0,9,20,25,3
260523,1,1,1999,0,0,0,0,0,0,0,0,0,0
260523,2,1,1999,0,0,0,0,0,0,0,0,0,0
260524,1,1,1999,6,8,15,13,16,19,17,17,0,6
260525,1,1,1999,0,0,0,0,0,0,0,0,0,0
260526,1,1,1999,17,39,16,12,15,30,22,32,14,25
260527,1,1,1999,15,15,15,15,15,15,15,15,15,15
260528,1,1,1999,0,0,0,0,0,0,0,0,0,0
260528,2,1,1999,0,0,0,0,0,0,0,0,0,0
260529,1,1,1999,3,3,3,3,3,3,3,3,3,3
260530,1,1,1999,22,22,22,22,22,22,22,22,22,22
260531,1,1,1999,0,0,0,0,0,0,0,0,0,0
260531,2,1,1999,0,0,0,0,0,0,0,0,0,0
260532,1,1,1999,0,0,0,0,0,0,0,0,0,0
260532,2,1,1999,0,0,0,0,0,0,0,0,0,0
260533,1,1,1999,0,0,0,0,0,0,0,0,0,0
260534,0,1,1999,0,0,0,0,0,0,0,0,0,0
260534,1,1,1999,0,0,0,0,0,0,0,0,0,0
260535,1,1,1999,0,0,0,0,0,0,0,0,0,0
260535,2,1,1999,0,0,0,0,0,0,0,0,0,0
260537,1,1,1999,0,0,0,0,0,0,0,0,0,0
260537,2,1,1999,0,0,0,0,0,0,0,0,0,0
260538,1,1,1999,0,0,0,0,0,0,0,0,0,0
260538,2,1,1999,0,0,0,0,0,0,0,0,0,0
260539,1,1,1999,23,23,23,23,23,23,23,23,23,23
260540,1,1,1999,0,0,0,0,0,0,0,0,0,0
260541,1,1,1999,16,16,16,16,16,16,16,16,16,16
260542,1,1,1999,0,0,0,0,0,0,0,0,0,0
260542,2,1,1999,0,0,0,0,0,0,0,0,0,0
260543,1,1,1999,19,19,19,19,19,19,19,19,19,19
260544,1,1,1999,12,29,0,13,12,17,0,3,23,18
260545,1,1,1999,13,13,13,13,13,13,13,13,13,13
260546,1,1,1999,0,0,0,0,0,13,0,0,0,0
260547,1,1,1999,0,0,0,0,0,0,0,0,0,0
260548,0,1,1999,20,20,20,20,20,20,20,20,20,20
260548,1,1,1999,0,0,0,0,0,0,0,0,0,0
260549,1,1,1999,24,0,0,11,0,0,0,0,0,0
260549,2,1,1999,0,0,0,0,0,0,0,0,0,0
260550,0,1,1999,0,0,0,0,0,0,0,0,0,0
260550,1,1,1999,0,0,0,0,0,0,0,0,0,0
260551,1,1,1999,16,16,16,16,16,16,16,16,16,16
260552,1,1,1999,4,4,4,4,4,4,4,4,4,4
260552,2,1,1999,0,0,0,0,0,0,0,0,0,0
260552,3,1,1999,0,13,0,0,0,0,0,0,0,0
260552,4,1,1999,0,0,0,0,0,0,0,0,0,0
260553,1,1,1999,0,0,0,0,0,0,0,0,0,0
260553,2,1,1999,0,0,0,0,0,0,0,0,0,0
260553,3,1,1999,0,0,0,0,0,0,0,0,0,0
260554,1,1,1999,0,0,0,0,0,0,0,0,0,0
260554,2,1,1999,0,0,0,0,0,0,0,0,0,0
260555,1,1,1999,8,8,8,8,8,8,8,8,8,8
260556,1,1,1999,0,0,0,0,0,0,0,0,0,0
260556,2,1,1999,0,0,0,0,0,0,0,0,0,0
260557,1,1,1999,18,18,18,18,18,18,18,18,18,18
260558,1,1,1999,16,16,16,16,16,16,16,16,16,16
260558,2,1,1999,0,0,0,0,0,0,0,0,0,0
260559,1,1,1999,0,0,0,0,0,0,0,0,0,0
260560,1,1,1999,0,0,0,0,0,0,0,0,0,0
260560,2,1,1999,0,0,0,0,0,0,0,0,0,0
260560,3,1,1999,0,0,0,0,0,0,0,0,0,25
260561,1,1,1999,0,0,0,0,0,0,0,0,0,0
260561,2,1,1999,0,0,0,0,0,0,0,0,0,0
260562,1,1,1999,0,0,0,0,0,0,0,0,0,0
260563,1,1,1999,0,0,0,0,0,0,0,0,0,0
260563,2,1,1999,0,19,0,0,0,0,0,0,0,0
260564,1,1,1999,0,0,0,0,0,0,0,0,0,0
260564,2,1,1999,0,0,0,0,0,0,0,0,0,0
260565,1,1,1999,0,0,0,0,0,0,0,0,0,0
260565,2,1,1999,0,0,0,0,0,0,0,0,0,0
260566,1,1,1999,0,0,0,0,0,0,0,0,0,0
260566,2,1,1999,0,0,0,0,0,0,0,0,0,0
260567,1,1,1999,0,0,0,0,0,0,0,0,0,0
260567,2,1,1999,0,0,0,0,0,0,0,0,0,0
260568,1,1,1999,18,18,18,18,18,18,18,18,18,18
260568,2,1,1999,0,0,0,0,0,0,0,0,0,0
260569,1,1,1999,19,10,21,14,33,16,18,0,26,10
260569,2,1,1999,15,26,0,10,18,0,0,0,5,0
260570,1,1,1999,0,0,0,0,0,0,0,0,0,0
260570,2,1,1999,0,0,0,0,0,0,0,0,0,0
260571,1,1,1999,18,18,18,18,18,18,18,18,18,18
260572,1,1,1999,0,0,0,0,0,0,0,0,0,0
260573,0,1,1999,1,1,1,1,1,1,1,1,1,1
260573,1,1,1999,0,0,0,0,0,0,0,0,0,0
260574,1,1,1999,0,0,0,0,0,0,0,0,0,0
260574,2,1,1999,0,0,0,0,0,0,0,0,0,0
260575,0,1,1999,0,0,0,0,0,0,0,0,0,0
260575,1,1,1999,0,0,0,0,0,6,0,0,0,0
260576,1,1,1999,13,15,15,12,31,19,4,6,0,16
260577,0,1,1999,20,20,20,20,20,20,20,20,20,20
260577,1,1,1999,0,0,0,0,0,0,0,0,0,0
260578,1,1,1999,16,16,16,16,16,16,16,16,16,16
260579,1,1,1999,11,11,11,11,11,11,11,11,11,11
260580,1,1,1999,0,0,0,0,0,0,0,0,0,0
260581,1,1,1999,0,0,0,0,0,0,0,0,0,0
260582,1,1,1999,0,0,12,0,0,0,0,0,0,0
260582,2,1,1999,0,0,0,0,0,0,0,0,0,0
260583,1,1,1999,0,0,0,0,0,0,0,0,0,0
260583,2,1,1999,0,0,0,9,0,0,0,0,0,0
260584,1,1,1999,0,3,10,12,11,19,14,22,11,18
260585,1,1,1999,19,19,19,19,19,19,19,19,19,19
260586,1,1,1999,0,0,0,0,0,0,0,0,0,0
260587,0,1,1999,0,0,0,0,0,0,0,0,0,0
260587,1,1,1999,20,0,17,18,13,0,19,4,5,0
260588,1,1,1999,12,12,12,12,12,12,12,12,12,12
260589,1,1,1999,0,0,0,0,0,0,0,0,0,0
260589,2,1,1999,0,15,0,0,0,0,0,0,0,0
260590,1,1,1999,0,0,0,0,0,0,0,0,0,0
260590,2,1,1999,0,0,0,0,0,0,0,0,0,0
260591,1,1,1999,24,24,24,24,24,24,24,24,24,24
260592,1,1,1999,19,19,19,19,19,19,19,19,19,19
260592,2,1,1999,0,0,0,0,0,0,0,0,0,0
260593,0,1,1999,0,0,18,0,0,0,0,0,0,0
260593,1,1,1999,0,0,0,0,0,0,0,0,0,0
260594,1,1,1999,9,9,9,9,9,9,9,9,9,9
260594,2,1,1999,0,15,0,0,0,9,14,0,0,0
260594,3,1,1999,0,0,0,0,0,0,0,0,0,0
260595,1,1,1999,0,0,0,0,0,0,0,0,0,0
260595,2,1,1999,0,0,0,0,0,0,0,0,0,0
260595,3,1,1999,0,0,0,0,0,0,0,0,0,0
260596,0,1,1999,17,17,17,17,17,17,17,17,17,17
260596,1,1,1999,9,9,9,9,9,9,9,9,9,9
260597,1,1,1999,25,19,4,22,11,9,21,9,9,12
260598,0,1,1999,0,0,0,0,0,0,0,0,0,0
260598,1,1,1999,0,0,0,0,10,0,0,0,0,0
260599,1,1,1999,2,2,2,2,2,2,2,2,2,2
260599,2,1,1999,0,11,7,0,19,9,0,5,0,0
260600,1,1,1999,0,0,0,0,0,0,0,0,0,0
260601,0,1,1999,33,33,33,33,33,33,33,33,33,33
260601,1,1,1999,0,2,0,0,0,0,0,0,0,0
260602,1,1,1999,0,0,0,0,0,0,0,0,0,0
260602,2,1,1999,0,0,0,0,0,0,0,0,0,0
260603,1,1,1999,13,17,16,35,15,0,35,24,0,0
260604,0,1,1999,13,13,13,13,13,13,13,13,13,13
260604,1,1,1999,13,0,0,20,0,0,0,0,24,0
260605,1,1,1999,12,12,12,12,12,12,12,12,12,12
260606,0,1,1999,9,9,9,9,9,9,9,9,9,9
260606,1,1,1999,0,20,0,0,0,0,21,11,43,0
260607,0,1,1999,20,20,20,20,20,20,20,20,20,20
260607,1,1,1999,3,22,22,10,23,10,9,6,15,26
260608,1,1,1999,0,0,0,0,0,0,19,9,0,0
260608,2,1,1999,9,6,2,0,0,8,0,0,0,0
260609,1,1,1999,17,17,17,17,17,17,17,17,17,17
260609,2,1,1999,0,0,0,0,0,0,0,0,0,0
260610,1,1,1999,0,0,0,0,0,0,0,0,0,0