ST_CASE,VEH_NO,PER_NO,YEAR,P1,P2,P3,P4,P5,P6,P7,P8,P9,P10
260610,2,1,1999,0,0,0,0,0,0,0,0,0,0
260611,1,1,1999,11,11,11,11,11,11,11,11,11,11
260612,1,1,1999,0,0,0,0,0,0,0,0,0,0
260613,1,1,1999,0,0,0,0,0,0,0,0,0,0
260613,2,1,1999,0,0,0,0,0,0,0,0,0,0
260614,1,1,1999,0,29,0,16,0,0,0,0,0,0
260615,1,1,1999,16,14,18,11,13,3,17,13,33,23
260616,1,1,1999,8,18,21,3,9,0,16,0,21,0
260616,2,1,1999,5,5,5,5,5,5,5,5,5,5
260617,1,1,1999,16,0,0,0,0,0,0,0,0,0
260617,2,1,1999,0,0,0,0,0,0,0,0,0,0
260618,1,1,1999,15,15,15,15,15,15,15,15,15,15
260619,1,1,1999,0,0,0,0,0,0,0,0,0,8
260619,2,1,1999,0,0,0,0,0,0,0,0,0,0
260620,1,1,1999,16,16,16,16,16,16,16,16,16,16
260621,1,1,1999,0,23,10,0,0,0,0,0,0,20
260621,2,1,1999,29,15,0,24,16,15,20,37,15,25
260622,1,1,1999,0,0,0,0,0,0,0,0,0,0
260622,2,1,1999,0,0,0,0,0,0,0,0,0,0
260623,1,1,1999,0,0,0,0,0,0,0,0,0,0
260623,2,1,1999,0,0,0,0,0,0,0,0,0,0
260624,1,1,1999,22,22,22,22,22,22,22,22,22,22
260625,0,1,1999,32,32,32,32,32,32,32,32,32,32
260625,1,1,1999,4,5,29,32,12,16,5,26,31,17
260626,1,1,1999,0,0,0,0,0,0,0,0,0,0
260626,2,1,1999,0,0,0,0,0,0,0,0,0,0
260627,1,1,1999,12,12,12,12,12,12,12,12,12,12
260627,2,1,1999,0,0,0,0,0,0,0,0,0,0
260628,0,1,1999,0,0,0,0,0,0,0,0,0,0
260628,1,1,1999,0,0,0,0,0,0,0,0,0,0
260628,2,1,1999,0,0,18,0,0,0,0,0,0,0
260629,1,1,1999,0,0,0,0,0,0,0,0,0,0
260630,0,1,1999,0,0,0,0,0,0,0,0,0,0
260630,1,1,1999,6,0,0,31,0,0,0,0,0,0
260631,0,1,1999,0,0,0,0,0,0,0,0,0,0
260631,0,2,1999,23,27,0,8,23,15,43,12,0,16
260631,1,1,1999,0,20,18,23,4,13,0,0,22,0
260631,2,1,1999,0,0,0,0,0,0,0,0,0,0
260632,1,1,1999,15,16,0,6,0,7,5,0,18,13
260633,0,1,1999,0,0,0,0,0,0,0,0,0,0
260633,1,1,1999,0,0,0,0,0,0,0,0,0,0
260634,1,1,1999,0,0,0,0,0,0,0,0,0,0
260634,2,1,1999,0,0,0,0,0,0,0,0,0,0
260635,0,1,1999,0,0,0,0,0,0,0,0,0,0
260635,0,2,1999,38,10,25,23,30,28,19,0,22,0
260635,1,1,1999,0,0,0,0,19,0,0,0,0,0
260636,0,1,1999,0,0,0,0,0,0,0,0,0,0
260636,1,1,1999,0,0,0,0,37,17,0,36,4,0
260637,1,1,1999,0,0,0,0,0,0,0,0,0,0
260637,2,1,1999,0,0,0,0,0,0,0,0,0,0
260638,1,1,1999,20,20,20,20,20,20,20,20,20,20
260639,1,1,1999,0,0,0,0,13,16,0,20,0,0
260639,2,1,1999,0,0,0,0,13,0,0,0,0,0
260639,3,1,1999,0,0,0,0,0,0,0,0,0,0
260640,1,1,1999,4,28,32,0,0,0,27,10,9,8
260640,2,1,1999,0,0,0,0,0,4,0,8,0,10
260641,0,1,1999,0,0,0,0,0,0,0,0,0,0
260641,1,1,1999,0,5,0,0,0,15,15,16,8,13
260642,0,1,1999,0,0,33,12,31,23,33,0,0,0
260642,1,1,1999,0,0,0,11,0,0,0,0,0,12
260642,2,1,1999,0,0,9,0,0,0,11,0,20,0
260643,0,1,1999,17,17,17,17,17,17,17,17,17,17
260643,1,1,1999,11,11,11,11,11,11,11,11,11,11
260643,2,1,1999,0,0,0,0,0,0,0,0,0,0
260644,1,1,1999,31,31,31,31,31,31,31,31,31,31
260644,2,1,1999,0,0,0,0,0,0,0,0,0,0
260645,1,1,1999,0,0,0,9,0,0,0,0,0,0
260645,2,1,1999,0,0,0,0,0,0,0,0,0,0
260646,1,1,1999,0,0,0,0,0,0,0,0,0,0
260647,1,1,1999,20,20,20,20,20,20,20,20,20,20
260648,1,1,1999,28,0,39,14,0,0,12,0,11,0
260648,2,1,1999,15,19,0,0,0,0,0,0,16,0
260649,1,1,1999,0,0,0,0,0,0,0,0,0,0
260649,2,1,1999,16,26,14,8,0,7,9,18,20,20
260650,1,1,1999,0,0,0,0,0,0,0,0,0,0
260650,2,1,1999,0,0,0,0,0,0,0,0,0,0
260651,1,1,1999,18,18,18,18,18,18,18,18,18,18
260652,1,1,1999,17,17,17,17,17,17,17,17,17,17
260652,2,1,1999,0,0,0,0,0,0,0,0,0,0
260653,1,1,1999,0,0,0,0,0,0,0,0,0,0
260653,2,1,1999,0,0,0,0,0,0,0,0,0,0
260654,1,1,1999,0,0,0,0,0,0,0,0,0,0
260655,1,1,1999,0,0,0,0,0,0,0,0,0,0
260656,1,1,1999,0,0,0,0,0,0,0,0,0,0
260656,2,1,1999,21,0,0,0,0,0,0,0,0,0
260656,3,1,1999,0,0,0,0,0,0,0,0,0,0
260656,4,1,1999,0,0,0,0,0,0,0,0,0,0
260656,5,1,1999,0,0,0,0,0,0,0,0,0,0
260657,1,1,1999,14,21,23,10,21,19,11,10,15,16
260658,1,1,1999,0,0,0,0,0,0,0,0,0,0
260658,2,1,1999,0,0,0,0,0,0,0,0,0,0
260658,3,1,1999,7,0,0,0,0,0,0,0,0,0
260659,0,1,1999,23,23,23,23,23,23,23,23,23,23
260659,1,1,1999,0,0,0,0,19,0,26,0,0,0
260660,1,1,1999,0,0,0,0,0,21,0,0,15,0
260661,1,1,1999,0,0,0,0,0,0,0,0,0,0
260661,2,1,1999,0,0,0,0,0,0,0,0,0,0
260662,1,1,1999,0,0,0,21,0,0,0,0,0,0
260663,1,1,1999,0,0,0,0,0,0,0,0,0,0
260664,1,1,1999,8,8,8,8,8,8,8,8,8,8
260665,1,1,1999,0,0,0,0,0,0,0,0,0,0
260665,2,1,1999,0,0,0,0,0,0,0,0,0,0
260665,3,1,1999,0,0,0,0,0,0,0,0,0,0
260666,1,1,1999,10,10,10,10,10,10,10,10,10,10
260667,1,1,1999,12,12,12,12,12,12,12,12,12,12
260668,1,1,1999,0,0,0,0,0,0,0,0,0,0
260668,2,1,1999,0,0,0,0,0,0,0,0,0,0
260669,1,1,1999,0,0,0,0,0,0,0,0,0,0
260669,2,1,1999,0,0,0,0,0,0,0,0,0,0
260669,3,1,1999,0,0,0,13,0,0,0,0,0,0
260670,1,1,1999,0,0,0,0,0,0,0,0,0,0
260670,2,1,1999,0,0,0,0,0,0,0,0,0,0
260671,1,1,1999,20,20,20,20,20,20,20,20,20,20
260672,1,1,1999,1,1,1,1,1,1,1,1,1,1
260672,2,1,1999,0,0,0,0,0,0,0,0,0,0
260673,0,1,1999,0,0,0,0,0,0,0,0,0,0
260673,1,1,1999,0,0,0,0,0,0,0,0,0,0
260674,1,1,1999,0,0,0,0,0,0,0,0,0,0
260675,1,1,1999,25,25,25,25,25,25,25,25,25,25
260676,1,1,1999,0,0,0,6,0,0,0,0,0,0
260676,2,1,1999,0,0,0,0,0,0,0,0,0,0
260677,1,1,1999,0,0,0,0,0,0,0,0,0,0
260677,2,1,1999,0,0,0,0,0,0,0,0,0,0
260678,1,1,1999,0,0,0,0,0,0,0,0,0,0
260678,2,1,1999,0,0,0,0,0,0,0,0,0,0
260679,1,1,1999,0,0,0,0,0,0,0,0,0,0
260679,2,1,1999,0,0,0,0,0,0,0,0,0,0
260679,3,1,1999,0,0,0,0,0,0,0,0,0,0
260680,1,1,1999,0,0,0,0,0,22,0,0,14,0
260680,2,1,1999,0,0,0,0,0,0,0,0,0,0
260681,1,1,1999,11,11,11,11,11,11,11,11,11,11
260681,2,1,1999,0,0,0,0,0,0,0,0,0,0
260682,1,1,1999,0,0,0,0,0,0,0,0,0,0
260682,2,1,1999,0,0,0,0,0,0,0,0,0,10
260683,1,1,1999,0,0,0,0,0,0,0,0,0,0
260683,2,1,1999,0,0,0,0,0,0,0,0,0,0
260684,1,1,1999,0,0,0,0,0,0,0,0,0,0
260684,2,1,1999,0,12,0,0,9,10,0,16,0,0
260684,3,1,1999,0,0,0,0,0,0,0,0,0,0
260685,1,1,1999,10,10,10,10,10,10,10,10,10,10
260685,2,1,1999,0,0,0,0,0,0,0,0,0,0
260686,1,1,1999,0,0,0,0,0,0,0,0,0,0
260686,2,1,1999,0,0,0,0,0,0,0,0,0,0
260687,1,1,1999,0,0,0,0,0,0,0,0,0,0
260687,2,1,1999,0,0,0,0,0,0,0,0,0,0
260687,3,1,1999,0,0,0,0,0,0,0,0,0,0
260688,1,1,1999,2,2,2,2,2,2,2,2,2,2
260689,0,1,1999,0,0,0,0,0,0,0,0,20,0
260689,1,1,1999,15,15,15,15,15,15,15,15,15,15
260690,1,1,1999,0,0,0,0,0,0,0,0,0,0
260690,2,1,1999,0,0,0,0,0,0,0,0,0,0
260690,3,1,1999,0,0,0,0,0,0,0,0,0,0
260691,1,1,1999,20,20,20,20,20,20,20,20,20,20
260692,1,1,1999,0,0,0,0,0,0,0,0,0,0
260692,2,1,1999,0,0,0,0,19,17,0,0,0,0
260692,3,1,1999,0,0,0,0,0,0,0,0,0,0
260693,1,1,1999,3,0,0,0,0,0,0,10,0,0
260693,2,1,1999,0,5,20,12,0,0,0,0,0,15
260694,0,1,1999,4,4,4,4,4,4,4,4,4,4
260694,1,1,1999,0,0,0,0,0,0,0,0,0,0
260695,1,1,1999,0,0,0,0,0,0,0,0,0,0
260696,1,1,1999,0,0,0,0,0,0,0,0,0,0
260696,2,1,1999,0,0,0,0,0,0,0,0,0,0
260697,1,1,1999,14,14,12,12,0,9,5,18,12,5
260697,2,1,1999,18,18,18,18,18,18,18,18,18,18
260698,1,1,1999,38,11,9,24,6,10,20,10,19,15
260699,1,1,1999,0,0,0,0,0,0,0,0,0,0
260699,2,1,1999,0,0,0,0,0,0,0,0,0,0
260699,3,1,1999,0,0,0,0,0,0,0,0,0,0
260700,1,1,1999,17,17,17,17,17,17,17,17,17,17
260701,1,1,1999,14,2,0,0,0,8,19,17,0,0
260701,2,1,1999,0,0,5,0,0,0,22,0,14,0
260702,1,1,1999,0,0,0,0,0,0,0,0,0,0
260703,1,1,1999,0,0,0,0,0,0,0,0,0,0
260703,2,1,1999,12,12,12,12,12,12,12,12,12,12
260704,0,1,1999,0,20,32,0,0,0,0,0,0,0
260704,1,1,1999,9,9,9,9,9,9,9,9,9,9
260705,1,1,1999,0,0,0,0,0,0,0,0,0,0
260706,1,1,1999,0,0,0,0,0,0,0,0,0,0
260707,1,1,1999,0,0,0,0,0,0,0,0,0,0
260707,2,1,1999,0,0,0,0,0,0,0,0,0,0
260708,1,1,1999,0,0,0,0,0,6,0,0,0,31
260708,2,1,1999,8,0,14,0,0,0,0,10,14,7
260709,1,1,1999,24,24,24,24,24,24,24,24,24,24
260710,1,1,1999,0,0,0,0,0,0,0,0,0,0
260710,2,1,1999,0,0,0,0,0,0,0,0,0,0
260710,3,1,1999,0,5,0,0,0,0,0,0,0,0
260711,1,1,1999,0,16,12,7,0,18,0,0,0,8
260711,2,1,1999,0,0,0,0,0,0,0,0,0,0
260712,0,1,1999,0,0,0,0,0,0,0,0,0,0
260712,0,2,1999,0,0,0,0,9,0,0,0,0,0
260712,1,1,1999,0,2,0,0,0,7,7,0,0,0
260712,2,1,1999,0,0,0,0,8,0,0,0,0,0
260713,1,1,1999,0,0,0,0,0,0,0,0,0,0
260714,1,1,1999,15,15,15,15,15,15,15,15,15,15
260714,2,1,1999,0,0,0,0,0,0,0,0,0,0
260715,1,1,1999,18,18,18,18,18,18,18,18,18,18
260716,1,1,1999,0,0,0,0,0,0,0,0,0,0
260716,2,1,1999,4,4,4,4,4,4,4,4,4,4
260717,0,1,1999,0,0,0,0,0,0,0,0,0,0
260717,1,1,1999,0,0,0,0,0,0,0,0,0,0
260718,1,1,1999,16,23,14,27,12,16,14,19,15,13
260719,1,1,1999,16,5,14,5,11,30,22,28,22,13
260720,0,1,1999,0,0,0,0,0,0,0,0,0,0
260720,0,2,1999,0,12,11,8,9,0,30,0,5,10
260720,1,1,1999,22,22,22,22,22,22,22,22,22,22
260721,1,1,1999,0,0,0,0,0,0,0,0,0,0
260722,1,1,1999,0,0,0,0,0,0,0,0,0,0
260722,2,1,1999,0,0,0,0,0,0,0,0,0,0
260723,1,1,1999,9,0,6,0,0,0,16,21,16,21
260724,1,1,1999,21,21,21,21,21,21,21,21,21,21
260724,2,1,1999,4,4,4,4,4,4,4,4,4,4
260725,1,1,1999,0,0,0,0,0,0,0,0,0,0
260726,0,1,1999,0,0,0,0,0,0,0,0,0,0
260726,1,1,1999,0,0,0,0,0,0,0,0,0,0
260727,0,1,1999,19,19,19,19,19,19,19,19,19,19
260727,1,1,1999,10,24,0,0,0,0,0,3,20,0
260728,1,1,1999,12,0,0,0,0,0,18,0,0,0
260728,2,1,1999,0,0,0,0,0,0,0,0,0,0
260729,0,1,1999,0,0,0,0,0,0,0,0,0,0
260729,1,1,1999,7,7,7,7,7,7,7,7,7,7
260730,1,1,1999,0,0,0,0,0,0,0,10,0,0
260731,0,1,1999,0,0,28,0,0,0,0,0,0,0
260731,1,1,1999,21,21,21,21,21,21,21,21,21,21
260732,1,1,1999,18,18,18,18,18,18,18,18,18,18
260733,1,1,1999,0,0,0,0,0,0,0,0,0,0
260734,1,1,1999,0,0,0,0,0,0,0,0,0,0
260735,1,1,1999,0,0,0,0,0,0,0,0,0,0
260735,2,1,1999,0,0,0,0,0,0,0,0,0,0
260736,1,1,1999,0,0,0,0,0,0,0,0,0,0
260736,2,1,1999,0,0,0,0,0,0,0,0,0,0
260737,1,1,1999,0,0,0,0,0,0,0,0,0,0
260737,2,1,1999,0,0,0,0,0,0,0,0,0,0
260738,1,1,1999,0,0,0,0,0,0,0,0,0,0
260738,2,1,1999,0,0,0,0,0,0,0,0,0,0
260739,1,1,1999,14,13,7,15,26,21,20,29,12,11
260740,0,1,1999,0,0,0,0,0,0,0,0,0,0
260740,1,1,1999,0,0,0,0,0,0,0,0,0,0
260741,1,1,1999,0,0,0,0,0,0,0,0,0,0
260741,2,1,1999,0,0,0,0,0,0,0,0,0,0
260742,1,1,1999,11,11,11,11,11,11,11,11,11,11
260743,1,1,1999,0,0,0,0,0,0,0,0,0,0
260743,2,1,1999,0,0,0,0,0,0,0,0,0,0
260744,1,1,1999,0,0,0,0,0,0,0,0,0,0
260744,2,1,1999,0,0,0,0,0,0,0,0,0,0
260745,1,1,1999,0,0,0,0,0,0,0,0,0,0
260745,2,1,1999,0,0,0,0,0,0,0,0,0,0
260746,1,1,1999,12,9,15,22,9,6,14,12,18,13
260747,0,1,1999,19,19,19,19,19,19,19,19,19,19
260747,1,1,1999,0,0,0,0,0,0,0,0,0,0
260748,1,1,1999,23,23,23,23,23,23,23,23,23,23
260749,1,1,1999,0,0,0,0,0,0,0,0,0,0
260750,1,1,1999,0,0,0,0,0,0,0,0,0,0
260750,2,1,1999,0,0,0,0,0,0,0,0,0,0
260751,1,1,1999,22,22,22,22,22,22,22,22,22,22
260752,1,1,1999,0,0,0,0,0,0,0,0,0,0
260753,1,1,1999,0,0,0,0,0,0,0,0,0,0
260753,2,1,1999,0,0,0,0,0,0,0,0,0,0
260754,1,1,1999,28,28,28,28,28,28,28,28,28,28
260755,1,1,1999,17,17,17,17,17,17,17,17,17,17
260756,1,1,1999,29,29,29,29,29,29,29,29,29,29
260757,1,1,1999,20,20,20,20,20,20,20,20,20,20
260758,1,1,1999,0,0,0,0,0,0,0,0,0,0
260758,2,1,1999,0,0,0,0,0,0,0,0,0,0
260758,3,1,1999,0,0,0,0,0,0,10,0,0,0
260759,0,1,1999,0,0,0,0,0,0,0,0,0,0
260759,1,1,1999,0,0,0,0,0,0,0,0,0,0
260760,1,1,1999,0,0,0,0,0,0,0,0,0,0
260760,2,1,1999,0,0,0,0,0,0,0,0,0,0
260761,1,1,1999,0,0,0,0,0,0,0,0,0,0
260761,2,1,1999,0,0,0,0,0,0,0,0,0,0
260762,1,1,1999,0,0,0,0,0,0,0,0,0,0
260762,2,1,1999,0,0,0,0,0,0,0,0,0,0
260763,1,1,1999,21,21,21,21,21,21,21,21,21,21
260763,2,1,1999,0,0,0,0,0,0,0,0,0,0
260764,1,1,1999,0,0,0,0,0,0,0,0,0,0
260764,2,1,1999,0,0,0,0,0,0,0,0,0,0
260765,1,1,1999,43,43,43,43,43,43,43,43,43,43
260765,2,1,1999,0,0,0,0,0,0,0,0,0,0
260766,1,1,1999,8,8,8,8,8,8,8,8,8,8
260768,1,1,1999,0,0,0,0,0,0,0,0,0,0
260768,2,1,1999,0,0,0,0,0,0,0,0,0,0
260769,1,1,1999,21,21,21,21,21,21,21,21,21,21
260770,1,1,1999,0,0,0,0,0,0,0,0,0,0
260771,1,1,1999,4,4,4,4,4,4,4,4,4,4
260772,1,1,1999,2,2,2,2,2,2,2,2,2,2
260773,1,1,1999,6,6,6,6,6,6,6,6,6,6
260774,1,1,1999,0,0,0,0,0,0,0,0,0,0
260774,2,1,1999,0,0,0,0,0,0,0,0,0,0
260775,1,1,1999,0,0,0,0,0,0,0,0,0,0
260775,2,1,1999,0,0,0,0,0,0,0,0,0,0
260776,1,1,1999,30,30,30,30,30,30,30,30,30,30
260777,1,1,1999,0,0,0,0,0,0,0,0,0,0
260779,1,1,1999,0,0,0,0,0,0,0,0,0,0
260779,2,1,1999,0,0,0,0,0,0,0,0,0,0
260780,1,1,1999,15,15,15,15,15,15,15,15,15,15
260781,1,1,1999,18,15,14,17,17,8,11,16,15,27
260782,0,1,1999,0,0,0,0,0,0,0,0,0,0
260782,1,1,1999,0,0,0,0,0,0,0,0,0,0
260783,1,1,1999,20,20,20,20,20,20,20,20,20,20
260784,1,1,1999,0,0,0,0,0,0,0,0,0,0
260784,2,1,1999,0,0,0,0,0,0,0,0,0,0
260785,0,1,1999,16,16,16,16,16,16,16,16,16,16
260785,1,1,1999,0,0,0,0,0,0,0,0,0,0
260786,1,1,1999,0,0,0,0,0,0,0,0,0,0
260786,2,1,1999,0,0,0,0,0,0,0,0,0,0
260787,1,1,1999,15,15,15,15,15,15,15,15,15,15
260788,1,1,1999,0,0,0,0,0,0,0,0,0,0
260789,1,1,1999,7,6,25,21,22,0,19,19,35,6
260790,1,1,1999,0,0,0,0,0,0,0,0,0,0
260790,2,1,1999,0,0,0,0,0,0,0,0,0,0
260791,1,1,1999,0,0,0,0,0,0,0,0,0,0
260791,2,1,1999,0,0,0,0,0,0,30,0,0,0
260792,1,1,1999,9,9,9,9,9,9,9,9,9,9
260793,1,1,1999,0,0,0,0,0,0,0,0,0,0
260793,2,1,1999,0,0,0,0,0,0,0,0,0,0
260793,3,1,1999,0,0,0,0,0,0,0,0,0,0
260794,1,1,1999,7,7,7,7,7,7,7,7,7,7
260795,1,1,1999,0,0,0,0,0,0,0,0,0,0
260795,2,1,1999,0,0,0,4,0,0,0,15,0,0
260796,0,1,1999,32,32,32,32,32,32,32,32,32,32
260796,1,1,1999,0,0,0,0,0,0,0,0,0,0
260797,1,1,1999,21,21,21,21,21,21,21,21,21,21
260798,1,1,1999,0,0,0,0,0,0,0,0,0,0
260798,2,1,1999,24,24,24,24,24,24,24,24,24,24
260798,3,1,1999,0,0,0,0,0,0,0,0,0,0
260799,1,1,1999,0,0,0,0,0,0,0,0,0,0
260799,2,1,1999,0,0,0,0,0,0,0,0,0,0
260800,1,1,1999,0,0,0,0,0,0,0,0,0,0
260801,1,1,1999,11,11,11,11,11,11,11,11,11,11
260802,1,1,1999,12,12,12,12,12,12,12,12,12,12
260803,1,1,1999,14,14,14,14,14,14,14,14,14,14
260804,1,1,1999,0,0,0,0,0,0,0,0,0,0
260804,2,1,1999,0,0,0,0,0,0,0,0,0,0
260805,0,1,1999,0,0,0,0,0,0,0,0,0,0
260805,1,1,1999,0,0,0,0,0,0,0,0,0,0
260806,1,1,1999,18,18,18,18,18,18,18,18,18,18
260807,1,1,1999,26,26,26,26,26,26,26,26,26,26
260807,2,1,1999,0,0,0,0,0,0,0,0,0,0
260808,1,1,1999,0,0,0,0,0,0,0,0,0,0
260809,1,1,1999,20,20,20,20,20,20,20,20,20,20
260809,2,1,1999,0,0,0,0,0,0,0,0,0,0
260809,3,1,1999,0,0,0,0,0,0,0,0,0,0
260809,4,1,1999,0,0,0,0,0,0,0,0,0,0
260810,1,1,1999,19,0,0,33,14,29,22,16,28,10
260811,0,1,1999,0,0,0,0,0,0,0,0,0,0
260811,1,1,1999,0,0,0,0,0,0,0,0,0,0
260812,1,1,1999,0,0,0,0,0,0,0,0,0,0
260812,2,1,1999,0,0,0,0,0,0,0,0,0,0
260812,3,1,1999,0,0,0,0,0,0,0,0,0,0
260813,1,1,1999,0,0,0,0,0,0,0,0,0,0
260813,2,1,1999,0,0,0,0,0,0,0,0,0,0
260813,3,1,1999,0,0,0,0,0,0,0,0,0,0
260813,4,1,1999,0,0,0,0,0,0,0,0,0,0
260814,1,1,1999,0,0,0,0,0,0,0,0,0,0
260815,1,1,1999,0,0,0,0,0,0,0,0,0,0
260815,2,1,1999,0,0,0,0,0,0,0,0,0,0
260816,1,1,1999,0,0,0,0,0,0,0,0,0,0
260816,2,1,1999,0,0,0,0,0,0,0,0,0,0
260817,1,1,1999,0,0,0,0,0,0,0,0,0,0
260817,2,1,1999,0,0,0,0,0,0,0,0,0,0
260818,1,1,1999,0,0,0,6,0,0,0,0,0,0
260818,2,1,1999,0,0,0,0,0,0,0,0,0,0
260818,3,1,1999,0,0,0,0,0,0,0,0,0,0
260819,1,1,1999,25,25,25,25,25,25,25,25,25,25
260820,1,1,1999,0,25,0,3,4,11,12,17,0,4
260821,1,1,1999,0,0,0,0,0,0,0,0,0,0
260821,2,1,1999,11,0,0,2,3,0,0,0,0,0
260822,1,1,1999,0,0,0,0,0,0,0,0,0,0
260822,2,1,1999,0,0,0,0,0,0,0,0,0,0
260823,1,1,1999,17,17,17,17,17,17,17,17,17,17
260824,1,1,1999,0,0,0,0,0,0,0,0,0,0
260824,2,1,1999,0,0,0,0,0,0,0,0,0,0
260825,0,1,1999,0,0,0,0,0,0,0,0,0,0
260825,1,1,1999,0,0,0,0,0,0,0,0,0,0
260826,1,1,1999,0,0,0,0,0,0,0,0,0,0
260827,0,1,1999,0,23,35,0,42,0,30,0,0,8
260827,1,1,1999,0,0,0,0,0,0,0,0,0,0
260828,1,1,1999,0,0,0,0,0,0,0,0,0,0
260828,2,1,1999,0,0,0,0,0,0,0,0,0,0
260829,0,1,1999,0,0,0,0,0,0,0,0,0,0
260829,1,1,1999,0,0,0,0,0,0,0,0,0,0
260830,1,1,1999,27,27,27,27,27,27,27,27,27,27
260830,2,1,1999,0,0,0,0,0,0,0,0,0,0
260831,0,1,1999,9,9,9,9,9,9,9,9,9,9
260831,1,1,1999,0,0,0,0,0,0,0,0,0,0
260832,1,1,1999,14,14,14,14,14,14,14,14,14,14
260832,2,1,1999,0,0,0,0,0,15,0,0,0,0
260832,3,1,1999,0,0,0,0,0,0,0,0,0,0
260833,1,1,1999,0,0,0,0,0,0,0,0,0,0
260834,1,1,1999,0,0,0,0,0,0,0,0,0,0
260834,2,1,1999,0,0,0,0,0,0,0,0,0,0
260835,0,1,1999,0,0,0,0,0,13,0,0,0,0
260835,0,2,1999,0,0,0,0,0,0,0,0,0,0
260835,0,3,1999,0,48,0,0,0,0,0,0,0,0
260835,1,1,1999,0,0,0,0,0,0,0,0,0,0
260836,1,1,1999,24,24,24,24,24,24,24,24,24,24
260837,0,1,1999,24,20,0,0,0,26,0,0,0,0
260837,1,1,1999,0,12,4,0,0,0,0,0,0,0
260838,1,1,1999,16,16,16,16,16,16,16,16,16,16
260839,1,1,1999,43,0,18,0,18,6,15,26,22,23
260840,1,1,1999,16,16,16,16,16,16,16,16,16,16
260841,1,1,1999,0,0,0,0,0,0,0,0,0,0
260841,2,1,1999,0,0,0,0,0,0,0,0,0,0
260842,0,1,1999,0,0,0,0,0,0,0,0,0,0
260842,1,1,1999,0,0,0,0,0,0,0,0,0,0
260843,1,1,1999,0,0,0,0,0,0,0,0,0,0
260844,0,1,1999,0,0,0,0,0,0,0,0,0,0
260844,1,1,1999,0,0,0,0,0,0,0,0,0,0
260845,1,1,1999,0,0,0,0,0,0,0,0,0,0
260845,2,1,1999,24,24,24,24,24,24,24,24,24,24
260846,1,1,1999,27,27,27,27,27,27,27,27,27,27
260847,1,1,1999,0,0,0,0,0,0,0,0,0,0
260847,2,1,1999,0,0,0,0,0,0,0,0,0,0
260848,1,1,1999,0,0,0,0,0,0,0,0,0,0
260849,1,1,1999,17,17,17,17,17,17,17,17,17,17
260850,1,1,1999,0,0,0,0,0,0,0,0,0,0
260850,2,1,1999,0,0,0,0,0,0,0,12,0,0
260850,3,1,1999,0,0,0,0,0,0,0,0,0,0
260851,1,1,1999,31,31,31,31,31,31,31,31,31,31
260852,1,1,1999,9,9,9,9,9,9,9,9,9,9
260852,2,1,1999,0,0,0,0,0,0,0,0,0,0
260853,1,1,1999,16,16,16,16,16,16,16,16,16,16
260854,1,1,1999,14,14,14,14,14,14,14,14,14,14
260854,2,1,1999,0,0,0,0,0,0,0,0,0,0
260854,3,1,1999,0,0,0,0,0,0,0,0,0,0
260855,1,1,1999,0,0,0,0,0,0,0,0,0,0
260855,2,1,1999,0,0,0,0,0,0,0,0,0,0
260856,1,1,1999,0,0,0,0,0,0,0,0,5,0
260856,2,1,1999,0,0,0,0,0,0,0,0,0,0
260857,1,1,1999,31,31,31,31,31,31,31,31,31,31
260858,0,1,1999,0,0,0,0,0,0,0,0,0,0
260858,1,1,1999,0,0,0,0,0,0,0,0,0,0
260859,1,1,1999,0,0,0,0,0,0,0,0,0,0
260859,2,1,1999,0,0,0,0,0,0,0,0,0,0
260860,1,1,1999,0,0,0,0,0,0,0,0,0,0
260860,2,1,1999,0,0,0,0,0,0,0,0,0,0
260861,1,1,1999,26,26,26,26,26,26,26,26,26,26
260862,1,1,1999,20,20,20,20,20,20,20,20,20,20
260863,1,1,1999,10,10,10,10,10,10,10,10,10,10
260864,1,1,1999,0,0,0,0,0,0,0,0,0,0
260865,1,1,1999,16,16,16,16,16,16,16,16,16,16
260866,0,1,1999,23,23,23,23,23,23,23,23,23,23
260866,1,1,1999,0,0,0,0,0,0,0,18,0,0
260867,1,1,1999,0,0,0,0,0,0,0,0,0,0
260867,2,1,1999,0,0,0,0,0,0,0,0,0,0
260868,1,1,1999,22,22,22,22,22,22,22,22,22,22
260868,2,1,1999,0,0,0,0,0,0,0,0,0,0
260869,1,1,1999,0,0,0,0,0,0,0,0,0,0
260870,1,1,1999,0,0,0,0,0,0,0,0,0,0
260870,2,1,1999,0,0,0,0,0,0,0,0,0,0
260871,1,1,1999,24,24,24,24,24,24,24,24,24,24
260872,1,1,1999,0,0,0,0,0,0,0,0,0,0
260873,0,1,1999,0,0,0,0,0,0,0,14,0,0
260873,1,1,1999,0,0,0,8,0,0,0,0,0,0
260874,1,1,1999,12,12,12,12,12,12,12,12,12,12
260875,1,1,1999,25,25,25,25,25,25,25,25,25,25