ST_CASE,VEH_NO,PER_NO,YEAR,P1,P2,P3,P4,P5,P6,P7,P8,P9,P10
261133,1,1,1999,0,0,0,0,0,0,0,0,0,0
261133,2,1,1999,0,0,0,0,0,0,0,0,0,0
261134,1,1,1999,0,0,0,0,0,0,0,0,0,0
261134,2,1,1999,0,0,0,0,0,0,0,0,0,0
261135,1,1,1999,0,0,0,0,0,0,0,0,0,0
261135,2,1,1999,8,8,8,8,8,8,8,8,8,8
261136,0,1,1999,0,0,0,0,0,0,0,0,0,0
261136,1,1,1999,0,0,0,0,0,0,0,0,0,0
261137,1,1,1999,0,0,0,0,0,0,0,0,0,0
261137,2,1,1999,0,0,0,0,0,0,0,0,0,0
261138,1,1,1999,0,0,0,0,0,0,0,0,0,0
261138,2,1,1999,0,0,0,0,0,0,0,0,0,0
261139,1,1,1999,0,0,0,0,0,0,0,0,0,0
261140,0,1,1999,0,0,0,0,0,0,0,0,0,0
261140,1,1,1999,0,0,0,0,0,0,0,0,0,0
261141,1,1,1999,18,18,18,18,18,18,18,18,18,18
261141,2,1,1999,0,0,0,0,0,0,0,0,0,0
261142,1,1,1999,0,0,0,0,0,0,0,0,0,0
261142,2,1,1999,0,0,0,0,0,0,0,0,0,0
261143,1,1,1999,0,0,0,0,0,0,0,0,0,0
261143,2,1,1999,0,0,0,0,0,0,0,0,0,0
261144,1,1,1999,19,19,19,19,19,19,19,19,19,19
261145,1,1,1999,0,0,0,0,0,0,0,0,0,0
261146,1,1,1999,0,0,0,0,0,0,0,0,0,0
261146,2,1,1999,0,0,0,0,0,0,0,0,0,0
261147,1,1,1999,21,21,21,21,21,21,21,21,21,21
261148,1,1,1999,0,0,0,0,0,0,0,0,0,0
261148,2,1,1999,0,0,0,0,0,0,0,0,0,0
261148,3,1,1999,0,0,0,0,0,0,0,0,0,0
261149,1,1,1999,0,0,0,0,0,0,0,0,0,0
261149,2,1,1999,0,0,0,0,0,0,0,0,0,0
261150,1,1,1999,39,39,39,39,39,39,39,39,39,39
261150,2,1,1999,0,0,0,0,0,0,0,0,0,0
261151,0,1,1999,29,29,29,29,29,29,29,29,29,29
261151,1,1,1999,0,0,7,0,0,0,5,0,0,0
261152,1,1,1999,15,15,15,15,15,15,15,15,15,15
261153,1,1,1999,0,5,14,0,0,0,0,0,0,8
261153,2,1,1999,0,0,0,0,0,0,0,0,0,0
261153,3,1,1999,0,10,0,0,0,0,0,0,0,0
261154,1,1,1999,18,18,18,18,18,18,18,18,18,18
261154,2,1,1999,17,0,0,13,0,0,0,0,0,0
261155,0,1,1999,11,24,16,18,8,28,21,16,27,17
261155,1,1,1999,0,0,0,0,0,0,0,0,0,0
261156,1,1,1999,0,0,0,0,0,0,0,0,0,0
261156,2,1,1999,0,0,0,0,0,0,0,0,0,0
261157,1,1,1999,0,0,0,0,0,0,0,0,0,0
261158,1,1,1999,0,0,0,0,0,0,0,0,0,0
261158,2,1,1999,0,0,0,0,0,0,0,0,0,0
261159,1,1,1999,0,0,0,0,0,0,0,0,0,0
261159,2,1,1999,0,0,0,0,0,0,0,0,0,0
261160,1,1,1999,0,0,0,0,0,0,0,0,0,0
261161,1,1,1999,0,0,0,0,0,0,0,0,0,0
261161,2,1,1999,0,13,0,0,0,0,0,0,0,0
261162,0,1,1999,0,0,0,0,0,0,0,0,0,0
261162,1,1,1999,0,0,0,0,0,0,0,0,0,16
261163,1,1,1999,30,30,30,30,30,30,30,30,30,30
261164,0,1,1999,9,9,9,9,9,9,9,9,9,9
261164,1,1,1999,0,0,0,20,0,0,15,12,0,14
261165,0,1,1999,0,0,0,0,0,0,0,0,0,0
261165,1,1,1999,0,0,0,0,0,0,0,0,0,0
261166,1,1,1999,0,21,0,0,0,18,0,14,0,19
261166,2,1,1999,0,9,0,13,0,0,19,0,8,0
261167,0,1,1999,8,8,8,8,8,8,8,8,8,8
261167,1,1,1999,0,0,0,0,0,0,0,0,0,0
261168,1,1,1999,0,0,0,0,0,0,0,0,0,0
261168,2,1,1999,0,0,0,0,0,0,0,0,0,0
261169,1,1,1999,0,0,0,0,0,0,0,0,0,0
261169,2,1,1999,0,0,0,0,0,0,0,0,0,0
261170,1,1,1999,21,0,0,0,34,0,0,0,0,0
261170,2,1,1999,0,0,0,0,0,0,0,0,0,0
261171,1,1,1999,0,0,0,0,0,0,0,0,0,0
261172,1,1,1999,17,17,17,17,17,17,17,17,17,17
261173,1,1,1999,0,0,0,0,0,0,0,0,0,0
261173,2,1,1999,0,0,0,0,0,0,0,16,0,0
261175,0,1,1999,0,27,0,25,15,39,0,0,0,17
261175,0,2,1999,0,0,0,0,0,10,0,0,0,0
261175,1,1,1999,0,0,0,0,0,0,11,0,18,0
261176,1,1,1999,7,7,7,7,7,7,7,7,7,7
261177,1,1,1999,0,0,0,0,0,0,0,0,0,0
261178,1,1,1999,0,0,0,0,0,0,0,0,0,0
261178,2,1,1999,0,0,0,0,0,0,0,0,0,0
261178,3,1,1999,0,0,0,0,0,0,0,0,0,0
261179,1,1,1999,13,13,13,13,13,13,13,13,13,13
261179,2,1,1999,0,29,15,0,0,0,0,21,0,0
261180,1,1,1999,0,0,0,0,0,0,0,0,0,0
261180,2,1,1999,0,15,0,0,0,0,0,0,0,0
261181,1,1,1999,17,7,11,18,14,6,9,9,14,14
261182,1,1,1999,8,8,8,8,8,8,8,8,8,8
261182,2,1,1999,0,0,0,0,0,0,0,0,0,0
261183,1,1,1999,0,0,11,22,1,0,6,0,10,17
261183,2,1,1999,0,0,0,0,0,0,0,0,0,0
261184,1,1,1999,0,0,0,0,0,0,0,0,0,0
261184,2,1,1999,0,0,0,0,0,0,0,0,0,0
261185,1,1,1999,0,0,0,0,0,0,0,0,0,0
261186,1,1,1999,0,0,0,0,0,0,0,0,0,0
261186,2,1,1999,1,1,1,1,1,1,1,1,1,1
261186,3,1,1999,4,4,4,4,4,4,4,4,4,4
261187,1,1,1999,20,20,20,20,20,20,20,20,20,20
261188,1,1,1999,13,15,7,16,33,27,16,21,15,18
261189,0,1,1999,0,0,0,0,0,0,0,0,0,0
261189,1,1,1999,0,0,0,0,0,0,0,0,0,0
261190,1,1,1999,0,0,0,0,0,0,0,0,0,0
261190,2,1,1999,0,0,0,0,0,0,0,0,0,0
261190,3,1,1999,0,0,0,0,0,0,0,0,0,0
261191,1,1,1999,0,0,0,0,0,0,0,0,0,0
261191,2,1,1999,0,0,0,0,0,0,0,0,0,0
261191,3,1,1999,0,0,0,0,0,0,0,0,0,0
261192,1,1,1999,0,0,0,0,0,0,0,0,0,0
261193,1,1,1999,18,18,18,18,18,18,18,18,18,18
261194,1,1,1999,0,0,0,0,0,0,0,0,0,0
261195,1,1,1999,0,29,4,0,0,23,0,0,0,0
261195,2,1,1999,0,0,0,0,9,0,0,0,0,0
261196,1,1,1999,0,0,0,0,0,0,0,0,3,0
261197,1,1,1999,11,11,11,11,11,11,11,11,11,11
261198,1,1,1999,0,0,0,0,0,0,0,0,0,0
261198,2,1,1999,0,0,0,0,0,0,0,0,0,0
261198,3,1,1999,0,0,0,0,0,0,0,0,0,0
261199,1,1,1999,0,0,0,0,0,0,0,0,0,0
261199,2,1,1999,0,0,0,0,0,0,0,0,0,0
261200,1,1,1999,0,5,0,0,0,0,0,0,0,0
261200,2,1,1999,0,0,0,0,0,0,0,0,0,0
261201,1,1,1999,0,0,0,0,0,0,0,0,0,0
261202,1,1,1999,0,0,0,0,0,0,0,0,0,0
261203,0,1,1999,12,12,12,12,12,12,12,12,12,12
261203,1,1,1999,15,15,15,15,15,15,15,15,15,15
261204,0,1,1999,0,0,0,0,0,0,0,19,0,0
261204,1,1,1999,1,1,1,1,1,1,1,1,1,1
261205,1,1,1999,16,16,16,16,16,16,16,16,16,16
261206,1,1,1999,0,0,0,0,0,0,0,0,0,0
261206,2,1,1999,0,0,0,0,0,0,0,0,0,0
261207,1,1,1999,23,23,23,23,23,23,23,23,23,23
261208,1,1,1999,0,0,0,0,0,0,0,0,0,0
261208,2,1,1999,0,0,0,0,0,0,0,0,0,0
261209,1,1,1999,0,0,15,0,0,0,0,0,0,0
261209,2,1,1999,0,0,0,0,0,0,0,7,0,32
261210,1,1,1999,18,18,18,18,18,18,18,18,18,18
261211,1,1,1999,19,19,19,19,19,19,19,19,19,19
261212,1,1,1999,20,20,20,20,20,20,20,20,20,20
261213,1,1,1999,1,1,1,1,1,1,1,1,1,1
261214,1,1,1999,17,0,15,8,13,0,0,17,0,4
261214,2,1,1999,21,23,18,0,25,3,29,0,0,0
261215,0,1,1999,0,0,0,0,0,0,0,0,22,0
261215,1,1,1999,0,0,0,0,0,0,0,0,0,0
261216,0,1,1999,18,18,18,18,18,18,18,18,18,18
261216,1,1,1999,4,9,0,9,0,0,13,29,31,0
261217,1,1,1999,2,2,2,2,2,2,2,2,2,2
261217,2,1,1999,0,0,0,0,0,0,0,0,0,0
261218,1,1,1999,4,4,4,4,4,4,4,4,4,4
261219,1,1,1999,0,0,0,0,0,0,0,0,0,0
261219,2,1,1999,0,0,0,0,0,0,0,0,0,0
261220,1,1,1999,0,0,0,0,0,0,0,0,0,0
261220,2,1,1999,0,0,0,0,0,0,0,0,0,0
261221,0,1,1999,0,0,0,0,0,0,0,0,0,0
261221,0,2,1999,25,25,25,25,25,25,25,25,25,25
261221,2,1,1999,2,0,10,0,0,0,0,0,0,0
261222,1,1,1999,13,13,13,13,13,13,13,13,13,13
261222,2,1,1999,0,0,0,0,0,0,0,0,0,13
261223,1,1,1999,0,0,22,10,0,0,21,20,0,29
261224,1,1,1999,23,23,23,23,23,23,23,23,23,23
261225,1,1,1999,0,0,0,0,0,0,0,0,0,0
261225,2,1,1999,0,0,0,0,0,0,0,0,0,0
261226,1,1,1999,0,0,0,0,0,0,0,0,0,0
261227,0,1,1999,20,16,27,27,40,12,36,18,19,9
261227,1,1,1999,0,0,0,0,0,0,0,0,0,0
261228,1,1,1999,0,0,0,0,0,0,0,0,0,0
261228,2,1,1999,0,0,0,0,0,0,0,0,0,0
261228,3,1,1999,0,0,0,0,0,0,0,0,0,0
261229,1,1,1999,12,12,12,12,12,12,12,12,12,12
261230,1,1,1999,18,18,18,18,18,18,18,18,18,18
261231,0,1,1999,0,0,0,0,0,0,0,0,0,0
261231,1,1,1999,0,0,0,0,0,0,0,0,0,0
261232,1,1,1999,0,0,0,0,0,0,0,0,0,0
261232,2,1,1999,0,0,0,0,0,0,0,0,0,0
261232,3,1,1999,22,0,0,0,0,0,0,0,0,0
261233,1,1,1999,0,0,0,0,0,0,0,0,0,0
261234,1,1,1999,0,0,0,0,0,0,0,0,0,0
261235,1,1,1999,9,9,9,9,9,9,9,9,9,9
261235,2,1,1999,0,0,0,0,0,0,0,0,0,0
261236,1,1,1999,24,24,24,24,24,24,24,24,24,24
261236,2,1,1999,0,0,0,0,0,0,0,0,0,0
261237,0,1,1999,0,0,0,0,0,0,0,0,0,0
261237,1,1,1999,0,0,0,0,0,0,0,0,0,0
261238,1,1,1999,0,0,0,0,0,0,0,0,0,0
261238,2,1,1999,0,0,0,0,0,0,0,0,0,0
261239,1,1,1999,0,0,0,0,0,0,0,0,0,0
261239,2,1,1999,0,0,0,0,0,0,0,0,0,0
261240,1,1,1999,12,12,12,12,12,12,12,12,12,12
261241,1,1,1999,17,17,17,17,17,17,17,17,17,17
261241,2,1,1999,0,0,0,0,0,0,0,0,0,0
261242,1,1,1999,0,0,0,0,0,0,0,0,0,0
261242,2,1,1999,0,0,0,0,0,0,0,0,0,0
261243,1,1,1999,0,0,0,0,0,0,0,0,0,0
261243,2,1,1999,3,3,3,3,3,3,3,3,3,3
261244,1,1,1999,0,0,0,0,0,0,24,0,0,0
261244,2,1,1999,0,0,0,0,0,0,0,0,0,0
261245,1,1,1999,0,0,0,0,0,0,0,0,0,0
261245,2,1,1999,0,0,0,0,0,0,0,0,0,0
261245,3,1,1999,0,0,0,0,0,0,0,0,0,0
261246,1,1,1999,0,0,0,0,0,0,0,0,0,0
261247,1,1,1999,0,0,0,0,0,0,0,0,0,0
261247,2,1,1999,11,11,11,11,11,11,11,11,11,11
261248,1,1,1999,0,0,0,0,0,0,0,15,0,0
261248,2,1,1999,0,0,0,0,0,0,0,0,0,0
261249,1,1,1999,0,0,0,0,0,0,0,0,0,0
261249,2,1,1999,0,0,0,0,0,0,0,0,0,0
261250,1,1,1999,0,0,0,0,0,0,0,0,0,0
261250,2,1,1999,0,0,0,0,0,0,0,0,0,0
261251,1,1,1999,0,0,0,0,0,0,0,0,0,0
261251,2,1,1999,0,0,0,0,0,0,0,0,0,0
261252,0,1,1999,0,0,0,0,0,0,0,0,0,0
261252,1,1,1999,0,0,0,0,0,0,0,0,0,0
261253,0,1,1999,0,0,0,0,0,10,0,0,0,0
261253,1,1,1999,0,0,0,0,0,0,0,0,0,0
270001,1,1,1999,0,0,0,0,0,0,0,0,0,0
270002,1,1,1999,12,12,12,12,12,12,12,12,12,12
270003,1,1,1999,0,0,0,0,0,0,0,0,0,0
270003,2,1,1999,0,0,0,0,0,0,0,0,0,0
270004,1,1,1999,27,27,27,27,27,27,27,27,27,27
270005,1,1,1999,0,0,0,0,0,0,0,0,0,0
270005,2,1,1999,0,0,0,0,0,0,0,0,0,0
270006,1,1,1999,0,0,0,0,0,0,0,0,0,0
270006,2,1,1999,0,0,0,0,0,0,0,0,0,0
270007,1,1,1999,0,0,0,0,0,0,0,0,0,0
270007,2,1,1999,0,0,0,14,0,0,0,0,0,0
270007,3,1,1999,0,0,0,0,0,0,0,0,0,0
270008,0,1,1999,0,0,0,0,0,0,0,0,0,0
270008,1,1,1999,0,0,0,0,0,0,0,0,0,0
270009,1,1,1999,13,13,13,13,13,13,13,13,13,13
270010,1,1,1999,0,0,0,0,0,0,0,0,0,0
270010,2,1,1999,0,0,0,0,0,0,0,0,0,0
270011,1,1,1999,0,0,0,0,0,0,0,0,0,0
270011,2,1,1999,0,0,0,0,0,0,0,0,0,0
270012,1,1,1999,0,0,0,0,0,0,8,0,0,0
270013,0,1,1999,0,0,0,0,0,0,0,0,0,0
270013,1,1,1999,0,0,0,0,0,0,0,0,0,0
270013,2,1,1999,0,0,0,0,0,0,0,0,0,0
270014,1,1,1999,0,0,0,0,0,0,0,0,0,0
270014,2,1,1999,0,0,0,0,0,0,0,0,0,0
270015,1,1,1999,0,0,0,0,5,0,0,0,0,0
270015,2,1,1999,0,0,0,0,0,0,0,0,0,0
270016,1,1,1999,0,0,0,0,0,0,0,0,0,0
270016,2,1,1999,0,0,0,0,0,0,0,0,0,0
270017,0,1,1999,0,0,0,0,0,0,0,0,0,0
270017,1,1,1999,0,0,0,0,0,0,0,0,0,0
270018,1,1,1999,18,18,18,18,18,18,18,18,18,18
270018,2,1,1999,0,0,0,0,0,0,0,0,0,0
270019,1,1,1999,0,0,0,0,0,0,0,0,0,0
270019,2,1,1999,0,0,0,0,0,0,0,0,0,0
270020,1,1,1999,0,0,0,0,0,0,0,0,0,0
270020,2,1,1999,0,0,0,0,0,0,0,0,0,0
270021,1,1,1999,0,0,0,0,0,0,0,0,0,0
270021,2,1,1999,0,0,0,0,0,0,0,0,0,0
270022,1,1,1999,0,0,0,0,0,0,0,0,0,0
270022,2,1,1999,0,0,0,0,0,0,0,0,0,0
270023,1,1,1999,0,0,0,0,0,0,0,0,0,0
270023,2,1,1999,0,0,0,0,0,0,0,0,0,0
270024,0,1,1999,0,0,0,0,0,0,0,0,0,0
270024,1,1,1999,0,0,0,0,0,0,0,0,0,0
270025,1,1,1999,0,0,0,0,0,0,0,0,0,0
270025,2,1,1999,0,0,0,0,0,0,0,0,0,0
270026,1,1,1999,0,0,0,0,0,0,0,0,0,0
270027,1,1,1999,0,0,0,0,0,0,0,0,0,0
270027,2,1,1999,0,0,0,0,0,0,0,0,0,0
270028,0,1,1999,0,0,0,0,0,0,0,0,0,0
270028,1,1,1999,0,0,0,0,0,0,0,0,0,0
270029,1,1,1999,0,0,0,0,0,0,0,0,0,0
270029,2,1,1999,0,0,0,0,0,0,0,0,0,0
270030,1,1,1999,16,16,16,16,16,16,16,16,16,16
270030,2,1,1999,0,0,0,0,0,0,0,0,0,0
270031,1,1,1999,0,0,0,0,0,0,0,0,0,0
270032,1,1,1999,0,0,0,0,0,0,0,0,0,0
270032,2,1,1999,0,0,0,0,0,0,0,0,0,0
270033,1,1,1999,0,0,0,0,0,0,0,0,0,0
270033,2,1,1999,0,0,0,0,0,0,0,0,0,0
270034,1,1,1999,0,0,0,0,0,0,0,0,0,0
270035,0,1,1999,0,0,0,0,0,0,0,0,0,0
270035,1,1,1999,0,0,0,0,0,0,0,0,0,0
270036,0,1,1999,0,0,0,0,0,0,0,0,0,0
270036,1,1,1999,0,0,0,0,0,0,0,0,0,0
270037,1,1,1999,0,0,0,0,0,0,0,0,0,0
270037,2,1,1999,0,0,0,0,0,0,0,0,0,0
270038,1,1,1999,0,0,0,0,0,0,0,0,0,0
270038,2,1,1999,0,0,0,0,0,0,0,0,0,0
270039,1,1,1999,0,0,0,0,0,0,0,0,0,0
270039,2,1,1999,0,0,0,0,0,0,0,0,0,0
270039,3,1,1999,0,0,0,0,0,0,0,0,0,0
270040,0,1,1999,30,30,30,30,30,30,30,30,30,30
270040,1,1,1999,0,0,0,0,0,0,0,0,0,0
270041,1,1,1999,0,0,0,0,0,0,0,0,0,0
270042,0,1,1999,0,0,0,0,0,0,0,0,0,0
270042,1,1,1999,0,0,0,0,9,0,0,0,0,0
270043,1,1,1999,25,25,25,25,25,25,25,25,25,25
270043,2,1,1999,0,0,0,0,0,0,0,0,0,0
270044,0,1,1999,0,0,0,0,0,0,0,0,0,0
270044,1,1,1999,0,0,0,0,0,0,0,0,0,0
270045,1,1,1999,22,13,0,20,12,0,7,20,25,0
270046,0,1,1999,0,0,0,0,0,0,0,0,0,0
270046,1,1,1999,0,0,0,0,0,0,0,0,0,0
270047,1,1,1999,0,0,0,0,0,0,0,0,0,0
270047,2,1,1999,0,0,0,0,0,0,0,0,0,0
270048,1,1,1999,0,0,0,0,0,0,0,0,0,0
270048,2,1,1999,0,0,0,0,0,0,0,0,0,0
270049,1,1,1999,0,0,0,0,0,0,0,0,0,0
270049,2,1,1999,0,0,0,0,0,0,0,0,0,0
270050,1,1,1999,8,8,8,8,8,8,8,8,8,8
270050,2,1,1999,0,0,0,0,0,0,0,0,0,0
270051,0,1,1999,11,11,11,11,11,11,11,11,11,11
270051,1,1,1999,22,0,0,0,0,12,0,0,10,0
270052,1,1,1999,0,0,0,0,0,0,0,0,0,0
270053,1,1,1999,0,0,0,0,0,0,0,0,0,0
270053,2,1,1999,0,0,0,0,0,0,0,0,0,0
270054,1,1,1999,0,0,0,0,0,0,0,0,0,0
270054,2,1,1999,0,0,0,0,0,0,0,0,0,0
270054,3,1,1999,0,0,0,0,0,0,0,0,0,0
270055,1,1,1999,0,0,0,0,0,0,0,0,0,0
270056,1,1,1999,25,25,25,25,25,25,25,25,25,25
270057,1,1,1999,0,0,0,0,0,0,0,0,0,0
270057,2,1,1999,0,0,0,0,0,0,0,0,0,0
270058,1,1,1999,0,0,0,0,0,0,0,0,0,0
270059,1,1,1999,24,24,24,24,24,24,24,24,24,24
270060,0,1,1999,1,1,1,1,1,1,1,1,1,1
270060,1,1,1999,0,0,0,0,0,11,0,0,0,0
270061,1,1,1999,0,0,0,0,0,0,0,0,0,0
270061,2,1,1999,0,0,0,0,0,0,0,0,0,0
270062,1,1,1999,0,0,0,0,0,0,0,0,0,0
270062,2,1,1999,0,0,0,0,0,0,0,0,0,0
270063,1,1,1999,0,0,0,0,0,0,0,0,0,0
270063,2,1,1999,0,0,0,0,0,0,0,0,0,0
270064,1,1,1999,0,0,0,0,0,0,0,0,0,0
270064,2,1,1999,0,0,0,0,0,0,0,0,0,0
270065,1,1,1999,0,0,0,0,0,0,0,0,0,0
270065,2,1,1999,0,0,0,0,0,0,0,0,0,0
270066,1,1,1999,0,0,0,0,0,0,0,0,0,0
270066,2,1,1999,0,0,0,0,0,0,0,0,0,0
270067,1,1,1999,0,0,0,0,0,0,0,0,0,0
270067,2,1,1999,0,0,0,0,0,0,0,0,0,0
270068,1,1,1999,0,0,0,0,0,0,0,0,0,0
270068,2,1,1999,0,0,0,0,0,0,0,0,0,0
270069,1,1,1999,0,0,0,0,0,0,0,0,0,0
270069,2,1,1999,0,0,0,0,0,0,0,0,0,0
270070,0,1,1999,17,17,17,17,17,17,17,17,17,17
270070,1,1,1999,0,0,0,0,0,0,0,0,0,0
270071,1,1,1999,25,25,25,25,25,25,25,25,25,25
270072,1,1,1999,0,0,0,0,0,0,0,0,0,0
270073,1,1,1999,0,0,0,0,0,0,0,0,0,0
270073,2,1,1999,0,0,0,0,0,0,0,0,0,0
270074,1,1,1999,0,0,0,0,0,0,0,0,0,0
270074,2,1,1999,0,0,0,0,0,0,0,0,8,0
270075,1,1,1999,38,38,38,38,38,38,38,38,38,38
270076,1,1,1999,0,0,0,0,0,0,0,0,0,0
270076,2,1,1999,0,0,0,0,0,0,0,0,0,0
270077,1,1,1999,22,22,22,22,22,22,22,22,22,22
270078,1,1,1999,0,0,0,0,0,0,0,0,0,0
270078,2,1,1999,0,0,0,0,0,0,0,0,0,0
270079,1,1,1999,16,16,16,16,16,16,16,16,16,16
270080,1,1,1999,24,24,24,24,24,24,24,24,24,24
270081,1,1,1999,0,0,0,0,0,0,0,0,0,0
270082,0,1,1999,0,0,0,0,0,0,0,0,0,0
270082,1,1,1999,0,0,0,0,0,0,0,0,0,0
270083,1,1,1999,9,9,9,9,9,9,9,9,9,9
270084,1,1,1999,24,24,24,24,24,24,24,24,24,24
270084,2,1,1999,0,0,0,0,0,0,0,0,0,0
270085,0,1,1999,0,0,0,0,0,0,0,0,0,0
270085,1,1,1999,0,0,0,0,0,0,0,0,0,0
270086,1,1,1999,0,0,0,0,0,0,0,0,0,13
270086,2,1,1999,0,0,0,0,0,0,0,0,0,0
270087,1,1,1999,5,5,5,5,5,5,5,5,5,5
270087,2,1,1999,0,0,0,0,0,0,0,0,0,0
270088,1,1,1999,20,20,20,20,20,20,20,20,20,20
270089,1,1,1999,8,8,8,8,8,8,8,8,8,8
270090,1,1,1999,0,0,0,0,0,0,0,0,0,0
270091,1,1,1999,0,0,0,0,0,0,0,0,0,0
270092,1,1,1999,0,0,0,0,0,0,0,0,0,0
270092,2,1,1999,0,0,0,0,0,0,0,0,0,0
270092,3,1,1999,0,13,0,0,7,0,0,0,0,0
270093,1,1,1999,0,0,0,0,0,0,0,0,0,0
270093,2,1,1999,0,0,0,0,0,0,0,0,0,0
270094,1,1,1999,19,19,19,19,19,19,19,19,19,19
270095,1,1,1999,0,0,0,0,0,0,0,0,0,0
270096,1,1,1999,12,12,12,12,12,12,12,12,12,12
270097,1,1,1999,5,5,5,5,5,5,5,5,5,5
270097,2,1,1999,0,0,0,0,0,0,0,0,0,0
270098,1,1,1999,0,0,0,0,0,0,0,0,0,0
270098,2,1,1999,0,0,0,0,0,0,0,0,0,0
270099,0,1,1999,3,3,3,3,3,3,3,3,3,3
270099,1,1,1999,26,0,0,0,24,0,15,0,0,0
270100,1,1,1999,6,6,6,6,6,6,6,6,6,6
270101,1,1,1999,0,0,0,0,9,0,0,0,0,0
270101,2,1,1999,0,0,0,0,0,0,0,0,0,0
270102,1,1,1999,27,27,27,27,27,27,27,27,27,27
270103,1,1,1999,5,5,5,5,5,5,5,5,5,5
270104,1,1,1999,0,0,0,0,0,0,0,0,0,0
270104,2,1,1999,0,0,0,0,0,0,0,0,0,0
270105,1,1,1999,0,0,0,0,0,0,0,0,0,0
270106,1,1,1999,18,18,18,18,18,18,18,18,18,18
270106,2,1,1999,0,0,0,0,0,0,0,0,0,0
270107,1,1,1999,23,23,23,23,23,23,23,23,23,23
270108,1,1,1999,13,13,13,13,13,13,13,13,13,13
270109,1,1,1999,8,8,8,8,8,8,8,8,8,8
270109,2,1,1999,0,0,0,0,0,0,0,0,0,0
270110,1,1,1999,0,0,0,0,0,0,0,0,0,0
270111,1,1,1999,0,20,2,0,0,0,0,0,0,0
270112,1,1,1999,28,28,28,28,28,28,28,28,28,28
270113,1,1,1999,7,7,7,7,7,7,7,7,7,7
270114,1,1,1999,0,0,0,0,0,0,0,0,0,0
270114,2,1,1999,0,0,0,0,0,0,0,0,0,0
270115,1,1,1999,0,0,0,0,0,0,0,0,0,0
270116,1,1,1999,0,0,0,0,3,0,0,0,0,0
270116,2,1,1999,0,0,0,0,0,0,0,0,0,0
270117,1,1,1999,0,0,0,0,0,0,0,0,0,0
270117,2,1,1999,0,0,0,0,0,12,0,0,0,0
270117,3,1,1999,0,0,0,0,0,0,0,0,0,0
270117,4,1,1999,0,0,0,0,0,0,0,0,0,0
270117,5,1,1999,0,0,0,0,0,0,0,0,0,0
270117,6,1,1999,0,0,0,0,0,0,0,0,0,0
270117,7,1,1999,0,0,0,0,0,0,0,0,0,0
270118,1,1,1999,0,0,0,0,0,0,0,0,0,0
270118,2,1,1999,0,0,0,0,0,0,0,0,0,0
270119,1,1,1999,0,0,0,0,0,0,0,0,0,0
270120,1,1,1999,0,0,0,0,0,0,0,0,0,0
270120,2,1,1999,0,0,0,0,0,0,0,0,0,0
270121,1,1,1999,0,0,0,0,0,0,0,0,0,0
270121,2,1,1999,0,0,0,0,0,0,0,0,0,0
270122,1,1,1999,20,20,20,20,20,20,20,20,20,20
270123,1,1,1999,0,0,0,0,0,0,0,0,0,0
270124,1,1,1999,0,0,0,0,0,0,0,0,0,0
270124,2,1,1999,15,15,15,15,15,15,15,15,15,15
270125,1,1,1999,0,0,0,0,0,0,0,0,0,0
270125,2,1,1999,0,0,0,0,0,0,0,0,0,0
270126,0,1,1999,0,0,0,19,0,0,0,25,18,15
270126,1,1,1999,0,0,0,0,0,0,14,0,0,3
270127,1,1,1999,0,0,0,0,0,0,0,0,0,0
270127,2,1,1999,0,0,0,0,0,0,0,0,0,0
270128,1,1,1999,0,0,0,0,0,0,0,0,0,0
270129,1,1,1999,27,27,27,27,27,27,27,27,27,27
270130,1,1,1999,0,0,0,0,0,0,0,0,0,0
270130,2,1,1999,24,24,24,24,24,24,24,24,24,24
270131,0,1,1999,0,0,0,0,0,0,0,0,0,0
270131,1,1,1999,0,0,0,0,0,0,0,0,0,0
270132,1,1,1999,13,13,13,13,13,13,13,13,13,13
270132,2,1,1999,0,0,0,0,0,0,0,0,0,0
270133,1,1,1999,0,0,0,0,0,0,0,0,0,0
270133,2,1,1999,0,0,0,0,0,0,0,0,0,0
270133,3,1,1999,0,0,0,0,0,0,0,0,0,0
270134,1,1,1999,0,0,0,0,0,0,0,0,0,0
270135,1,1,1999,0,0,0,0,0,0,0,0,0,0
270136,1,1,1999,0,0,0,0,0,0,0,0,0,0
270136,2,1,1999,0,0,0,0,0,0,0,0,0,0
270136,3,1,1999,0,0,0,0,0,0,0,0,0,0
270137,1,1,1999,10,10,10,10,10,10,10,10,10,10
270138,1,1,1999,0,0,0,0,0,0,0,0,0,0
270138,2,1,1999,0,0,0,0,0,0,0,0,0,0
270138,3,1,1999,0,0,0,0,0,0,0,0,0,0
270138,4,1,1999,0,0,0,0,0,0,0,0,0,0
270139,1,1,1999,0,0,0,0,0,0,0,0,0,0
270139,2,1,1999,0,0,0,0,0,0,0,0,0,0
270140,1,1,1999,0,0,0,0,0,0,0,0,0,0
270140,2,1,1999,9,0,0,0,0,0,0,0,0,0
270141,1,1,1999,1,1,1,1,1,1,1,1,1,1
270142,1,1,1999,0,0,0,0,0,0,0,0,0,0
270142,2,1,1999,0,0,0,0,0,0,0,0,0,0
270143,1,1,1999,0,0,0,0,0,0,0,0,0,0
270143,2,1,1999,0,0,0,0,0,0,0,0,0,0
270143,3,1,1999,0,0,0,0,0,0,0,0,0,0
270144,1,1,1999,0,0,0,0,0,0,0,0,0,0
270145,1,1,1999,0,0,0,0,0,0,0,0,0,0
270145,2,1,1999,0,0,0,0,0,0,0,0,0,0