ST_CASE,VEH_NO,PER_NO,YEAR,P1,P2,P3,P4,P5,P6,P7,P8,P9,P10
270146,1,1,1999,0,0,0,0,0,0,0,0,0,0
270146,2,1,1999,0,0,0,0,0,0,0,0,0,0
270147,1,1,1999,0,0,0,0,0,0,0,0,15,0
270148,1,1,1999,0,0,0,0,0,0,0,0,0,0
270149,1,1,1999,21,21,21,21,21,21,21,21,21,21
270150,1,1,1999,16,0,0,0,0,0,0,0,0,0
270150,2,1,1999,0,0,0,20,0,0,0,0,0,0
270151,1,1,1999,0,0,0,0,0,0,0,0,0,0
270151,2,1,1999,0,0,0,0,0,0,0,0,0,0
270152,0,1,1999,30,30,30,30,30,30,30,30,30,30
270152,1,1,1999,20,20,20,20,20,20,20,20,20,20
270153,1,1,1999,11,11,11,11,11,11,11,11,11,11
270154,1,1,1999,0,0,0,0,0,0,0,0,0,0
270154,2,1,1999,0,0,0,0,0,0,0,0,0,0
270155,1,1,1999,0,0,0,0,0,0,0,0,0,0
270155,2,1,1999,0,0,0,0,0,0,0,0,0,0
270156,1,1,1999,0,0,0,0,0,0,0,0,0,0
270156,2,1,1999,0,0,0,0,0,0,0,0,0,0
270157,1,1,1999,0,0,0,0,0,0,0,0,0,0
270158,1,1,1999,30,30,30,30,30,30,30,30,30,30
270159,1,1,1999,30,39,34,20,23,22,27,27,24,22
270160,1,1,1999,0,4,0,0,0,3,0,0,0,0
270160,2,1,1999,0,0,5,0,43,0,0,0,0,0
270160,3,1,1999,0,0,0,0,0,0,0,0,0,0
270160,4,1,1999,0,0,0,0,0,0,0,0,0,0
270161,1,1,1999,0,0,0,0,0,0,0,0,0,0
270162,1,1,1999,0,0,0,0,0,0,0,0,0,0
270162,2,1,1999,0,0,0,0,0,0,0,0,0,0
270163,1,1,1999,0,24,0,0,0,0,0,0,0,0
270163,2,1,1999,0,0,0,0,0,0,0,0,0,0
270163,3,1,1999,0,0,0,0,0,0,0,0,0,0
270163,4,1,1999,0,0,0,0,0,0,0,0,0,0
270164,1,1,1999,0,0,0,0,0,0,0,0,0,0
270164,2,1,1999,26,26,26,26,26,26,26,26,26,26
270165,1,1,1999,0,0,0,0,0,0,0,0,0,0
270165,2,1,1999,0,0,0,0,0,0,0,0,0,0
270167,1,1,1999,0,0,0,0,0,0,0,12,0,10
270167,2,1,1999,0,0,0,0,0,0,0,0,0,0
270168,0,1,1999,0,0,0,0,0,0,0,0,0,0
270168,1,1,1999,0,0,0,0,0,0,0,0,0,0
270169,1,2,1999,10,12,17,0,0,17,17,0,7,0
270170,1,1,1999,12,12,12,12,12,12,12,12,12,12
270171,1,1,1999,0,0,0,0,0,0,0,0,0,0
270171,2,1,1999,0,0,0,0,0,0,0,0,0,0
270172,1,1,1999,0,0,0,0,0,0,0,0,0,0
270172,2,1,1999,39,39,39,39,39,39,39,39,39,39
270173,1,1,1999,17,17,17,17,17,17,17,17,17,17
270174,1,1,1999,13,13,24,21,21,23,30,24,22,16
270175,1,1,1999,0,0,0,0,0,0,0,0,0,0
270175,2,1,1999,0,0,0,0,0,0,0,0,0,0
270176,1,1,1999,0,0,0,0,0,0,0,0,0,0
270176,2,1,1999,0,0,0,0,0,0,0,0,0,0
270177,1,1,1999,0,0,0,0,0,0,0,0,0,0
270177,2,1,1999,0,0,0,0,0,0,0,0,0,0
270178,1,1,1999,0,0,0,0,0,0,0,0,0,0
270179,1,1,1999,9,9,9,9,9,9,9,9,9,9
270180,1,1,1999,18,18,18,18,18,18,18,18,18,18
270181,1,1,1999,0,0,0,0,0,0,0,0,0,0
270181,2,1,1999,0,0,0,6,0,0,0,0,0,0
270182,0,1,1999,0,0,0,0,0,0,0,0,0,0
270182,1,1,1999,0,0,0,0,0,0,0,0,0,0
270183,1,1,1999,0,0,0,0,0,0,0,0,0,0
270183,2,1,1999,0,0,0,0,0,0,0,0,0,0
270183,3,1,1999,0,0,0,0,0,0,0,0,0,0
270184,1,1,1999,0,0,0,0,0,0,0,0,0,0
270184,2,1,1999,0,0,0,0,0,0,0,0,0,0
270185,0,1,1999,0,0,0,0,0,0,0,0,0,0
270185,1,1,1999,0,0,0,0,0,0,0,0,0,0
270186,1,1,1999,0,0,0,0,0,0,0,0,0,0
270186,2,1,1999,0,0,0,0,0,0,0,0,0,0
270187,1,1,1999,0,0,0,0,0,0,0,0,0,0
270187,2,1,1999,0,0,0,0,0,0,0,0,0,0
270188,1,1,1999,0,0,0,0,0,0,0,0,0,0
270189,1,1,1999,0,0,0,0,0,0,0,0,0,0
270189,2,1,1999,0,0,0,0,0,0,0,0,0,0
270190,1,1,1999,52,52,52,52,52,52,52,52,52,52
270191,1,1,1999,0,20,0,0,0,0,0,0,0,0
270191,2,1,1999,29,18,17,11,2,9,0,19,28,28
270192,1,1,1999,0,0,0,0,0,0,0,0,0,0
270193,1,1,1999,0,0,0,0,0,0,0,0,0,0
270193,2,1,1999,0,0,0,0,0,0,0,0,0,0
270194,1,1,1999,10,10,10,10,10,10,10,10,10,10
270195,1,1,1999,0,0,0,0,0,0,0,0,0,0
270196,1,1,1999,0,0,0,0,0,0,0,0,0,0
270197,1,1,1999,0,0,0,0,0,0,0,0,0,0
270197,2,1,1999,0,0,0,0,0,0,0,0,0,0
270198,1,1,1999,17,17,17,17,17,17,17,17,17,17
270199,1,1,1999,0,0,0,0,0,0,0,0,0,0
270200,1,1,1999,0,0,0,0,0,0,0,0,0,0
270200,2,1,1999,0,0,0,0,0,0,0,0,0,0
270201,1,1,1999,0,17,0,0,0,0,0,0,0,0
270202,1,1,1999,12,12,12,12,12,12,12,12,12,12
270203,1,1,1999,0,0,0,0,0,0,0,0,0,0
270204,1,1,1999,0,0,0,0,4,0,0,0,0,0
270204,2,1,1999,0,0,0,0,0,0,0,0,0,0
270205,1,1,1999,0,0,0,0,0,0,0,0,0,0
270205,2,1,1999,0,0,0,0,0,0,0,0,0,0
270206,1,1,1999,21,21,21,21,21,21,21,21,21,21
270207,1,1,1999,16,16,16,16,16,16,16,16,16,16
270207,2,1,1999,0,0,0,0,0,0,0,0,0,0
270208,1,1,1999,24,24,24,24,24,24,24,24,24,24
270209,1,1,1999,0,0,0,0,0,0,0,0,0,0
270210,1,1,1999,0,0,0,0,0,0,0,0,0,0
270210,2,1,1999,0,0,0,0,0,0,0,0,0,0
270211,1,1,1999,0,0,0,0,0,0,0,0,0,0
270211,2,1,1999,0,0,0,8,0,0,0,0,0,0
270212,1,1,1999,0,0,0,0,0,0,0,0,0,0
270212,2,1,1999,0,0,0,0,0,0,0,0,0,0
270213,1,1,1999,0,0,0,0,0,0,0,0,0,0
270213,2,1,1999,0,0,0,0,0,0,0,0,0,0
270214,1,1,1999,0,0,0,0,0,0,0,0,0,0
270214,2,1,1999,17,17,17,17,17,17,17,17,17,17
270215,1,1,1999,0,0,11,0,0,0,0,0,0,0
270215,2,1,1999,0,0,0,0,0,0,0,0,0,0
270216,1,1,1999,0,0,0,0,0,0,0,0,0,0
270216,2,1,1999,0,0,0,0,0,0,0,0,0,0
270217,1,1,1999,0,0,0,0,0,0,0,0,0,0
270217,2,1,1999,0,0,0,0,0,0,0,0,0,0
270218,1,1,1999,0,0,0,0,0,0,0,0,0,0
270218,2,1,1999,0,0,0,0,0,0,0,0,0,0
270219,1,1,1999,0,0,0,0,0,0,0,0,0,0
270220,1,1,1999,0,0,0,0,0,0,0,0,0,0
270220,2,1,1999,0,0,0,0,0,0,0,0,0,0
270220,3,1,1999,0,0,0,0,0,0,0,0,0,0
270221,1,1,1999,0,0,0,0,0,0,0,0,0,0
270221,2,1,1999,0,0,0,0,0,0,0,0,0,0
270221,3,1,1999,0,0,0,0,0,0,0,0,0,0
270222,1,1,1999,0,0,0,0,0,0,0,0,0,0
270223,0,1,1999,0,0,0,0,0,0,0,0,23,0
270223,1,1,1999,0,0,0,0,0,0,0,0,0,0
270224,1,1,1999,18,18,18,18,18,18,18,18,18,18
270225,1,1,1999,0,0,0,0,0,0,0,0,0,0
270225,2,1,1999,0,0,0,0,0,0,0,0,0,0
270226,1,1,1999,26,26,26,26,26,26,26,26,26,26
270227,1,1,1999,21,21,21,21,21,21,21,21,21,21
270227,2,1,1999,0,0,0,0,0,0,0,0,0,0
270228,1,1,1999,0,0,0,0,0,0,0,0,0,0
270228,2,1,1999,0,0,0,0,0,0,0,0,0,0
270229,1,1,1999,23,23,23,23,23,23,23,23,23,23
270229,2,1,1999,0,0,0,0,0,0,0,0,0,0
270229,3,1,1999,0,0,0,0,0,0,0,0,0,0
270230,1,1,1999,0,0,0,0,0,0,0,0,0,0
270230,2,1,1999,0,0,0,0,0,0,0,0,0,0
270231,1,1,1999,24,24,24,24,24,24,24,24,24,24
270232,1,1,1999,0,0,0,0,0,0,0,0,0,0
270233,1,1,1999,13,13,13,13,13,13,13,13,13,13
270234,1,1,1999,0,0,0,0,0,0,0,0,0,0
270235,1,1,1999,0,0,0,0,0,0,0,0,0,0
270235,2,1,1999,0,0,0,0,0,0,0,0,0,0
270236,1,1,1999,0,0,0,0,0,0,0,0,0,0
270236,2,1,1999,0,0,0,0,0,0,0,0,0,0
270237,1,1,1999,0,0,0,0,0,0,0,0,0,0
270237,2,1,1999,0,0,0,0,0,0,0,0,0,0
270238,1,1,1999,16,13,0,11,0,0,10,0,15,0
270239,1,1,1999,0,0,0,0,0,0,0,0,0,0
270240,1,1,1999,0,0,0,0,0,0,0,0,0,0
270241,1,1,1999,13,13,13,13,13,13,13,13,13,13
270242,1,1,1999,13,13,13,13,13,13,13,13,13,13
270243,1,1,1999,29,29,29,29,29,29,29,29,29,29
270244,1,1,1999,21,21,21,21,21,21,21,21,21,21
270245,1,1,1999,0,0,0,0,0,0,0,0,0,0
270245,2,1,1999,0,0,0,0,0,0,0,0,0,0
270246,1,1,1999,0,0,0,0,0,0,0,0,0,0
270246,2,1,1999,0,0,0,0,0,0,0,0,0,0
270247,1,1,1999,0,0,0,0,0,0,0,0,0,0
270248,1,1,1999,18,18,18,18,18,18,18,18,18,18
270248,2,1,1999,0,0,0,0,0,0,0,0,0,0
270248,3,1,1999,0,0,0,0,0,0,0,0,0,0
270249,1,1,1999,11,0,0,0,0,0,0,0,28,15
270249,2,1,1999,0,0,0,0,0,0,0,0,0,0
270250,0,1,1999,0,0,0,0,0,0,0,0,0,0
270250,1,1,1999,0,0,0,0,0,0,0,0,0,0
270251,1,1,1999,21,8,18,7,4,20,15,8,6,19
270251,2,1,1999,0,0,0,0,0,0,0,0,0,0
270252,1,1,1999,0,0,0,0,0,0,0,0,0,0
270252,2,1,1999,0,0,0,9,0,0,0,0,0,0
270253,1,1,1999,0,0,0,0,0,0,0,0,0,0
270253,2,1,1999,0,0,0,0,0,0,0,0,0,0
270254,1,1,1999,0,0,0,0,0,0,0,0,0,0
270254,2,1,1999,0,0,0,0,0,0,0,0,0,0
270255,1,1,1999,0,0,0,0,0,0,0,0,0,0
270255,2,1,1999,0,0,0,0,0,0,0,0,0,0
270256,1,1,1999,0,0,0,0,0,0,0,0,0,0
270257,1,1,1999,0,0,0,0,0,0,0,0,0,0
270258,1,1,1999,0,0,0,0,0,0,0,0,0,0
270258,2,1,1999,0,0,0,0,0,0,0,0,0,0
270258,3,1,1999,0,0,0,0,0,0,0,0,0,0
270259,1,1,1999,0,0,0,0,0,0,0,0,0,0
270259,2,1,1999,0,0,0,0,0,0,0,0,0,0
270259,3,1,1999,0,0,0,0,0,0,0,0,0,0
270260,1,1,1999,10,9,12,0,15,0,22,0,10,0
270261,1,1,1999,34,34,34,34,34,34,34,34,34,34
270262,1,1,1999,5,5,5,5,5,5,5,5,5,5
270263,1,1,1999,0,0,0,0,0,0,0,0,0,0
270264,0,1,1999,24,24,24,24,24,24,24,24,24,24
270264,1,1,1999,0,0,0,0,0,0,0,0,0,0
270265,1,1,1999,18,18,18,18,18,18,18,18,18,18
270266,1,1,1999,0,0,0,0,0,0,0,0,0,0
270266,2,1,1999,0,0,0,0,0,0,0,0,0,0
270267,1,1,1999,31,0,22,25,22,0,0,11,12,0
270268,1,1,1999,15,15,15,15,15,15,15,15,15,15
270269,1,1,1999,0,0,0,0,0,0,0,0,0,0
270270,1,1,1999,1,1,1,1,1,1,1,1,1,1
270270,2,1,1999,0,0,0,0,0,0,0,0,0,0
270271,1,1,1999,0,0,0,0,0,0,0,0,0,0
270271,2,1,1999,0,0,0,0,0,0,0,0,0,0
270272,1,1,1999,0,0,0,0,0,0,0,0,0,0
270272,2,1,1999,5,5,5,5,5,5,5,5,5,5
270272,3,1,1999,5,5,5,5,5,5,5,5,5,5
270273,1,1,1999,0,0,0,0,0,0,0,0,0,0
270273,2,1,1999,0,0,0,0,0,0,0,0,0,0
270274,1,1,1999,0,0,0,0,0,0,0,0,0,0
270274,2,1,1999,0,0,0,0,0,0,0,0,0,0
270275,1,1,1999,0,0,0,0,0,0,0,0,0,0
270275,2,1,1999,0,0,0,0,0,0,0,0,0,0
270275,3,1,1999,0,0,0,0,0,0,0,0,0,0
270276,1,1,1999,20,15,19,20,7,24,15,21,17,7
270277,1,1,1999,0,0,0,0,0,0,0,0,0,0
270278,1,1,1999,0,0,0,0,0,0,0,0,0,0
270278,2,1,1999,0,0,0,0,0,0,0,0,0,0
270279,1,1,1999,0,0,0,0,0,0,0,0,0,0
270279,2,1,1999,0,0,0,0,0,0,0,0,0,0
270280,1,1,1999,0,0,0,0,0,0,0,0,0,0
270280,2,1,1999,0,0,0,0,0,0,0,0,0,0
270281,1,1,1999,24,24,24,24,24,24,24,24,24,24
270282,1,1,1999,24,24,24,24,24,24,24,24,24,24
270283,1,1,1999,12,12,12,12,12,12,12,12,12,12
270283,2,1,1999,12,12,12,12,12,12,12,12,12,12
270284,1,1,1999,0,0,0,0,0,0,0,0,0,0
270285,1,1,1999,0,0,0,0,0,0,0,0,0,0
270285,2,1,1999,0,0,0,0,0,0,0,0,0,0
270285,3,1,1999,0,0,0,0,0,0,0,0,0,0
270286,1,1,1999,13,13,13,13,13,13,13,13,13,13
270287,0,1,1999,0,0,0,0,0,0,0,0,0,0
270287,1,1,1999,0,0,0,0,0,0,0,0,0,0
270288,1,1,1999,0,0,0,0,0,0,0,0,0,0
270288,2,1,1999,0,0,0,0,0,0,0,0,0,0
270289,1,1,1999,0,0,0,0,0,0,0,0,0,0
270289,2,1,1999,0,0,0,0,0,0,0,0,0,0
270290,1,1,1999,0,0,0,0,0,0,0,0,0,0
270290,2,1,1999,0,0,0,0,0,0,0,0,0,0
270291,1,1,1999,0,0,0,0,0,0,0,0,0,0
270291,2,1,1999,0,0,0,0,0,0,0,0,0,0
270291,3,1,1999,0,0,0,0,0,0,0,25,0,0
270292,1,1,1999,0,0,0,0,0,0,0,0,0,0
270292,2,1,1999,29,29,29,29,29,29,29,29,29,29
270293,1,1,1999,0,0,0,0,0,0,0,0,0,0
270294,1,1,1999,0,0,0,0,0,0,0,0,0,0
270295,1,1,1999,0,0,0,0,0,0,0,0,0,0
270296,1,1,1999,0,0,0,0,0,0,0,0,0,0
270296,2,1,1999,0,0,0,0,0,0,0,0,0,0
270297,0,1,1999,23,23,23,23,23,23,23,23,23,23
270297,1,1,1999,0,0,0,0,0,0,0,0,0,0
270298,1,1,1999,19,19,19,19,19,19,19,19,19,19
270298,2,1,1999,7,7,7,7,7,7,7,7,7,7
270299,1,1,1999,0,0,0,0,0,0,0,0,0,0
270300,0,1,1999,0,0,0,0,0,0,0,0,0,0
270300,1,1,1999,0,0,0,0,0,0,0,0,0,0
270301,1,1,1999,22,22,22,22,22,22,22,22,22,22
270302,1,1,1999,0,0,0,0,0,0,0,0,0,0
270302,2,1,1999,8,8,8,8,8,8,8,8,8,8
270303,1,1,1999,19,19,19,19,19,19,19,19,19,19
270303,2,1,1999,0,27,0,0,0,0,0,0,14,0
270304,1,1,1999,0,0,0,0,0,0,0,0,0,0
270304,2,1,1999,10,10,10,10,10,10,10,10,10,10
270305,1,1,1999,12,12,12,12,12,12,12,12,12,12
270305,2,1,1999,0,0,0,0,0,0,0,0,0,0
270306,1,1,1999,19,19,19,19,19,19,19,19,19,19
270306,2,1,1999,0,0,0,0,0,0,0,0,0,0
270307,1,1,1999,24,24,24,24,24,24,24,24,24,24
270308,0,1,1999,18,18,18,18,18,18,18,18,18,18
270308,1,1,1999,13,13,13,13,13,13,13,13,13,13
270309,1,1,1999,12,12,12,12,12,12,12,12,12,12
270309,2,1,1999,10,10,10,10,10,10,10,10,10,10
270310,1,1,1999,0,0,0,0,0,0,0,0,0,0
270310,2,1,1999,0,0,0,0,0,0,0,0,0,0
270310,3,1,1999,0,0,0,0,0,0,0,0,0,0
270311,1,1,1999,0,0,0,0,0,0,0,0,0,0
270311,2,1,1999,0,0,0,0,0,0,0,0,0,0
270312,1,1,1999,0,0,0,0,0,0,0,0,0,0
270312,2,1,1999,0,0,0,0,0,0,0,0,0,0
270313,1,1,1999,4,4,4,4,4,4,4,4,4,4
270313,2,1,1999,0,0,0,0,0,0,0,0,0,0
270314,1,1,1999,13,13,13,13,13,13,13,13,13,13
270315,1,1,1999,0,0,0,0,0,0,0,0,0,0
270316,1,1,1999,0,0,0,0,0,0,0,0,0,0
270316,2,1,1999,0,0,0,0,0,0,0,0,0,0
270316,3,1,1999,0,0,0,0,0,0,0,0,0,0
270316,4,1,1999,0,0,0,0,0,0,0,0,0,0
270316,5,1,1999,0,0,0,0,0,0,0,0,0,0
270316,6,1,1999,0,0,0,0,0,0,0,0,0,0
270317,1,1,1999,29,29,29,29,29,29,29,29,29,29
270318,1,1,1999,0,0,0,0,0,0,0,0,0,0
270318,2,1,1999,0,0,0,0,0,0,0,0,0,0
270319,1,1,1999,0,0,0,0,0,0,0,0,0,0
270319,2,1,1999,0,0,0,0,0,0,0,0,0,0
270320,1,1,1999,32,32,32,32,32,32,32,32,32,32
270321,1,1,1999,0,0,0,0,0,0,0,0,0,0
270321,2,1,1999,0,0,0,0,0,0,0,0,0,0
270322,1,1,1999,0,0,0,0,0,0,0,0,0,0
270322,2,1,1999,2,2,2,2,2,2,2,2,2,2
270323,1,1,1999,0,0,0,0,0,0,0,0,0,0
270323,2,1,1999,0,0,0,0,0,0,0,0,0,0
270324,1,1,1999,0,0,0,0,0,0,0,0,0,0
270324,2,1,1999,0,0,0,0,0,0,0,0,0,0
270325,1,1,1999,24,0,24,37,13,3,4,8,0,25
270326,1,1,1999,23,23,23,23,23,23,23,23,23,23
270327,1,1,1999,0,0,0,0,0,0,0,0,0,0
270327,2,1,1999,0,0,0,0,0,0,0,0,0,0
270328,1,1,1999,0,0,0,0,0,0,0,0,0,0
270328,2,1,1999,0,0,0,0,0,0,0,0,0,0
270329,1,1,1999,18,18,18,18,18,18,18,18,18,18
270330,1,1,1999,0,0,0,0,0,0,0,0,0,0
270331,1,1,1999,0,0,0,0,0,0,0,0,0,0
270331,2,1,1999,0,0,0,0,0,0,0,0,0,0
270332,1,1,1999,20,0,0,0,0,0,0,8,0,0
270333,1,1,1999,0,0,0,0,0,0,0,0,0,0
270334,1,1,1999,0,0,0,0,0,0,0,0,0,0
270334,2,1,1999,0,0,0,0,0,0,0,0,0,0
270334,3,1,1999,0,0,0,0,0,0,0,0,0,0
270334,4,1,1999,0,0,0,0,0,0,0,0,0,0
270335,1,1,1999,0,0,0,0,0,0,0,0,0,0
270335,2,1,1999,0,0,0,0,18,0,0,0,0,0
270336,1,1,1999,10,10,10,10,10,10,10,10,10,10
270337,0,1,1999,0,0,0,0,19,16,15,25,0,9
270337,1,1,1999,0,0,0,0,0,6,0,0,0,0
270338,1,1,1999,0,0,0,0,0,0,0,0,0,0
270338,2,1,1999,0,0,0,0,0,0,0,0,0,0
270339,1,1,1999,0,0,0,0,0,0,0,0,0,0
270339,2,1,1999,0,0,0,0,0,0,0,0,0,0
270340,1,1,1999,0,0,0,0,0,0,0,0,0,0
270340,2,1,1999,0,0,0,0,0,0,0,0,0,0
270341,0,1,1999,0,0,0,0,0,0,0,0,0,0
270341,1,1,1999,0,0,0,0,0,0,0,0,0,0
270342,1,1,1999,0,0,0,0,0,0,0,0,0,0
270342,2,1,1999,0,0,0,0,0,0,0,0,0,0
270343,0,1,1999,0,17,40,17,0,30,0,0,0,24
270343,0,2,1999,0,12,0,13,0,14,0,5,0,0
270343,1,1,1999,0,0,0,0,0,11,5,0,23,0
270344,1,1,1999,0,0,0,0,0,0,0,0,0,0
270345,1,1,1999,0,0,0,0,0,0,0,0,0,0
270345,2,1,1999,0,0,0,0,0,0,0,0,0,0
270346,1,1,1999,0,0,0,0,0,0,0,0,0,0
270347,1,1,1999,26,0,0,0,0,0,0,0,0,0
270347,2,1,1999,0,0,0,0,0,0,0,0,0,0
270347,3,1,1999,0,0,0,0,0,0,0,0,0,0
270348,1,1,1999,0,0,0,0,0,0,0,0,0,0
270348,2,1,1999,0,0,0,0,0,0,0,0,0,0
270349,1,1,1999,22,22,22,22,22,22,22,22,22,22
270350,1,1,1999,0,0,0,0,0,0,0,0,0,0
270350,2,1,1999,0,0,0,0,0,0,0,0,0,0
270350,3,1,1999,0,0,0,0,0,0,0,0,0,0
270351,1,1,1999,0,0,0,0,0,0,0,0,0,0
270352,1,1,1999,9,9,9,9,9,9,9,9,9,9
270352,2,1,1999,0,0,0,0,0,0,0,0,0,0
270353,1,1,1999,0,0,0,0,0,0,0,0,0,0
270353,2,1,1999,0,0,0,0,0,0,0,0,0,0
270354,1,1,1999,13,13,13,13,13,13,13,13,13,13
270355,1,1,1999,0,0,0,0,0,0,0,0,0,0
270355,2,1,1999,0,0,0,0,0,0,0,0,0,0
270356,0,1,1999,0,0,0,0,0,0,0,0,0,0
270356,1,1,1999,0,0,0,0,0,0,0,0,0,0
270357,1,1,1999,20,20,20,20,20,20,20,20,20,20
270358,1,1,1999,19,19,19,19,19,19,19,19,19,19
270358,2,1,1999,0,0,0,0,0,0,0,0,0,0
270358,3,1,1999,0,0,12,0,0,0,0,0,0,0
270359,1,1,1999,19,19,19,19,19,19,19,19,19,19
270360,1,1,1999,0,0,0,0,0,0,0,0,0,0
270360,2,1,1999,0,0,0,0,0,0,0,0,0,0
270361,1,1,1999,0,0,0,0,0,0,0,0,0,0
270361,2,1,1999,0,0,0,0,0,0,0,0,0,0
270362,1,1,1999,0,0,0,0,0,0,0,0,0,0
270362,2,1,1999,0,0,0,0,0,0,0,0,0,0
270363,1,1,1999,0,0,0,0,0,0,0,0,0,0
270363,2,1,1999,0,0,0,0,0,0,0,0,0,0
270364,1,1,1999,0,0,0,0,0,0,0,0,0,0
270364,2,1,1999,0,0,0,0,0,0,0,0,0,0
270365,1,1,1999,0,0,0,0,0,0,0,0,0,0
270365,2,1,1999,0,0,0,0,0,0,0,0,0,0
270366,1,1,1999,0,0,0,0,0,0,0,0,0,0
270366,2,1,1999,0,0,0,0,0,0,0,0,0,0
270367,1,1,1999,0,0,0,0,0,0,0,0,0,0
270368,1,1,1999,9,9,9,9,9,9,9,9,9,9
270369,1,1,1999,17,17,17,17,17,17,17,17,17,17
270369,2,1,1999,0,0,0,0,0,0,0,0,0,0
270370,1,1,1999,27,27,27,27,27,27,27,27,27,27
270371,1,1,1999,18,18,18,18,18,18,18,18,18,18
270371,2,1,1999,0,0,0,0,0,0,0,0,0,0
270372,1,1,1999,0,0,0,0,0,0,0,0,0,0
270372,2,1,1999,0,0,0,0,0,0,0,0,0,0
270373,1,1,1999,0,0,0,0,15,0,8,0,0,0
270373,2,1,1999,0,0,0,0,0,0,23,0,0,0
270374,1,1,1999,0,22,0,0,0,0,0,0,0,19
270375,1,1,1999,0,0,0,0,0,0,0,0,0,0
270376,1,1,1999,0,0,0,0,0,0,0,0,0,0
270376,2,1,1999,0,0,0,0,0,0,0,0,0,0
270378,0,1,1999,0,0,0,0,0,0,0,0,0,0
270378,1,1,1999,0,0,0,0,0,0,0,0,0,0
270379,1,1,1999,0,0,0,0,0,0,0,0,0,0
270379,2,1,1999,0,0,0,0,0,0,0,0,0,0
270380,1,1,1999,0,0,0,0,0,0,0,0,0,0
270381,1,1,1999,0,0,0,0,0,0,0,0,0,0
270381,2,1,1999,0,0,0,0,0,0,0,0,0,0
270381,3,1,1999,0,0,0,0,13,0,0,0,0,0
270381,4,1,1999,0,0,0,0,0,0,0,0,0,0
270381,5,1,1999,0,0,0,0,0,0,0,0,0,0
270381,6,1,1999,0,0,0,0,0,0,0,0,0,0
270382,1,1,1999,0,6,15,14,26,25,24,13,25,14
270383,1,1,1999,0,0,0,0,0,0,0,0,0,0
270383,2,1,1999,0,0,0,0,0,0,0,0,0,0
270384,1,1,1999,0,0,0,0,0,0,0,0,0,0
270384,2,1,1999,0,0,0,0,0,0,0,0,0,0
270385,1,1,1999,0,0,0,0,0,0,0,0,0,0
270385,2,1,1999,0,0,0,0,0,0,0,0,0,0
270386,1,1,1999,0,0,0,13,0,0,0,0,0,0
270386,2,1,1999,0,0,0,0,0,0,0,0,0,0
270387,1,1,1999,0,0,0,0,0,0,0,0,0,0
270387,2,1,1999,0,0,0,0,0,0,0,0,0,0
270388,1,1,1999,0,0,0,0,0,0,0,0,0,0
270389,1,1,1999,0,0,0,0,0,0,0,0,0,0
270389,2,1,1999,0,0,0,0,0,0,0,0,0,0
270390,1,1,1999,0,0,0,0,0,0,0,0,0,0
270390,2,1,1999,0,0,0,0,0,0,0,0,0,0
270391,0,1,1999,25,25,25,25,25,25,25,25,25,25
270391,1,1,1999,0,0,0,0,0,0,0,0,0,0
270392,1,1,1999,0,0,0,0,0,0,0,0,0,0
270392,2,1,1999,0,0,0,0,0,0,0,0,0,0
270393,0,1,1999,0,0,0,0,0,0,0,0,0,0
270393,1,1,1999,0,0,0,0,0,0,0,14,0,0
270394,1,1,1999,0,0,0,0,0,0,0,0,0,0
270395,1,1,1999,23,23,23,23,23,23,23,23,23,23
270396,1,1,1999,0,0,0,0,0,0,0,0,0,0
270396,2,1,1999,0,0,0,0,0,0,0,0,0,0
270396,3,1,1999,0,0,0,0,0,0,0,0,0,0
270397,1,1,1999,0,0,34,0,10,0,0,0,0,0
270398,1,1,1999,24,24,24,24,24,24,24,24,24,24
270399,1,1,1999,0,0,0,0,0,0,0,0,0,0
270399,2,1,1999,0,0,0,0,0,0,0,0,0,0
270400,0,1,1999,0,0,0,0,0,0,0,0,0,0
270401,1,1,1999,16,16,16,16,16,16,16,16,16,16
270402,1,1,1999,0,0,0,0,0,0,0,0,0,0
270403,1,1,1999,0,0,0,0,0,0,0,0,0,0
270403,2,1,1999,0,0,0,0,0,0,0,0,0,0
270404,1,1,1999,0,0,0,0,9,7,0,0,0,0
270405,0,1,1999,0,0,0,0,0,0,0,0,0,0
270405,1,1,1999,14,14,14,14,14,14,14,14,14,14
270406,1,1,1999,26,26,26,26,26,26,26,26,26,26
270407,1,1,1999,0,0,0,0,0,0,0,0,0,0
270407,2,1,1999,0,0,0,0,0,0,0,0,0,0
270408,1,1,1999,0,16,11,12,0,7,10,10,27,0
270408,2,1,1999,0,0,0,0,0,0,0,0,0,0
270409,1,1,1999,0,0,0,0,0,0,0,0,0,0
270409,2,1,1999,0,0,0,0,0,0,0,0,0,0
270410,1,1,1999,20,20,20,20,20,20,20,20,20,20
270411,1,1,1999,0,0,0,0,0,0,0,0,0,0
270411,2,1,1999,0,0,0,0,0,0,0,0,0,0
270412,1,1,1999,0,0,0,0,0,0,0,0,0,0
270412,2,1,1999,0,0,0,0,0,0,0,0,0,0
270413,1,1,1999,0,0,0,0,0,0,0,0,0,0
270414,1,1,1999,0,0,0,0,0,0,0,0,0,0
270414,2,1,1999,0,0,0,0,0,0,0,0,0,0
270415,1,1,1999,0,0,0,0,0,0,0,0,0,0
270416,1,1,1999,8,8,8,8,8,8,8,8,8,8
270417,1,1,1999,0,0,0,0,0,0,0,0,0,0