ST_CASE,VEH_NO,PER_NO,YEAR,P1,P2,P3,P4,P5,P6,P7,P8,P9,P10
270417,2,1,1999,0,0,0,0,0,0,0,0,0,0
270418,1,1,1999,0,0,0,0,0,0,0,0,0,0
270418,2,1,1999,0,0,0,0,0,0,0,0,0,0
270419,1,1,1999,13,13,13,13,13,13,13,13,13,13
270420,1,1,1999,0,0,0,0,0,0,0,0,0,0
270420,2,1,1999,0,0,0,0,0,0,0,0,0,0
270421,1,1,1999,24,24,24,24,24,24,24,24,24,24
270422,1,1,1999,0,0,0,0,0,0,0,0,0,0
270422,2,1,1999,0,0,0,0,0,0,0,0,0,0
270423,1,1,1999,0,0,0,0,0,0,0,0,0,0
270423,2,1,1999,0,0,0,0,0,0,0,0,0,0
270423,3,1,1999,0,0,0,0,0,0,0,0,0,0
270424,1,1,1999,21,21,21,21,21,21,21,21,21,21
270425,1,1,1999,7,7,7,7,7,7,7,7,7,7
270425,2,1,1999,0,0,0,0,0,0,0,0,0,0
270426,1,1,1999,14,14,14,14,14,14,14,14,14,14
270427,1,1,1999,0,0,0,0,0,0,0,0,0,0
270427,2,1,1999,0,0,0,0,0,0,0,0,0,0
270427,3,1,1999,0,0,0,0,0,0,0,0,0,0
270428,1,1,1999,0,0,0,0,0,0,0,0,0,0
270429,1,1,1999,26,26,26,26,26,26,26,26,26,26
270429,2,1,1999,0,0,0,0,0,0,0,0,0,0
270430,1,1,1999,0,0,0,5,0,0,0,0,0,0
270431,1,1,1999,0,0,0,0,0,0,0,0,0,0
270431,2,1,1999,0,0,0,0,0,0,0,0,0,0
270432,1,1,1999,0,0,0,0,0,0,0,0,0,0
270432,2,1,1999,0,0,0,0,0,0,0,0,0,0
270433,1,1,1999,0,0,0,0,0,0,0,0,0,0
270433,2,1,1999,0,0,0,0,0,0,0,0,0,0
270434,1,1,1999,20,20,20,20,20,20,20,20,20,20
270435,0,1,1999,0,0,0,0,0,0,0,0,0,0
270435,1,1,1999,0,0,0,0,0,0,0,0,0,0
270435,2,1,1999,0,0,0,0,0,0,0,0,0,8
270436,1,1,1999,0,0,0,0,0,0,0,0,0,0
270436,2,1,1999,0,0,0,0,0,0,0,0,0,0
270437,1,1,1999,0,0,0,0,0,0,0,0,0,0
270437,2,1,1999,0,0,0,0,0,0,0,0,0,0
270438,1,1,1999,17,0,9,0,0,0,0,0,0,0
270438,2,1,1999,0,0,0,0,0,0,0,0,0,0
270439,1,1,1999,0,0,0,0,0,0,0,0,0,0
270440,0,1,1999,0,0,0,0,0,0,0,0,0,0
270440,1,1,1999,0,0,0,0,0,0,0,0,0,0
270441,1,1,1999,13,13,13,13,13,13,13,13,13,13
270441,2,1,1999,0,0,0,0,0,0,7,0,0,0
270442,1,1,1999,0,0,0,0,0,0,0,0,0,0
270442,2,1,1999,0,0,0,0,0,0,0,0,0,0
270443,1,1,1999,0,0,0,0,0,0,0,0,0,0
270443,2,1,1999,0,0,0,0,0,0,0,0,0,0
270444,1,1,1999,0,0,0,0,0,0,0,0,0,0
270445,0,1,1999,0,11,20,0,11,0,15,0,10,0
270445,0,2,1999,18,0,0,0,0,0,10,20,0,0
270445,1,1,1999,0,0,0,0,0,0,0,0,0,0
270446,1,1,1999,0,0,0,0,0,0,0,0,0,0
270447,1,1,1999,0,0,0,0,0,0,0,0,0,0
270447,2,1,1999,0,0,0,0,0,0,0,0,0,0
270448,1,1,1999,0,0,0,0,0,0,0,0,0,0
270448,2,1,1999,0,0,0,0,0,0,0,0,0,0
270448,3,1,1999,0,0,0,0,0,0,0,0,0,0
270448,4,1,1999,0,0,0,0,0,0,0,0,0,0
270449,0,1,1999,17,21,15,8,32,16,9,28,21,0
270449,1,1,1999,13,13,13,13,13,13,13,13,13,13
270450,0,1,1999,0,0,0,0,0,0,0,0,0,0
270450,1,1,1999,0,0,0,0,0,0,0,0,0,0
270451,1,1,1999,0,0,0,0,0,0,0,0,0,0
270451,2,1,1999,0,0,0,0,0,0,0,0,0,0
270452,1,1,1999,8,8,8,8,8,8,8,8,8,8
270453,1,1,1999,28,28,28,28,28,28,28,28,28,28
270453,2,1,1999,0,9,22,4,21,13,0,0,8,0
270454,1,1,1999,22,30,16,13,33,0,23,28,16,18
270455,1,1,1999,0,0,0,0,0,0,0,0,0,0
270456,1,1,1999,15,15,15,15,15,15,15,15,15,15
270456,2,1,1999,0,0,0,0,0,0,0,0,0,0
270457,1,1,1999,11,11,11,11,11,11,11,11,11,11
270458,1,1,1999,25,25,25,25,25,25,25,25,25,25
270458,2,1,1999,0,0,0,0,0,0,0,0,0,0
270459,0,1,1999,0,0,0,0,0,0,0,0,0,0
270459,1,1,1999,0,0,0,0,0,0,0,0,0,0
270460,1,1,1999,0,0,0,0,0,0,0,0,0,0
270460,2,1,1999,0,0,0,0,0,0,0,0,0,0
270461,0,1,1999,0,0,0,0,0,0,0,0,0,0
270461,1,1,1999,0,0,0,0,0,0,0,0,0,0
270462,1,1,1999,28,28,28,28,28,28,28,28,28,28
270463,1,1,1999,0,0,0,0,0,0,0,0,0,0
270463,2,1,1999,0,0,0,0,0,0,0,0,0,0
270464,1,1,1999,0,0,0,0,0,0,0,0,0,0
270464,2,1,1999,0,0,0,0,0,0,0,0,0,0
270465,1,1,1999,0,0,0,0,0,0,0,0,0,0
270466,1,1,1999,0,0,0,0,0,0,0,0,0,0
270466,2,1,1999,0,0,0,0,0,0,0,0,0,0
270467,0,1,1999,0,0,0,0,0,0,0,0,0,0
270467,1,1,1999,0,0,0,0,0,0,10,0,0,0
270468,1,1,1999,0,0,0,0,0,0,0,0,0,0
270468,2,1,1999,8,0,0,0,0,0,8,24,11,0
270469,1,1,1999,0,0,0,0,0,0,0,0,0,0
270469,2,1,1999,0,0,0,0,0,0,0,0,0,0
270470,1,1,1999,6,6,6,6,6,6,6,6,6,6
270471,1,1,1999,0,0,0,0,0,0,19,0,0,0
270472,1,1,1999,3,3,3,3,3,3,3,3,3,3
270472,2,1,1999,0,0,0,0,0,0,0,0,0,0
270473,1,1,1999,4,17,13,0,16,8,6,19,16,17
270474,1,1,1999,24,24,24,24,24,24,24,24,24,24
270475,1,1,1999,14,14,14,14,14,14,14,14,14,14
270476,1,1,1999,0,0,0,0,0,0,0,0,0,0
270476,2,1,1999,0,0,0,0,0,0,0,0,0,0
270477,1,1,1999,0,0,0,0,0,0,0,0,0,0
270477,2,1,1999,0,0,0,0,0,0,0,0,0,0
270478,0,1,1999,0,0,0,0,0,0,0,0,0,0
270478,1,1,1999,0,0,0,0,0,0,0,0,0,0
270479,1,1,1999,26,26,26,26,26,26,26,26,26,26
270480,1,1,1999,0,0,0,0,0,0,0,0,0,0
270481,1,1,1999,21,21,21,21,21,21,21,21,21,21
270482,1,1,1999,0,0,0,5,0,0,0,0,0,0
270483,1,1,1999,21,0,0,28,9,19,30,0,11,23
270484,1,1,1999,0,0,0,0,0,0,0,0,0,0
270484,2,1,1999,0,0,0,0,0,0,0,0,0,0
270485,1,1,1999,0,0,0,0,0,0,0,0,0,0
270486,1,1,1999,0,0,0,0,0,0,0,0,0,0
270486,2,1,1999,0,0,0,0,0,0,0,0,0,0
270487,1,1,1999,0,0,0,0,0,0,0,0,0,0
270488,1,1,1999,0,0,0,0,0,0,0,0,0,0
270488,2,1,1999,0,0,0,0,0,0,0,0,0,0
270489,1,1,1999,0,0,0,0,0,0,0,0,0,0
270490,0,1,1999,0,0,0,0,0,0,0,0,0,0
270490,1,1,1999,0,0,0,0,0,0,0,0,0,0
270491,0,1,1999,29,29,29,29,29,29,29,29,29,29
270491,1,1,1999,11,33,14,11,6,11,15,0,0,0
270492,1,1,1999,0,0,0,0,0,0,0,0,0,0
270493,1,1,1999,0,0,0,0,0,0,0,0,0,0
270494,1,1,1999,0,0,0,16,0,8,18,0,0,21
270495,0,1,1999,14,14,14,14,14,14,14,14,14,14
270495,1,1,1999,0,0,0,0,0,0,0,0,0,0
270496,1,1,1999,27,27,27,27,27,27,27,27,27,27
270497,1,1,1999,0,0,0,0,0,0,0,0,0,0
270498,1,1,1999,0,0,29,0,0,8,0,0,0,0
270499,1,1,1999,27,27,27,27,27,27,27,27,27,27
270500,1,1,1999,0,0,0,0,0,0,0,0,0,0
270501,1,1,1999,0,0,0,0,0,0,0,0,0,0
270502,1,1,1999,0,0,0,0,0,0,0,0,0,0
270503,1,1,1999,27,27,27,27,27,27,27,27,27,27
270504,1,1,1999,20,20,20,20,20,20,20,20,20,20
270505,1,1,1999,20,14,8,16,11,8,21,19,16,8
270506,1,1,1999,0,0,0,0,0,0,0,0,0,0
270508,1,1,1999,20,20,20,20,20,20,20,20,20,20
270509,1,1,1999,12,19,0,0,6,0,29,0,42,17
270510,1,1,1999,0,0,0,0,0,0,0,0,0,0
270511,0,1,1999,0,0,0,0,0,0,0,0,0,0
270511,1,1,1999,0,0,0,0,0,0,0,0,0,0
270512,1,1,1999,0,0,0,0,0,0,0,0,0,0
270512,2,1,1999,0,0,0,0,0,0,0,0,0,0
270513,1,1,1999,0,0,0,0,0,0,0,0,0,0
270513,2,1,1999,0,0,0,0,0,0,0,0,0,0
270514,0,1,1999,0,0,0,0,0,0,0,0,0,0
270514,1,1,1999,0,0,0,0,0,0,0,0,0,0
270515,0,1,1999,28,28,28,28,28,28,28,28,28,28
270515,1,1,1999,7,7,7,7,7,7,7,7,7,7
270516,1,1,1999,0,0,0,0,0,0,0,0,0,0
270516,2,1,1999,0,0,0,0,0,0,0,0,0,0
270517,1,1,1999,0,0,0,0,0,0,0,0,0,0
270517,2,1,1999,0,0,0,0,0,0,0,0,0,0
270518,1,1,1999,0,0,0,0,0,0,0,0,0,0
270519,1,1,1999,0,0,0,0,0,0,0,0,0,0
270520,1,1,1999,0,0,0,0,0,0,0,0,0,0
270521,1,1,1999,14,14,14,14,14,14,14,14,14,14
270522,1,1,1999,24,24,24,24,24,24,24,24,24,24
270523,1,1,1999,0,0,0,0,0,0,0,0,0,0
270524,0,1,1999,0,0,0,0,0,0,0,0,0,0
270524,1,1,1999,0,0,0,0,0,0,0,0,0,0
270525,1,1,1999,0,0,0,0,8,0,16,0,0,0
270526,1,1,1999,0,0,0,0,0,0,0,0,0,0
270527,0,1,1999,0,0,0,0,0,0,0,0,0,0
270527,1,1,1999,0,0,0,0,0,0,0,0,0,0
270528,1,1,1999,29,29,29,29,29,29,29,29,29,29
270529,1,1,1999,28,28,28,28,28,28,28,28,28,28
270530,1,1,1999,11,0,0,0,21,0,24,0,0,18
270531,0,1,1999,0,0,0,0,0,0,0,0,0,0
270531,1,1,1999,0,0,0,0,0,0,0,0,0,0
270532,1,1,1999,0,0,0,0,0,0,0,0,0,0
270532,2,1,1999,0,0,0,0,0,0,0,0,0,0
270532,3,1,1999,0,0,0,0,0,0,0,0,0,0
270533,1,1,1999,0,0,0,0,0,0,0,0,0,0
270533,2,1,1999,0,0,0,0,0,0,0,0,0,0
270533,3,1,1999,0,0,0,0,0,0,0,0,0,0
270533,4,1,1999,0,0,0,0,0,0,0,0,0,0
270534,1,1,1999,0,0,0,0,0,0,0,0,0,0
270534,2,1,1999,0,0,0,0,0,0,0,0,0,0
270535,1,1,1999,7,7,7,7,7,7,7,7,7,7
270535,2,1,1999,0,0,0,0,0,0,0,0,0,0
270536,1,1,1999,0,0,0,0,0,0,0,0,0,0
270536,2,1,1999,0,0,0,0,0,0,0,0,0,0
270537,1,1,1999,0,0,0,0,0,0,0,0,0,0
270537,2,1,1999,0,0,0,0,0,0,0,0,0,0
270538,1,1,1999,19,19,19,19,19,19,19,19,19,19
270538,2,1,1999,0,0,0,0,0,0,0,0,0,0
270539,1,1,1999,0,0,0,0,0,0,0,0,0,0
270539,2,1,1999,0,0,0,0,0,0,0,0,0,0
270540,1,1,1999,0,0,0,0,0,0,0,0,0,0
270540,2,1,1999,20,0,0,0,32,0,6,0,0,0
270541,1,1,1999,2,2,2,2,2,2,2,2,2,2
270541,2,1,1999,0,0,0,0,0,0,0,0,0,0
270542,1,1,1999,18,18,18,18,18,18,18,18,18,18
270542,2,1,1999,0,0,0,0,0,0,0,0,0,0
270543,1,1,1999,0,0,0,0,0,0,0,0,0,0
270543,2,1,1999,0,0,0,0,0,0,0,0,0,0
270544,1,1,1999,0,0,0,0,0,0,0,0,0,0
270544,2,1,1999,0,0,0,0,0,0,0,0,0,0
270545,1,1,1999,0,0,0,0,0,0,0,0,0,0
270545,2,1,1999,0,0,0,0,0,0,0,0,0,0
270546,1,1,1999,0,0,0,0,0,0,0,0,0,0
270546,2,1,1999,6,17,0,0,0,0,0,0,0,0
270547,1,1,1999,0,0,0,0,0,0,0,0,0,0
270547,2,1,1999,0,0,0,0,0,0,0,0,0,0
270548,1,1,1999,0,0,0,0,0,0,0,0,0,0
270548,2,1,1999,0,0,0,0,0,0,0,0,0,0
270549,1,1,1999,0,0,0,0,0,0,0,0,0,0
270549,2,1,1999,0,0,0,0,0,0,0,0,0,0
270550,1,1,1999,0,0,0,0,0,0,0,0,0,0
270550,2,1,1999,0,0,0,0,0,0,0,0,0,0
270551,1,1,1999,0,0,0,0,9,0,0,0,0,0
270551,2,1,1999,0,12,0,0,0,0,0,0,0,0
270552,1,1,1999,0,0,0,0,0,0,0,0,0,0
270553,1,1,1999,0,0,0,0,0,0,0,0,0,0
270553,2,1,1999,0,0,0,0,0,0,0,0,0,0
270554,1,1,1999,0,0,0,0,0,0,0,0,0,14
270554,2,1,1999,0,0,0,0,0,0,0,0,0,0
270555,1,1,1999,35,35,35,35,35,35,35,35,35,35
270555,2,1,1999,0,0,0,0,0,0,0,0,0,0
270556,1,1,1999,0,0,0,0,0,0,0,0,0,0
270556,2,1,1999,0,0,0,0,0,0,0,0,0,0
270557,1,1,1999,0,0,0,0,0,0,0,0,0,0
270557,2,1,1999,0,0,0,0,0,0,0,0,0,0
270558,0,1,1999,0,10,0,0,0,19,0,0,0,0
270558,1,1,1999,0,0,0,0,0,0,0,0,0,0
270559,1,1,1999,0,0,0,0,0,0,0,0,0,0
270559,2,1,1999,0,0,0,0,0,0,0,0,0,0
270560,1,1,1999,0,0,0,0,0,0,0,0,0,0
270560,2,1,1999,0,0,0,0,0,0,0,0,0,0
270561,1,1,1999,0,0,0,0,0,0,0,0,0,0
270561,2,1,1999,0,0,0,0,0,0,0,0,0,0
270562,1,1,1999,0,0,0,0,0,0,0,0,0,0
270562,2,1,1999,0,0,0,0,0,0,0,0,0,0
270562,3,1,1999,0,0,0,0,0,0,0,0,0,0
270563,1,1,1999,0,0,0,0,0,0,0,0,0,0
270563,2,1,1999,0,0,0,0,0,0,0,0,0,0
270563,3,1,1999,0,0,0,0,0,0,0,0,0,0
270564,1,1,1999,0,0,0,0,0,0,0,0,0,0
270564,2,1,1999,0,0,0,0,0,0,0,0,0,0
270565,1,1,1999,0,0,0,0,0,0,0,0,0,0
270565,2,1,1999,0,0,0,0,0,0,0,0,0,0
270566,1,1,1999,7,0,0,0,0,0,0,0,0,6
270566,2,1,1999,25,25,25,25,25,25,25,25,25,25
270567,1,1,1999,13,13,13,13,13,13,13,13,13,13
270568,0,1,1999,0,0,0,0,0,0,0,0,0,0
270568,1,1,1999,0,0,0,0,0,0,0,0,0,0
270569,1,1,1999,0,0,0,0,0,0,0,6,0,0
270570,1,1,1999,0,0,0,0,0,0,0,0,0,0
270570,2,1,1999,0,0,0,0,0,0,0,0,0,0
280001,1,1,1999,0,0,0,0,0,0,0,0,0,0
280002,0,1,1999,0,0,0,0,0,0,0,0,0,0
280002,1,1,1999,0,0,0,0,0,0,0,0,0,0
280003,1,1,1999,0,0,0,0,0,0,0,0,0,0
280004,1,1,1999,0,0,0,0,0,0,0,0,0,0
280004,2,1,1999,17,17,17,17,17,17,17,17,17,17
280005,1,1,1999,0,0,0,0,0,0,0,0,0,0
280006,1,1,1999,0,0,0,0,0,0,0,0,0,0
280007,0,1,1999,0,0,0,14,0,0,0,0,17,0
280007,1,1,1999,0,0,2,0,0,0,0,0,0,0
280008,1,1,1999,13,13,13,13,13,13,13,13,13,13
280009,1,1,1999,0,0,0,0,0,0,0,0,0,0
280009,2,1,1999,0,0,0,0,0,0,0,0,0,0
280010,1,1,1999,0,0,0,0,0,0,0,0,0,25
280011,1,1,1999,0,0,0,0,0,0,0,0,0,0
280012,1,1,1999,0,0,0,0,0,0,0,0,0,0
280012,2,1,1999,18,18,18,18,18,18,18,18,18,18
280013,1,1,1999,10,10,10,10,10,10,10,10,10,10
280014,1,1,1999,4,4,4,4,4,4,4,4,4,4
280015,1,1,1999,0,0,0,13,0,0,0,0,0,0
280016,1,1,1999,16,16,16,16,16,16,16,16,16,16
280017,1,1,1999,0,0,0,0,0,0,0,0,0,0
280017,2,1,1999,0,0,0,0,0,0,0,0,0,0
280018,1,1,1999,0,0,0,4,0,0,0,0,0,0
280018,2,1,1999,0,0,0,0,0,0,0,0,0,0
280018,3,1,1999,0,0,0,0,0,0,0,0,0,0
280019,1,1,1999,0,0,0,0,0,0,0,0,0,0
280019,2,1,1999,0,0,0,0,0,0,0,0,0,0
280020,1,1,1999,16,12,0,0,8,0,5,0,8,21
280021,1,1,1999,0,0,6,0,0,0,0,0,13,19
280022,1,1,1999,15,15,15,15,15,15,15,15,15,15
280023,1,1,1999,0,0,0,0,0,0,0,0,0,0
280024,1,1,1999,11,8,37,23,21,29,6,33,11,24
280025,1,1,1999,0,0,0,0,0,0,0,0,0,0
280026,1,1,1999,0,0,0,0,5,0,0,0,0,0
280026,2,1,1999,0,0,0,0,0,0,19,0,0,0
280026,3,1,1999,0,0,0,0,0,0,0,0,0,0
280027,1,1,1999,0,0,0,0,0,0,0,0,0,0
280028,1,1,1999,0,12,0,25,17,0,0,0,11,20
280029,1,1,1999,8,0,0,0,0,0,0,14,35,26
280030,1,1,1999,0,0,0,0,0,0,0,0,0,0
280030,2,1,1999,0,0,0,0,0,0,0,0,0,0
280031,1,1,1999,0,0,0,0,0,0,0,0,0,0
280031,2,1,1999,0,0,0,0,0,0,0,0,0,0
280032,0,1,1999,0,0,0,0,0,0,0,0,0,0
280032,1,1,1999,0,0,0,0,0,0,0,0,0,0
280033,1,1,1999,22,0,27,0,0,0,0,20,0,19
280034,1,1,1999,16,33,13,13,0,14,0,0,0,0
280035,1,1,1999,0,0,0,0,0,0,0,0,0,0
280035,2,1,1999,0,0,0,0,0,0,0,0,0,0
280036,1,1,1999,29,0,0,21,19,0,16,22,0,0
280037,1,1,1999,0,0,0,0,0,0,0,0,0,0
280037,2,1,1999,0,0,0,0,0,0,0,0,0,0
280038,1,1,1999,22,22,22,22,22,22,22,22,22,22
280039,1,1,1999,19,19,19,19,19,19,19,19,19,19
280040,1,1,1999,0,0,0,0,0,0,0,0,0,0
280040,2,1,1999,0,0,0,0,0,0,0,0,0,0
280040,3,1,1999,0,0,0,0,0,0,0,0,0,0
280041,0,1,1999,0,0,33,36,32,0,46,0,0,17
280041,1,1,1999,0,0,0,0,0,0,0,0,0,0
280042,1,1,1999,0,0,0,0,4,0,0,0,7,0
280043,1,1,1999,0,0,0,0,0,0,0,0,0,0
280044,1,1,1999,0,0,0,0,0,0,0,0,0,0
280044,2,1,1999,0,0,0,0,0,0,0,0,0,0
280045,1,1,1999,0,0,0,0,0,0,0,0,0,0
280045,2,1,1999,0,0,0,0,0,0,0,0,0,0
280046,1,1,1999,0,0,0,0,0,0,0,0,0,0
280046,2,1,1999,20,0,0,0,19,13,0,0,0,18
280047,1,1,1999,0,0,0,0,0,0,0,0,0,0
280047,2,1,1999,0,0,0,0,0,0,0,0,0,0
280048,1,1,1999,12,12,12,12,12,12,12,12,12,12
280049,1,1,1999,0,0,0,0,0,0,0,0,0,0
280049,2,1,1999,11,11,11,11,11,11,11,11,11,11
280050,0,1,1999,32,0,29,27,21,32,9,14,0,59
280050,1,1,1999,0,7,0,20,0,0,0,0,0,11
280051,1,1,1999,0,0,0,0,0,0,0,0,0,0
280051,2,1,1999,0,0,0,0,0,0,0,0,0,0
280052,1,1,1999,0,0,0,0,0,0,0,0,0,0
280052,2,1,1999,0,0,0,0,0,0,0,0,0,0
280053,1,1,1999,0,0,0,0,0,0,0,0,0,0
280054,1,1,1999,0,0,0,0,0,16,0,0,0,0
280054,2,1,1999,0,0,6,10,7,13,7,0,0,0
280055,1,1,1999,0,0,0,0,0,0,0,12,0,0
280055,2,1,1999,0,0,0,0,0,0,0,0,0,0
280056,1,1,1999,13,0,13,0,0,0,0,48,13,0
280057,1,1,1999,0,0,0,0,0,0,0,0,0,0
280058,1,1,1999,8,8,8,8,8,8,8,8,8,8
280059,1,1,1999,24,24,24,24,24,24,24,24,24,24
280060,1,1,1999,0,0,0,0,0,0,0,0,0,0
280060,2,1,1999,24,0,0,0,29,0,0,0,13,0
280061,1,1,1999,15,21,0,0,0,17,0,11,0,19
280062,1,1,1999,2,2,2,2,2,2,2,2,2,2
280063,1,1,1999,25,25,25,25,25,25,25,25,25,25
280064,1,1,1999,0,0,0,0,0,0,0,0,0,0
280064,2,1,1999,0,0,0,0,10,0,3,0,0,0
280065,1,1,1999,12,12,12,12,12,12,12,12,12,12
280065,2,1,1999,14,14,14,14,14,14,14,14,14,14
280066,1,1,1999,0,0,0,0,0,0,0,0,0,0
280066,2,1,1999,0,0,0,0,0,0,0,0,0,0
280067,1,1,1999,0,0,0,0,0,0,0,0,0,0
280067,2,1,1999,0,0,0,0,0,0,0,0,0,0
280068,1,1,1999,25,25,25,25,25,25,25,25,25,25
280069,1,1,1999,0,0,0,0,0,0,0,0,0,0
280069,2,1,1999,0,0,0,3,0,0,0,0,0,0
280070,1,1,1999,0,0,0,0,0,0,0,0,0,0
280070,2,1,1999,0,0,0,0,0,0,0,0,0,0
280071,1,1,1999,16,16,16,16,16,16,16,16,16,16
280072,1,1,1999,0,0,0,20,18,10,31,11,0,0
280073,1,1,1999,15,12,0,0,19,0,0,12,0,0
280074,1,1,1999,39,0,20,0,0,0,0,0,16,0
280075,1,1,1999,3,0,0,0,0,0,0,0,0,0
280075,2,1,1999,0,0,0,0,0,0,0,0,0,0
280076,0,1,1999,0,11,0,0,0,0,0,0,0,0
280076,1,1,1999,0,0,0,0,0,0,0,0,0,0
280077,1,1,1999,0,0,0,0,0,0,0,0,24,0
280077,2,1,1999,0,9,0,0,10,0,5,0,0,0
280078,1,1,1999,27,13,10,18,0,0,0,0,0,0
280078,2,1,1999,0,0,0,10,0,0,0,0,0,0
280079,1,1,1999,0,0,0,0,0,14,18,0,0,0
280079,2,1,1999,0,0,0,0,0,0,0,0,0,0
280080,1,1,1999,0,0,0,0,0,0,22,0,0,0
280080,2,1,1999,0,0,0,0,0,0,0,0,0,0
280080,3,1,1999,0,0,0,0,0,0,0,0,0,0
280081,1,1,1999,6,6,6,6,6,6,6,6,6,6
280081,2,1,1999,0,0,0,0,0,0,0,0,0,0
280082,1,1,1999,0,0,0,0,0,0,0,0,0,0
280083,1,1,1999,0,17,20,15,0,11,18,0,26,29
280084,1,1,1999,0,0,0,0,0,0,0,0,0,0
280085,1,1,1999,0,0,0,0,14,0,0,0,9,0
280086,1,1,1999,0,0,0,0,0,0,0,0,0,0
280086,2,1,1999,0,0,0,0,0,7,0,0,0,0
280087,1,1,1999,5,23,14,17,0,0,21,9,8,27
280088,1,1,1999,0,0,0,0,0,0,0,0,0,0
280089,1,1,1999,0,0,0,0,0,0,0,0,0,0
280089,2,1,1999,20,20,20,20,20,20,20,20,20,20
280090,1,1,1999,0,0,0,0,0,0,0,0,0,0
280090,2,1,1999,0,11,0,0,20,0,0,0,16,0
280091,1,1,1999,0,0,0,0,0,0,0,0,0,0
280091,2,1,1999,0,0,0,0,0,0,0,0,0,0
280091,3,1,1999,0,0,0,0,0,0,0,0,0,0
280092,1,1,1999,0,0,0,0,0,0,0,0,0,0
280092,2,1,1999,24,24,24,24,24,24,24,24,24,24
280093,1,1,1999,0,0,0,0,0,0,0,0,0,0
280093,2,1,1999,14,14,14,14,14,14,14,14,14,14
280094,1,1,1999,4,4,4,4,4,4,4,4,4,4
280094,2,1,1999,16,16,16,16,16,16,16,16,16,16
280095,1,1,1999,14,14,14,14,14,14,14,14,14,14
280096,1,1,1999,0,0,0,0,0,0,0,0,0,0
280097,1,1,1999,0,11,14,20,8,20,12,13,16,28
280098,1,1,1999,0,0,14,0,0,0,0,0,0,0
280099,1,1,1999,0,0,0,0,0,0,0,0,0,0
280100,1,1,1999,0,0,0,0,0,0,13,0,0,0
280101,1,1,1999,0,0,4,0,0,27,0,2,0,0
280101,2,1,1999,22,13,21,31,13,17,42,26,26,0
280102,1,1,1999,0,0,0,0,0,0,0,0,0,0
280102,2,1,1999,0,0,0,0,0,0,0,0,0,0
280103,1,1,1999,0,0,0,0,0,0,0,0,0,0
280103,2,1,1999,0,0,0,0,0,0,0,0,0,0
280104,1,1,1999,22,22,22,22,22,22,22,22,22,22
280104,2,1,1999,32,32,32,32,32,32,32,32,32,32
280105,1,1,1999,26,26,26,26,26,26,26,26,26,26
280106,1,1,1999,10,10,10,10,10,10,10,10,10,10
280107,1,1,1999,12,12,12,12,12,12,12,12,12,12
280108,1,1,1999,0,0,0,0,0,0,0,0,0,0
280108,2,1,1999,0,0,0,0,0,0,0,0,0,0
280109,1,1,1999,25,18,17,12,12,16,18,13,0,21
280110,1,1,1999,0,0,0,0,0,0,0,0,0,0
280110,2,1,1999,0,0,0,0,0,0,0,0,0,0
280111,0,1,1999,0,0,0,0,0,0,0,0,0,0
280111,1,1,1999,8,8,8,8,8,8,8,8,8,8
280112,1,1,1999,0,0,0,0,0,0,0,0,0,0
280113,1,1,1999,0,0,0,15,0,0,0,0,0,0
280114,1,1,1999,1,1,1,1,1,1,1,1,1,1
280114,2,1,1999,0,0,0,0,0,0,0,0,0,0
280115,1,1,1999,26,26,26,26,26,26,26,26,26,26
280116,1,1,1999,12,0,0,0,0,2,10,0,16,0
280117,1,1,1999,0,0,0,0,0,0,0,0,0,0
280117,2,1,1999,27,27,27,27,27,27,27,27,27,27
280118,1,1,1999,16,16,16,16,16,16,16,16,16,16
280118,2,1,1999,0,0,0,0,0,0,0,0,0,0
280119,1,1,1999,0,0,0,0,0,0,0,0,0,0
280120,1,1,1999,0,0,0,0,0,0,0,0,0,0
280121,1,1,1999,0,0,0,0,0,0,0,0,0,0
280122,1,1,1999,18,18,18,18,18,18,18,18,18,18
280122,2,1,1999,12,12,12,12,12,12,12,12,12,12
280123,0,1,1999,18,18,18,18,18,18,18,18,18,18
280123,1,1,1999,0,0,0,0,0,0,0,0,0,0
280124,1,1,1999,0,0,0,0,0,0,0,0,0,0
280124,2,1,1999,0,0,0,0,0,0,0,0,0,0
280124,3,1,1999,0,0,0,0,0,0,0,0,0,0
280125,1,1,1999,0,0,0,0,0,0,0,0,0,0
280125,2,1,1999,0,0,4,0,15,0,0,0,0,0
280126,1,1,1999,0,0,0,0,0,0,0,0,0,0
280126,2,1,1999,0,0,0,0,0,0,0,0,0,0
280126,3,1,1999,0,0,0,0,0,0,0,0,0,0
280127,1,1,1999,22,22,22,22,22,22,22,22,22,22
280128,1,1,1999,5,5,5,5,5,5,5,5,5,5
280128,2,1,1999,0,0,0,0,0,0,0,0,0,0
280129,0,1,1999,0,0,0,15,0,0,0,0,0,0
280129,1,1,1999,0,0,0,0,0,0,0,0,0,0
280130,1,1,1999,0,0,0,0,0,0,0,0,0,0
280130,2,1,1999,0,0,0,0,0,0,0,0,0,0
280130,3,1,1999,0,0,0,0,0,0,0,0,0,0
280131,0,1,1999,0,0,11,25,17,0,0,17,30,0
280131,1,1,1999,18,0,0,0,0,0,0,0,0,0
280132,1,1,1999,0,0,0,0,0,0,0,0,0,0