ST_CASE,VEH_NO,PER_NO,YEAR,P1,P2,P3,P4,P5,P6,P7,P8,P9,P10
280132,2,1,1999,0,0,0,0,0,15,0,0,0,0
280133,1,1,1999,23,23,23,23,23,23,23,23,23,23
280134,1,1,1999,0,0,0,0,0,0,0,0,0,0
280134,2,1,1999,0,0,0,0,0,0,0,0,0,0
280135,1,1,1999,23,23,23,23,23,23,23,23,23,23
280136,1,1,1999,24,24,24,24,24,24,24,24,24,24
280137,1,1,1999,0,0,0,0,0,0,0,0,0,0
280138,1,1,1999,30,30,30,30,30,30,30,30,30,30
280138,2,1,1999,2,2,2,2,2,2,2,2,2,2
280139,1,1,1999,0,0,0,0,0,0,0,0,0,0
280139,2,1,1999,0,0,0,0,0,0,0,0,0,0
280139,3,1,1999,0,0,0,0,0,0,0,0,0,0
280140,1,1,1999,0,0,0,0,0,0,0,0,0,0
280141,1,1,1999,0,0,0,0,0,0,0,0,0,0
280141,2,1,1999,0,0,0,0,0,0,0,0,0,0
280142,1,1,1999,0,0,0,0,0,0,0,0,18,13
280143,1,1,1999,6,19,0,16,0,4,19,9,8,10
280144,1,1,1999,0,0,0,0,0,0,9,0,0,16
280144,2,1,1999,0,0,0,0,0,0,0,0,0,0
280144,3,1,1999,0,0,0,0,0,0,0,0,0,0
280145,1,1,1999,0,0,0,0,0,0,0,0,0,0
280145,2,1,1999,0,0,0,0,0,0,0,0,0,0
280146,1,1,1999,0,0,0,0,0,0,0,0,0,0
280146,2,1,1999,0,0,0,0,0,0,0,0,0,0
280147,1,1,1999,24,24,24,24,24,24,24,24,24,24
280148,1,1,1999,0,23,15,0,23,0,0,3,13,0
280149,1,1,1999,4,4,4,4,4,4,4,4,4,4
280150,1,1,1999,11,27,7,28,29,0,11,17,14,26
280151,1,1,1999,0,0,10,0,0,49,12,18,16,16
280152,1,1,1999,0,0,0,0,0,0,0,21,0,0
280152,2,1,1999,16,16,16,16,16,16,16,16,16,16
280153,1,1,1999,0,0,0,0,0,0,0,0,0,0
280153,2,1,1999,12,12,12,12,12,12,12,12,12,12
280154,1,1,1999,21,0,12,14,20,18,24,15,32,21
280155,1,1,1999,0,0,0,0,21,0,8,0,16,10
280155,2,1,1999,0,0,0,0,0,0,0,0,0,0
280156,1,1,1999,0,0,0,0,0,0,0,0,0,0
280157,1,1,1999,10,10,10,10,10,10,10,10,10,10
280158,1,1,1999,0,0,0,0,0,0,0,0,0,0
280158,2,1,1999,0,0,0,0,0,0,0,0,0,0
280159,1,1,1999,0,0,0,0,0,0,0,0,0,0
280160,1,1,1999,0,0,0,0,0,0,0,0,0,0
280160,2,1,1999,0,0,0,0,0,0,0,0,0,0
280161,1,1,1999,0,0,0,0,0,0,0,0,0,0
280161,2,1,1999,0,0,0,0,0,0,0,0,0,0
280162,1,1,1999,0,0,0,0,0,0,0,0,0,0
280162,2,1,1999,0,0,0,0,0,0,0,0,0,0
280163,1,1,1999,4,0,0,0,0,0,5,10,15,0
280164,1,1,1999,0,0,0,0,10,0,0,12,0,0
280165,1,1,1999,15,15,15,15,15,15,15,15,15,15
280165,2,1,1999,16,16,16,16,16,16,16,16,16,16
280166,1,1,1999,19,19,19,19,19,19,19,19,19,19
280167,1,1,1999,0,31,0,0,0,10,0,0,0,0
280168,1,1,1999,0,0,0,0,0,21,0,0,0,0
280168,2,1,1999,0,11,0,0,0,0,34,0,14,0
280169,1,1,1999,17,17,17,17,17,17,17,17,17,17
280170,1,1,1999,0,46,0,0,0,0,0,24,0,0
280171,1,1,1999,0,0,0,0,0,0,0,0,0,0
280172,1,1,1999,0,0,0,0,0,0,0,0,0,0
280172,2,1,1999,15,16,25,20,19,0,21,0,17,13
280172,3,1,1999,0,0,0,0,0,0,0,0,0,0
280173,1,1,1999,0,0,0,0,0,0,7,0,0,0
280174,1,1,1999,0,0,0,0,0,0,0,0,0,0
280175,1,1,1999,0,0,0,0,0,0,0,0,0,0
280176,1,1,1999,0,11,0,8,0,0,13,0,0,0
280177,1,1,1999,0,0,30,0,11,0,8,0,0,0
280177,2,1,1999,0,0,0,0,0,0,0,0,0,0
280178,1,1,1999,0,0,0,0,0,0,0,0,0,0
280178,2,1,1999,0,0,0,0,0,0,0,0,0,0
280179,1,1,1999,0,0,0,0,0,8,0,0,0,0
280179,2,1,1999,0,0,0,0,0,0,0,0,0,0
280180,1,1,1999,0,0,0,0,0,0,0,0,0,0
280180,2,1,1999,0,0,0,0,0,0,0,0,0,0
280181,1,1,1999,20,20,20,20,20,20,20,20,20,20
280181,2,1,1999,0,0,0,0,0,0,0,0,0,0
280182,1,1,1999,21,13,14,25,0,27,18,0,13,0
280183,1,1,1999,15,6,12,0,12,17,0,6,0,0
280184,1,1,1999,0,0,0,0,0,0,0,0,0,0
280184,2,1,1999,0,0,0,0,0,0,0,0,0,0
280184,3,1,1999,0,0,0,0,0,0,0,0,0,0
280185,1,1,1999,0,0,0,0,0,0,0,0,0,0
280185,2,1,1999,0,0,0,0,0,0,0,0,0,0
280186,1,1,1999,0,0,0,0,0,0,0,0,0,0
280187,1,1,1999,0,0,0,0,0,0,0,0,0,0
280188,0,1,1999,0,0,0,0,0,0,0,0,0,0
280188,1,1,1999,0,0,0,0,0,0,0,0,0,0
280189,1,1,1999,18,18,18,18,18,18,18,18,18,18
280189,2,1,1999,0,2,7,0,0,0,0,0,0,0
280190,1,1,1999,14,14,14,14,14,14,14,14,14,14
280191,1,1,1999,0,0,0,0,0,0,0,0,0,0
280192,1,1,1999,0,0,0,0,0,0,0,0,0,0
280192,2,1,1999,0,0,0,0,0,0,0,0,0,0
280192,3,1,1999,0,0,0,0,0,0,0,0,0,0
280192,4,1,1999,0,0,0,0,0,0,0,0,0,0
280193,1,1,1999,0,0,0,0,0,0,0,0,0,0
280193,2,1,1999,0,0,0,0,0,0,0,0,0,0
280194,1,1,1999,0,0,0,0,0,0,0,0,0,0
280194,2,1,1999,0,0,0,0,0,0,0,0,0,0
280195,1,1,1999,0,0,0,0,0,0,0,0,0,0
280195,2,1,1999,0,0,0,0,0,0,0,0,0,0
280196,1,1,1999,0,0,0,0,0,0,0,0,0,0
280196,2,1,1999,0,0,0,0,0,0,0,0,0,0
280197,1,1,1999,0,0,0,0,0,0,0,0,0,0
280197,2,1,1999,0,0,0,0,0,0,0,0,0,0
280198,1,1,1999,30,30,30,30,30,30,30,30,30,30
280199,1,1,1999,16,13,7,0,0,0,5,0,0,0
280199,2,1,1999,9,0,0,0,0,0,0,0,0,0
280200,1,1,1999,0,0,10,0,35,19,21,9,17,20
280201,1,1,1999,0,0,0,0,0,0,0,24,0,0
280201,2,1,1999,0,0,0,0,15,0,0,0,0,0
280202,1,1,1999,0,13,0,0,0,0,0,0,15,0
280202,2,1,1999,0,0,0,0,0,0,0,0,0,0
280203,1,1,1999,0,0,0,0,0,0,0,0,0,0
280203,2,1,1999,0,0,0,0,0,0,0,0,0,0
280204,1,1,1999,0,0,7,0,10,0,0,0,0,17
280204,2,1,1999,6,0,0,0,0,0,0,0,23,0
280204,3,1,1999,0,0,19,23,41,0,0,0,21,7
280205,1,1,1999,0,0,0,0,0,0,0,0,0,0
280205,2,1,1999,0,0,0,0,0,0,0,0,0,0
280206,1,1,1999,0,0,0,0,0,0,0,0,0,0
280207,1,1,1999,0,0,0,0,0,0,0,0,0,0
280208,1,1,1999,0,0,0,0,0,0,0,0,0,0
280209,1,1,1999,14,14,14,14,14,14,14,14,14,14
280210,1,1,1999,0,0,0,0,0,0,0,0,0,0
280211,1,1,1999,16,16,16,16,16,16,16,16,16,16
280211,2,1,1999,20,20,20,20,20,20,20,20,20,20
280212,1,1,1999,0,0,0,0,0,0,0,0,0,0
280213,1,1,1999,15,15,15,15,15,15,15,15,15,15
280214,1,1,1999,12,12,12,12,12,12,12,12,12,12
280215,1,1,1999,0,0,0,0,0,0,0,0,0,0
280215,2,1,1999,0,0,0,0,0,0,0,0,0,0
280216,1,1,1999,22,22,22,22,22,22,22,22,22,22
280217,1,1,1999,0,0,0,0,0,0,0,0,0,0
280217,2,1,1999,0,0,0,0,0,0,0,0,0,0
280218,1,1,1999,0,0,0,0,4,0,0,3,0,0
280219,0,1,1999,0,0,0,0,0,0,0,0,0,0
280219,1,1,1999,0,0,0,0,0,0,0,0,0,0
280220,1,1,1999,5,48,6,27,11,26,18,4,16,11
280221,1,1,1999,0,0,0,0,0,0,0,0,0,0
280222,1,1,1999,0,0,0,0,0,0,0,0,0,0
280222,2,1,1999,0,0,0,0,0,0,0,0,0,0
280223,1,1,1999,0,0,0,0,0,0,0,0,11,0
280224,1,1,1999,18,18,18,18,18,18,18,18,18,18
280225,1,1,1999,0,0,0,0,0,0,0,0,0,0
280226,1,1,1999,0,0,0,0,0,0,0,0,0,0
280226,2,1,1999,30,30,30,30,30,30,30,30,30,30
280227,1,1,1999,0,0,0,0,0,0,0,0,0,0
280227,2,1,1999,0,17,0,0,0,0,23,0,0,0
280228,1,1,1999,0,0,0,0,0,0,0,0,0,0
280229,1,1,1999,0,0,0,0,0,0,0,0,0,0
280230,1,1,1999,17,17,17,17,17,17,17,17,17,17
280230,2,1,1999,0,0,0,0,0,0,0,0,0,0
280231,1,1,1999,0,0,0,12,0,0,0,35,15,0
280232,0,1,1999,0,0,0,23,0,18,0,22,0,13
280232,1,1,1999,0,19,0,0,0,0,0,0,0,21
280233,1,1,1999,0,0,0,0,0,0,0,0,0,0
280234,1,1,1999,21,0,0,14,16,19,0,0,0,0
280234,2,1,1999,13,0,5,0,0,10,0,0,0,0
280234,3,1,1999,7,0,0,0,0,0,0,28,0,4
280235,1,1,1999,15,0,15,21,0,5,0,0,0,15
280236,1,1,1999,8,20,23,12,0,0,0,0,9,20
280237,1,1,1999,0,0,0,26,0,15,20,0,11,6
280238,1,1,1999,0,0,0,0,0,0,0,0,0,0
280238,2,1,1999,0,0,0,0,0,0,0,0,0,0
280238,3,1,1999,0,0,0,0,0,0,0,0,0,0
280239,0,1,1999,0,0,0,0,0,0,0,0,0,0
280239,1,1,1999,0,0,0,0,0,0,0,0,0,0
280240,1,1,1999,0,0,0,0,0,0,0,0,0,0
280241,1,1,1999,0,0,0,0,0,0,0,0,0,0
280242,1,1,1999,22,22,22,22,22,22,22,22,22,22
280243,1,1,1999,29,0,13,0,0,0,12,17,9,18
280244,1,1,1999,0,0,0,0,0,0,0,0,0,0
280245,1,1,1999,12,12,12,12,12,12,12,12,12,12
280246,1,1,1999,14,25,26,4,48,21,31,7,35,10
280247,0,1,1999,0,0,0,0,0,0,0,0,0,0
280247,1,1,1999,0,0,0,0,0,0,0,0,0,0
280248,1,1,1999,0,0,0,0,0,0,0,0,0,0
280248,2,1,1999,18,18,18,18,18,18,18,18,18,18
280249,1,1,1999,0,0,0,0,0,0,0,0,0,0
280249,2,1,1999,0,0,0,0,0,0,0,0,0,0
280250,1,1,1999,0,0,0,0,0,0,0,0,0,0
280250,2,1,1999,0,0,0,0,0,0,0,0,0,0
280251,1,1,1999,0,0,0,0,0,0,0,0,0,0
280252,1,1,1999,0,0,0,30,0,19,0,0,0,0
280252,2,1,1999,0,0,18,0,0,0,0,0,0,0
280253,1,1,1999,0,0,0,0,0,0,0,0,0,0
280254,1,1,1999,0,0,0,0,0,0,0,0,0,0
280255,1,1,1999,18,18,18,18,18,18,18,18,18,18
280256,1,1,1999,0,0,0,0,0,0,0,0,0,0
280257,1,1,1999,0,0,0,0,0,0,0,0,0,0
280257,2,1,1999,0,0,0,0,0,0,0,0,0,0
280258,1,1,1999,0,0,0,0,0,0,0,0,0,0
280259,1,1,1999,0,0,0,0,0,0,0,0,0,0
280259,2,1,1999,0,0,0,0,0,0,0,0,0,0
280260,1,1,1999,10,10,10,10,10,10,10,10,10,10
280260,2,1,1999,0,0,0,0,0,0,0,0,0,0
280261,1,1,1999,0,0,0,0,0,0,0,0,0,0
280261,2,1,1999,0,0,0,0,0,0,0,0,0,0
280262,1,1,1999,18,18,18,18,18,18,18,18,18,18
280263,1,1,1999,12,12,12,12,12,12,12,12,12,12
280263,2,1,1999,11,20,0,14,0,9,3,24,27,10
280263,3,1,1999,0,0,0,0,0,0,0,0,0,0
280264,1,1,1999,18,18,18,18,18,18,18,18,18,18
280264,2,1,1999,0,0,0,0,0,0,0,0,0,0
280265,1,1,1999,0,0,0,0,0,0,0,0,0,0
280265,2,1,1999,0,0,0,0,0,0,0,0,0,0
280266,1,1,1999,20,20,20,20,20,20,20,20,20,20
280267,1,1,1999,0,0,0,0,0,0,0,0,0,0
280268,1,1,1999,0,0,0,0,0,0,0,0,0,0
280268,2,1,1999,0,0,0,0,0,0,0,0,0,0
280269,1,1,1999,22,6,0,9,16,19,12,11,0,0
280269,2,1,1999,0,0,0,0,0,0,0,0,13,0
280270,1,1,1999,16,16,16,16,16,16,16,16,16,16
280270,2,1,1999,16,16,16,16,16,16,16,16,16,16
280271,1,1,1999,0,0,0,0,0,0,0,0,0,0
280271,2,1,1999,0,0,0,29,0,0,0,7,0,0
280272,1,1,1999,13,13,13,13,13,13,13,13,13,13
280273,1,1,1999,0,0,0,0,0,0,0,0,0,0
280273,2,1,1999,0,0,0,0,0,0,0,0,0,0
280274,1,1,1999,21,21,21,21,21,21,21,21,21,21
280275,1,1,1999,0,0,0,0,0,0,0,0,0,0
280275,2,1,1999,13,13,13,13,13,13,13,13,13,13
280276,1,1,1999,8,0,0,0,20,0,0,24,0,0
280276,2,1,1999,0,0,0,0,0,0,0,0,0,0
280277,1,1,1999,0,0,0,0,12,0,0,0,0,12
280278,1,1,1999,0,16,26,9,14,0,0,0,0,0
280279,1,1,1999,0,10,0,11,7,0,0,0,8,0
280280,1,1,1999,10,10,10,10,10,10,10,10,10,10
280281,1,1,1999,0,0,0,0,0,0,0,0,0,0
280282,1,1,1999,0,0,0,0,0,0,0,0,0,0
280282,2,1,1999,0,0,0,0,0,0,0,0,0,0
280283,1,1,1999,0,0,0,0,0,0,0,0,0,0
280283,2,1,1999,0,0,0,0,0,0,0,0,0,0
280283,3,1,1999,0,0,0,0,0,0,0,0,0,0
280284,1,1,1999,0,0,0,0,0,0,0,0,0,0
280284,2,1,1999,0,0,0,0,0,0,0,0,0,0
280285,1,1,1999,0,0,0,0,0,0,0,0,0,0
280285,2,1,1999,0,0,0,0,0,0,0,0,0,0
280286,1,1,1999,0,0,0,0,0,0,0,0,0,0
280287,1,1,1999,17,17,17,17,17,17,17,17,17,17
280288,1,1,1999,0,17,0,0,0,0,0,0,0,0
280288,2,1,1999,0,0,0,0,0,0,0,0,0,0
280289,1,1,1999,0,0,0,0,0,4,0,0,0,0
280290,1,1,1999,13,0,0,0,0,0,0,22,0,0
280291,1,1,1999,0,0,0,0,0,0,0,0,0,10
280291,2,1,1999,0,0,4,0,0,0,6,0,0,0
280292,1,1,1999,20,20,20,20,20,20,20,20,20,20
280293,1,1,1999,0,0,9,0,0,0,0,0,0,0
280293,2,1,1999,0,20,19,0,0,0,0,0,11,0
280294,0,1,1999,0,0,0,0,0,0,0,0,0,0
280294,1,1,1999,0,0,0,0,0,0,0,0,0,0
280295,1,1,1999,0,0,0,0,0,0,14,0,0,9
280296,1,1,1999,12,0,0,0,0,18,0,0,0,0
280297,1,1,1999,0,0,0,0,0,0,0,0,0,0
280298,1,1,1999,0,0,23,11,0,15,0,10,0,24
280299,0,1,1999,29,14,6,37,25,11,26,0,36,21
280299,1,1,1999,0,0,0,0,0,0,6,0,3,0
280300,1,1,1999,0,0,0,0,0,0,0,0,0,0
280301,1,1,1999,0,0,0,0,0,0,0,0,0,0
280301,2,1,1999,0,0,0,0,0,0,0,0,0,0
280302,1,1,1999,0,26,20,18,0,17,0,0,0,23
280303,1,1,1999,10,10,10,10,10,10,10,10,10,10
280304,1,1,1999,0,0,0,11,10,0,19,5,0,0
280304,2,1,1999,0,0,0,16,0,0,11,20,0,0
280305,1,1,1999,0,0,0,0,0,0,0,0,0,0
280306,1,1,1999,0,0,0,0,0,0,0,0,0,0
280306,2,1,1999,0,0,0,0,0,0,0,0,0,0
280306,3,1,1999,0,0,0,0,0,0,0,0,0,0
280307,1,1,1999,0,0,0,0,0,0,0,0,0,0
280307,2,1,1999,0,0,0,0,0,0,0,0,0,0
280307,3,1,1999,0,0,0,0,0,0,0,0,15,0
280308,1,1,1999,0,0,0,0,0,0,0,0,0,0
280308,2,1,1999,18,0,0,10,0,0,0,0,16,8
280309,1,1,1999,0,0,24,0,0,0,24,0,0,12
280309,2,1,1999,17,0,10,0,0,0,0,0,0,0
280310,1,1,1999,0,0,0,0,0,0,0,0,0,0
280311,1,1,1999,0,0,0,0,0,0,0,0,0,0
280312,1,1,1999,14,14,14,14,14,14,14,14,14,14
280313,1,1,1999,18,18,18,18,18,18,18,18,18,18
280313,2,1,1999,22,0,0,11,22,0,27,0,0,0
280314,1,1,1999,0,0,0,8,10,0,0,0,0,0
280315,1,1,1999,21,21,21,21,21,21,21,21,21,21
280316,1,1,1999,38,38,38,38,38,38,38,38,38,38
280317,0,1,1999,16,16,16,16,16,16,16,16,16,16
280317,1,1,1999,0,0,0,0,0,19,16,0,0,0
280318,1,1,1999,0,0,0,0,0,0,0,0,0,0
280318,2,1,1999,16,16,16,16,16,16,16,16,16,16
280319,0,1,1999,0,0,13,36,26,0,0,16,0,11
280319,1,1,1999,0,0,17,9,0,0,11,0,10,0
280320,1,1,1999,36,36,36,36,36,36,36,36,36,36
280321,1,1,1999,0,0,0,0,0,0,0,0,0,0
280321,2,1,1999,0,0,0,0,0,0,0,0,0,0
280322,1,1,1999,0,0,0,0,0,0,0,0,0,0
280322,2,1,1999,0,0,0,0,0,0,0,0,0,0
280323,1,1,1999,0,0,0,0,0,0,0,0,0,0
280323,2,1,1999,0,0,0,0,0,0,0,0,0,0
280324,1,1,1999,0,0,0,0,0,0,0,0,0,0
280324,2,1,1999,0,0,0,0,0,0,0,0,0,0
280325,1,1,1999,0,0,0,0,0,0,0,0,0,0
280325,2,1,1999,0,0,0,0,0,0,10,0,0,0
280326,1,1,1999,0,0,0,0,8,0,12,0,0,0
280327,1,1,1999,0,0,10,0,0,0,0,0,0,11
280328,1,1,1999,17,17,17,17,17,17,17,17,17,17
280329,1,1,1999,0,0,0,0,0,0,0,0,0,0
280330,1,1,1999,0,0,15,25,0,0,0,0,0,0
280331,1,1,1999,19,19,19,19,19,19,19,19,19,19
280332,1,1,1999,6,0,24,0,16,13,0,0,0,0
280333,1,1,1999,14,0,4,12,0,34,18,0,0,0
280333,2,1,1999,0,0,0,0,0,0,0,0,0,0
280334,0,1,1999,0,0,0,0,0,0,0,0,0,0
280334,1,1,1999,3,0,0,0,11,0,0,0,0,0
280335,0,1,1999,0,0,0,0,0,0,0,0,0,0
280335,1,1,1999,0,0,0,0,0,0,0,0,0,0
280336,1,1,1999,0,0,0,0,0,0,0,0,0,0
280336,2,1,1999,0,0,0,0,0,0,0,0,0,0
280337,1,1,1999,16,16,16,16,16,16,16,16,16,16
280338,1,1,1999,10,0,18,12,0,0,21,0,16,0
280339,1,1,1999,16,16,16,16,16,16,16,16,16,16
280340,1,1,1999,7,7,7,7,7,7,7,7,7,7
280340,2,1,1999,16,16,16,16,16,16,16,16,16,16
280341,0,1,1999,22,22,22,22,22,22,22,22,22,22
280341,1,1,1999,0,0,0,0,0,0,0,0,0,13
280342,1,1,1999,0,0,0,0,0,0,0,0,0,0
280343,1,1,1999,0,10,0,0,0,0,0,0,0,0
280344,1,1,1999,14,14,14,14,14,14,14,14,14,14
280345,1,1,1999,21,21,21,21,21,21,21,21,21,21
280345,2,1,1999,15,18,0,0,0,16,0,0,0,0
280346,1,1,1999,0,26,0,0,23,0,0,16,0,0
280347,1,1,1999,32,32,32,32,32,32,32,32,32,32
280348,1,1,1999,0,0,0,0,0,0,0,0,0,0
280348,2,1,1999,0,0,0,0,0,0,0,0,0,0
280349,1,1,1999,0,0,0,0,0,15,0,0,16,0
280350,1,1,1999,0,0,0,0,0,9,0,6,0,0
280350,2,1,1999,0,0,0,0,0,0,0,0,0,0
280350,3,1,1999,0,0,0,0,0,0,0,0,0,0
280351,1,1,1999,0,0,0,0,0,0,0,0,0,0
280351,2,1,1999,0,0,0,0,0,0,0,0,0,0
280352,1,1,1999,0,0,0,0,0,0,0,0,7,0
280352,2,1,1999,0,0,0,0,0,11,0,0,0,0
280353,1,1,1999,0,0,0,0,0,0,0,0,0,0
280353,2,1,1999,0,0,0,0,0,0,0,0,0,0
280354,1,1,1999,26,26,26,26,26,26,26,26,26,26
280355,1,1,1999,0,0,0,0,0,0,0,0,0,0
280355,2,1,1999,0,0,0,0,0,0,0,0,0,0
280356,1,1,1999,0,0,0,0,0,0,0,0,0,0
280356,2,1,1999,6,0,0,0,0,4,18,0,0,0
280357,1,1,1999,0,29,25,0,14,0,9,15,13,0
280357,2,1,1999,20,0,0,0,0,0,14,15,0,15
280358,1,1,1999,0,0,0,12,9,0,0,0,0,0
280359,1,1,1999,0,0,0,0,0,0,0,0,0,0
280359,2,1,1999,0,0,0,0,0,0,0,0,0,0
280360,1,1,1999,0,0,0,0,0,0,0,0,0,0
280360,2,1,1999,0,0,0,0,0,0,0,0,0,0
280361,1,1,1999,0,0,0,0,0,0,0,0,0,0
280361,2,1,1999,0,0,0,0,0,25,0,0,0,0
280362,1,1,1999,0,0,0,0,0,0,0,0,0,0
280362,2,1,1999,0,15,10,13,0,12,0,15,11,15
280363,1,1,1999,29,0,0,0,0,0,0,0,0,0
280363,2,1,1999,0,0,0,0,0,0,0,0,0,0
280364,0,1,1999,0,22,0,0,4,33,19,0,0,14
280364,1,1,1999,0,0,0,0,0,15,0,0,0,16
280365,1,1,1999,0,0,0,0,14,0,0,0,0,0
280365,2,1,1999,0,14,0,0,17,0,0,0,0,0
280366,1,1,1999,0,0,0,0,0,0,0,17,0,0
280366,2,1,1999,0,0,0,0,0,0,0,0,0,0
280367,1,1,1999,0,0,0,0,0,0,0,0,0,0
280367,2,1,1999,46,12,20,16,20,17,30,15,0,17
280368,1,1,1999,0,18,11,0,0,0,0,47,23,37
280369,1,1,1999,0,0,0,0,0,6,0,0,0,0
280369,2,1,1999,0,0,0,0,0,0,0,0,0,0
280370,0,1,1999,26,26,26,26,26,26,26,26,26,26
280370,1,1,1999,0,0,5,0,0,13,10,0,16,0
280371,1,1,1999,0,0,0,0,0,0,0,0,0,0
280371,2,1,1999,0,0,0,0,0,0,0,0,0,0
280372,1,1,1999,0,0,12,0,0,0,13,0,15,11
280372,2,1,1999,14,0,0,0,0,11,0,0,0,0
280373,1,1,1999,0,0,0,0,0,0,0,0,0,0
280373,2,1,1999,0,18,0,0,0,0,0,0,0,0
280374,1,1,1999,0,0,0,0,4,0,0,0,0,12
280375,1,1,1999,0,0,0,0,0,0,0,0,0,0
280375,2,1,1999,0,0,0,0,0,0,0,0,0,0
280376,1,1,1999,9,19,12,8,25,0,11,22,0,20
280377,1,1,1999,0,0,0,0,0,0,0,0,0,0
280378,1,1,1999,0,0,0,0,0,0,0,0,0,0
280378,2,1,1999,0,0,0,0,0,0,21,0,0,0
280379,1,1,1999,0,24,15,0,10,0,0,0,13,0
280380,1,1,1999,0,0,0,0,0,0,0,0,0,0
280380,2,1,1999,0,0,0,0,0,0,0,0,0,0
280381,1,1,1999,0,0,0,0,0,0,0,0,0,0
280381,2,1,1999,0,0,0,0,0,0,0,0,0,0
280382,1,1,1999,0,0,0,0,0,0,0,0,0,0
280383,0,1,1999,0,0,0,0,0,0,0,0,0,0
280383,1,1,1999,0,0,0,0,0,0,0,0,0,0
280384,1,1,1999,19,15,11,0,0,18,23,0,12,0
280385,0,1,1999,0,8,0,0,0,0,0,0,0,0
280385,1,1,1999,0,0,0,0,0,0,0,0,0,0
280386,1,1,1999,27,27,27,27,27,27,27,27,27,27
280386,2,1,1999,16,16,16,16,16,16,16,16,16,16
280387,0,1,1999,0,0,0,0,0,0,0,0,0,0
280387,1,1,1999,10,0,9,6,0,0,0,0,0,0
280388,1,1,1999,16,16,16,16,16,16,16,16,16,16
280388,2,1,1999,0,0,0,0,0,0,0,0,0,0
280389,0,1,1999,0,0,0,0,0,0,0,0,0,0
280389,1,1,1999,7,8,22,0,0,0,0,21,0,0
280390,1,1,1999,0,0,0,0,0,0,0,0,0,0
280391,1,1,1999,0,0,0,0,0,0,0,0,0,0
280391,2,1,1999,0,0,0,0,0,0,0,0,0,0
280392,1,1,1999,22,22,22,22,22,22,22,22,22,22
280393,1,1,1999,14,14,14,14,14,14,14,14,14,14
280393,2,1,1999,0,0,0,0,0,0,0,0,0,0
280394,1,1,1999,0,0,0,0,0,0,0,0,0,0
280394,2,1,1999,0,0,0,0,0,0,0,0,0,0
280395,1,1,1999,12,12,12,12,12,12,12,12,12,12
280395,2,1,1999,16,16,16,16,16,16,16,16,16,16
280396,1,1,1999,0,0,0,0,0,0,0,0,0,0
280396,2,1,1999,0,0,0,0,0,0,0,0,0,0
280397,1,1,1999,18,18,18,18,18,18,18,18,18,18
280398,1,1,1999,0,16,13,0,12,0,2,6,11,14
280399,1,1,1999,21,21,21,21,21,21,21,21,21,21
280399,2,1,1999,0,0,0,0,0,0,0,0,0,0
280400,1,1,1999,0,0,0,0,0,0,0,0,0,0
280400,2,1,1999,0,0,0,0,0,0,0,0,0,0
280401,1,1,1999,16,16,16,16,16,16,16,16,16,16
280402,1,1,1999,0,0,0,0,0,0,0,0,0,0
280403,0,1,1999,0,0,0,0,0,0,0,0,0,0
280403,1,1,1999,0,0,0,12,0,0,0,0,0,0
280404,1,1,1999,0,0,0,0,0,0,0,0,0,0
280404,2,1,1999,0,0,0,0,0,0,0,0,0,0
280405,1,1,1999,20,30,15,35,31,24,23,15,7,27
280406,1,1,1999,0,0,0,0,0,0,0,0,0,0
280406,2,1,1999,0,0,0,0,0,0,0,0,0,0
280407,1,1,1999,0,0,0,0,0,0,0,0,0,0
280407,2,1,1999,0,0,0,0,0,0,0,0,0,0
280408,1,1,1999,0,0,0,5,0,0,0,0,0,0
280408,2,1,1999,0,0,0,0,18,0,0,0,0,0
280409,1,1,1999,8,4,13,10,12,0,0,17,18,12
280410,1,1,1999,0,0,0,0,0,0,0,0,0,0
280411,1,1,1999,26,26,26,26,26,26,26,26,26,26
280412,1,1,1999,0,0,8,0,0,0,0,7,0,0
280412,2,1,1999,16,0,0,0,0,0,0,0,0,0
280413,1,1,1999,0,0,0,0,0,0,0,0,0,0
280413,2,1,1999,0,0,0,0,0,0,0,0,0,0
280413,3,1,1999,0,0,0,0,0,0,0,0,0,0
280414,1,1,1999,18,18,18,18,18,18,18,18,18,18
280414,2,1,1999,12,12,12,12,12,12,12,12,12,12
280415,1,1,1999,4,4,4,4,4,4,4,4,4,4
280416,1,1,1999,5,5,5,5,5,5,5,5,5,5
280418,1,1,1999,0,0,0,0,0,0,0,0,0,0
280418,2,1,1999,0,0,0,0,0,0,0,0,0,0
280419,1,1,1999,0,11,0,2,0,17,0,0,0,0
280419,2,1,1999,0,0,0,0,0,0,0,0,0,0
280420,1,1,1999,0,0,0,0,0,0,0,0,0,0
280420,2,1,1999,0,0,0,0,0,0,0,0,0,0
280421,1,1,1999,0,0,8,0,0,0,0,0,14,0
280422,1,1,1999,0,0,0,0,0,0,0,0,0,0
280422,2,1,1999,0,0,0,8,13,0,0,0,0,0