ST_CASE,VEH_NO,PER_NO,YEAR,P1,P2,P3,P4,P5,P6,P7,P8,P9,P10
280423,0,1,1999,21,18,0,0,18,20,0,0,0,15
280423,1,1,1999,0,0,0,0,0,0,0,0,0,0
280424,1,1,1999,0,0,0,0,0,0,0,18,0,13
280425,1,1,1999,0,0,0,0,0,0,0,0,0,0
280426,1,1,1999,0,0,0,0,0,0,0,0,0,0
280427,1,1,1999,27,27,27,27,27,27,27,27,27,27
280427,2,1,1999,0,0,0,0,0,0,0,0,0,0
280428,1,1,1999,0,0,15,0,0,10,0,0,0,17
280429,1,1,1999,0,0,0,0,0,0,0,0,0,0
280430,1,1,1999,0,0,0,0,0,0,0,0,0,0
280431,1,1,1999,10,10,10,10,10,10,10,10,10,10
280432,1,1,1999,0,0,0,0,0,0,0,0,0,0
280433,0,1,1999,0,0,0,0,0,0,0,0,0,0
280433,1,1,1999,8,8,0,0,0,0,0,0,0,0
280434,1,1,1999,11,11,11,11,11,11,11,11,11,11
280435,1,1,1999,18,8,0,0,0,0,8,15,0,0
280436,1,1,1999,34,34,34,34,34,34,34,34,34,34
280437,1,1,1999,0,31,20,13,9,0,24,13,22,0
280438,1,1,1999,0,0,0,0,0,0,0,0,0,0
280438,2,1,1999,0,0,0,0,0,0,0,0,19,0
280438,3,1,1999,0,0,14,0,0,13,0,0,0,5
280439,1,1,1999,0,0,0,0,0,0,0,0,0,0
280440,1,1,1999,0,19,0,24,17,21,6,19,0,18
280441,1,1,1999,22,17,0,0,8,5,0,0,0,21
280442,1,1,1999,0,24,14,23,0,14,0,0,17,0
280443,0,1,1999,0,0,0,0,0,0,0,0,0,0
280443,1,1,1999,0,0,0,11,0,0,0,0,20,0
280444,1,1,1999,38,19,25,23,16,34,0,27,27,0
280445,1,1,1999,0,0,0,0,0,0,0,0,0,0
280445,2,1,1999,0,0,0,0,0,0,0,0,0,0
280446,1,1,1999,0,0,20,0,0,25,0,0,0,3
280447,1,1,1999,0,0,0,0,0,0,0,0,0,0
280447,2,1,1999,0,0,12,11,0,0,0,0,0,0
280448,1,1,1999,0,0,0,0,0,0,0,0,0,0
280449,1,1,1999,0,15,0,0,0,0,0,0,0,0
280450,1,1,1999,0,0,0,0,0,0,0,0,0,0
280450,2,1,1999,0,0,0,0,0,0,0,0,0,0
280451,1,1,1999,0,0,0,0,0,0,0,0,0,0
280451,2,1,1999,0,0,0,0,0,0,0,0,0,0
280452,1,1,1999,18,18,18,18,18,18,18,18,18,18
280453,1,1,1999,0,0,0,0,0,0,0,0,0,0
280453,2,1,1999,0,0,0,0,0,0,0,0,0,0
280454,1,1,1999,0,0,0,0,0,0,0,0,0,0
280455,1,1,1999,0,0,0,0,0,0,0,0,0,0
280456,1,1,1999,0,0,0,0,0,0,0,0,0,0
280456,2,1,1999,0,0,0,13,0,0,0,0,0,0
280457,1,1,1999,0,0,0,0,0,16,0,20,22,19
280458,1,1,1999,0,0,0,0,0,0,0,0,0,0
280459,1,1,1999,10,10,10,10,10,10,10,10,10,10
280460,1,1,1999,0,0,0,0,0,0,0,0,0,0
280460,2,1,1999,0,0,0,0,0,0,0,0,0,0
280461,1,1,1999,26,26,26,26,26,26,26,26,26,26
280462,1,1,1999,0,0,0,27,0,14,0,16,22,0
280463,1,1,1999,9,0,18,13,6,3,29,0,0,9
280464,1,1,1999,0,0,0,0,0,0,0,0,0,0
280464,2,1,1999,0,0,0,0,0,0,0,0,0,0
280464,3,1,1999,0,0,0,0,0,0,0,0,0,0
280465,1,1,1999,0,0,0,0,0,0,0,27,0,36
280466,1,1,1999,0,0,0,0,0,0,0,0,0,0
280466,2,1,1999,0,0,0,0,0,0,0,0,0,0
280466,3,1,1999,0,0,0,0,0,0,0,0,0,0
280467,1,1,1999,0,0,0,0,0,0,0,0,0,0
280467,2,1,1999,20,20,20,20,20,20,20,20,20,20
280468,1,1,1999,6,6,6,6,6,6,6,6,6,6
280469,1,1,1999,6,6,6,6,6,6,6,6,6,6
280470,1,1,1999,0,0,0,0,0,0,0,0,0,0
280470,2,1,1999,0,0,0,0,0,0,0,0,0,0
280471,1,1,1999,0,0,0,0,0,0,0,0,0,0
280471,2,1,1999,0,0,0,0,0,13,0,12,0,0
280472,1,1,1999,0,0,0,0,0,0,0,0,0,0
280472,2,1,1999,0,0,0,0,0,0,0,0,0,0
280472,3,1,1999,6,6,6,6,6,6,6,6,6,6
280473,1,1,1999,0,0,0,7,0,0,0,0,0,0
280473,2,1,1999,0,0,0,0,0,0,0,0,0,0
280474,1,1,1999,0,0,0,0,0,17,0,0,20,0
280475,1,1,1999,26,26,26,26,26,26,26,26,26,26
280476,1,1,1999,0,0,0,0,0,0,0,0,0,0
280476,2,1,1999,0,0,0,0,0,0,0,0,0,0
280477,1,1,1999,12,12,12,12,12,12,12,12,12,12
280478,0,1,1999,0,0,0,13,0,13,23,26,25,15
280478,1,1,1999,0,0,0,0,0,0,0,0,0,0
280479,1,1,1999,0,0,0,29,0,16,0,0,0,18
280480,1,1,1999,40,40,40,40,40,40,40,40,40,40
280481,1,1,1999,18,18,18,18,18,18,18,18,18,18
280482,1,1,1999,0,0,0,0,0,0,0,0,0,0
280483,1,1,1999,34,34,34,34,34,34,34,34,34,34
280484,1,1,1999,0,0,0,0,0,0,0,0,0,0
280484,2,1,1999,0,0,0,0,0,0,0,0,0,0
280485,1,1,1999,6,6,6,6,6,6,6,6,6,6
280486,1,1,1999,13,13,13,13,13,13,13,13,13,13
280487,1,1,1999,18,18,18,18,18,18,18,18,18,18
280488,1,1,1999,0,0,0,0,0,0,0,0,0,0
280488,2,1,1999,0,0,0,0,0,0,0,0,0,0
280489,1,1,1999,0,21,16,11,15,12,15,0,3,22
280490,1,1,1999,11,0,17,12,0,12,12,18,0,21
280490,2,1,1999,0,12,0,0,0,0,0,0,0,0
280490,3,1,1999,0,0,23,0,0,0,0,0,18,0
280491,1,1,1999,0,0,0,0,0,0,0,0,0,0
280492,1,1,1999,0,0,0,0,0,0,0,0,0,0
280493,0,1,1999,0,0,0,0,0,0,0,0,0,0
280493,1,1,1999,0,0,0,0,0,0,0,0,0,0
280494,1,1,1999,0,3,0,0,0,0,0,0,0,0
280494,2,1,1999,16,0,18,18,0,16,13,0,0,19
280495,1,1,1999,0,0,0,0,0,0,0,0,0,0
280495,2,1,1999,0,15,0,0,0,0,0,0,0,0
280496,1,1,1999,15,15,15,15,15,15,15,15,15,15
280497,1,1,1999,0,26,0,23,15,20,33,0,17,0
280498,1,1,1999,23,23,23,23,23,23,23,23,23,23
280499,1,1,1999,0,0,0,0,0,0,0,0,0,0
280500,1,1,1999,0,0,0,0,0,0,0,0,0,0
280501,1,1,1999,0,20,21,19,0,0,22,0,3,0
280502,1,1,1999,0,0,0,0,0,0,0,0,0,0
280502,2,1,1999,0,0,0,0,0,0,0,0,0,0
280503,1,1,1999,0,0,0,0,0,0,0,0,0,0
280503,2,1,1999,0,0,0,0,0,0,0,0,0,0
280504,1,1,1999,0,0,0,0,22,0,23,0,0,0
280505,1,1,1999,10,28,0,0,0,18,0,0,0,27
280506,1,1,1999,0,0,15,14,7,17,31,10,25,20
280507,1,1,1999,0,0,0,0,0,0,0,0,0,0
280508,1,1,1999,0,17,0,32,41,21,8,17,12,13
280509,1,1,1999,0,0,0,0,0,0,0,0,0,0
280509,2,1,1999,0,0,0,0,0,0,0,0,0,0
280510,1,1,1999,0,0,0,0,0,0,0,0,0,0
280511,1,1,1999,32,32,32,32,32,32,32,32,32,32
280512,1,1,1999,0,0,0,0,0,0,0,0,0,0
280512,2,1,1999,0,0,0,0,0,0,0,0,0,0
280513,1,1,1999,11,11,11,11,11,11,11,11,11,11
280514,1,1,1999,0,0,0,0,0,0,0,0,0,0
280515,1,1,1999,0,0,0,0,0,0,0,0,0,0
280516,1,1,1999,0,0,10,9,0,0,0,0,0,0
280517,1,1,1999,0,0,0,0,0,0,0,0,0,0
280518,1,1,1999,0,0,0,0,0,0,0,0,0,0
280519,1,1,1999,36,12,13,15,21,22,18,12,30,19
280520,0,1,1999,24,38,0,0,0,0,0,0,0,24
280520,1,1,1999,0,0,0,0,0,0,0,0,0,0
280521,1,1,1999,0,0,0,0,0,0,0,0,0,0
280521,2,1,1999,0,0,0,0,0,0,0,0,0,0
280522,1,1,1999,0,0,0,0,0,0,0,0,0,0
280523,1,1,1999,0,0,0,0,0,0,0,0,0,0
280523,2,1,1999,0,0,0,0,0,0,0,0,0,0
280524,1,1,1999,0,0,10,0,13,0,0,8,0,0
280525,1,1,1999,0,16,0,0,5,0,21,0,13,0
280526,0,1,1999,0,0,0,0,0,0,0,0,0,0
280526,1,1,1999,0,0,0,0,0,0,0,0,0,0
280527,1,1,1999,0,0,0,0,0,0,0,0,0,0
280527,2,1,1999,0,0,0,0,0,0,13,0,0,0
280528,1,1,1999,9,9,9,9,9,9,9,9,9,9
280528,2,1,1999,0,0,0,0,0,0,0,0,0,0
280529,1,1,1999,25,9,0,19,0,0,14,0,6,0
280529,2,1,1999,10,22,0,8,0,0,6,0,2,0
280530,1,1,1999,0,19,18,0,0,0,25,20,37,0
280531,1,1,1999,0,0,0,0,0,0,0,0,0,0
280532,1,1,1999,7,0,15,11,0,14,24,34,8,26
280533,1,1,1999,19,19,19,19,19,19,19,19,19,19
280534,0,1,1999,0,0,0,0,0,0,0,0,0,0
280534,1,1,1999,0,0,0,0,0,0,0,0,0,0
280535,1,1,1999,17,17,17,17,17,17,17,17,17,17
280536,1,1,1999,0,0,0,0,0,0,0,0,0,0
280536,2,1,1999,0,0,0,0,0,0,0,0,0,0
280537,1,1,1999,0,0,0,0,0,0,0,0,0,0
280538,1,1,1999,0,0,0,13,29,0,0,17,24,0
280539,1,1,1999,0,0,0,0,0,0,0,0,0,0
280540,1,1,1999,0,0,0,0,0,0,0,0,0,0
280541,1,1,1999,11,0,0,0,11,13,0,0,34,0
280542,1,1,1999,0,15,21,16,0,7,0,0,0,16
280543,1,1,1999,0,0,0,0,0,0,0,0,0,0
280544,1,1,1999,0,0,0,0,0,0,0,0,0,0
280545,1,1,1999,0,0,0,0,0,0,0,0,0,0
280546,1,1,1999,24,12,11,25,0,0,0,13,28,6
280547,1,1,1999,18,18,18,18,18,18,18,18,18,18
280548,1,1,1999,14,14,14,14,14,14,14,14,14,14
280549,1,1,1999,0,0,0,0,0,0,0,0,0,0
280550,1,1,1999,0,0,0,0,0,0,0,0,0,0
280550,2,1,1999,0,0,0,0,0,0,0,0,0,0
280551,1,1,1999,16,16,16,16,16,16,16,16,16,16
280552,1,1,1999,0,0,0,0,0,0,0,0,0,0
280552,2,1,1999,0,0,0,0,0,0,0,0,0,0
280553,1,1,1999,0,0,0,0,0,0,0,0,0,0
280553,2,1,1999,0,0,0,0,0,0,0,0,0,0
280554,1,1,1999,0,0,0,0,0,0,0,0,0,0
280554,2,1,1999,0,0,0,0,0,0,0,0,0,0
280555,1,1,1999,0,0,0,0,0,0,0,0,0,0
280556,1,1,1999,0,0,0,0,0,0,0,0,0,0
280556,2,1,1999,0,0,0,0,0,0,0,0,0,0
280557,1,1,1999,0,0,0,0,0,0,0,0,0,0
280557,2,1,1999,0,0,0,0,0,0,0,0,0,0
280558,1,1,1999,0,0,0,0,0,0,0,0,0,0
280559,1,1,1999,0,19,0,0,0,23,0,0,0,0
280560,1,1,1999,0,0,0,0,0,0,0,0,0,0
280560,2,1,1999,0,0,0,0,0,0,0,0,0,0
280560,3,1,1999,0,0,0,0,0,0,0,0,0,0
280561,1,1,1999,13,13,13,13,13,13,13,13,13,13
280562,1,1,1999,0,0,0,0,0,0,0,0,0,0
280563,0,1,1999,0,0,5,0,0,0,0,8,0,0
280563,1,1,1999,0,0,0,0,13,0,0,0,0,0
280564,1,1,1999,0,0,0,0,0,0,0,0,0,0
280565,0,1,1999,27,27,27,27,27,27,27,27,27,27
280565,1,1,1999,0,0,0,0,0,0,0,9,3,0
280566,1,1,1999,0,0,0,0,0,0,0,0,0,0
280566,2,1,1999,0,0,0,0,0,0,0,0,0,0
280567,1,1,1999,0,0,0,0,0,0,0,0,0,0
280567,2,1,1999,0,0,0,0,0,0,0,0,0,0
280568,1,1,1999,0,0,0,0,0,0,0,0,0,0
280569,1,1,1999,0,0,0,0,0,0,0,0,0,0
280569,2,1,1999,3,0,0,0,0,0,0,0,0,0
280570,1,1,1999,0,0,0,0,0,0,0,0,0,28
280570,2,1,1999,12,22,13,0,0,13,7,9,0,0
280571,1,1,1999,0,0,0,0,0,0,0,0,0,0
280571,2,1,1999,20,0,0,0,0,12,9,0,0,0
280572,1,1,1999,0,0,0,0,0,0,0,0,0,0
280573,1,1,1999,18,0,24,0,0,11,0,14,0,7
280574,1,1,1999,0,0,0,0,0,0,0,0,0,0
280574,2,1,1999,0,0,0,0,0,0,0,0,0,0
280575,1,1,1999,0,0,0,0,0,0,0,0,0,0
280575,2,1,1999,0,0,0,0,0,0,0,0,0,0
280576,1,1,1999,0,0,0,0,0,0,0,0,0,0
280576,2,1,1999,0,0,0,0,0,18,0,21,17,35
280577,1,1,1999,0,0,0,0,0,0,0,0,0,0
280578,1,1,1999,0,0,0,11,0,0,0,0,10,0
280579,1,1,1999,7,0,0,0,0,0,14,0,0,0
280579,2,1,1999,0,0,0,0,0,0,0,0,5,0
280580,1,1,1999,42,17,27,31,21,20,30,0,13,8
280581,1,1,1999,0,0,0,0,0,0,0,0,0,0
280582,1,1,1999,0,0,0,0,0,0,0,0,0,0
280582,2,1,1999,0,0,0,0,0,0,0,0,0,0
280583,1,1,1999,0,0,0,0,0,0,0,0,15,0
280583,2,1,1999,0,0,0,0,0,0,0,0,0,0
280583,3,1,1999,0,0,0,0,0,0,0,0,0,0
280584,1,1,1999,19,22,0,57,22,0,19,18,20,32
280585,1,1,1999,11,11,11,11,11,11,11,11,11,11
280586,1,1,1999,19,19,19,19,19,19,19,19,19,19
280587,1,1,1999,0,0,0,0,0,0,0,0,0,0
280587,2,1,1999,0,0,0,0,0,0,0,0,0,0
280588,0,1,1999,33,33,33,33,33,33,33,33,33,33
280588,1,1,1999,0,0,0,0,0,0,0,0,0,0
280589,0,1,1999,24,24,24,24,24,24,24,24,24,24
280589,1,1,1999,16,0,0,0,0,0,0,0,0,0
280590,1,1,1999,19,19,19,19,19,19,19,19,19,19
280591,1,1,1999,9,0,0,0,0,46,0,0,18,9
280592,1,1,1999,0,0,0,0,0,0,0,0,0,0
280592,2,1,1999,0,0,0,0,0,0,0,0,0,0
280593,1,1,1999,0,0,0,0,0,0,11,0,0,0
280593,2,1,1999,0,0,0,0,0,0,0,0,0,0
280594,1,1,1999,0,0,0,0,0,0,0,0,0,0
280594,2,1,1999,0,0,0,0,0,0,0,0,0,0
280595,1,1,1999,0,0,9,5,0,0,0,0,0,0
280596,1,1,1999,0,0,0,0,0,0,0,0,0,0
280596,2,1,1999,11,11,11,11,11,11,11,11,11,11
280597,1,1,1999,0,0,0,0,0,0,0,0,0,0
280597,2,1,1999,0,0,0,0,0,0,0,0,0,0
280598,1,1,1999,0,0,0,8,0,0,0,4,0,0
280598,2,1,1999,0,0,0,0,0,0,0,0,0,5
280599,0,1,1999,0,0,0,0,0,0,0,0,0,0
280599,1,1,1999,27,21,0,0,0,0,14,6,0,0
280600,0,1,1999,6,6,6,6,6,6,6,6,6,6
280600,1,1,1999,14,0,0,0,0,0,0,0,0,0
280601,1,1,1999,0,0,28,0,15,12,43,30,33,13
280602,1,1,1999,0,14,0,0,8,0,0,0,0,0
280603,1,1,1999,0,0,0,13,0,0,0,0,0,0
280603,2,1,1999,0,0,0,0,0,0,0,0,0,0
280604,1,1,1999,0,0,0,0,0,0,0,0,0,0
280604,2,1,1999,19,0,0,0,0,0,0,0,0,0
280605,1,1,1999,3,3,3,3,3,3,3,3,3,3
280605,2,1,1999,12,12,12,12,12,12,12,12,12,12
280606,1,1,1999,0,0,0,0,0,0,0,0,0,0
280606,2,1,1999,0,0,0,0,0,0,0,0,0,0
280607,0,1,1999,18,18,18,18,18,18,18,18,18,18
280607,1,1,1999,0,0,0,0,0,0,0,0,0,0
280608,1,1,1999,28,28,28,28,28,28,28,28,28,28
280608,2,1,1999,0,0,0,0,0,0,0,0,0,0
280609,1,1,1999,12,12,12,12,12,12,12,12,12,12
280610,1,1,1999,13,0,0,0,17,0,0,0,22,10
280610,2,1,1999,32,13,11,0,0,21,18,15,12,5
280611,1,1,1999,12,12,12,12,12,12,12,12,12,12
280612,1,1,1999,0,0,0,17,0,8,0,14,0,0
280613,0,1,1999,11,11,11,11,11,11,11,11,11,11
280613,1,1,1999,0,0,0,0,0,8,0,0,0,0
280614,1,1,1999,0,0,5,0,22,0,0,0,0,0
280615,1,1,1999,0,0,0,0,0,0,0,0,0,0
280616,1,1,1999,0,0,0,0,0,0,0,0,0,0
280616,2,1,1999,0,0,0,0,0,0,0,0,0,0
280617,1,1,1999,0,0,0,0,0,0,0,0,0,0
280617,2,1,1999,12,0,0,0,0,0,0,0,0,0
280618,1,1,1999,0,0,0,0,0,0,0,0,0,0
280618,2,1,1999,0,0,0,0,0,0,0,0,0,0
280619,1,1,1999,26,26,26,26,26,26,26,26,26,26
280620,1,1,1999,0,11,0,0,23,0,0,17,0,21
280621,1,1,1999,0,0,0,0,0,0,13,0,0,0
280621,2,1,1999,0,0,0,0,0,0,20,0,0,0
280622,1,1,1999,0,10,0,8,0,0,0,0,0,0
280623,1,1,1999,0,0,0,0,0,0,0,0,0,0
280623,2,1,1999,0,0,0,0,0,0,0,0,0,0
280623,3,1,1999,0,0,0,0,0,0,0,0,0,0
280624,0,1,1999,0,0,0,0,0,0,0,0,0,0
280624,1,1,1999,0,0,11,0,0,0,0,0,0,0
280625,1,1,1999,0,14,8,16,0,0,0,26,0,19
280626,1,1,1999,0,0,0,0,0,0,0,0,0,0
280627,1,1,1999,1,1,1,1,1,1,1,1,1,1
280628,1,1,1999,0,0,0,10,0,0,0,0,0,0
280628,2,1,1999,0,0,0,0,0,0,0,0,0,0
280629,1,1,1999,0,0,0,0,0,0,0,0,0,0
280629,2,1,1999,0,0,0,0,0,0,0,0,0,0
280630,1,1,1999,0,0,0,0,0,0,0,0,0,0
280631,1,1,1999,0,10,0,0,10,0,0,0,0,18
280632,0,1,1999,38,38,38,38,38,38,38,38,38,38
280632,1,1,1999,0,0,17,0,18,0,0,0,0,0
280633,1,1,1999,0,0,0,0,0,0,0,0,0,0
280633,2,1,1999,0,0,0,0,0,0,0,0,0,0
280634,1,1,1999,26,12,18,0,27,29,16,0,23,10
280635,1,1,1999,0,0,0,0,0,0,9,10,0,0
280635,2,1,1999,0,0,0,0,0,0,0,0,0,0
280636,1,1,1999,0,0,0,0,0,0,0,0,0,0
280636,2,1,1999,0,21,0,0,0,0,0,0,0,0
280637,1,1,1999,18,18,18,18,18,18,18,18,18,18
280638,1,1,1999,16,0,0,0,18,0,36,0,21,11
280638,2,1,1999,0,0,0,0,0,0,0,0,0,0
280639,1,1,1999,0,0,0,28,0,9,0,26,8,0
280640,1,1,1999,18,18,18,18,18,18,18,18,18,18
280641,0,1,1999,0,0,0,0,0,0,0,0,0,0
280641,1,1,1999,0,0,0,0,0,0,0,0,0,0
280642,1,1,1999,21,21,21,21,21,21,21,21,21,21
280643,1,1,1999,0,0,15,16,0,0,0,19,0,0
280644,1,1,1999,0,0,0,0,0,0,0,0,0,0
280645,1,1,1999,12,0,0,0,0,0,0,29,0,18
280646,1,1,1999,0,0,0,0,0,0,13,6,0,0
280647,1,1,1999,0,0,0,0,0,0,0,25,27,0
280647,2,1,1999,0,0,0,0,0,0,0,0,0,0
280648,1,1,1999,0,0,0,17,0,0,0,0,0,0
280648,2,1,1999,0,0,0,0,0,0,0,0,0,0
280648,3,1,1999,0,3,0,0,0,0,0,0,0,10
280649,0,1,1999,0,0,0,0,0,0,0,0,0,0
280649,1,1,1999,0,0,0,0,0,0,0,0,0,0
280650,1,1,1999,0,0,0,0,0,0,0,0,0,0
280651,1,1,1999,0,0,0,0,0,0,0,0,0,0
280652,1,1,1999,0,0,0,0,0,0,0,0,0,0
280653,1,1,1999,17,17,17,17,17,17,17,17,17,17
280654,1,1,1999,16,16,16,16,16,16,16,16,16,16
280655,1,1,1999,0,28,0,22,0,26,0,22,0,0
280655,2,1,1999,0,0,0,0,0,0,0,8,0,0
280656,1,1,1999,0,0,0,0,0,0,0,0,0,0
280656,2,1,1999,0,0,0,0,0,0,0,0,0,0
280657,1,1,1999,0,0,0,0,0,0,0,0,0,0
280657,2,1,1999,4,4,4,4,4,4,4,4,4,4
280658,1,1,1999,0,8,0,20,0,0,11,0,0,0
280658,2,1,1999,0,0,0,0,0,12,0,0,0,0
280659,1,1,1999,0,0,0,0,0,0,0,0,0,0
280660,1,1,1999,16,16,16,16,16,16,16,16,16,16
280660,2,1,1999,0,0,0,0,0,0,0,0,0,0
280660,3,1,1999,0,0,0,0,0,0,0,0,0,0
280661,1,1,1999,0,0,0,0,0,0,0,0,0,0
280662,1,1,1999,29,0,0,13,0,0,0,0,0,0
280663,1,1,1999,0,0,0,0,0,0,0,0,0,0
280663,2,1,1999,0,0,7,0,0,0,0,0,0,0
280664,1,1,1999,0,0,0,0,0,0,0,0,0,0
280665,0,1,1999,18,18,18,18,18,18,18,18,18,18
280665,1,1,1999,12,0,0,0,22,0,28,0,29,0
280666,1,1,1999,14,14,14,14,14,14,14,14,14,14
280667,1,1,1999,0,0,0,0,0,0,0,0,0,0
280667,2,1,1999,0,0,0,0,0,0,0,0,0,0
280668,1,1,1999,19,19,19,19,19,19,19,19,19,19
280669,1,1,1999,0,0,0,0,0,0,0,0,0,0
280669,2,1,1999,0,0,0,0,0,0,0,0,0,0
280670,1,1,1999,27,27,27,27,27,27,27,27,27,27
280671,1,1,1999,0,0,0,0,0,0,0,0,0,0
280672,1,1,1999,0,0,0,0,0,0,0,0,0,0
280672,2,1,1999,0,0,0,0,0,0,0,0,0,0
280673,1,1,1999,0,0,0,0,0,0,0,0,0,0
280673,2,1,1999,0,8,0,0,0,0,0,0,0,0
280674,1,1,1999,0,0,0,0,0,0,0,0,0,0
280674,2,1,1999,0,0,0,0,0,0,0,0,0,0
280675,1,1,1999,0,15,0,0,0,24,0,0,0,0
280675,2,1,1999,0,0,0,0,0,0,0,0,0,0
280676,1,1,1999,0,0,0,0,0,0,0,0,0,0
280677,1,1,1999,0,0,0,0,0,0,0,0,0,0
280678,1,1,1999,12,0,0,14,0,0,0,9,0,13
280678,2,1,1999,0,0,0,34,0,0,0,0,29,0
280679,1,1,1999,11,11,11,11,11,11,11,11,11,11
280679,2,1,1999,17,17,17,17,17,17,17,17,17,17
280680,1,1,1999,19,19,19,19,19,19,19,19,19,19
280681,1,1,1999,0,0,0,0,0,0,0,0,0,0
280681,2,1,1999,0,0,0,0,0,0,0,0,0,0
280682,1,1,1999,0,0,0,0,0,0,0,0,0,0
280683,1,1,1999,0,0,0,0,0,0,0,0,0,0
280684,1,1,1999,0,15,0,0,0,5,0,0,21,0
280685,1,1,1999,0,0,0,0,0,0,0,0,0,0
280685,2,1,1999,0,0,0,0,0,0,0,0,0,0
280686,1,1,1999,13,13,13,13,13,13,13,13,13,13
280686,2,1,1999,0,0,0,0,0,0,0,0,0,0
280687,1,1,1999,0,0,0,0,0,0,0,0,0,0
280687,2,1,1999,0,0,0,0,0,0,0,0,0,0
280688,1,1,1999,0,0,0,0,0,0,0,0,14,0
280689,1,1,1999,0,0,0,0,0,0,0,0,0,0
280689,2,1,1999,0,0,0,0,0,0,0,0,0,0
280690,1,1,1999,0,0,0,0,0,0,0,0,0,0
280691,1,1,1999,0,0,0,0,0,0,0,0,0,0
280692,1,1,1999,0,0,0,0,0,6,0,30,0,0
280693,1,1,1999,17,17,17,17,17,17,17,17,17,17
280694,1,1,1999,0,0,14,0,4,0,32,34,0,7
280695,1,1,1999,0,0,0,0,0,0,0,0,0,0
280695,2,1,1999,0,0,0,0,0,0,0,0,0,0
280696,1,1,1999,18,18,18,18,18,18,18,18,18,18
280697,0,1,1999,0,0,0,0,0,0,0,0,0,0
280697,1,1,1999,0,0,0,0,0,0,0,0,0,0
280698,1,1,1999,16,16,16,16,16,16,16,16,16,16
280698,2,1,1999,17,17,17,17,17,17,17,17,17,17
280699,1,1,1999,0,0,0,21,12,0,0,0,0,15
280700,1,1,1999,0,0,16,10,13,14,19,30,34,15
280701,1,1,1999,0,0,0,0,0,0,0,0,0,0
280702,1,1,1999,0,0,0,0,0,0,0,4,0,10
280702,2,1,1999,0,0,0,0,0,0,0,0,0,0
280703,1,1,1999,0,0,0,0,0,0,0,0,0,0
280703,2,1,1999,0,0,0,0,0,0,0,0,0,0
280703,3,1,1999,0,0,0,0,0,0,0,0,0,0
280704,1,1,1999,13,0,0,0,0,0,0,0,0,0
280704,2,1,1999,0,0,0,0,0,0,0,0,0,0
280705,1,1,1999,0,0,0,0,0,0,0,0,0,0
280706,1,1,1999,0,0,0,0,0,0,0,0,0,0
280706,2,1,1999,0,0,0,25,0,0,0,0,0,0
280707,0,1,1999,0,0,0,0,0,0,0,0,0,0
280707,1,1,1999,0,0,0,0,0,0,0,0,0,0
280708,1,1,1999,0,0,0,0,0,0,0,0,0,0
280709,1,1,1999,0,0,0,0,14,0,0,0,0,0
280709,2,1,1999,0,0,0,0,0,0,0,0,0,0
280709,3,1,1999,0,0,0,0,0,0,0,0,0,0
280709,4,1,1999,0,0,0,0,0,0,0,0,0,0
280710,1,1,1999,0,0,0,0,0,0,0,0,0,0
280711,0,1,1999,16,16,16,16,16,16,16,16,16,16
280711,1,1,1999,12,12,12,12,12,12,12,12,12,12
280712,1,1,1999,0,0,0,0,0,0,0,0,0,0
280713,1,1,1999,0,10,0,0,0,0,0,6,0,0
280714,1,1,1999,15,0,0,20,0,0,0,0,0,0
280715,1,1,1999,34,21,20,21,0,21,27,4,0,38
280716,1,1,1999,0,0,0,0,0,0,0,0,0,10
280717,1,1,1999,20,0,0,0,0,0,19,0,20,0
280717,2,1,1999,0,0,0,0,0,0,0,0,0,0
280718,1,1,1999,15,15,0,10,0,31,0,17,4,28
280719,1,1,1999,0,22,0,0,0,24,0,0,0,0
280719,2,1,1999,0,0,0,0,0,0,0,0,0,0
280719,3,1,1999,31,0,0,0,0,0,0,0,12,0
280720,1,1,1999,0,0,0,0,0,0,0,0,0,0
280720,2,1,1999,0,0,0,0,0,0,0,0,0,0
280721,1,1,1999,14,14,14,14,14,14,14,14,14,14
280722,1,1,1999,0,0,0,0,0,0,0,0,0,0
280722,2,1,1999,0,0,0,0,0,0,0,0,0,0
280723,0,1,1999,20,20,20,20,20,20,20,20,20,20
280723,1,1,1999,0,0,0,0,0,0,0,0,0,0
280724,1,1,1999,0,0,0,0,0,0,0,0,0,0
280724,2,1,1999,0,0,0,0,0,0,0,0,0,0
280725,1,1,1999,0,0,0,0,0,0,0,0,0,0
280726,1,1,1999,11,30,10,31,10,20,27,11,0,26
280727,1,1,1999,0,0,0,0,0,0,0,0,0,0
280728,1,1,1999,0,22,0,0,0,0,0,0,0,0
280728,2,1,1999,0,12,0,0,11,0,0,0,0,0
280729,1,1,1999,0,0,0,0,0,0,0,0,0,0
280729,2,1,1999,0,0,0,0,0,0,0,0,0,0
280730,1,1,1999,0,0,0,0,0,0,0,0,0,0
280730,2,1,1999,0,0,0,0,0,0,0,0,0,0
280731,1,1,1999,0,0,0,0,0,0,0,0,0,0
280731,2,1,1999,0,0,0,0,0,0,0,0,0,0
280731,3,1,1999,0,0,0,0,0,0,0,0,0,0