ST_CASE,VEH_NO,PER_NO,YEAR,P1,P2,P3,P4,P5,P6,P7,P8,P9,P10
290182,1,1,1999,0,0,0,0,0,0,0,0,0,0
290182,2,1,1999,0,0,0,0,0,0,0,0,0,0
290183,1,1,1999,0,0,0,0,11,0,0,0,0,0
290183,2,1,1999,0,0,0,31,14,0,0,14,0,0
290184,1,1,1999,48,0,6,14,9,9,33,39,12,24
290185,1,1,1999,14,14,14,14,14,14,14,14,14,14
290185,2,1,1999,0,8,0,7,0,0,0,0,0,0
290186,1,1,1999,0,0,0,0,0,0,0,21,0,0
290186,2,1,1999,0,0,0,0,0,0,0,0,0,0
290187,1,1,1999,18,0,0,0,0,0,0,0,0,0
290187,2,1,1999,0,0,17,0,0,15,23,23,0,0
290188,1,1,1999,7,7,7,7,7,7,7,7,7,7
290188,2,1,1999,13,13,13,13,13,13,13,13,13,13
290188,3,1,1999,0,0,0,0,0,0,0,0,0,18
290189,0,1,1999,0,0,0,0,0,0,0,0,0,0
290189,1,1,1999,0,0,0,0,10,0,0,0,0,0
290190,1,1,1999,0,0,0,0,0,0,0,0,0,0
290191,0,1,1999,0,0,0,0,0,0,0,0,0,0
290191,1,1,1999,0,0,0,0,0,0,0,0,0,0
290192,1,1,1999,0,0,0,0,0,0,0,0,0,0
290192,2,1,1999,0,0,0,0,0,0,0,0,0,0
290193,1,1,1999,0,0,0,0,0,0,0,0,0,0
290193,2,1,1999,0,0,0,0,0,0,0,0,0,0
290194,0,1,1999,11,11,11,11,11,11,11,11,11,11
290194,1,1,1999,0,0,0,0,12,0,0,0,0,0
290195,1,1,1999,0,0,0,0,0,0,0,0,0,0
290196,0,1,1999,24,24,24,24,24,24,24,24,24,24
290196,1,1,1999,0,0,0,0,0,0,0,0,0,0
290197,1,1,1999,12,12,12,12,12,12,12,12,12,12
290198,1,1,1999,14,21,20,26,0,9,13,16,4,16
290199,1,1,1999,0,0,0,0,0,0,0,0,0,0
290199,2,1,1999,34,34,34,34,34,34,34,34,34,34
290200,1,1,1999,0,0,0,0,0,0,0,0,0,0
290200,2,1,1999,0,0,0,0,0,0,0,0,0,0
290201,1,1,1999,10,10,10,10,10,10,10,10,10,10
290202,1,1,1999,28,28,28,28,28,28,28,28,28,28
290203,1,1,1999,0,0,0,0,0,0,0,0,0,0
290204,1,1,1999,0,0,0,0,0,0,0,0,0,0
290205,1,1,1999,0,0,0,0,0,0,0,0,0,0
290205,2,1,1999,2,2,2,2,2,2,2,2,2,2
290206,1,1,1999,0,0,0,0,0,0,0,0,0,0
290207,1,1,1999,0,0,0,0,0,0,0,0,0,0
290207,2,1,1999,0,0,0,0,0,0,0,0,0,0
290208,1,1,1999,0,0,0,0,0,0,0,0,0,0
290209,1,1,1999,0,0,0,0,0,0,0,0,0,0
290210,1,1,1999,0,0,0,0,0,0,0,0,0,0
290210,2,1,1999,0,0,0,0,0,0,0,0,0,0
290211,1,1,1999,0,0,0,0,0,0,0,0,0,0
290212,1,1,1999,16,16,16,16,16,16,16,16,16,16
290213,1,1,1999,0,0,0,0,0,0,0,0,0,0
290213,2,1,1999,0,0,0,0,0,0,0,0,0,0
290214,1,1,1999,0,0,0,0,0,0,0,0,0,0
290214,2,1,1999,0,0,0,0,0,10,25,8,0,36
290215,1,1,1999,20,0,7,0,21,0,20,0,13,0
290216,0,1,1999,38,26,0,0,14,0,0,0,0,0
290216,1,1,1999,0,0,0,0,6,0,0,0,0,0
290217,1,1,1999,27,27,27,27,27,27,27,27,27,27
290218,1,1,1999,0,0,0,0,0,0,0,0,0,0
290219,0,1,1999,0,0,0,0,0,0,0,0,0,0
290219,0,2,1999,0,0,12,0,0,0,3,17,0,13
290219,1,1,1999,22,0,0,0,0,0,4,0,0,0
290220,1,1,1999,0,0,0,0,0,0,0,0,0,0
290221,1,1,1999,0,0,0,0,0,0,0,11,0,0
290221,2,1,1999,0,0,0,0,0,0,0,0,0,0
290222,1,1,1999,3,33,18,21,15,9,5,22,17,6
290223,1,1,1999,0,0,0,20,0,0,0,0,0,0
290223,2,1,1999,0,0,0,0,0,0,0,0,0,0
290223,3,1,1999,0,0,0,0,0,0,0,0,0,0
290224,1,1,1999,0,0,0,0,0,0,0,0,0,0
290224,2,1,1999,17,17,17,17,17,17,17,17,17,17
290224,3,1,1999,0,0,0,17,0,0,14,3,0,0
290225,1,1,1999,0,0,0,0,0,0,0,0,0,0
290225,2,1,1999,0,0,0,0,0,0,0,13,8,0
290226,1,1,1999,0,0,0,0,0,0,0,0,0,0
290226,2,1,1999,0,0,0,0,0,0,0,0,0,0
290227,1,1,1999,30,30,30,30,30,30,30,30,30,30
290228,1,1,1999,2,2,2,2,2,2,2,2,2,2
290228,2,1,1999,0,0,0,0,0,0,0,0,0,0
290229,1,1,1999,0,0,0,0,0,0,0,0,0,0
290230,1,1,1999,0,0,0,0,0,0,0,0,0,0
290230,2,1,1999,0,0,0,0,0,0,0,0,0,0
290231,1,1,1999,0,0,0,8,0,0,0,0,0,0
290231,2,1,1999,0,4,0,0,0,0,0,0,0,0
290232,1,1,1999,17,0,0,33,0,0,0,14,0,0
290232,2,1,1999,0,0,0,0,0,0,0,0,0,0
290233,1,1,1999,0,0,0,0,0,0,0,0,0,0
290233,2,1,1999,0,0,0,0,0,0,0,0,0,0
290234,1,1,1999,0,0,0,0,0,0,0,0,0,0
290235,1,1,1999,0,0,0,0,0,0,11,0,0,0
290235,2,1,1999,0,0,0,0,0,0,17,0,0,0
290236,1,1,1999,4,4,4,4,4,4,4,4,4,4
290236,2,1,1999,13,13,13,13,13,13,13,13,13,13
290237,1,1,1999,0,0,0,0,8,26,0,0,0,0
290237,2,1,1999,0,0,0,0,0,0,0,0,0,0
290238,1,1,1999,0,0,0,0,0,0,0,0,0,0
290238,2,1,1999,0,0,0,0,0,0,0,0,0,0
290239,1,1,1999,0,0,0,0,0,0,0,0,0,0
290240,1,1,1999,0,0,0,0,0,0,0,0,0,0
290240,2,1,1999,0,0,0,0,0,0,0,0,0,0
290241,1,1,1999,0,0,0,0,0,0,0,0,0,0
290242,1,1,1999,20,20,20,20,20,20,20,20,20,20
290243,1,1,1999,0,0,0,0,0,0,0,0,0,0
290244,1,1,1999,16,13,11,0,20,22,17,16,17,29
290245,1,1,1999,17,17,17,17,17,17,17,17,17,17
290246,1,1,1999,11,11,11,11,11,11,11,11,11,11
290247,1,1,1999,0,0,0,0,0,0,0,0,0,0
290248,1,1,1999,17,17,17,17,17,17,17,17,17,17
290249,1,1,1999,0,0,0,0,0,24,18,0,0,0
290249,2,1,1999,0,0,0,21,0,0,0,0,0,0
290250,1,1,1999,17,17,17,17,17,17,17,17,17,17
290251,1,1,1999,12,12,12,12,12,12,12,12,12,12
290252,1,1,1999,0,19,0,0,0,0,0,0,0,7
290253,1,1,1999,0,0,0,0,0,0,0,0,0,0
290254,1,1,1999,0,0,0,0,20,0,0,0,0,0
290255,1,1,1999,0,0,0,0,0,0,0,0,0,0
290256,1,1,1999,0,0,25,0,0,0,0,0,6,0
290256,2,1,1999,0,0,0,0,0,0,0,0,0,13
290257,1,1,1999,16,16,16,16,16,16,16,16,16,16
290258,1,1,1999,0,0,0,0,0,0,0,0,0,0
290258,2,1,1999,0,0,0,0,0,0,0,0,0,0
290259,1,1,1999,0,0,0,0,0,0,0,0,0,25
290259,2,1,1999,0,0,0,0,0,0,0,0,0,0
290260,1,1,1999,0,0,0,0,0,0,0,0,0,0
290261,1,1,1999,0,0,0,0,0,0,0,0,0,0
290262,1,1,1999,0,0,0,0,8,0,0,0,0,10
290262,2,1,1999,0,0,0,0,0,0,0,0,0,0
290263,1,1,1999,0,0,0,0,0,31,0,0,0,0
290263,2,1,1999,18,5,0,21,0,21,0,0,0,0
290264,1,1,1999,0,0,0,0,0,0,0,0,0,0
290265,1,1,1999,0,0,0,0,0,0,0,0,0,0
290266,1,1,1999,0,0,0,0,0,0,0,0,0,0
290266,2,1,1999,0,19,0,4,0,0,0,0,0,0
290267,1,1,1999,0,0,0,0,0,0,0,0,0,0
290268,1,1,1999,0,0,0,0,0,0,0,0,0,0
290268,2,1,1999,0,0,0,0,0,0,0,0,0,0
290269,1,1,1999,0,0,0,0,0,15,14,0,11,18
290270,1,1,1999,21,21,21,21,21,21,21,21,21,21
290270,2,1,1999,0,0,0,0,0,0,0,0,0,0
290270,3,1,1999,0,0,25,0,0,11,0,0,17,17
290271,1,1,1999,0,0,0,0,0,0,0,0,0,0
290272,1,1,1999,0,0,0,0,0,0,0,0,0,0
290273,1,1,1999,0,0,0,0,0,0,0,0,0,0
290273,2,1,1999,0,0,0,0,0,0,0,0,0,0
290274,1,1,1999,20,20,20,20,20,20,20,20,20,20
290274,2,1,1999,0,0,0,0,0,0,0,0,0,0
290275,1,1,1999,20,20,20,20,20,20,20,20,20,20
290275,2,1,1999,0,13,0,0,0,0,0,0,0,0
290276,1,1,1999,0,0,0,0,0,0,0,0,0,0
290277,1,1,1999,0,0,0,0,0,0,0,0,0,0
290277,2,1,1999,0,0,0,0,0,20,0,0,0,0
290277,3,1,1999,0,0,0,0,0,0,0,0,0,0
290277,4,1,1999,0,0,0,0,0,0,0,0,0,0
290278,1,1,1999,0,0,0,0,0,0,0,0,0,0
290278,2,1,1999,0,0,0,0,0,0,0,0,0,0
290279,1,1,1999,0,0,0,0,0,0,0,0,0,0
290280,1,1,1999,0,0,27,0,0,0,0,0,0,0
290280,2,1,1999,0,0,0,0,0,0,0,0,0,0
290280,3,1,1999,0,0,0,0,0,0,0,0,0,0
290281,1,1,1999,0,0,0,0,0,0,0,0,0,0
290281,2,1,1999,0,0,0,0,0,0,0,0,0,0
290281,3,1,1999,0,0,0,0,0,0,0,0,0,0
290282,1,1,1999,0,0,0,0,6,17,0,0,0,0
290283,0,1,1999,0,0,0,0,0,0,0,0,0,0
290283,1,1,1999,0,0,0,0,0,17,0,0,0,0
290284,1,1,1999,0,0,0,0,0,0,0,0,0,0
290285,1,1,1999,27,27,27,27,27,27,27,27,27,27
290286,1,1,1999,22,0,26,11,19,0,25,0,21,10
290287,1,1,1999,0,0,0,0,0,0,0,0,0,0
290287,2,1,1999,0,0,0,0,0,0,0,0,0,0
290287,3,1,1999,0,0,0,0,0,0,0,0,0,0
290288,0,1,1999,0,0,0,0,0,0,0,0,0,0
290289,0,1,1999,0,0,0,0,0,0,0,0,0,0
290289,1,1,1999,0,0,0,0,0,0,0,0,0,9
290290,1,1,1999,0,0,0,0,0,0,0,0,0,0
290290,2,1,1999,0,0,0,0,0,9,0,0,0,0
290290,3,1,1999,0,0,0,0,0,0,0,0,0,0
290291,1,1,1999,30,30,30,30,30,30,30,30,30,30
290292,1,1,1999,0,0,0,0,0,0,0,0,0,0
290292,2,1,1999,0,0,0,0,0,0,0,0,0,0
290293,1,1,1999,0,0,0,0,0,0,0,0,0,0
290293,2,1,1999,0,0,0,0,0,0,0,0,0,0
290294,1,1,1999,36,36,36,36,36,36,36,36,36,36
290295,1,1,1999,0,0,0,0,0,0,0,0,0,0
290295,2,1,1999,0,0,0,0,0,12,0,0,0,6
290295,3,1,1999,0,0,15,0,0,0,0,0,0,0
290296,1,1,1999,0,0,0,0,0,0,0,0,0,0
290297,1,1,1999,0,0,0,0,0,0,0,0,0,18
290298,1,1,1999,0,0,0,0,0,0,0,0,0,0
290298,2,1,1999,0,0,0,0,0,0,0,0,0,0
290299,1,1,1999,27,27,27,27,27,27,27,27,27,27
290299,2,1,1999,0,0,0,0,0,0,0,0,0,0
290300,1,1,1999,0,0,0,0,0,0,0,0,0,0
290301,1,1,1999,30,28,26,29,23,24,0,18,24,25
290302,1,1,1999,0,0,0,0,0,0,0,0,0,0
290303,1,1,1999,0,0,0,0,0,0,0,0,0,0
290303,2,1,1999,0,0,0,0,0,0,0,0,0,0
290304,1,1,1999,19,19,19,19,19,19,19,19,19,19
290304,2,1,1999,0,0,0,0,0,0,19,0,0,0
290305,1,1,1999,0,0,0,0,0,0,0,0,0,0
290306,1,1,1999,0,0,0,4,0,0,26,0,0,0
290306,2,1,1999,0,0,0,0,0,0,0,0,0,0
290307,1,1,1999,17,17,17,17,17,17,17,17,17,17
290307,2,1,1999,0,0,0,10,0,0,0,0,0,0
290307,3,1,1999,0,0,26,0,0,0,0,0,0,21
290308,1,1,1999,0,0,0,8,0,0,0,0,0,0
290308,2,1,1999,0,0,0,0,0,0,0,0,0,0
290309,1,1,1999,21,21,21,21,21,21,21,21,21,21
290309,2,1,1999,0,0,0,0,0,0,0,0,0,0
290310,1,1,1999,0,0,15,0,0,0,0,0,0,0
290310,2,1,1999,0,0,0,0,0,0,0,0,0,0
290311,1,1,1999,0,0,9,9,0,10,25,0,0,0
290311,2,1,1999,0,0,0,0,0,0,0,0,0,0
290312,1,1,1999,0,0,0,0,0,0,0,0,0,0
290313,1,1,1999,20,26,30,33,21,6,15,22,14,24
290314,1,1,1999,18,18,18,18,18,18,18,18,18,18
290315,1,3,1999,0,0,0,0,13,15,14,9,0,0
290316,1,1,1999,27,27,27,27,27,27,27,27,27,27
290316,2,1,1999,0,0,0,15,0,0,0,0,15,15
290317,1,1,1999,18,18,18,18,18,18,18,18,18,18
290318,1,1,1999,0,0,0,0,0,0,0,0,0,0
290318,2,1,1999,0,0,0,0,0,0,0,0,0,0
290319,1,1,1999,0,0,0,0,0,0,0,0,0,0
290319,2,1,1999,0,0,0,0,0,24,0,0,0,12
290319,3,1,1999,0,0,0,0,0,0,0,0,0,0
290321,0,1,1999,21,21,21,21,21,21,21,21,21,21
290321,1,1,1999,0,18,0,7,0,13,22,31,18,20
290322,1,1,1999,0,0,0,0,23,16,0,15,0,0
290323,1,1,1999,23,23,23,23,23,23,23,23,23,23
290324,1,1,1999,13,13,13,13,13,13,13,13,13,13
290325,1,1,1999,0,0,0,0,0,0,0,0,0,0
290326,1,1,1999,0,0,0,0,0,0,0,0,0,0
290326,2,1,1999,0,0,0,0,0,0,0,0,0,0
290326,3,1,1999,0,0,0,0,0,0,0,0,0,0
290327,1,1,1999,0,0,0,0,0,0,0,0,0,0
290327,2,1,1999,0,0,0,0,0,0,0,0,0,0
290328,1,1,1999,0,18,0,0,0,0,0,0,16,0
290329,1,1,1999,13,0,15,36,0,17,0,20,16,4
290330,1,1,1999,0,0,0,0,0,0,0,0,0,0
290331,1,1,1999,0,0,0,0,0,0,0,0,0,0
290331,2,1,1999,0,0,0,0,0,0,0,0,0,0
290332,1,1,1999,0,0,0,0,0,0,0,0,7,0
290333,1,1,1999,0,0,0,0,0,0,0,0,0,0
290333,2,1,1999,0,22,0,0,16,0,0,0,0,0
290334,1,1,1999,0,0,0,0,0,0,0,0,0,0
290334,2,1,1999,0,0,0,0,0,28,0,0,0,30
290335,1,1,1999,0,0,0,0,0,0,0,0,0,0
290335,2,1,1999,0,0,0,0,0,0,0,0,0,0
290335,3,1,1999,0,0,0,0,0,0,0,0,0,0
290336,1,1,1999,0,0,0,0,0,0,0,0,0,0
290336,2,1,1999,0,0,0,0,0,0,0,0,0,0
290337,1,1,1999,1,1,1,1,1,1,1,1,1,1
290337,2,1,1999,0,0,0,0,0,0,0,0,0,0
290338,1,1,1999,6,6,6,6,6,6,6,6,6,6
290338,2,1,1999,0,0,0,0,0,0,0,0,0,0
290339,1,1,1999,0,0,0,0,0,0,0,0,0,0
290339,2,1,1999,0,0,0,0,0,0,0,0,0,0
290340,1,1,1999,0,0,0,0,0,0,7,3,0,0
290341,1,1,1999,13,13,13,13,13,13,13,13,13,13
290341,2,1,1999,19,19,19,19,19,19,19,19,19,19
290341,3,1,1999,0,10,0,0,22,0,0,0,18,0
290342,1,1,1999,0,0,0,0,0,0,0,0,0,0
290342,2,1,1999,0,0,0,0,0,0,0,0,0,0
290342,3,1,1999,0,0,0,0,0,0,0,0,0,0
290343,1,1,1999,0,0,0,0,0,0,0,0,0,0
290343,2,1,1999,0,0,0,0,0,6,0,0,0,0
290344,1,1,1999,19,19,19,19,19,19,19,19,19,19
290345,1,1,1999,7,17,19,0,23,21,8,19,10,4
290346,1,1,1999,0,0,0,0,0,0,0,0,0,0
290346,2,1,1999,0,0,0,0,0,0,0,7,0,0
290347,1,1,1999,0,0,0,0,0,0,0,0,0,0
290348,1,1,1999,0,0,0,7,7,0,0,0,0,0
290348,2,1,1999,0,0,0,0,0,0,0,0,0,0
290349,1,1,1999,0,0,0,0,0,0,0,0,0,0
290349,2,1,1999,0,0,0,0,0,0,0,0,0,0
290349,3,1,1999,0,0,0,0,0,0,0,0,0,0
290350,1,1,1999,0,0,0,0,0,0,0,0,0,0
290351,1,1,1999,31,16,20,36,22,11,36,9,20,16
290352,1,1,1999,0,0,0,0,0,0,0,0,0,0
290352,2,1,1999,0,0,0,0,0,0,0,0,0,0
290353,1,1,1999,12,12,12,12,12,12,12,12,12,12
290354,1,1,1999,0,0,0,0,0,0,0,0,0,0
290355,1,1,1999,0,0,0,0,0,0,0,0,0,0
290355,2,1,1999,1,1,1,1,1,1,1,1,1,1
290356,0,1,1999,0,0,0,0,0,0,0,0,0,0
290356,1,1,1999,0,5,0,0,0,0,0,19,0,0
290357,1,1,1999,0,0,0,0,0,0,0,0,0,0
290357,2,1,1999,0,0,0,20,0,0,0,0,0,0
290358,1,1,1999,0,0,0,0,0,0,0,0,0,0
290358,2,1,1999,0,0,0,0,0,0,0,0,0,0
290358,3,1,1999,9,0,0,0,0,14,0,0,0,0
290359,1,1,1999,0,0,0,0,0,0,0,0,0,0
290359,2,1,1999,0,0,0,0,0,0,0,0,0,2
290359,3,1,1999,0,0,0,0,0,0,0,0,0,0
290360,1,1,1999,17,3,6,0,0,0,0,0,0,0
290361,1,1,1999,0,0,0,0,0,0,0,0,0,0
290361,2,1,1999,0,0,0,0,0,0,0,0,0,0
290362,0,1,1999,0,0,0,0,0,0,0,0,0,0
290362,1,1,1999,0,0,0,0,0,0,0,0,0,0
290363,1,1,1999,6,6,6,6,6,6,6,6,6,6
290364,1,1,1999,0,0,0,0,0,0,0,0,0,0
290364,2,1,1999,26,0,0,0,4,0,21,0,0,0
290365,1,1,1999,15,15,15,15,15,15,15,15,15,15
290366,1,1,1999,15,15,15,15,15,15,15,15,15,15
290367,1,1,1999,23,15,13,21,11,22,34,15,2,14
290368,1,1,1999,0,0,0,0,0,0,0,0,0,0
290368,2,1,1999,0,0,0,0,0,0,0,0,0,0
290369,1,1,1999,18,0,0,0,36,3,0,0,12,0
290370,1,1,1999,0,0,0,0,0,0,0,0,0,0
290370,2,1,1999,0,0,0,0,0,0,0,0,0,0
290371,1,1,1999,0,0,29,0,0,0,0,0,0,0
290371,2,1,1999,0,0,0,0,0,0,0,0,0,0
290372,1,1,1999,0,0,0,0,0,0,0,0,10,0
290373,1,1,1999,11,2,5,15,29,5,28,14,5,12
290373,2,1,1999,18,18,18,18,18,18,18,18,18,18
290373,3,1,1999,22,0,0,0,23,14,5,22,0,0
290374,1,1,1999,0,0,0,0,0,0,0,0,0,0
290375,1,1,1999,13,17,14,19,0,29,25,40,15,0
290376,1,1,1999,0,0,0,0,0,0,0,0,0,0
290376,2,1,1999,0,0,0,0,0,0,0,0,0,0
290377,1,1,1999,0,0,0,0,0,0,0,0,0,0
290378,1,1,1999,0,0,4,0,0,0,0,0,0,0
290378,2,1,1999,0,0,0,0,0,0,0,0,0,0
290379,1,1,1999,0,0,0,0,0,0,0,0,0,0
290379,2,1,1999,0,0,0,0,0,0,0,0,0,0
290380,1,1,1999,12,12,12,12,12,12,12,12,12,12
290380,2,1,1999,0,0,0,0,0,0,0,0,0,0
290381,1,1,1999,20,0,0,10,0,0,0,20,0,0
290382,1,1,1999,12,12,12,12,12,12,12,12,12,12
290382,2,1,1999,0,0,0,0,0,0,0,0,0,0
290383,1,1,1999,9,9,9,9,9,9,9,9,9,9
290384,1,1,1999,6,6,6,6,6,6,6,6,6,6
290385,1,1,1999,16,16,16,16,16,16,16,16,16,16
290386,1,1,1999,29,29,29,29,29,29,29,29,29,29
290387,1,1,1999,0,0,0,0,0,0,0,0,0,0
290387,2,1,1999,26,0,0,0,0,0,0,0,0,0
290387,3,1,1999,0,0,13,0,0,2,0,0,0,0
290388,1,1,1999,25,25,25,25,25,25,25,25,25,25
290389,1,1,1999,2,2,2,2,2,2,2,2,2,2
290390,1,1,1999,0,0,0,0,0,0,0,0,0,0
290390,2,1,1999,0,0,0,0,0,0,0,0,0,0
290391,1,1,1999,16,16,16,16,16,16,16,16,16,16
290392,1,1,1999,0,0,0,0,0,0,0,0,0,0
290392,2,1,1999,0,0,0,0,0,0,0,0,0,0
290392,3,1,1999,0,0,0,0,0,0,0,0,0,0
290393,1,1,1999,0,0,0,0,0,0,0,0,0,0
290394,1,1,1999,21,21,21,21,21,21,21,21,21,21
290395,1,1,1999,0,0,0,0,0,0,0,0,0,0
290395,2,1,1999,0,0,0,0,0,0,0,0,7,0
290396,1,1,1999,0,0,0,0,0,0,0,0,0,0
290397,1,1,1999,0,0,0,0,0,0,0,0,0,0
290397,2,1,1999,0,0,0,0,0,0,0,0,0,0
290398,1,1,1999,0,0,0,0,0,0,0,0,0,0
290399,1,1,1999,0,0,0,0,0,0,0,0,16,0
290399,2,1,1999,0,0,0,0,0,0,0,0,0,0
290400,1,1,1999,0,0,13,0,25,0,0,0,0,5
290401,1,1,1999,1,1,1,1,1,1,1,1,1,1
290402,1,1,1999,16,16,16,16,16,16,16,16,16,16
290403,1,1,1999,0,0,0,0,0,0,0,0,0,0
290403,2,1,1999,14,0,0,0,0,0,0,0,0,0
290404,1,1,1999,1,1,1,1,1,1,1,1,1,1
290405,1,1,1999,19,19,19,19,19,19,19,19,19,19
290405,2,1,1999,13,20,11,15,0,6,16,12,11,27
290406,1,1,1999,8,8,8,8,8,8,8,8,8,8
290407,1,1,1999,0,0,0,0,0,0,0,0,0,0
290408,1,1,1999,0,0,0,0,0,0,0,0,0,0
290408,2,1,1999,0,0,0,0,0,0,3,0,0,0
290409,1,1,1999,0,0,0,0,0,0,0,0,0,0
290409,2,1,1999,0,0,0,0,0,0,0,0,0,0
290410,1,1,1999,0,11,0,6,0,0,0,0,0,0
290410,2,1,1999,0,22,9,0,0,15,0,0,0,0
290411,1,1,1999,0,3,0,0,0,0,0,0,0,0
290412,1,1,1999,0,0,0,0,0,0,0,0,0,0
290412,2,1,1999,5,8,0,0,0,12,0,0,0,0
290413,0,1,1999,0,0,0,0,0,0,0,0,0,0
290413,1,1,1999,0,32,0,0,0,15,0,0,0,0
290414,1,1,1999,0,0,0,0,0,0,0,0,0,0
290415,1,1,1999,0,0,0,0,0,0,0,0,0,0
290416,1,1,1999,0,17,18,0,0,0,0,0,5,9
290417,1,1,1999,20,20,20,20,20,20,20,20,20,20
290418,1,1,1999,0,0,0,0,0,0,0,0,0,0
290418,2,1,1999,0,0,17,0,0,0,0,0,0,0
290419,1,1,1999,34,34,34,34,34,34,34,34,34,34
290419,2,1,1999,0,0,0,0,0,0,0,0,0,0
290420,1,1,1999,0,0,0,0,0,0,0,0,0,0
290421,1,1,1999,0,0,0,0,0,0,0,0,0,0
290422,0,1,1999,0,0,0,0,0,0,38,0,27,0
290422,1,1,1999,0,0,0,0,0,0,0,0,10,0
290423,1,1,1999,0,0,0,0,0,0,0,0,0,0
290423,2,1,1999,0,0,0,0,0,0,0,0,0,0
290424,1,1,1999,0,0,0,0,0,0,0,0,0,0
290424,2,1,1999,0,0,0,0,0,0,0,0,0,0
290425,0,1,1999,14,17,19,5,17,0,21,0,5,0
290425,0,2,1999,0,7,0,28,5,30,0,21,0,0
290425,1,1,1999,0,0,0,0,0,0,0,0,0,0
290426,1,1,1999,8,8,8,8,8,8,8,8,8,8
290427,1,1,1999,18,18,18,18,18,18,18,18,18,18
290428,1,1,1999,11,0,0,13,7,0,0,0,0,9
290429,1,1,1999,32,32,32,32,32,32,32,32,32,32
290430,1,1,1999,0,0,3,0,0,0,0,0,0,0
290430,2,1,1999,0,0,0,0,0,0,0,0,0,0
290431,1,1,1999,6,0,0,0,0,0,0,0,0,0
290431,2,1,1999,0,0,20,0,0,0,0,0,0,7
290432,1,1,1999,0,0,0,0,0,0,0,0,0,0
290433,0,1,1999,0,0,0,0,18,0,29,16,0,0
290433,1,1,1999,0,0,0,0,0,0,0,0,0,0
290434,1,1,1999,0,0,0,0,0,0,0,0,0,0
290434,2,1,1999,0,0,0,0,0,0,0,0,0,0
290435,1,1,1999,15,0,0,0,11,0,0,0,7,0
290436,1,1,1999,0,0,0,0,0,0,0,4,8,0
290437,1,1,1999,0,0,0,0,0,0,0,0,0,0
290437,2,1,1999,0,0,0,0,0,0,0,0,0,0
290438,0,1,1999,9,26,15,0,19,14,9,36,23,19
290438,1,1,1999,0,0,0,0,0,0,0,0,0,0
290438,2,1,1999,0,0,0,0,0,0,0,0,0,0
290439,1,1,1999,0,0,0,0,0,0,0,0,5,0
290439,2,1,1999,0,0,0,0,0,0,0,0,0,0
290440,1,1,1999,0,0,0,18,0,0,0,0,0,0
290440,2,1,1999,0,0,0,0,0,0,0,0,0,0
290441,1,1,1999,0,21,0,0,0,17,0,0,0,0
290441,2,1,1999,0,0,0,0,0,0,0,0,0,0
290441,3,1,1999,0,0,0,0,0,0,0,0,0,0
290442,1,1,1999,8,10,0,0,5,20,0,15,21,8
290443,1,1,1999,0,0,0,0,0,0,0,0,0,0
290443,2,1,1999,0,0,0,0,0,0,0,0,0,0
290444,1,1,1999,11,11,11,11,11,11,11,11,11,11
290445,1,1,1999,0,20,0,0,9,34,0,0,0,15
290445,2,1,1999,0,0,17,12,10,19,13,27,17,0
290446,1,1,1999,0,0,0,0,0,0,0,0,0,0
290447,1,1,1999,0,0,0,0,0,0,0,0,0,0
290447,2,1,1999,0,0,0,0,0,0,0,0,0,0
290448,1,1,1999,0,0,0,0,0,0,0,0,0,0
290448,2,1,1999,0,0,0,0,0,0,0,0,0,0
290448,3,1,1999,0,0,0,0,0,0,0,0,0,0
290449,1,1,1999,0,0,0,0,0,0,0,0,0,0
290449,2,1,1999,0,0,0,0,0,0,0,0,0,11
290450,1,1,1999,0,0,0,0,0,0,0,0,0,0
290450,2,1,1999,0,0,0,0,0,0,0,0,0,0
290451,1,1,1999,0,16,0,0,0,0,0,0,0,0
290452,1,1,1999,0,0,0,0,0,0,0,0,0,0
290452,2,1,1999,0,0,0,0,0,0,0,0,0,0
290453,1,1,1999,9,0,0,0,0,0,12,0,0,23
290453,2,1,1999,0,0,0,0,0,0,0,0,0,0
290453,3,1,1999,0,0,0,0,0,0,0,0,0,0
290454,1,1,1999,1,1,1,1,1,1,1,1,1,1
290454,2,1,1999,0,0,11,0,0,0,0,0,0,0
290454,3,1,1999,0,0,0,0,0,0,0,0,0,0
290455,1,1,1999,0,0,0,0,0,0,0,0,0,0
290456,1,1,1999,0,0,0,0,0,0,0,0,0,0
290456,2,1,1999,5,0,0,0,0,0,17,27,12,0
290457,1,1,1999,0,0,0,0,0,0,13,0,0,0
290457,2,1,1999,0,0,0,0,0,0,0,0,0,0
290458,1,1,1999,0,0,0,0,0,0,0,0,0,0
290459,1,1,1999,0,0,19,0,14,0,0,12,0,33
290460,1,1,1999,0,0,0,13,0,0,11,0,0,18
290460,2,1,1999,0,0,0,0,0,0,0,0,0,0
290461,1,1,1999,12,12,12,12,12,12,12,12,12,12
290461,2,1,1999,0,0,0,0,0,0,0,0,0,0
290461,3,1,1999,0,0,0,0,0,0,0,14,0,0
290462,1,1,1999,16,6,3,14,7,11,5,12,20,0
290463,1,1,1999,12,12,12,12,12,12,12,12,12,12
290464,1,1,1999,0,0,0,4,0,0,0,13,26,19
290465,1,1,1999,9,9,9,9,9,9,9,9,9,9