ST_CASE,VEH_NO,PER_NO,YEAR,P1,P2,P3,P4,P5,P6,P7,P8,P9,P10
290466,1,1,1999,27,27,27,27,27,27,27,27,27,27
290467,1,1,1999,0,0,0,0,0,0,0,0,0,0
290468,0,1,1999,9,9,9,9,9,9,9,9,9,9
290468,1,1,1999,0,9,0,0,0,0,0,0,0,0
290469,1,1,1999,0,0,0,0,0,0,9,13,0,20
290469,2,1,1999,5,0,0,0,0,12,0,0,15,0
290470,1,1,1999,0,0,0,0,0,0,0,0,0,0
290470,2,1,1999,0,0,0,0,0,0,0,0,0,0
290471,1,1,1999,0,0,0,0,0,0,0,0,0,0
290471,2,1,1999,0,0,0,0,0,0,0,0,0,0
290472,1,1,1999,17,0,0,0,0,0,0,0,0,0
290472,2,1,1999,0,0,0,0,0,0,0,0,0,0
290472,3,1,1999,0,0,0,0,0,0,8,0,0,0
290472,4,1,1999,0,0,0,0,0,0,0,0,0,0
290472,5,1,1999,0,21,0,0,0,0,0,0,0,0
290473,1,1,1999,0,0,0,0,0,0,0,0,0,0
290473,2,1,1999,0,0,0,0,0,0,0,0,0,0
290474,1,1,1999,15,0,0,8,12,0,12,0,0,10
290475,1,1,1999,0,0,11,0,0,0,0,0,0,0
290475,2,1,1999,0,0,0,0,0,0,0,0,0,0
290476,1,1,1999,0,0,0,0,0,0,0,0,0,0
290476,2,1,1999,0,0,0,0,9,0,0,20,0,0
290477,1,1,1999,8,0,37,20,7,0,0,21,3,0
290477,2,1,1999,0,0,0,0,0,0,0,0,0,0
290477,3,1,1999,4,0,8,0,0,0,0,0,0,0
290478,1,1,1999,21,9,0,15,23,0,0,14,21,16
290479,1,1,1999,0,0,0,12,0,0,10,0,28,0
290479,2,1,1999,24,0,8,16,10,17,12,0,0,0
290480,1,1,1999,18,18,18,18,18,18,18,18,18,18
290481,1,1,1999,0,8,0,25,29,0,22,0,16,0
290482,1,1,1999,36,36,36,36,36,36,36,36,36,36
290482,2,1,1999,0,0,0,14,0,13,16,0,16,21
290483,1,1,1999,0,0,0,0,0,0,0,0,0,0
290483,2,1,1999,0,0,0,0,0,0,0,0,0,0
290484,0,1,1999,0,0,0,39,0,0,0,0,0,0
290484,1,1,1999,0,0,0,0,0,0,0,0,0,0
290485,1,1,1999,0,0,0,0,0,0,0,4,0,0
290485,2,1,1999,0,0,25,0,0,0,0,0,0,0
290486,1,1,1999,0,0,0,0,0,0,0,0,0,0
290486,2,1,1999,0,0,0,0,0,0,0,0,0,0
290487,1,1,1999,0,0,0,0,0,0,0,0,0,0
290488,1,1,1999,0,0,0,0,0,0,0,0,0,0
290488,2,1,1999,0,0,0,0,0,0,0,0,0,0
290489,1,1,1999,0,0,0,0,0,8,0,0,0,0
290489,2,1,1999,11,0,0,0,0,0,9,0,0,13
290490,1,1,1999,15,15,15,15,15,15,15,15,15,15
290491,1,1,1999,22,22,10,10,11,29,26,28,21,24
290492,1,1,1999,13,13,13,13,13,13,13,13,13,13
290492,2,1,1999,6,6,6,6,6,6,6,6,6,6
290493,1,1,1999,0,0,0,10,0,0,0,0,0,0
290493,2,1,1999,0,0,0,0,0,0,0,0,0,0
290494,0,1,1999,0,0,0,0,0,0,0,0,0,0
290494,1,1,1999,0,0,0,0,0,0,0,0,0,0
290495,1,1,1999,0,0,0,0,0,0,0,0,0,0
290496,1,1,1999,0,0,0,0,0,0,0,0,0,0
290497,1,1,1999,0,0,0,0,0,0,0,0,0,0
290497,2,1,1999,0,0,0,0,0,0,0,0,0,11
290498,1,1,1999,0,0,0,0,0,0,0,0,0,0
290499,1,1,1999,27,27,27,27,27,27,27,27,27,27
290500,1,1,1999,0,0,0,0,0,0,0,0,0,0
290500,2,1,1999,0,0,0,0,0,0,0,0,0,0
290501,1,1,1999,0,0,8,0,4,16,13,0,19,0
290502,1,1,1999,0,0,0,10,0,0,0,20,20,6
290503,1,1,1999,22,22,22,22,22,22,22,22,22,22
290504,1,1,1999,20,12,19,14,18,17,20,7,15,7
290505,1,1,1999,12,12,12,12,12,12,12,12,12,12
290505,2,1,1999,0,23,18,9,13,4,23,22,0,0
290506,1,1,1999,21,21,21,21,21,21,21,21,21,21
290507,1,1,1999,6,15,13,0,0,14,0,0,0,0
290507,2,1,1999,3,10,0,0,0,24,11,10,0,15
290508,1,1,1999,0,0,0,0,0,0,0,0,0,0
290509,1,1,1999,20,20,20,20,20,20,20,20,20,20
290510,1,1,1999,0,0,0,0,0,0,0,0,0,0
290510,2,1,1999,0,0,0,0,0,0,0,0,0,0
290511,1,1,1999,20,20,20,20,20,20,20,20,20,20
290512,1,1,1999,0,0,0,0,0,0,0,0,0,0
290513,1,1,1999,0,0,0,0,0,10,0,0,0,0
290513,2,1,1999,0,0,0,0,0,0,0,0,0,0
290514,1,1,1999,11,11,11,11,11,11,11,11,11,11
290514,2,1,1999,0,0,0,0,0,0,0,0,0,0
290515,1,1,1999,0,0,0,0,0,18,0,0,0,0
290515,2,1,1999,14,10,0,0,0,0,0,0,0,0
290516,0,1,1999,0,0,0,0,0,0,0,0,0,0
290517,1,1,1999,0,0,0,52,10,0,0,3,16,0
290518,1,1,1999,29,29,29,29,29,29,29,29,29,29
290519,1,1,1999,0,0,0,15,0,0,0,0,9,0
290520,1,1,1999,0,0,0,0,12,0,0,0,0,0
290520,2,1,1999,0,0,0,0,0,0,0,0,0,0
290520,3,1,1999,0,0,0,0,0,0,0,0,0,0
290521,1,1,1999,0,0,0,0,0,0,0,0,0,0
290521,2,1,1999,0,0,0,0,15,0,0,0,0,0
290521,3,1,1999,18,0,18,0,0,0,0,0,0,0
290522,1,1,1999,13,32,19,25,16,8,0,28,16,39
290522,2,1,1999,0,0,0,0,0,0,0,0,0,0
290523,1,1,1999,21,0,0,19,18,0,16,0,15,0
290524,1,1,1999,30,30,30,30,30,30,30,30,30,30
290525,1,1,1999,0,0,0,0,0,0,0,0,5,0
290525,2,1,1999,0,0,0,0,0,0,0,8,0,0
290526,0,1,1999,8,8,8,8,8,8,8,8,8,8
290526,0,2,1999,30,15,8,22,24,42,20,21,23,24
290526,1,1,1999,0,0,0,0,0,0,0,0,0,0
290527,1,1,1999,5,20,6,22,20,13,0,22,20,18
290527,2,1,1999,0,0,0,28,0,4,13,0,0,8
290528,1,1,1999,20,20,20,20,20,20,20,20,20,20
290528,2,1,1999,0,0,0,0,0,0,0,0,0,0
290529,1,1,1999,24,24,24,24,24,24,24,24,24,24
290530,1,1,1999,0,0,0,0,0,0,0,0,0,0
290531,1,1,1999,11,11,11,11,11,11,11,11,11,11
290532,1,1,1999,0,0,0,0,0,0,0,0,0,0
290532,2,1,1999,0,0,0,0,0,0,0,0,0,0
290532,3,1,1999,0,0,0,0,0,0,0,0,0,0
290533,1,1,1999,0,0,0,0,0,0,0,0,0,0
290534,1,1,1999,0,0,0,0,0,0,0,0,0,0
290535,1,1,1999,0,0,0,0,0,0,0,0,0,0
290535,2,1,1999,20,20,20,20,20,20,20,20,20,20
290536,1,1,1999,0,0,0,0,0,0,0,0,0,0
290536,2,1,1999,0,0,0,0,0,0,0,0,0,0
290537,1,1,1999,17,17,17,17,17,17,17,17,17,17
290538,1,1,1999,7,7,7,7,7,7,7,7,7,7
290538,2,1,1999,3,3,3,3,3,3,3,3,3,3
290539,1,1,1999,16,0,0,6,14,0,0,0,16,11
290540,0,1,1999,0,0,0,0,0,0,0,0,0,0
290540,1,1,1999,0,0,0,0,0,0,0,0,10,13
290541,1,1,1999,0,0,0,0,12,0,25,18,26,0
290542,1,1,1999,0,0,0,0,0,0,0,0,0,0
290543,1,1,1999,0,0,0,0,0,0,0,0,0,0
290544,1,1,1999,0,0,0,0,0,0,0,0,0,0
290544,2,1,1999,0,13,0,0,0,0,0,0,0,0
290545,1,1,1999,0,0,0,0,0,0,0,0,0,0
290545,2,1,1999,26,26,26,26,26,26,26,26,26,26
290546,1,1,1999,19,19,19,19,19,19,19,19,19,19
290547,1,1,1999,17,0,21,0,0,0,0,0,0,0
290547,2,1,1999,0,0,0,0,0,0,0,0,0,0
290548,1,1,1999,27,29,13,0,18,14,15,20,15,11
290549,1,1,1999,0,0,0,0,0,0,0,0,0,0
290550,1,1,1999,0,0,0,17,0,0,6,0,0,0
290550,2,1,1999,0,0,0,0,0,0,0,0,0,0
290551,1,1,1999,0,0,0,0,0,0,0,0,20,4
290551,2,1,1999,0,0,0,0,0,0,0,0,0,0
290552,1,1,1999,0,0,0,0,0,0,0,0,0,0
290552,2,1,1999,0,0,0,0,0,0,0,0,0,0
290553,1,1,1999,29,29,29,29,29,29,29,29,29,29
290554,1,1,1999,11,0,0,0,0,0,14,0,0,0
290555,1,1,1999,0,0,0,0,0,0,0,0,0,0
290555,2,1,1999,0,0,0,0,0,0,0,0,0,0
290556,1,1,1999,0,0,0,0,0,0,4,0,0,0
290556,2,1,1999,0,0,0,0,0,0,0,0,0,0
290557,1,1,1999,0,0,0,0,0,0,0,0,0,0
290558,1,1,1999,0,0,0,0,0,0,0,0,0,0
290559,1,1,1999,0,0,0,0,0,0,0,0,0,0
290560,1,1,1999,0,0,0,0,0,10,4,0,0,0
290560,2,1,1999,0,0,0,0,0,0,0,0,0,0
290561,1,1,1999,8,0,0,0,16,0,18,0,0,0
290562,1,1,1999,0,0,0,0,20,0,0,0,0,0
290562,2,1,1999,0,0,0,10,0,0,0,0,0,0
290562,3,1,1999,0,0,0,0,0,0,0,0,0,0
290563,1,1,1999,33,0,0,0,0,0,0,0,0,0
290563,2,1,1999,0,0,0,0,0,0,0,0,0,0
290564,1,1,1999,18,23,10,0,13,21,4,15,12,0
290565,1,1,1999,0,0,0,0,0,0,0,0,0,0
290566,1,1,1999,0,0,0,0,0,0,0,0,0,0
290566,2,1,1999,0,0,0,0,0,0,0,0,0,0
290567,1,1,1999,24,24,24,24,24,24,24,24,24,24
290568,1,1,1999,16,16,16,16,16,16,16,16,16,16
290569,1,1,1999,11,11,11,11,11,11,11,11,11,11
290570,1,1,1999,0,0,0,0,0,0,0,0,0,0
290570,2,1,1999,0,0,0,0,0,0,0,0,0,0
290571,1,1,1999,0,0,0,0,0,0,0,0,0,0
290571,2,1,1999,0,0,0,0,0,0,0,0,0,2
290572,1,1,1999,0,0,0,0,23,19,14,0,0,23
290573,1,1,1999,0,0,0,0,0,0,0,0,0,0
290574,1,1,1999,0,0,0,0,0,0,0,0,0,0
290574,2,1,1999,0,0,0,0,0,0,0,0,0,0
290575,1,1,1999,0,0,0,0,0,0,0,0,0,0
290575,2,1,1999,0,0,0,0,0,0,0,0,0,0
290576,1,1,1999,0,0,0,0,0,0,0,0,10,0
290576,2,1,1999,0,0,0,0,0,0,0,0,0,0
290576,3,1,1999,0,0,0,0,0,31,0,5,0,0
290577,1,1,1999,0,0,0,0,0,0,0,16,0,0
290578,1,1,1999,8,8,8,8,8,8,8,8,8,8
290578,2,1,1999,0,0,0,0,0,0,0,0,0,0
290579,1,1,1999,15,15,15,15,15,15,15,15,15,15
290579,2,1,1999,0,0,13,0,0,0,0,13,0,0
290580,1,1,1999,0,0,0,0,0,0,0,0,0,29
290581,1,1,1999,15,0,0,0,0,14,12,0,8,0
290581,2,1,1999,8,8,8,8,8,8,8,8,8,8
290582,0,1,1999,22,28,8,38,13,23,13,13,33,33
290582,1,1,1999,0,0,0,0,0,0,0,0,0,0
290582,2,1,1999,0,0,0,27,0,0,0,0,0,0
290583,1,1,1999,14,0,24,22,9,21,23,5,2,0
290584,1,1,1999,0,0,0,0,0,0,0,0,0,0
290585,1,1,1999,0,0,0,0,0,0,0,0,0,0
290586,1,1,1999,0,3,0,0,12,0,11,0,0,0
290587,1,1,1999,0,0,0,0,0,0,0,0,0,0
290588,1,1,1999,0,0,0,0,0,0,0,18,0,0
290588,2,1,1999,0,0,0,0,0,0,0,0,0,0
290589,1,1,1999,0,6,0,0,0,0,0,0,0,0
290590,1,1,1999,29,14,0,0,0,0,0,0,7,17
290590,2,1,1999,0,16,0,0,0,14,13,0,10,0
290591,1,1,1999,4,4,4,4,4,4,4,4,4,4
290591,2,1,1999,0,0,0,22,11,13,24,0,12,0
290592,1,1,1999,0,0,0,0,0,0,0,0,0,0
290593,1,1,1999,0,0,0,0,0,0,0,0,0,0
290594,1,1,1999,0,0,0,0,0,0,0,0,0,0
290594,2,1,1999,0,0,0,0,0,0,0,0,0,0
290595,1,1,1999,10,10,10,10,10,10,10,10,10,10
290596,1,1,1999,6,0,0,0,0,0,0,0,0,0
290596,2,1,1999,0,9,0,0,0,13,0,0,0,0
290597,1,1,1999,0,0,0,0,0,0,0,0,0,0
290597,2,1,1999,0,0,0,0,0,0,0,0,0,0
290598,1,1,1999,10,10,10,10,10,10,10,10,10,10
290599,1,1,1999,21,28,14,18,12,36,20,44,26,18
290600,0,1,1999,0,0,0,0,0,0,0,0,0,0
290600,1,1,1999,0,0,0,0,13,0,0,0,0,0
290601,1,1,1999,0,0,0,0,0,0,0,0,0,0
290601,2,1,1999,13,0,3,0,0,0,0,0,21,0
290602,1,1,1999,41,41,41,41,41,41,41,41,41,41
290603,1,1,1999,14,28,15,8,16,21,10,4,6,6
290604,1,1,1999,11,0,0,0,12,0,0,0,0,23
290605,1,1,1999,0,0,0,0,0,0,0,0,0,0
290605,2,1,1999,0,0,0,0,0,0,0,0,0,0
290606,1,1,1999,30,30,30,30,30,30,30,30,30,30
290607,1,1,1999,0,0,0,0,0,0,0,0,0,0
290607,2,1,1999,0,0,0,0,0,0,0,0,0,0
290607,3,1,1999,0,0,0,0,0,0,0,0,0,0
290608,1,1,1999,30,30,30,30,30,30,30,30,30,30
290608,2,1,1999,0,0,27,0,0,0,14,20,9,0
290609,1,1,1999,0,0,0,23,0,0,0,0,0,0
290609,2,1,1999,0,0,0,0,0,0,0,0,0,0
290609,3,1,1999,0,0,0,0,0,0,0,0,0,0
290610,1,1,1999,23,23,23,23,23,23,23,23,23,23
290611,1,1,1999,0,0,0,0,0,0,0,0,0,0
290611,2,1,1999,0,0,0,0,0,0,0,0,0,0
290612,1,1,1999,0,0,0,0,0,0,0,0,0,0
290612,2,1,1999,0,0,0,0,0,0,0,0,0,0
290613,1,1,1999,0,0,0,0,0,0,0,0,0,0
290614,1,1,1999,0,0,0,0,0,0,0,0,0,0
290615,1,1,1999,0,0,0,0,0,0,0,0,0,0
290615,2,1,1999,0,0,0,0,0,0,0,0,0,0
290616,1,1,1999,0,0,0,18,0,0,0,0,0,0
290616,2,1,1999,0,0,0,0,0,0,0,0,0,0
290617,1,1,1999,0,0,0,0,0,0,0,0,0,0
290618,1,1,1999,0,0,11,0,0,0,0,0,0,0
290618,2,1,1999,0,0,0,0,0,0,0,0,0,0
290619,1,1,1999,11,28,26,23,42,29,17,24,23,35
290620,1,1,1999,0,0,2,0,0,24,12,0,0,0
290620,2,1,1999,0,0,12,0,0,0,6,0,0,0
290620,3,1,1999,0,0,0,0,0,0,0,0,0,0
290621,1,1,1999,0,0,0,0,0,0,0,0,0,0
290621,2,1,1999,0,0,0,0,0,0,0,4,0,0
290622,1,1,1999,0,0,6,4,0,0,11,0,0,0
290622,2,1,1999,0,0,0,0,0,0,0,0,0,0
290623,1,1,1999,0,0,0,0,0,0,0,0,0,0
290624,1,1,1999,19,19,19,19,19,19,19,19,19,19
290625,1,1,1999,0,0,0,0,0,0,17,8,0,0
290625,2,1,1999,3,3,3,3,3,3,3,3,3,3
290626,0,1,1999,0,0,0,0,0,0,0,0,0,0
290626,1,1,1999,0,0,0,0,0,0,0,0,0,0
290627,1,1,1999,0,0,0,0,0,0,0,0,0,0
290628,1,1,1999,0,0,0,0,0,0,0,0,10,0
290628,2,1,1999,0,0,0,0,0,0,0,0,0,0
290628,3,1,1999,30,0,0,0,0,0,0,0,8,0
290629,1,1,1999,0,0,0,0,21,0,0,0,0,0
290629,2,1,1999,0,0,29,0,0,0,9,11,11,0
290630,1,1,1999,0,7,9,8,0,0,0,0,18,8
290630,2,1,1999,33,33,33,33,33,33,33,33,33,33
290631,1,1,1999,10,10,10,10,10,10,10,10,10,10
290632,1,1,1999,25,12,11,23,34,11,11,10,44,21
290633,1,1,1999,0,0,0,0,0,0,0,0,0,0
290633,2,1,1999,0,0,0,0,0,0,0,0,0,0
290634,1,1,1999,0,0,0,0,0,0,0,0,0,0
290635,1,1,1999,0,0,0,0,0,0,0,0,0,0
290636,1,1,1999,0,0,0,0,0,0,0,0,0,0
290637,1,1,1999,0,0,0,0,0,0,0,0,0,0
290637,2,1,1999,0,0,0,0,0,0,0,0,0,0
290638,1,1,1999,20,0,0,25,11,0,0,20,16,0
290639,1,1,1999,0,0,0,0,0,0,0,0,0,0
290639,2,1,1999,0,0,0,0,0,0,0,0,0,0
290640,1,1,1999,0,0,0,0,0,0,0,0,0,0
290641,1,1,1999,0,0,0,0,0,0,0,0,0,0
290641,2,1,1999,0,0,0,0,0,0,0,0,0,0
290642,1,1,1999,15,0,0,0,0,0,0,0,0,0
290643,1,1,1999,0,0,0,21,26,18,0,27,0,19
290643,2,1,1999,0,0,0,0,11,0,0,0,0,0
290644,1,1,1999,10,10,10,10,10,10,10,10,10,10
290645,1,1,1999,4,4,4,4,4,4,4,4,4,4
290646,1,1,1999,25,25,25,25,25,25,25,25,25,25
290647,1,1,1999,0,0,0,0,0,0,0,0,0,0
290648,0,1,1999,0,0,0,0,0,0,0,0,0,0
290648,1,1,1999,0,0,0,0,0,0,0,0,0,0
290649,1,1,1999,0,0,0,0,6,0,0,0,0,0
290649,2,1,1999,0,26,22,0,0,0,0,0,12,13
290650,1,1,1999,0,0,0,0,0,0,0,0,0,0
290650,2,1,1999,0,0,0,0,0,0,0,0,0,0
290650,3,1,1999,0,0,0,0,0,0,0,0,0,0
290650,4,1,1999,0,0,0,0,0,0,0,0,0,0
290650,5,1,1999,0,0,0,0,0,0,0,0,0,0
290650,6,1,1999,0,0,0,0,0,0,0,0,0,0
290650,7,1,1999,0,0,0,0,0,0,0,0,0,0
290650,8,1,1999,0,0,0,0,0,0,0,0,0,0
290650,9,1,1999,0,0,0,0,0,0,0,0,0,0
290650,10,1,1999,0,0,0,0,0,0,0,0,0,0
290650,11,1,1999,0,0,0,0,0,0,0,0,0,0
290650,12,1,1999,0,0,0,0,0,0,0,0,0,0
290650,13,1,1999,0,0,0,0,0,0,0,0,0,0
290650,14,1,1999,0,0,0,0,0,0,0,0,0,0
290650,15,1,1999,0,0,0,0,0,0,0,0,0,0
290650,16,1,1999,0,0,0,0,0,0,0,0,0,0
290651,1,1,1999,0,0,0,0,0,0,0,0,0,0
290652,1,1,1999,0,0,0,0,0,0,0,0,0,0
290652,2,1,1999,0,0,0,0,3,0,0,0,0,0
290653,1,1,1999,0,0,0,0,0,0,0,0,0,0
290653,2,1,1999,0,0,0,0,0,0,0,0,0,0
290654,1,1,1999,10,0,11,0,0,19,0,0,20,20
290655,1,1,1999,0,0,0,0,0,0,0,0,0,0
290656,0,1,1999,0,0,0,0,0,0,0,0,0,0
290656,1,1,1999,0,0,0,0,0,0,0,0,0,0
290657,1,1,1999,0,0,0,0,0,0,0,0,0,0
290658,1,1,1999,0,12,3,2,24,11,12,23,13,7
290659,1,1,1999,0,0,0,0,0,0,0,0,0,0
290660,1,1,1999,0,0,0,0,0,0,0,0,0,20
290660,2,1,1999,0,0,0,0,0,0,0,0,7,0
290661,1,1,1999,11,4,13,24,18,12,27,9,13,15
290661,2,1,1999,24,24,24,24,24,24,24,24,24,24
290662,1,1,1999,0,0,0,0,0,0,0,0,10,0
290663,0,1,1999,21,21,21,21,21,21,21,21,21,21
290663,1,1,1999,0,0,0,0,0,0,0,0,0,0
290664,1,1,1999,33,21,10,17,12,32,10,30,27,39
290665,1,1,1999,0,0,11,0,0,26,0,0,0,0
290665,2,1,1999,0,0,30,12,13,0,19,0,0,22
290666,1,1,1999,25,25,25,25,25,25,25,25,25,25
290667,1,1,1999,0,0,0,0,0,0,0,0,0,0
290667,2,1,1999,0,0,0,0,0,0,0,0,0,0
290668,1,1,1999,0,0,0,0,0,0,0,0,0,0
290668,2,1,1999,0,0,0,0,0,0,0,0,0,0
290668,3,1,1999,0,0,0,0,0,0,0,0,0,0
290669,1,1,1999,0,8,0,0,0,0,0,0,0,0
290670,1,1,1999,0,0,0,0,0,0,0,0,0,0
290670,2,1,1999,2,2,2,2,2,2,2,2,2,2
290671,1,1,1999,0,0,0,0,0,0,0,0,0,0
290672,1,1,1999,0,0,0,0,0,0,0,0,0,0
290673,1,1,1999,19,0,0,16,0,0,0,0,0,0
290673,2,1,1999,0,14,0,0,0,8,0,0,0,0
290674,1,1,1999,1,1,1,1,1,1,1,1,1,1
290675,1,1,1999,0,0,0,0,0,0,0,0,0,0
290675,2,1,1999,18,0,0,0,0,0,0,0,0,0
290676,1,1,1999,0,0,0,0,0,0,0,0,0,0
290677,1,1,1999,0,0,0,0,0,0,0,0,0,0
290677,2,1,1999,21,21,21,21,21,21,21,21,21,21
290678,1,1,1999,0,0,0,0,0,0,0,0,0,0
290678,2,1,1999,0,0,0,0,0,0,0,0,0,0
290678,3,1,1999,0,0,0,0,0,0,0,0,0,0
290679,1,1,1999,0,0,0,0,0,0,0,0,0,0
290679,2,1,1999,0,0,11,9,0,0,0,0,0,14
290680,1,1,1999,25,25,25,25,25,25,25,25,25,25
290681,1,1,1999,0,0,0,0,0,0,0,0,0,2
290681,2,1,1999,0,0,0,0,11,0,0,0,0,0
290682,1,1,1999,5,5,5,5,5,5,5,5,5,5
290683,1,1,1999,14,14,14,14,14,14,14,14,14,14
290684,1,1,1999,5,5,5,5,5,5,5,5,5,5
290684,2,1,1999,0,0,0,0,0,0,0,0,0,6
290685,1,1,1999,17,24,6,26,0,0,12,18,12,13
290686,1,1,1999,11,15,0,0,0,0,9,0,7,12
290687,1,1,1999,17,22,11,35,13,11,31,20,28,17
290688,1,1,1999,28,0,16,0,11,10,20,0,19,0
290689,1,1,1999,0,0,0,0,0,0,0,0,0,0
290690,0,1,1999,6,6,6,6,6,6,6,6,6,6
290690,1,1,1999,0,0,0,0,0,0,0,0,0,0
290691,1,1,1999,15,15,15,15,15,15,15,15,15,15
290691,2,1,1999,0,0,0,0,0,0,0,0,0,0
290692,1,1,1999,0,0,0,0,0,0,0,0,0,0
290693,1,1,1999,0,0,0,0,0,0,0,0,0,0
290694,1,1,1999,2,2,2,2,2,2,2,2,2,2
290695,0,1,1999,0,0,0,0,0,0,0,0,0,0
290695,1,1,1999,0,0,0,0,0,0,0,0,0,0
290696,1,1,1999,0,0,0,0,0,0,0,0,0,0
290696,2,1,1999,0,0,0,0,17,0,0,0,0,0
290697,1,1,1999,0,0,0,0,0,0,0,0,0,0
290697,2,1,1999,0,0,0,0,0,0,0,0,0,0
290698,1,1,1999,0,0,0,0,0,0,0,0,0,0
290698,2,1,1999,2,0,12,0,0,3,0,0,0,0
290699,0,1,1999,0,0,0,0,0,0,0,0,0,0
290699,1,1,1999,0,0,0,0,0,0,0,0,0,0
290700,1,1,1999,0,0,0,0,0,0,0,0,0,0
290700,2,1,1999,0,0,0,0,0,0,0,0,0,0
290701,1,1,1999,4,7,11,12,12,8,5,18,10,16
290701,2,1,1999,0,0,0,0,0,0,0,0,0,0
290702,1,1,1999,21,25,26,24,13,6,20,30,11,5
290703,1,1,1999,0,0,0,0,0,0,0,0,0,0
290704,1,1,1999,14,14,14,14,14,14,14,14,14,14
290705,1,1,1999,0,0,0,0,0,0,0,0,0,0
290706,1,1,1999,8,8,8,8,8,8,8,8,8,8
290707,1,1,1999,0,0,0,0,0,0,0,0,0,0
290707,2,1,1999,0,0,0,0,0,0,0,0,0,0
290708,1,1,1999,0,0,0,0,0,0,0,0,0,0
290709,1,1,1999,0,0,0,0,0,0,0,0,0,0
290710,1,1,1999,0,0,0,0,0,0,0,0,0,0
290710,2,1,1999,0,0,0,13,20,0,0,0,0,0
290710,3,1,1999,0,7,31,0,0,10,11,0,0,0
290711,1,1,1999,0,0,0,0,0,17,0,0,10,24
290711,2,1,1999,0,0,0,0,0,0,0,0,0,0
290712,1,1,1999,0,0,0,0,0,0,0,0,0,0
290712,2,1,1999,0,0,0,0,0,0,0,0,0,0
290713,1,1,1999,16,16,16,16,16,16,16,16,16,16
290714,1,1,1999,5,5,5,5,5,5,5,5,5,5
290715,1,1,1999,0,0,0,0,0,8,0,0,0,0
290716,1,1,1999,27,27,27,27,27,27,27,27,27,27
290716,2,1,1999,0,0,0,0,0,0,0,0,0,0
290717,1,1,1999,21,21,21,21,21,21,21,21,21,21
290717,2,1,1999,0,16,0,0,0,0,0,0,0,0
290718,1,1,1999,11,11,11,11,11,11,11,11,11,11
290718,2,1,1999,3,3,3,3,3,3,3,3,3,3
290718,3,1,1999,0,0,0,0,0,0,0,0,0,0
290718,4,1,1999,0,0,0,0,0,0,0,0,0,0
290718,5,1,1999,0,0,0,0,0,0,0,0,0,0
290718,6,1,1999,0,0,0,0,0,0,0,0,0,0
290719,1,1,1999,0,0,0,0,0,0,0,0,0,0
290719,2,1,1999,0,0,0,17,15,17,12,0,9,0
290720,0,1,1999,22,22,22,22,22,22,22,22,22,22
290720,1,1,1999,0,19,0,17,18,0,15,13,0,4
290721,1,1,1999,11,11,11,11,11,11,11,11,11,11
290722,0,1,1999,24,10,15,18,0,25,21,18,20,23
290722,1,1,1999,0,19,0,0,0,0,13,14,26,10
290723,1,1,1999,20,19,10,0,0,0,0,0,0,0
290723,2,1,1999,0,0,0,0,0,0,0,0,0,0
290724,1,1,1999,0,0,6,0,32,0,0,0,0,0
290724,2,1,1999,0,0,0,0,0,0,0,0,0,0
290724,3,1,1999,0,0,0,0,0,0,0,0,0,0
290724,4,1,1999,0,0,0,0,0,0,0,0,0,0
290725,1,1,1999,0,0,0,0,0,0,0,0,0,0
290725,2,1,1999,0,0,0,0,0,0,0,0,0,0
290726,1,1,1999,0,0,0,0,0,0,0,0,0,0
290726,2,1,1999,0,0,0,0,0,0,0,0,0,0
290727,1,1,1999,0,0,0,0,0,0,0,0,0,0
290728,1,1,1999,0,0,0,0,0,0,0,0,0,0
290728,2,1,1999,0,0,0,0,0,0,0,0,7,0
290729,1,1,1999,0,0,0,0,0,0,0,0,0,0
290730,1,1,1999,0,0,0,0,0,12,0,0,0,0
290731,1,1,1999,5,5,5,5,5,5,5,5,5,5
290732,1,1,1999,18,18,18,18,18,18,18,18,18,18
290733,1,1,1999,0,0,0,0,0,0,0,0,0,0
290733,2,1,1999,0,0,0,0,0,0,0,0,0,20
290733,3,1,1999,0,0,0,0,0,0,0,0,0,0
290733,4,1,1999,25,0,0,0,0,0,0,0,0,0
290734,1,1,1999,0,0,0,0,0,0,0,0,0,0
290735,1,1,1999,0,0,0,0,0,0,0,0,0,0
290736,1,1,1999,13,13,13,13,13,13,13,13,13,13
290737,1,1,1999,0,0,0,0,0,0,0,0,0,0
290738,2,1,1999,0,0,0,24,4,0,22,0,22,0
290739,1,1,1999,0,14,0,0,0,0,0,0,0,17
290740,1,1,1999,0,0,0,0,0,0,0,0,0,13
290741,1,1,1999,0,0,0,0,0,0,0,33,9,0
290742,1,1,1999,0,0,0,0,0,11,0,11,8,0
290742,2,1,1999,0,0,0,0,19,7,0,0,0,0
290743,0,1,1999,0,0,0,0,0,0,0,0,0,0
290743,1,1,1999,0,0,0,0,19,0,0,0,0,0
290744,1,1,1999,0,0,0,0,0,0,0,0,0,0
290745,1,1,1999,0,0,0,0,0,0,0,0,15,0
290745,2,1,1999,0,0,0,0,0,0,0,0,0,0
290746,1,1,1999,0,0,0,0,0,0,0,0,0,0
290746,2,1,1999,0,0,0,0,0,0,0,0,0,0