ST_CASE,VEH_NO,PER_NO,YEAR,P1,P2,P3,P4,P5,P6,P7,P8,P9,P10
300068,2,1,1999,0,0,0,0,0,0,0,0,0,0
300068,3,1,1999,0,0,0,0,0,0,0,0,0,0
300069,1,1,1999,17,4,0,0,0,0,0,0,0,0
300069,2,1,1999,19,9,10,0,13,19,7,17,0,0
300070,1,1,1999,23,23,23,23,23,23,23,23,23,23
300071,1,1,1999,14,14,14,14,14,14,14,14,14,14
300072,1,1,1999,5,0,0,0,0,0,0,0,0,0
300073,1,1,1999,20,21,0,0,18,38,31,0,0,0
300074,1,1,1999,21,21,21,21,21,21,21,21,21,21
300075,1,1,1999,0,0,0,0,0,0,0,0,0,0
300076,1,1,1999,24,24,24,24,24,24,24,24,24,24
300077,1,1,1999,0,0,0,0,0,18,0,0,0,0
300078,1,1,1999,0,0,0,0,0,0,0,0,0,0
300078,2,1,1999,0,0,0,0,0,0,0,0,0,0
300079,1,1,1999,35,21,23,0,0,18,19,23,0,14
300080,1,1,1999,11,11,11,11,11,11,11,11,11,11
300081,1,1,1999,18,13,8,18,4,25,16,25,17,16
300082,1,1,1999,12,27,8,11,9,0,12,11,17,21
300083,1,1,1999,0,0,0,0,0,0,0,0,0,0
300083,2,1,1999,0,0,0,0,0,0,0,0,0,0
300084,1,1,1999,13,13,13,13,13,13,13,13,13,13
300085,1,1,1999,0,0,0,0,2,0,0,0,0,0
300085,2,1,1999,0,0,0,0,0,0,0,0,0,0
300085,3,1,1999,0,0,0,0,0,0,0,0,0,0
300086,1,1,1999,24,9,26,0,32,7,2,23,18,17
300087,1,1,1999,0,0,0,0,0,0,0,0,0,0
300088,1,1,1999,25,25,25,25,25,25,25,25,25,25
300089,1,1,1999,0,0,0,0,0,0,0,0,0,0
300090,0,1,1999,0,0,0,0,0,0,0,0,0,0
300090,1,1,1999,0,0,0,0,0,0,0,0,0,0
300091,1,1,1999,0,0,6,0,0,22,0,0,0,0
300092,1,1,1999,0,0,0,0,0,0,0,0,0,0
300092,2,1,1999,0,0,0,0,0,0,0,0,0,0
300093,1,1,1999,0,0,0,10,0,0,0,14,0,0
300094,1,1,1999,19,0,18,19,18,17,27,6,29,0
300095,1,1,1999,21,0,0,11,0,0,0,26,0,0
300095,2,1,1999,0,0,0,0,0,0,6,0,0,0
300096,1,1,1999,0,0,0,0,0,0,0,0,0,0
300097,1,1,1999,27,0,6,0,7,12,0,10,0,0
300098,1,1,1999,5,0,0,0,0,0,0,0,0,0
300100,1,1,1999,0,0,24,16,27,0,0,0,0,0
300101,1,1,1999,21,21,21,21,21,21,21,21,21,21
300102,1,1,1999,26,19,22,13,15,18,14,14,8,16
300103,1,1,1999,9,0,0,0,8,0,0,0,0,0
300104,1,1,1999,15,27,12,11,6,0,20,0,11,22
300105,1,1,1999,9,9,9,9,9,9,9,9,9,9
300106,0,1,1999,0,0,0,0,0,0,0,0,0,0
300106,1,1,1999,1,1,1,1,1,1,1,1,1,1
300107,1,1,1999,0,0,0,0,0,0,0,0,0,0
300107,2,1,1999,0,0,0,0,0,0,0,0,0,0
300109,1,1,1999,12,11,21,0,7,15,0,19,19,12
300110,1,1,1999,0,0,0,0,0,0,0,0,0,0
300111,1,1,1999,0,0,0,0,0,0,0,0,0,0
300112,1,1,1999,0,0,0,0,0,0,0,0,0,0
300112,2,1,1999,17,17,17,17,17,17,17,17,17,17
300113,1,1,1999,0,0,0,0,0,0,0,0,0,0
300113,2,1,1999,0,0,0,0,0,0,0,0,0,0
300113,3,1,1999,0,0,0,0,0,0,0,0,0,0
300114,1,1,1999,0,0,15,0,0,0,0,0,0,0
300115,1,1,1999,0,0,0,0,0,0,0,0,0,0
300116,0,1,1999,0,0,0,0,0,0,0,0,0,0
300116,1,1,1999,7,7,7,15,8,8,16,7,23,19
300117,1,1,1999,24,24,24,24,24,24,24,24,24,24
300118,1,1,1999,8,8,8,8,8,8,8,8,8,8
300119,1,1,1999,0,0,0,0,0,0,0,0,0,0
300120,1,1,1999,19,19,19,19,19,19,19,19,19,19
300121,1,1,1999,0,0,0,0,0,0,0,0,0,0
300122,1,1,1999,0,0,0,0,0,12,25,0,20,0
300124,0,1,1999,13,13,13,13,13,13,13,13,13,13
300124,1,1,1999,17,0,12,0,12,19,23,24,11,23
300125,1,1,1999,19,9,10,12,21,19,17,13,16,20
300126,1,1,1999,6,6,6,6,6,6,6,6,6,6
300126,2,1,1999,8,14,11,16,10,12,10,20,16,26
300127,1,1,1999,0,0,0,0,0,0,0,0,0,0
300128,1,1,1999,0,0,0,0,0,0,0,0,0,0
300128,2,1,1999,0,0,0,0,0,0,0,0,0,0
300129,1,1,1999,15,4,19,20,11,28,9,13,23,24
300130,1,1,1999,7,24,18,20,14,7,6,25,21,12
300130,2,1,1999,9,8,33,23,9,24,3,16,18,41
300131,1,1,1999,0,0,0,0,0,7,0,0,0,0
300132,1,1,1999,40,18,40,21,16,21,25,19,13,7
300133,1,1,1999,20,10,17,29,18,15,24,23,26,9
300134,1,1,1999,13,13,13,13,13,13,13,13,13,13
300135,1,1,1999,0,0,0,0,0,0,0,0,0,0
300136,1,1,1999,21,21,21,21,21,21,21,21,21,21
300137,1,1,1999,22,22,22,22,22,22,22,22,22,22
300138,1,1,1999,0,0,0,0,0,0,0,0,0,0
300138,2,1,1999,0,0,0,0,0,0,0,0,0,0
300139,1,1,1999,0,0,0,0,0,0,0,0,0,0
300139,2,1,1999,0,0,0,0,0,0,0,0,0,0
300139,3,1,1999,0,0,6,0,0,0,0,0,0,0
300140,1,1,1999,0,0,0,4,0,0,0,24,0,0
300141,1,1,1999,0,0,0,0,0,0,0,0,0,0
300142,1,1,1999,22,16,32,18,18,17,20,19,10,16
300143,1,1,1999,0,0,0,0,0,0,0,0,0,0
300143,2,1,1999,0,0,0,0,0,0,0,0,0,0
300144,1,1,1999,13,13,13,13,13,13,13,13,13,13
300145,1,1,1999,12,25,13,34,22,25,25,0,20,18
300146,1,1,1999,18,12,26,12,19,32,31,9,3,0
300147,1,1,1999,0,0,0,0,0,0,0,0,0,0
300148,1,1,1999,0,0,0,0,0,0,0,0,0,0
300150,1,1,1999,0,0,0,0,0,0,0,0,0,0
300151,1,1,1999,0,0,0,0,0,0,0,0,0,0
300152,1,1,1999,11,11,11,11,11,11,11,11,11,11
300153,1,1,1999,19,0,11,10,4,14,8,6,8,5
300154,1,1,1999,29,29,29,29,29,29,29,29,29,29
300155,1,1,1999,10,10,10,10,10,10,10,10,10,10
300156,1,1,1999,0,0,0,0,0,0,0,0,0,0
300156,2,1,1999,0,0,0,0,6,0,3,0,0,0
300157,1,1,1999,48,48,48,48,48,48,48,48,48,48
300158,1,1,1999,31,31,31,31,31,31,31,31,31,31
300159,1,1,1999,10,20,16,9,8,12,14,15,4,22
300160,1,1,1999,0,16,0,0,0,0,0,0,6,0
300161,1,1,1999,0,0,0,0,0,0,0,0,0,0
300161,2,1,1999,19,19,19,19,19,19,19,19,19,19
300162,1,1,1999,0,0,0,0,0,0,0,0,0,0
300162,2,1,1999,0,0,0,0,0,0,0,0,0,0
300163,1,1,1999,0,0,0,0,0,10,0,27,7,5
300164,1,1,1999,19,19,19,19,19,19,19,19,19,19
300164,2,1,1999,0,0,0,0,0,0,0,0,0,0
300165,1,1,1999,0,0,0,12,0,0,17,0,0,0
300166,1,1,1999,20,20,20,20,20,20,20,20,20,20
300167,1,1,1999,18,18,18,18,18,18,18,18,18,18
300168,1,1,1999,0,0,0,0,0,0,0,0,0,0
300169,1,1,1999,10,8,14,24,9,23,11,11,12,5
300170,1,1,1999,25,33,0,0,20,14,0,42,26,0
300171,1,1,1999,16,18,10,27,24,14,38,20,19,20
300172,1,1,1999,0,0,0,0,0,0,0,0,0,0
300173,1,1,1999,23,23,23,23,23,23,23,23,23,23
300174,1,1,1999,37,37,37,37,37,37,37,37,37,37
300174,2,1,1999,0,0,0,0,0,0,0,0,0,0
300175,1,1,1999,0,0,0,0,0,0,0,0,0,0
300176,1,1,1999,0,0,0,11,0,0,0,0,0,0
300176,2,1,1999,0,0,0,0,0,0,0,0,0,0
300176,3,1,1999,0,0,0,0,0,0,0,0,0,0
300177,1,1,1999,0,0,0,12,0,0,0,0,0,0
300178,1,1,1999,0,0,0,0,0,0,0,0,0,0
300179,1,1,1999,0,0,0,0,0,0,0,0,0,0
300179,2,1,1999,0,0,0,0,0,0,0,0,0,0
300180,1,1,1999,16,16,16,16,16,16,16,16,16,16
300181,1,1,1999,21,21,21,21,21,21,21,21,21,21
300182,0,1,1999,0,0,0,0,13,0,11,23,7,0
300182,1,1,1999,0,0,0,0,0,0,0,0,0,0
300183,1,1,1999,19,19,19,19,19,19,19,19,19,19
300183,2,1,1999,0,0,0,0,0,0,0,0,0,0
300184,1,1,1999,0,0,0,0,0,0,0,0,0,0
300184,2,1,1999,11,17,12,19,16,25,12,15,9,6
300185,0,1,1999,0,0,0,0,0,0,0,0,0,0
300185,1,1,1999,0,0,0,0,0,0,0,0,0,0
300186,1,1,1999,0,0,0,0,0,0,19,0,21,0
300187,0,1,1999,0,0,0,0,0,0,0,0,0,0
300187,1,1,1999,0,0,0,0,0,0,0,0,0,0
300188,1,1,1999,9,17,20,14,2,7,22,14,21,2
300189,1,1,1999,0,0,0,0,0,13,0,0,0,0
300189,2,1,1999,0,0,0,0,0,0,0,0,0,0
300190,1,1,1999,0,0,0,0,0,0,0,0,0,0
300191,1,1,1999,34,13,48,33,5,16,20,19,3,40
300192,1,1,1999,0,0,0,0,0,0,0,0,0,9
300193,1,1,1999,8,8,8,8,8,8,8,8,8,8
300194,1,1,1999,0,0,0,0,0,0,0,0,0,0
300196,1,1,1999,0,0,0,0,0,0,0,0,0,0
300198,1,1,1999,0,0,0,0,0,0,0,0,0,0
300198,2,1,1999,0,0,0,0,0,0,0,0,0,0
300199,1,1,1999,8,0,39,0,15,17,0,0,5,13
300200,1,1,1999,0,0,0,0,0,0,0,0,0,0
300200,2,1,1999,0,0,0,0,0,0,0,0,0,0
300200,3,1,1999,0,0,0,0,0,4,0,0,0,0
310001,1,1,1999,0,0,0,0,0,0,0,0,0,0
310001,2,1,1999,0,0,0,0,0,0,0,0,0,0
310001,3,1,1999,20,20,20,20,20,20,20,20,20,20
310001,4,1,1999,0,0,0,0,0,0,0,0,0,0
310001,5,1,1999,0,0,0,0,0,0,0,0,15,0
310002,1,1,1999,0,0,0,0,0,0,0,0,0,0
310002,2,1,1999,0,0,0,0,0,0,0,0,0,0
310003,1,1,1999,0,0,0,0,0,0,0,0,0,0
310003,2,1,1999,0,0,0,0,0,0,0,0,0,0
310004,1,1,1999,3,3,3,3,3,3,3,3,3,3
310004,2,1,1999,0,0,0,0,0,0,0,0,0,0
310005,1,1,1999,0,0,0,0,0,0,0,0,0,0
310005,2,1,1999,0,0,0,0,0,0,0,0,0,0
310006,1,1,1999,17,17,17,17,17,17,17,17,17,17
310006,2,1,1999,10,10,10,10,10,10,10,10,10,10
310007,1,1,1999,34,34,34,34,34,34,34,34,34,34
310008,1,1,1999,0,0,0,0,0,0,0,0,0,0
310008,2,1,1999,0,0,0,0,0,0,0,0,0,0
310009,1,1,1999,0,0,0,0,0,0,0,0,0,0
310009,2,1,1999,0,0,0,0,0,0,0,0,0,0
310010,1,1,1999,7,7,7,7,7,7,7,7,7,7
310011,1,1,1999,12,12,12,12,12,12,12,12,12,12
310012,1,1,1999,8,8,8,8,8,8,8,8,8,8
310013,1,1,1999,0,0,0,7,0,0,13,0,0,0
310014,1,1,1999,0,0,0,0,0,0,0,0,0,0
310015,1,1,1999,6,6,6,6,6,6,6,6,6,6
310015,2,1,1999,23,23,23,23,23,23,23,23,23,23
310016,0,1,1999,0,0,0,0,0,0,0,14,0,0
310016,1,1,1999,0,0,0,0,0,0,0,0,0,0
310017,1,1,1999,20,20,20,20,20,20,20,20,20,20
310018,1,1,1999,0,0,0,0,0,0,0,0,0,0
310019,0,1,1999,0,0,0,0,0,0,0,0,0,0
310020,1,1,1999,0,0,0,0,0,0,0,0,0,0
310020,2,1,1999,0,0,0,0,0,0,0,0,0,0
310021,1,1,1999,0,0,0,0,0,0,0,0,0,0
310021,2,1,1999,0,0,0,0,0,0,0,0,0,0
310022,1,1,1999,0,0,0,0,0,0,0,0,0,0
310022,2,1,1999,0,0,0,0,0,0,0,0,0,0
310023,1,1,1999,0,0,0,0,0,0,0,0,0,0
310024,1,1,1999,0,0,0,0,0,0,0,0,0,0
310024,2,1,1999,0,0,0,0,0,0,0,0,0,0
310025,1,1,1999,0,0,0,0,0,0,0,0,0,0
310025,2,1,1999,24,25,6,14,0,20,9,0,13,13
310026,1,1,1999,0,0,0,0,0,0,0,0,0,0
310026,2,1,1999,0,0,0,0,0,0,0,0,0,0
310027,1,1,1999,0,0,0,0,0,0,0,0,0,0
310027,2,1,1999,0,0,0,0,0,0,0,0,0,0
310028,1,1,1999,20,20,20,20,20,20,20,20,20,20
310029,1,1,1999,29,29,29,29,29,29,29,29,29,29
310030,1,1,1999,0,0,0,0,0,0,0,0,0,0
310030,2,1,1999,0,0,0,0,0,0,0,0,0,0
310031,1,1,1999,0,0,0,0,0,0,0,0,0,0
310032,1,4,1999,0,5,17,0,0,15,24,0,0,0
310033,1,1,1999,0,0,0,0,0,0,0,0,0,0
310033,2,1,1999,0,0,0,0,0,0,0,0,0,0
310034,1,1,1999,0,0,0,0,0,0,0,0,0,0
310034,2,1,1999,0,0,0,0,0,0,0,0,0,0
310035,1,1,1999,23,23,23,23,23,23,23,23,23,23
310036,1,1,1999,0,0,0,0,0,0,0,0,0,0
310037,1,1,1999,0,0,0,0,0,0,0,0,0,0
310038,1,1,1999,0,0,0,0,0,0,0,0,0,0
310039,1,1,1999,0,0,0,0,0,0,0,0,0,0
310040,1,1,1999,12,12,12,12,12,12,12,12,12,12
310041,1,1,1999,0,0,0,0,0,0,0,0,0,0
310042,0,1,1999,0,0,0,0,0,0,0,0,0,0
310042,1,1,1999,0,0,0,0,0,0,0,0,0,0
310043,1,1,1999,18,18,18,18,18,18,18,18,18,18
310044,1,1,1999,0,0,0,0,0,0,0,0,0,0
310044,2,1,1999,0,0,0,0,0,0,0,0,0,0
310045,1,1,1999,0,0,0,0,0,0,0,0,0,0
310046,1,1,1999,0,0,0,0,0,0,0,0,0,0
310046,2,1,1999,0,0,0,0,0,0,0,0,0,0
310046,3,1,1999,0,0,0,0,0,0,0,0,0,0
310047,1,1,1999,0,0,0,0,0,0,0,0,0,0
310047,2,1,1999,0,0,0,0,0,0,0,0,0,0
310048,1,1,1999,0,0,0,0,0,0,0,0,0,0
310049,1,1,1999,15,15,15,15,15,15,15,15,15,15
310050,1,1,1999,8,8,8,8,8,8,8,8,8,8
310050,2,1,1999,0,0,0,0,0,0,0,0,0,0
310051,1,1,1999,16,16,16,16,16,16,16,16,16,16
310051,2,1,1999,20,20,20,20,20,20,20,20,20,20
310052,1,1,1999,12,12,12,12,12,12,12,12,12,12
310053,1,1,1999,0,0,0,0,0,0,0,0,0,0
310053,2,1,1999,0,0,0,0,0,0,0,0,0,0
310054,1,1,1999,0,0,0,0,0,0,0,0,0,0
310055,1,1,1999,0,0,0,0,0,0,0,0,0,0
310056,1,1,1999,0,0,0,0,0,0,0,0,0,0
310056,2,1,1999,0,0,0,0,0,0,0,0,0,0
310057,1,1,1999,0,0,0,0,0,0,0,0,0,0
310057,2,1,1999,15,15,15,15,15,15,15,15,15,15
310058,1,1,1999,12,12,12,12,12,12,12,12,12,12
310059,1,1,1999,21,21,21,21,21,21,21,21,21,21
310060,1,1,1999,0,0,0,0,0,0,0,0,0,0
310060,2,1,1999,0,0,0,0,0,0,0,0,0,0
310061,1,1,1999,0,0,0,0,0,0,0,0,0,0
310061,2,1,1999,0,0,0,0,0,0,0,0,0,0
310062,1,1,1999,0,0,0,0,0,0,11,0,8,20
310062,2,1,1999,17,17,17,17,17,17,17,17,17,17
310063,1,1,1999,0,0,0,0,0,0,0,0,0,0
310063,2,1,1999,9,9,9,9,9,9,9,9,9,9
310064,1,1,1999,0,0,0,0,0,0,0,0,0,0
310064,2,1,1999,0,0,0,0,0,0,0,0,0,0
310065,1,1,1999,0,0,0,0,0,0,0,0,0,0
310066,1,1,1999,0,0,0,0,0,0,0,0,0,0
310067,1,1,1999,0,0,0,0,0,0,0,0,0,0
310067,2,1,1999,0,0,0,0,0,0,0,0,0,0
310068,1,1,1999,0,0,0,0,0,0,0,0,0,0
310068,2,1,1999,0,0,0,0,0,0,0,0,0,0
310069,1,1,1999,1,1,1,1,1,1,1,1,1,1
310070,1,1,1999,0,0,0,0,0,0,0,0,0,0
310070,2,1,1999,0,0,0,0,0,0,0,0,0,0
310070,3,1,1999,0,0,0,0,0,0,0,0,0,0
310071,1,1,1999,0,0,0,0,0,0,0,0,0,0
310071,2,1,1999,0,0,0,0,0,0,0,0,0,0
310072,1,1,1999,3,3,3,3,3,3,3,3,3,3
310073,1,1,1999,0,0,0,0,0,0,0,0,0,0
310073,2,1,1999,28,28,28,28,28,28,28,28,28,28
310074,1,1,1999,9,9,9,9,9,9,9,9,9,9
310075,1,1,1999,0,0,0,0,0,0,0,0,0,0
310075,2,1,1999,0,0,0,0,0,0,0,0,0,0
310076,1,1,1999,0,0,0,0,0,0,0,0,0,0
310076,2,1,1999,0,0,0,0,0,0,0,0,0,0
310077,1,1,1999,0,0,0,0,0,0,0,0,0,0
310077,2,1,1999,0,0,0,0,0,0,0,0,0,0
310078,0,1,1999,0,0,0,0,0,0,0,0,0,0
310078,1,1,1999,0,0,0,0,0,0,0,0,0,0
310079,1,1,1999,24,24,24,24,24,24,24,24,24,24
310080,1,1,1999,0,0,0,0,0,0,0,0,0,0
310080,2,1,1999,0,0,0,0,0,0,0,0,0,0
310081,1,1,1999,19,19,19,19,19,19,19,19,19,19
310081,2,1,1999,0,0,0,0,0,0,0,0,0,0
310081,3,1,1999,0,0,0,0,0,0,0,0,0,0
310081,4,1,1999,0,0,0,0,0,0,0,0,0,0
310082,1,1,1999,0,0,0,0,0,0,0,0,0,0
310083,1,1,1999,0,0,0,0,0,0,0,0,0,0
310084,1,1,1999,1,1,1,1,1,1,1,1,1,1
310084,2,1,1999,12,0,0,0,0,0,0,0,0,0
310085,1,1,1999,0,0,0,0,0,0,0,0,0,0
310085,2,1,1999,0,0,0,0,0,0,0,0,0,0
310086,1,1,1999,22,22,22,22,22,22,22,22,22,22
310087,1,1,1999,0,0,0,0,0,0,0,12,0,0
310087,2,1,1999,0,0,0,0,0,0,0,0,0,0
310088,0,1,1999,12,12,12,12,12,12,12,12,12,12
310088,1,1,1999,0,0,0,0,0,0,0,0,0,0
310089,1,1,1999,0,0,0,0,0,0,0,0,0,0
310089,2,1,1999,0,0,0,0,0,0,0,0,0,0
310090,1,1,1999,0,0,0,0,0,0,0,0,0,0
310090,2,1,1999,0,0,0,0,0,0,0,0,0,0
310091,1,1,1999,0,0,0,0,0,0,0,0,0,0
310092,1,1,1999,0,0,0,0,0,0,0,0,0,0
310092,2,1,1999,0,0,0,0,0,0,0,0,0,0
310094,1,1,1999,0,0,0,0,0,0,0,0,0,0
310094,2,1,1999,0,0,0,0,0,0,0,0,0,0
310095,1,1,1999,0,0,0,0,0,0,0,0,9,0
310096,1,1,1999,11,11,11,11,11,11,11,11,11,11
310097,1,1,1999,17,17,17,17,17,17,17,17,17,17
310098,1,1,1999,0,0,0,0,0,0,0,0,0,0
310099,1,3,1999,0,20,19,0,12,15,14,22,0,16
310100,1,1,1999,0,0,0,0,0,0,0,0,0,0
310101,1,1,1999,0,0,0,0,0,0,0,0,0,0
310101,2,1,1999,0,0,0,0,0,0,0,0,0,0
310102,1,1,1999,0,0,0,0,0,0,0,0,0,0
310102,2,1,1999,8,8,8,8,8,8,8,8,8,8
310103,1,1,1999,0,0,0,0,0,0,0,0,0,0
310104,1,1,1999,0,0,0,0,0,0,5,0,0,0
310104,2,1,1999,0,0,0,0,0,0,0,0,0,0
310105,1,1,1999,0,0,0,0,2,0,0,0,0,0
310105,2,1,1999,0,0,0,0,0,0,0,0,0,0
310106,1,1,1999,1,1,1,1,1,1,1,1,1,1
310106,2,1,1999,0,0,0,0,0,0,0,0,0,0
310107,1,1,1999,10,10,10,10,10,10,10,10,10,10
310107,2,1,1999,0,0,0,0,0,0,0,0,0,0
310108,1,1,1999,0,0,8,0,0,0,0,0,0,0
310108,2,1,1999,12,12,12,12,12,12,12,12,12,12
310109,1,1,1999,0,0,0,0,0,0,0,0,0,0
310109,2,1,1999,0,0,0,0,0,0,0,0,0,0
310110,1,1,1999,0,0,0,0,0,0,6,14,0,0
310110,2,1,1999,15,15,15,15,15,15,15,15,15,15
310111,1,1,1999,18,18,18,18,18,18,18,18,18,18
310112,1,1,1999,0,0,0,0,0,0,0,0,0,0
310112,2,1,1999,0,0,0,0,0,0,0,0,0,0
310113,0,1,1999,0,0,0,0,0,0,0,0,0,0
310113,1,1,1999,0,0,0,0,0,0,0,0,0,0
310114,1,1,1999,0,0,0,0,0,0,0,0,0,0
310115,1,1,1999,0,0,0,0,0,0,0,0,0,0
310115,2,1,1999,0,0,11,0,0,8,17,0,0,24
310116,1,1,1999,14,14,14,14,14,14,14,14,14,14
310117,1,1,1999,0,0,0,0,0,0,0,0,0,0
310117,2,1,1999,0,0,0,0,0,0,0,0,0,0
310118,1,1,1999,0,0,0,0,0,0,0,0,0,0
310118,2,1,1999,2,2,2,2,2,2,2,2,2,2
310119,1,1,1999,3,3,3,3,3,3,3,3,3,3
310120,1,1,1999,20,20,20,20,20,20,20,20,20,20
310121,1,1,1999,0,0,0,0,0,0,0,0,0,0
310121,2,1,1999,0,0,0,0,0,0,0,0,0,0
310121,3,1,1999,0,0,0,0,0,0,0,0,0,0
310122,0,1,1999,0,0,0,0,0,0,0,0,0,0
310122,1,1,1999,0,0,0,0,0,0,0,0,0,0
310123,1,1,1999,25,25,25,25,25,25,25,25,25,25
310123,2,1,1999,0,0,0,0,0,0,0,0,0,0
310124,1,1,1999,0,10,7,0,15,0,7,16,0,0
310124,2,1,1999,2,2,2,2,2,2,2,2,2,2
310125,1,1,1999,0,0,0,0,0,0,0,0,0,0
310125,2,1,1999,0,0,0,0,0,0,0,0,0,0
310125,3,1,1999,0,0,0,0,0,0,0,0,0,0
310126,0,1,1999,0,10,33,15,13,0,0,21,0,0
310126,1,1,1999,24,7,18,13,8,16,9,12,6,14
310127,1,1,1999,0,0,0,0,0,0,0,0,0,0
310127,2,1,1999,0,0,0,0,0,0,0,0,0,0
310128,1,1,1999,0,0,0,0,0,0,0,0,0,0
310128,2,1,1999,0,0,0,0,0,0,0,0,0,0
310129,1,1,1999,8,8,8,8,8,8,8,8,8,8
310130,0,1,1999,0,0,0,0,0,0,0,0,0,0
310130,1,1,1999,0,0,0,0,0,0,0,0,0,0
310131,1,1,1999,0,0,0,0,0,0,0,0,0,0
310132,1,1,1999,17,17,17,17,17,17,17,17,17,17
310133,1,1,1999,20,22,31,5,15,0,21,13,9,21
310134,1,1,1999,0,0,0,0,0,0,0,0,0,0
310134,2,1,1999,0,0,0,0,0,0,0,0,0,0
310135,1,1,1999,0,0,0,0,0,0,0,0,0,0
310135,2,1,1999,0,0,0,0,0,0,0,0,0,0
310136,1,1,1999,0,0,0,0,0,0,0,0,0,0
310137,1,1,1999,0,0,0,0,0,0,0,0,0,0
310138,1,1,1999,9,9,9,9,9,9,9,9,9,9
310139,1,1,1999,0,0,0,0,0,0,0,0,0,0
310139,2,1,1999,1,1,1,1,1,1,1,1,1,1
310140,1,1,1999,6,6,6,6,6,6,6,6,6,6
310140,2,1,1999,0,0,0,0,0,5,0,0,0,0
310141,1,1,1999,0,0,0,0,0,0,0,0,0,0
310142,1,1,1999,16,16,16,16,16,16,16,16,16,16
310143,1,1,1999,0,0,0,0,0,0,0,0,0,0
310144,1,1,1999,0,0,0,0,0,0,0,0,0,0
310144,2,1,1999,0,0,0,0,0,0,0,0,0,0
310145,1,1,1999,0,0,0,0,0,0,0,0,0,0
310145,2,1,1999,0,0,0,0,0,0,0,0,0,0
310146,1,1,1999,0,0,0,0,0,0,0,0,0,0
310147,1,1,1999,21,21,21,21,21,21,21,21,21,21
310148,1,1,1999,7,7,7,7,7,7,7,7,7,7
310149,1,1,1999,0,0,0,0,0,0,0,0,0,0
310150,1,1,1999,0,0,0,17,0,0,25,0,0,0
310151,1,1,1999,0,0,0,0,0,0,0,0,0,0
310152,1,1,1999,6,6,6,6,6,6,6,6,6,6
310152,2,1,1999,0,0,0,0,0,0,0,0,0,0
310153,1,1,1999,0,0,0,0,0,0,0,0,0,0
310153,2,1,1999,0,0,0,0,0,0,0,0,0,0
310154,1,1,1999,0,0,0,0,0,0,0,0,0,0
310155,1,1,1999,0,0,0,0,0,0,0,0,0,0
310156,1,1,1999,0,0,0,0,0,0,0,0,0,0
310157,1,1,1999,20,20,20,20,20,20,20,20,20,20
310158,1,1,1999,0,0,0,0,0,0,0,0,0,0
310158,2,1,1999,0,0,0,0,0,0,0,0,0,0
310159,1,1,1999,21,21,21,21,21,21,21,21,21,21
310159,2,1,1999,0,0,0,0,0,0,0,0,0,0
310160,1,1,1999,0,0,0,0,0,0,0,0,0,0
310160,2,1,1999,0,0,0,0,0,0,0,10,0,0
310161,1,1,1999,0,0,0,0,0,0,0,0,0,0
310161,2,1,1999,0,0,0,0,0,0,0,0,0,0
310162,1,1,1999,0,0,0,0,0,0,0,0,0,0
310162,2,1,1999,0,0,0,0,0,0,0,0,0,0
310162,3,1,1999,20,20,20,20,20,20,20,20,20,20
310163,1,1,1999,15,15,15,15,15,15,15,15,15,15
310163,2,1,1999,0,0,0,0,0,0,0,0,0,0
310164,1,1,1999,5,5,5,5,5,5,5,5,5,5
310164,2,1,1999,0,0,0,0,0,0,0,0,0,0
310165,1,1,1999,25,25,25,25,25,25,25,25,25,25
310166,1,1,1999,0,0,0,0,0,0,0,0,0,0
310167,1,1,1999,16,16,16,16,16,16,16,16,16,16
310167,2,1,1999,0,0,0,0,0,0,0,0,0,0
310168,1,1,1999,0,0,0,0,0,0,0,0,0,0
310168,2,1,1999,0,0,0,0,0,0,0,0,0,0
310169,1,1,1999,0,0,0,0,0,0,0,0,0,0
310169,2,1,1999,0,0,0,0,0,0,0,0,0,0
310170,1,1,1999,22,22,22,22,22,22,22,22,22,22
310170,2,1,1999,0,0,0,0,0,0,0,0,0,0
310171,0,1,1999,0,0,0,0,0,0,0,0,0,0
310171,1,1,1999,0,0,0,0,0,0,0,0,0,0
310172,1,1,1999,0,0,0,0,0,0,0,0,0,0
310172,2,1,1999,0,0,0,0,0,0,0,0,0,0
310173,1,1,1999,0,0,0,0,0,0,0,0,0,0
310174,1,1,1999,0,0,0,0,0,0,0,0,0,0
310174,2,1,1999,0,0,0,0,0,0,0,0,0,0
310175,1,1,1999,0,0,0,0,0,0,0,0,0,0
310175,2,1,1999,0,0,0,0,0,0,0,0,0,0
310176,1,1,1999,0,0,0,0,0,0,0,0,0,0
310176,2,1,1999,0,0,0,0,0,0,0,0,0,0
310177,1,1,1999,23,23,23,23,23,23,23,23,23,23
310178,1,1,1999,0,0,0,0,0,0,0,0,0,0
310179,0,1,1999,28,28,28,28,28,28,28,28,28,28
310179,1,1,1999,11,10,17,24,14,2,3,13,15,0
310180,1,1,1999,22,22,22,22,22,22,22,22,22,22