ST_CASE,VEH_NO,PER_NO,YEAR,P1,P2,P3,P4,P5,P6,P7,P8,P9,P10
310181,0,1,1999,0,0,0,0,0,0,0,0,0,0
310181,1,1,1999,0,0,0,0,0,0,0,0,0,0
310182,1,1,1999,0,0,0,0,0,0,0,0,0,0
310182,2,1,1999,0,0,0,0,0,0,0,0,0,0
310183,1,1,1999,0,0,0,0,0,0,0,0,0,0
310183,2,1,1999,0,0,0,0,0,0,0,0,0,0
310184,1,1,1999,0,0,0,0,0,0,0,0,0,0
310184,2,1,1999,0,0,0,0,0,0,0,0,0,0
310185,1,1,1999,0,0,0,0,0,0,0,0,0,0
310185,2,1,1999,0,0,0,0,0,0,0,0,0,0
310186,1,1,1999,0,0,0,0,0,0,0,0,0,0
310187,1,1,1999,16,16,16,16,16,16,16,16,16,16
310188,1,1,1999,12,12,12,12,12,12,12,12,12,12
310188,2,1,1999,0,0,0,0,0,0,0,0,0,0
310189,0,1,1999,0,0,0,0,0,0,0,0,0,0
310189,1,1,1999,0,0,0,0,0,0,0,0,0,0
310190,1,1,1999,0,0,0,0,0,0,0,0,0,0
310191,1,1,1999,16,16,16,16,16,16,16,16,16,16
310192,1,1,1999,0,0,0,0,0,0,0,0,0,0
310192,2,1,1999,0,0,0,0,0,0,0,0,0,0
310193,1,1,1999,0,0,0,0,0,0,0,0,0,0
310193,2,1,1999,0,0,0,0,0,0,0,0,0,0
310194,1,1,1999,0,0,0,0,0,0,0,0,0,0
310194,2,1,1999,1,1,1,1,1,1,1,1,1,1
310195,1,1,1999,21,21,21,21,21,21,21,21,21,21
310196,1,1,1999,0,0,0,0,0,0,0,0,0,0
310196,2,1,1999,0,0,0,0,0,0,0,0,0,0
310196,3,1,1999,0,0,0,0,0,0,0,0,0,0
310197,1,1,1999,26,26,26,26,26,26,26,26,26,26
310198,1,1,1999,16,16,16,16,16,16,16,16,16,16
310199,1,1,1999,26,26,26,26,26,26,26,26,26,26
310200,1,1,1999,8,8,8,8,8,8,8,8,8,8
310200,2,1,1999,9,9,9,9,9,9,9,9,9,9
310201,1,1,1999,0,0,0,0,0,0,0,0,0,0
310201,2,1,1999,0,0,0,0,0,0,0,0,0,0
310202,1,1,1999,0,0,0,0,0,0,0,0,0,0
310202,2,1,1999,7,7,7,7,7,7,7,7,7,7
310203,0,1,1999,0,0,0,0,0,0,0,0,0,0
310203,1,1,1999,0,0,0,0,0,0,0,0,0,0
310204,1,1,1999,1,1,1,1,1,1,1,1,1,1
310205,0,1,1999,8,8,8,8,8,8,8,8,8,8
310205,1,1,1999,0,0,0,0,0,0,0,0,0,0
310206,1,1,1999,0,0,0,0,0,0,0,0,0,0
310206,2,1,1999,0,0,0,0,0,0,0,0,0,0
310207,1,1,1999,24,24,24,24,24,24,24,24,24,24
310208,1,1,1999,14,14,14,14,14,14,14,14,14,14
310209,1,1,1999,0,0,0,0,0,0,0,0,0,0
310210,1,1,1999,15,15,15,15,15,15,15,15,15,15
310210,2,1,1999,0,0,0,0,0,0,0,0,0,0
310211,1,1,1999,0,22,0,0,0,12,0,0,0,0
310212,1,1,1999,0,0,0,0,0,0,0,0,0,0
310212,2,1,1999,0,0,0,0,0,0,0,0,0,0
310212,3,1,1999,0,0,0,0,0,0,0,0,0,0
310213,0,1,1999,31,31,31,31,31,31,31,31,31,31
310213,0,2,1999,12,34,0,3,0,4,22,11,0,0
310213,1,1,1999,13,13,13,13,13,13,13,13,13,13
310214,1,1,1999,9,0,0,23,0,15,0,11,0,0
310215,1,1,1999,21,21,21,21,21,21,21,21,21,21
310216,1,1,1999,16,16,16,16,16,16,16,16,16,16
310217,1,1,1999,2,2,2,2,2,2,2,2,2,2
310218,1,1,1999,0,0,0,0,0,0,0,0,0,0
310218,2,1,1999,0,0,0,0,0,0,0,0,0,0
310219,1,1,1999,0,0,0,0,0,0,0,0,0,0
310219,2,1,1999,0,0,0,0,0,0,0,0,0,0
310220,1,1,1999,0,0,0,0,0,0,0,0,0,0
310220,2,1,1999,0,0,0,0,0,0,0,0,0,0
310221,1,1,1999,12,12,12,12,12,12,12,12,12,12
310222,1,1,1999,20,20,20,20,20,20,20,20,20,20
310223,1,1,1999,25,25,25,25,25,25,25,25,25,25
310224,1,1,1999,0,0,0,0,0,0,0,0,0,0
310224,2,1,1999,0,0,0,0,0,0,0,0,0,0
310224,3,1,1999,0,0,0,0,0,0,0,0,0,0
310225,1,1,1999,0,0,0,0,0,0,0,0,0,0
310225,2,1,1999,0,0,0,0,0,0,0,0,0,0
310225,3,1,1999,0,0,0,0,0,0,0,0,0,0
310226,1,1,1999,0,0,0,0,0,0,0,0,0,0
310226,2,1,1999,0,0,0,0,0,0,0,0,0,0
310227,1,1,1999,0,0,0,0,0,0,0,0,0,0
310228,0,1,1999,18,20,49,47,27,27,12,34,34,3
310228,1,1,1999,0,0,0,0,0,0,0,0,0,0
310229,1,1,1999,0,0,0,0,0,0,0,0,0,0
310229,2,1,1999,23,23,23,23,23,23,23,23,23,23
310230,1,1,1999,0,0,0,0,0,0,0,0,0,0
310230,2,1,1999,0,0,0,0,0,0,0,0,0,0
310231,1,1,1999,0,0,0,0,0,0,0,0,0,0
310232,1,1,1999,17,17,17,17,17,17,17,17,17,17
310233,1,1,1999,14,14,14,14,14,14,14,14,14,14
310233,2,1,1999,21,21,21,21,21,21,21,21,21,21
310234,1,1,1999,0,0,0,0,0,0,0,0,0,0
310234,2,1,1999,0,0,0,0,0,0,0,0,0,0
310235,1,1,1999,0,0,0,0,0,0,0,0,0,0
310235,2,1,1999,0,0,0,0,0,0,0,0,0,0
310236,1,1,1999,0,0,0,0,0,0,0,0,0,0
310236,2,1,1999,0,0,0,0,0,0,0,0,0,0
310236,3,1,1999,0,0,0,0,0,0,0,0,0,0
310237,1,1,1999,0,0,0,0,0,0,0,0,0,0
310237,2,1,1999,0,0,0,0,0,0,0,0,0,0
310238,1,1,1999,17,17,17,17,17,17,17,17,17,17
310239,1,1,1999,0,0,0,0,0,0,0,0,4,0
310239,2,1,1999,0,0,0,0,0,0,0,0,0,0
310239,3,1,1999,0,0,0,0,0,0,0,0,0,0
310240,1,1,1999,23,23,23,23,23,23,23,23,23,23
310241,1,1,1999,0,0,0,0,0,0,0,0,0,0
310241,2,1,1999,0,0,0,0,0,0,0,0,0,0
310242,1,1,1999,0,0,0,0,0,0,0,0,0,0
310242,2,1,1999,0,0,0,0,0,0,0,0,0,0
310243,0,1,1999,2,2,2,2,2,2,2,2,2,2
310243,1,1,1999,0,0,0,0,0,0,0,0,0,0
310243,2,1,1999,0,0,0,0,0,0,0,0,0,0
310244,1,1,1999,0,0,0,0,0,0,0,0,0,0
310245,1,1,1999,0,0,0,0,0,0,30,0,0,0
310246,1,1,1999,0,0,0,0,0,0,0,0,0,0
310246,2,1,1999,0,0,0,0,0,0,0,0,0,0
310247,1,1,1999,23,23,23,23,23,23,23,23,23,23
310247,2,1,1999,0,0,0,0,0,0,0,0,0,0
310248,1,1,1999,20,20,20,20,20,20,20,20,20,20
310249,1,1,1999,26,26,26,26,26,26,26,26,26,26
310250,1,1,1999,9,9,9,9,9,9,9,9,9,9
310251,1,1,1999,0,0,0,0,0,0,0,0,0,0
310251,2,1,1999,15,15,15,15,15,15,15,15,15,15
310251,3,1,1999,0,0,0,0,0,0,0,0,0,0
310252,1,1,1999,0,0,0,0,0,0,0,0,0,0
310252,2,1,1999,0,0,0,0,0,0,0,0,0,0
310254,1,1,1999,0,0,0,0,0,0,0,0,0,0
310254,2,1,1999,0,0,0,0,0,0,0,0,0,0
310255,1,1,1999,0,0,0,0,0,0,0,0,0,0
310255,2,1,1999,0,0,0,0,0,0,0,0,0,0
310256,1,1,1999,11,11,11,11,11,11,11,11,11,11
310257,1,1,1999,8,8,8,8,8,8,8,8,8,8
320001,1,1,1999,15,15,15,15,15,15,15,15,15,15
320001,2,1,1999,0,13,9,0,8,0,0,0,0,0
320001,3,1,1999,0,26,0,0,11,27,0,30,0,12
320002,1,1,1999,0,0,0,0,0,0,0,0,0,0
320003,0,1,1999,0,0,0,0,0,0,0,0,0,0
320003,1,1,1999,0,0,0,0,19,0,0,0,20,0
320004,1,1,1999,0,0,0,0,0,0,0,0,0,0
320004,2,1,1999,0,0,0,0,0,0,0,11,0,0
320004,3,1,1999,0,0,0,0,3,0,0,0,0,0
320005,1,1,1999,21,21,21,21,21,21,21,21,21,21
320006,0,1,1999,0,0,0,0,0,0,0,0,0,0
320006,1,1,1999,0,0,0,0,0,0,0,0,0,0
320007,1,1,1999,0,0,0,0,0,0,0,0,0,0
320008,1,1,1999,0,6,0,0,14,0,0,0,24,4
320008,2,1,1999,0,0,0,0,0,0,0,0,0,0
320009,0,1,1999,0,0,0,0,0,0,0,0,0,0
320009,1,1,1999,0,0,0,33,0,0,0,9,0,24
320010,1,1,1999,0,0,0,0,0,0,0,0,0,0
320010,2,1,1999,0,0,0,0,0,0,0,0,0,0
320011,0,1,1999,0,0,0,0,0,0,0,0,0,0
320011,1,1,1999,0,0,0,0,0,0,0,0,0,0
320012,1,1,1999,17,17,17,17,17,17,17,17,17,17
320013,1,1,1999,20,20,20,20,20,20,20,20,20,20
320014,1,1,1999,0,0,0,0,0,0,0,0,0,0
320014,2,1,1999,0,0,0,0,0,0,0,0,0,0
320015,1,1,1999,0,0,0,0,0,0,0,0,0,0
320016,1,1,1999,0,0,0,0,0,0,0,0,0,0
320016,2,1,1999,0,0,0,0,0,0,0,0,0,0
320017,1,1,1999,8,8,8,8,8,8,8,8,8,8
320018,0,1,1999,0,0,0,0,0,0,0,0,0,0
320018,1,1,1999,0,0,0,0,0,0,0,0,0,0
320019,1,1,1999,0,0,0,0,0,0,0,0,0,0
320019,2,1,1999,0,0,0,0,0,0,0,0,0,0
320019,3,1,1999,0,0,0,0,17,0,0,0,0,16
320020,1,1,1999,0,0,0,0,0,0,0,0,0,0
320020,2,1,1999,0,0,0,0,0,0,0,0,0,0
320021,1,1,1999,9,9,9,9,9,9,9,9,9,9
320022,0,1,1999,36,36,36,36,36,36,36,36,36,36
320022,1,1,1999,0,9,23,0,0,0,12,0,23,9
320023,1,1,1999,15,15,15,15,15,15,15,15,15,15
320023,2,1,1999,18,18,18,18,18,18,18,18,18,18
320024,1,1,1999,0,0,0,0,0,0,0,0,0,0
320024,2,1,1999,2,2,2,2,2,2,2,2,2,2
320025,0,1,1999,0,0,0,0,0,0,0,0,0,0
320025,1,1,1999,4,0,13,0,0,0,0,0,0,0
320026,1,1,1999,7,7,7,7,7,7,7,7,7,7
320027,1,1,1999,18,18,18,18,18,18,18,18,18,18
320027,2,1,1999,6,0,0,0,5,23,0,0,5,0
320028,1,1,1999,17,17,17,17,17,17,17,17,17,17
320029,1,1,1999,14,23,0,0,0,0,0,0,15,28
320030,1,1,1999,0,0,0,0,0,0,0,0,0,0
320031,1,1,1999,0,0,0,0,0,0,0,0,0,0
320032,1,1,1999,10,10,10,10,10,10,10,10,10,10
320033,1,1,1999,31,31,31,31,31,31,31,31,31,31
320034,1,1,1999,0,0,0,0,0,0,0,0,0,0
320035,1,1,1999,0,0,0,0,0,0,0,0,0,0
320035,2,1,1999,0,0,0,0,0,0,0,0,0,0
320035,3,1,1999,0,0,0,0,0,0,0,0,0,0
320036,1,1,1999,0,0,0,0,0,0,0,0,0,0
320037,1,1,1999,0,0,0,0,0,0,0,0,25,19
320037,2,1,1999,0,0,0,0,0,0,0,0,0,0
320038,1,1,1999,0,0,0,0,0,0,0,0,0,0
320038,2,1,1999,0,0,0,0,0,0,0,0,0,0
320039,0,1,1999,15,15,15,15,15,15,15,15,15,15
320039,1,1,1999,0,0,0,0,0,0,0,0,0,0
320040,0,1,1999,0,0,0,0,0,0,0,0,0,0
320040,1,1,1999,0,0,4,14,0,18,0,0,29,0
320041,1,1,1999,0,0,0,0,0,0,0,0,0,0
320041,2,1,1999,0,0,0,0,0,0,0,0,0,0
320041,3,1,1999,9,0,0,0,0,0,0,12,0,0
320042,1,1,1999,2,2,2,2,2,2,2,2,2,2
320043,1,1,1999,26,26,26,26,26,26,26,26,26,26
320044,1,1,1999,10,0,20,11,25,0,30,11,33,0
320045,1,1,1999,0,0,0,0,0,0,0,0,0,0
320045,2,1,1999,0,0,0,0,0,0,0,0,0,0
320046,0,1,1999,17,17,17,17,17,17,17,17,17,17
320046,1,1,1999,0,0,0,0,0,0,0,0,0,0
320047,1,1,1999,0,0,0,0,0,0,0,0,0,0
320047,2,1,1999,0,0,0,0,0,0,0,0,0,0
320048,1,1,1999,0,0,0,0,0,18,0,0,0,0
320048,2,1,1999,0,0,0,0,0,0,20,0,20,0
320049,1,1,1999,19,19,19,19,19,19,19,19,19,19
320049,2,1,1999,0,0,0,0,0,7,0,0,0,0
320049,3,1,1999,0,0,0,0,0,0,0,0,0,0
320049,4,1,1999,6,6,6,6,6,6,6,6,6,6
320050,1,1,1999,23,23,23,23,23,23,23,23,23,23
320051,1,1,1999,8,8,8,8,8,8,8,8,8,8
320051,2,1,1999,0,0,0,0,0,0,0,0,0,0
320051,3,1,1999,17,0,17,0,13,0,5,0,0,9
320052,0,1,1999,0,0,0,0,0,0,0,0,0,0
320052,1,1,1999,0,0,0,0,0,17,0,0,0,0
320053,1,1,1999,0,0,0,0,0,0,0,0,0,0
320054,1,1,1999,10,10,10,10,10,10,10,10,10,10
320055,1,1,1999,0,10,34,0,0,17,0,0,0,16
320055,2,1,1999,0,14,15,13,0,7,0,0,0,0
320056,1,1,1999,1,1,1,1,1,1,1,1,1,1
320057,1,1,1999,17,17,17,17,17,17,17,17,17,17
320057,2,1,1999,0,0,0,0,0,0,0,0,0,0
320057,3,1,1999,0,0,0,0,0,0,0,0,0,0
320058,1,1,1999,0,0,0,0,0,0,0,0,0,0
320059,0,1,1999,0,0,0,0,0,0,0,0,0,0
320059,1,1,1999,19,2,0,0,12,0,21,0,0,0
320060,1,1,1999,0,0,0,0,0,0,0,0,0,0
320061,1,1,1999,0,0,0,0,0,0,0,0,0,0
320062,1,1,1999,0,0,0,0,0,0,0,0,0,0
320062,2,1,1999,0,0,0,0,0,0,0,0,0,0
320063,1,1,1999,0,0,0,0,0,0,0,0,0,0
320063,2,1,1999,0,0,0,0,0,0,0,0,0,0
320064,1,1,1999,0,0,0,0,0,0,0,0,0,0
320064,2,1,1999,0,0,0,0,0,0,0,0,0,0
320065,1,1,1999,0,0,0,0,0,0,0,0,0,0
320065,2,1,1999,0,0,0,0,0,0,0,0,0,0
320065,3,1,1999,0,0,0,0,0,0,0,0,0,0
320066,1,1,1999,0,0,0,0,0,0,0,0,0,0
320067,0,1,1999,0,0,0,0,0,0,0,0,0,0
320067,0,2,1999,14,18,0,13,0,13,0,16,0,0
320067,1,1,1999,0,0,0,0,0,0,0,0,0,0
320068,0,1,1999,0,0,0,0,0,0,0,0,0,0
320068,1,1,1999,0,0,0,0,0,0,0,0,0,0
320069,1,1,1999,0,0,0,0,0,0,0,0,0,0
320069,2,1,1999,0,0,0,0,0,0,0,0,0,0
320069,3,1,1999,0,0,0,0,0,0,0,0,0,0
320070,1,1,1999,0,0,0,0,0,0,0,0,0,0
320070,2,1,1999,0,0,0,0,0,0,0,0,0,0
320071,1,1,1999,7,7,7,7,7,7,7,7,7,7
320071,2,1,1999,0,0,0,0,0,0,0,0,0,0
320071,3,1,1999,0,0,0,0,0,0,0,0,0,0
320071,4,1,1999,0,0,0,0,0,0,0,0,0,0
320072,1,1,1999,0,0,0,0,0,0,0,15,0,0
320073,0,1,1999,19,19,19,19,19,19,19,19,19,19
320073,1,1,1999,0,0,0,0,0,0,0,7,0,0
320074,1,1,1999,0,0,0,0,0,0,0,0,0,0
320074,2,1,1999,0,0,0,0,0,0,0,0,0,0
320075,1,1,1999,0,0,0,0,0,0,0,0,0,0
320075,2,1,1999,0,0,0,0,0,0,0,0,0,0
320075,3,1,1999,0,0,0,0,0,0,0,0,0,0
320076,1,1,1999,14,0,14,23,0,0,25,18,0,27
320077,0,1,1999,0,0,0,0,0,0,0,0,0,0
320077,1,1,1999,0,0,0,0,0,0,0,0,0,0
320078,1,1,1999,12,12,12,12,12,12,12,12,12,12
320079,0,1,1999,34,34,34,34,34,34,34,34,34,34
320079,1,1,1999,0,13,0,0,7,18,0,0,0,0
320079,2,1,1999,0,0,0,0,0,0,0,0,0,0
320080,1,1,1999,0,0,0,0,0,0,0,0,0,0
320081,0,1,1999,11,11,11,11,11,11,11,11,11,11
320081,1,1,1999,0,0,0,0,0,0,0,0,0,0
320082,1,1,1999,0,0,0,0,0,0,0,0,0,0
320082,2,1,1999,0,0,0,0,0,0,0,0,0,0
320083,1,1,1999,13,13,13,13,13,13,13,13,13,13
320084,0,1,1999,0,0,0,0,0,0,0,0,0,0
320084,1,1,1999,0,0,0,0,0,0,0,0,0,0
320085,1,1,1999,0,0,0,0,0,5,0,0,0,0
320086,1,1,1999,25,25,25,25,25,25,25,25,25,25
320087,1,1,1999,0,0,0,0,0,0,0,0,0,0
320088,1,1,1999,8,8,8,8,8,8,8,8,8,8
320089,1,1,1999,0,31,0,0,0,0,0,0,7,0
320090,0,1,1999,14,14,14,14,14,14,14,14,14,14
320090,1,1,1999,0,0,0,0,0,0,0,0,0,0
320091,1,1,1999,0,0,0,0,0,0,0,0,0,0
320091,2,1,1999,0,0,0,0,0,0,9,0,0,0
320092,1,1,1999,38,38,38,38,38,38,38,38,38,38
320093,1,1,1999,28,28,28,28,28,28,28,28,28,28
320094,1,1,1999,23,23,23,23,23,23,23,23,23,23
320094,2,1,1999,0,0,0,0,0,0,0,0,0,0
320095,1,1,1999,0,0,0,0,0,0,0,0,0,0
320095,2,1,1999,0,0,0,0,0,0,0,0,0,0
320095,3,1,1999,0,14,0,0,0,0,0,0,6,0
320096,1,1,1999,20,20,20,20,20,20,20,20,20,20
320097,0,1,1999,0,0,0,0,0,0,0,0,0,0
320097,1,1,1999,0,0,0,0,0,0,0,0,0,0
320098,0,1,1999,0,0,0,0,0,0,0,0,0,0
320098,1,1,1999,0,0,0,0,0,0,0,0,0,0
320099,1,1,1999,0,0,0,0,0,0,0,0,0,0
320100,0,1,1999,0,0,0,0,0,0,0,0,0,0
320100,1,1,1999,13,0,16,0,14,13,8,13,16,0
320101,0,1,1999,19,19,19,19,19,19,19,19,19,19
320101,1,1,1999,0,0,0,0,0,0,0,0,0,0
320102,0,1,1999,0,0,0,0,0,0,0,0,0,0
320102,1,1,1999,0,0,0,0,0,0,0,0,0,0
320103,0,1,1999,0,0,0,0,0,0,0,0,0,0
320103,1,1,1999,0,0,0,0,0,0,0,0,0,0
320104,1,1,1999,0,0,0,0,0,0,0,0,0,0
320104,2,1,1999,5,5,0,0,0,0,0,0,13,0
320105,0,1,1999,0,0,0,0,0,0,0,0,0,0
320105,1,1,1999,0,0,0,0,0,0,0,0,12,0
320106,0,1,1999,0,0,0,0,0,0,0,0,0,0
320106,0,2,1999,0,13,36,0,0,0,0,0,0,0
320106,1,1,1999,16,16,16,16,16,16,16,16,16,16
320107,1,1,1999,16,16,16,16,16,16,16,16,16,16
320107,2,1,1999,0,15,13,0,0,0,0,0,0,0
320108,1,1,1999,0,0,0,0,0,0,0,0,0,0
320108,2,1,1999,0,0,0,0,0,0,0,0,0,0
320108,3,1,1999,0,0,0,0,0,0,0,0,0,0
320109,1,1,1999,0,0,0,0,0,0,0,0,0,0
320109,2,1,1999,0,0,0,0,0,0,0,0,0,0
320109,3,1,1999,0,0,0,0,0,0,0,0,0,0
320109,4,1,1999,0,0,0,0,26,0,0,0,0,0
320109,5,1,1999,0,0,0,0,0,0,0,0,0,0
320110,1,1,1999,0,0,0,0,0,0,0,0,0,0
320110,2,1,1999,0,0,0,0,0,0,0,0,0,0
320111,0,1,1999,25,25,25,25,25,25,25,25,25,25
320111,1,1,1999,0,0,0,0,0,0,0,0,0,0
320112,1,1,1999,0,0,0,0,0,0,0,0,0,0
320113,1,1,1999,0,0,0,0,0,0,0,0,0,0
320113,2,1,1999,0,0,0,0,0,0,0,0,0,0
320114,1,1,1999,2,2,2,2,2,2,2,2,2,2
320115,1,1,1999,10,10,10,10,10,10,10,10,10,10
320115,2,1,1999,0,0,0,0,0,0,0,0,0,0
320115,3,1,1999,0,21,0,0,0,0,0,0,0,0
320116,0,1,1999,32,32,32,32,32,32,32,32,32,32
320116,1,1,1999,0,0,0,0,0,0,0,0,4,0
320117,1,1,1999,28,28,28,28,28,28,28,28,28,28
320117,2,1,1999,0,0,0,0,0,0,0,0,0,0
320118,1,1,1999,0,0,0,0,0,0,0,0,0,0
320118,2,1,1999,0,0,0,0,0,0,0,0,0,0
320119,1,1,1999,16,0,0,0,0,0,0,0,0,0
320119,2,1,1999,0,0,0,0,0,0,0,0,0,0
320120,0,1,1999,0,0,0,0,0,0,0,0,0,0
320120,1,1,1999,0,0,17,0,12,0,0,0,0,0
320121,1,1,1999,0,0,0,0,0,0,0,0,11,0
320121,2,1,1999,8,0,19,0,0,0,0,13,0,0
320122,1,1,1999,3,3,3,3,3,3,3,3,3,3
320123,1,1,1999,26,26,26,26,26,26,26,26,26,26
320124,1,1,1999,0,0,0,0,0,0,0,0,0,0
320125,1,1,1999,0,0,0,0,0,0,0,0,0,0
320126,1,1,1999,0,0,0,0,0,0,0,0,0,0
320127,1,1,1999,0,0,0,0,0,0,0,0,0,0
320127,2,1,1999,0,0,0,0,0,0,0,0,18,10
320128,0,1,1999,0,0,0,0,0,0,0,0,0,0
320128,1,1,1999,0,0,0,0,0,0,0,0,0,0
320129,1,1,1999,0,0,0,0,0,0,0,0,0,0
320130,1,1,1999,4,4,4,4,4,4,4,4,4,4
320131,1,1,1999,0,0,0,0,0,0,0,0,0,0
320132,1,1,1999,19,19,19,19,19,19,19,19,19,19
320133,0,1,1999,0,0,0,0,0,0,0,0,0,0
320133,1,1,1999,0,0,0,0,0,0,0,0,0,0
320134,1,1,1999,0,0,0,0,0,0,0,0,0,0
320134,2,1,1999,0,10,0,0,9,0,0,26,0,0
320135,1,1,1999,4,4,4,4,4,4,4,4,4,4
320135,2,1,1999,0,0,0,0,0,0,0,0,0,0
320136,1,1,1999,0,0,0,0,0,0,0,0,0,0
320137,1,1,1999,0,0,0,0,0,0,0,0,0,0
320138,1,1,1999,0,0,0,0,0,0,0,0,0,0
320138,2,1,1999,0,0,0,0,0,0,11,0,0,0
320139,1,1,1999,0,0,0,0,0,0,0,0,0,0
320139,2,1,1999,0,0,0,0,22,0,0,0,0,6
320139,3,1,1999,3,5,9,0,0,33,0,0,0,0
320139,4,1,1999,0,14,10,25,26,0,3,13,6,9
320140,1,1,1999,0,0,0,0,0,0,0,0,0,0
320140,2,1,1999,0,0,0,0,0,0,0,0,0,0
320141,1,1,1999,0,0,0,0,0,0,0,0,0,0
320141,2,1,1999,0,0,0,0,0,0,0,0,0,0
320142,1,1,1999,0,0,0,0,0,0,0,0,0,0
320143,1,1,1999,0,10,0,0,0,0,0,0,0,19
320144,1,1,1999,0,0,0,0,0,0,0,0,0,0
320145,0,1,1999,0,0,0,0,0,0,0,0,0,0
320145,1,1,1999,0,29,0,12,17,0,0,22,0,0
320146,1,1,1999,0,0,0,0,0,0,0,0,0,0
320147,1,1,1999,0,0,0,0,0,0,0,0,0,0
320147,2,1,1999,0,0,0,0,0,0,0,0,0,0
320148,1,1,1999,0,0,0,0,0,0,0,0,0,0
320149,0,1,1999,0,0,0,0,0,0,0,0,0,0
320149,1,1,1999,0,0,0,0,0,0,0,0,0,0
320150,1,1,1999,0,0,0,0,0,0,0,0,0,0
320151,1,1,1999,30,30,30,30,30,30,30,30,30,30
320152,1,1,1999,0,0,0,0,0,0,0,0,0,0
320152,2,1,1999,0,0,0,0,0,0,0,0,0,0
320152,3,1,1999,0,0,0,0,0,0,0,0,0,0
320153,0,1,1999,0,0,0,0,0,0,0,0,0,0
320153,1,1,1999,0,0,0,0,0,0,0,0,4,0
320154,1,1,1999,8,8,8,8,8,8,8,8,8,8
320155,1,1,1999,5,5,5,5,5,5,5,5,5,5
320156,1,1,1999,17,17,17,17,17,17,17,17,17,17
320157,1,1,1999,0,0,0,0,0,0,0,0,0,0
320157,2,1,1999,0,0,0,0,0,0,0,0,0,0
320158,1,1,1999,20,20,20,20,20,20,20,20,20,20
320158,2,1,1999,20,20,20,20,20,20,20,20,20,20
320159,1,1,1999,22,22,22,22,22,22,22,22,22,22
320160,1,1,1999,0,0,0,0,0,0,0,0,0,0
320160,2,1,1999,0,0,0,0,14,0,0,0,0,0
320161,1,1,1999,2,2,2,2,2,2,2,2,2,2
320162,0,1,1999,0,0,0,0,0,0,0,0,0,0
320162,0,2,1999,0,0,0,0,0,0,0,0,0,0
320162,1,1,1999,0,0,0,0,0,0,0,0,0,0
320163,1,1,1999,0,0,0,0,0,20,0,0,0,0
320164,0,1,1999,0,0,0,0,0,0,0,0,0,0
320164,1,1,1999,0,0,0,0,0,0,0,0,0,0
320165,1,1,1999,0,0,0,0,0,0,0,0,0,0
320166,0,1,1999,0,0,0,0,0,0,0,0,0,0
320166,1,1,1999,0,0,0,0,0,0,0,0,0,0
320167,1,1,1999,21,0,13,0,0,0,0,0,0,0
320167,2,1,1999,0,0,0,0,0,0,0,0,0,0
320168,1,1,1999,0,0,0,0,0,0,0,0,0,0
320169,1,1,1999,22,22,22,22,22,22,22,22,22,22
320169,2,1,1999,0,0,0,0,0,0,0,0,0,0
320170,0,1,1999,0,0,0,0,0,0,0,0,0,0
320170,0,2,1999,0,0,0,0,0,0,0,0,0,0
320170,1,1,1999,0,0,0,0,0,0,0,0,0,0
320171,0,1,1999,39,0,40,19,0,15,24,0,24,0
320171,1,1,1999,0,0,0,0,0,0,0,0,0,0
320172,1,1,1999,0,0,0,0,0,0,0,0,0,0
320172,2,1,1999,0,0,0,0,0,0,0,0,0,0
320172,3,1,1999,0,0,0,0,0,0,6,0,0,0
320172,4,1,1999,0,0,0,0,0,0,0,0,6,0
320173,1,1,1999,0,0,0,0,0,0,0,0,0,0
320173,2,1,1999,0,0,0,0,0,0,0,0,0,0
320174,1,1,1999,0,23,0,0,0,0,0,0,0,0
320175,1,1,1999,0,0,0,0,0,0,0,0,0,0
320176,1,1,1999,0,0,0,0,0,0,0,0,0,0
320177,1,1,1999,0,0,0,0,0,0,0,0,0,0
320178,1,1,1999,0,0,0,0,0,0,0,0,0,0
320178,2,1,1999,0,0,0,0,0,0,0,0,0,0
320179,1,1,1999,0,0,0,0,0,0,0,0,0,0
320180,1,1,1999,0,0,0,0,0,0,0,0,0,0
320180,2,1,1999,0,0,0,0,0,0,0,0,0,0
320180,3,1,1999,0,0,0,0,0,0,0,0,0,0
320181,1,1,1999,0,33,0,9,0,14,0,25,0,0
320182,1,1,1999,0,0,0,0,0,0,0,0,0,0
320183,1,1,1999,19,19,19,19,19,19,19,19,19,19
320184,1,1,1999,0,0,0,0,0,0,0,0,0,0
320185,1,1,1999,9,9,9,9,9,9,9,9,9,9
320185,2,1,1999,0,0,0,0,0,0,0,0,0,0
320186,1,1,1999,0,0,0,0,0,0,0,0,0,0
320186,2,1,1999,0,0,0,0,0,0,0,0,0,0
320186,3,1,1999,0,0,0,0,0,0,0,0,0,0
320186,4,1,1999,0,0,0,0,0,0,0,0,0,0
320187,1,1,1999,0,0,0,0,0,0,0,0,0,0
320187,2,1,1999,0,0,0,0,0,0,6,0,19,0
320187,3,1,1999,0,0,0,10,5,22,0,0,0,6
320187,4,1,1999,0,0,0,0,0,0,0,0,0,0
320187,5,1,1999,0,0,0,0,0,0,0,0,0,0
320188,1,1,1999,0,0,0,0,0,0,0,0,0,0
320188,2,1,1999,0,0,0,0,0,0,0,0,0,0
320189,1,1,1999,0,0,0,0,0,0,0,0,0,0