ST_CASE,VEH_NO,PER_NO,YEAR,P1,P2,P3,P4,P5,P6,P7,P8,P9,P10
320189,2,1,1999,0,0,0,0,0,0,0,0,0,0
320190,1,1,1999,20,20,20,20,20,20,20,20,20,20
320190,2,1,1999,0,0,0,0,0,0,0,0,0,0
320191,1,1,1999,0,0,0,0,0,0,0,0,0,0
320191,2,1,1999,0,0,0,0,0,0,0,0,0,0
320192,1,1,1999,2,2,2,2,2,2,2,2,2,2
320193,1,1,1999,24,24,24,24,24,24,24,24,24,24
320193,2,1,1999,20,15,0,10,0,0,0,0,7,0
320194,0,1,1999,0,0,0,0,0,0,0,0,0,0
320194,1,1,1999,0,0,0,0,0,0,0,0,0,0
320195,1,1,1999,0,0,0,0,0,0,0,0,0,0
320195,2,1,1999,0,0,0,0,0,0,0,0,0,0
320196,0,1,1999,0,0,0,0,0,0,0,0,0,0
320196,1,1,1999,2,0,0,0,16,11,0,0,0,0
320197,0,1,1999,22,22,22,22,22,22,22,22,22,22
320197,1,1,1999,17,17,17,17,17,17,17,17,17,17
320198,1,1,1999,0,0,0,13,0,0,0,0,29,0
320199,1,1,1999,0,0,0,0,0,0,0,0,0,0
320200,1,1,1999,2,2,2,2,2,2,2,2,2,2
320201,1,1,1999,22,22,22,22,22,22,22,22,22,22
320202,1,1,1999,0,0,0,0,0,0,0,0,0,0
320203,1,1,1999,0,0,0,0,0,0,0,0,0,0
320204,1,1,1999,35,35,35,35,35,35,35,35,35,35
320204,2,1,1999,0,0,0,0,0,0,0,0,0,0
320205,1,1,1999,0,0,0,0,0,0,0,0,0,0
320205,2,1,1999,0,0,18,0,0,18,0,0,0,11
320205,3,1,1999,0,0,13,0,0,0,0,13,29,14
320205,4,1,1999,0,0,0,15,0,0,3,11,10,0
320206,1,1,1999,0,0,0,0,0,0,0,0,0,0
320207,1,1,1999,0,0,0,0,0,0,0,0,0,0
320207,2,1,1999,0,0,0,0,0,0,0,0,0,0
320208,1,1,1999,0,0,0,0,0,0,0,0,0,0
320208,2,1,1999,0,0,0,0,0,0,0,0,0,0
320209,1,1,1999,0,0,0,0,0,0,0,0,0,0
320209,2,1,1999,0,0,0,0,10,0,0,4,0,0
320210,0,1,1999,0,0,0,0,0,0,0,0,0,0
320210,1,1,1999,0,0,0,0,0,0,0,0,0,0
320211,0,1,1999,0,0,0,0,0,0,0,0,0,0
320211,1,1,1999,16,0,0,0,0,0,0,0,0,0
320212,0,1,1999,8,8,8,8,8,8,8,8,8,8
320212,1,1,1999,0,0,0,0,0,0,0,0,0,0
320213,1,1,1999,0,0,0,0,0,0,0,0,0,0
320213,2,1,1999,0,0,0,0,0,0,0,0,0,0
320214,0,1,1999,36,36,36,36,36,36,36,36,36,36
320214,1,1,1999,0,0,0,0,0,0,0,0,0,0
320215,1,1,1999,0,0,0,0,0,0,0,0,0,0
320216,1,1,1999,27,27,27,27,27,27,27,27,27,27
320217,0,1,1999,15,15,15,15,15,15,15,15,15,15
320217,1,1,1999,0,0,0,0,0,0,0,0,0,0
320218,0,1,1999,0,0,0,0,0,0,0,0,0,0
320218,1,1,1999,11,0,0,0,0,0,0,0,0,0
320219,1,1,1999,7,7,7,7,7,7,7,7,7,7
320220,1,1,1999,44,44,44,44,44,44,44,44,44,44
320220,2,1,1999,0,0,0,0,0,0,0,0,0,16
320221,1,1,1999,0,0,0,0,0,0,0,0,0,0
320222,0,1,1999,20,0,0,34,23,34,17,15,0,10
320222,1,1,1999,0,0,0,0,0,0,0,0,0,0
320223,1,1,1999,0,0,0,0,0,0,0,0,0,0
320223,2,1,1999,2,2,2,2,2,2,2,2,2,2
320224,1,1,1999,2,2,2,2,2,2,2,2,2,2
320225,1,1,1999,25,25,25,25,25,25,25,25,25,25
320226,1,1,1999,0,17,0,13,21,19,31,23,22,14
320226,2,1,1999,0,0,0,0,0,0,0,0,0,18
320227,0,1,1999,0,0,0,0,0,0,0,0,0,0
320227,1,1,1999,8,8,9,11,12,15,6,12,16,31
320228,1,1,1999,9,9,9,9,9,9,9,9,9,9
320229,1,1,1999,0,0,0,0,0,0,0,0,0,0
320229,2,1,1999,2,2,2,2,2,2,2,2,2,2
320230,1,1,1999,0,0,0,0,0,0,0,0,0,0
320230,2,1,1999,0,0,0,0,0,0,0,0,0,0
320230,3,1,1999,0,0,0,0,0,0,0,0,0,0
320231,1,1,1999,0,0,0,0,0,0,0,0,0,0
320231,2,1,1999,13,0,0,17,17,15,20,9,13,0
320232,1,1,1999,38,38,38,38,38,38,38,38,38,38
320233,1,1,1999,0,0,0,0,0,0,0,0,0,0
320234,0,1,1999,0,0,0,0,0,0,0,0,0,0
320234,1,1,1999,0,0,0,0,0,0,0,0,0,0
320235,1,1,1999,13,13,13,13,13,13,13,13,13,13
320236,1,1,1999,0,0,0,0,0,0,0,0,0,0
320236,2,1,1999,0,17,0,0,0,0,0,0,0,0
320237,1,1,1999,0,0,0,0,0,0,0,0,0,0
320238,1,1,1999,0,11,0,0,0,0,15,0,0,0
320239,1,1,1999,0,0,0,0,0,0,0,0,0,0
320239,2,1,1999,0,0,0,0,0,0,0,0,0,0
320240,0,1,1999,0,0,0,0,0,0,0,0,0,0
320240,1,1,1999,18,0,0,0,16,21,0,9,14,24
320241,0,1,1999,34,34,34,34,34,34,34,34,34,34
320241,1,1,1999,0,0,0,0,0,0,0,0,0,0
320241,2,1,1999,0,0,0,0,0,0,0,0,0,0
320242,0,1,1999,18,18,18,18,18,18,18,18,18,18
320242,1,1,1999,0,0,0,0,0,0,0,0,0,0
320243,1,1,1999,0,0,0,0,0,0,0,0,0,0
320243,2,1,1999,0,0,0,0,0,0,0,0,0,0
320243,3,1,1999,0,0,0,0,0,0,0,0,0,0
320244,0,1,1999,10,10,10,10,10,10,10,10,10,10
320244,1,1,1999,0,0,0,0,0,0,0,0,0,0
320245,0,1,1999,0,0,0,0,0,0,0,0,0,0
320245,1,1,1999,0,0,0,0,0,0,0,0,0,0
320246,0,1,1999,0,27,0,0,0,0,0,0,0,6
320246,1,1,1999,20,0,0,0,0,0,0,0,0,0
320248,0,1,1999,36,36,36,36,36,36,36,36,36,36
320248,1,1,1999,0,0,0,0,0,0,0,0,0,0
320249,0,1,1999,24,24,24,24,24,24,24,24,24,24
320249,1,1,1999,0,0,12,0,0,17,0,0,0,0
320250,1,1,1999,10,10,0,9,11,0,17,14,0,22
320250,2,1,1999,0,11,4,0,0,0,11,0,0,0
320250,3,1,1999,0,0,0,0,0,0,0,0,0,0
320251,1,1,1999,0,0,0,0,0,0,0,0,0,0
320251,2,1,1999,22,22,22,22,22,22,22,22,22,22
320252,0,1,1999,18,18,18,18,18,18,18,18,18,18
320252,1,1,1999,0,0,0,0,0,0,0,0,0,0
320253,1,1,1999,24,24,24,24,24,24,24,24,24,24
320254,0,1,1999,0,0,11,0,29,28,28,15,0,11
320254,1,1,1999,0,0,0,0,0,0,7,0,0,0
320255,1,1,1999,25,25,25,25,25,25,25,25,25,25
320256,0,1,1999,0,0,0,0,0,0,0,0,0,0
320256,1,1,1999,0,0,0,0,0,0,0,0,0,0
320257,0,1,1999,0,0,0,0,0,0,0,0,0,0
320257,1,1,1999,0,0,0,11,0,0,0,0,10,0
320257,2,1,1999,0,21,0,0,0,0,7,0,0,5
320257,3,1,1999,0,0,12,0,0,0,0,0,0,0
320258,0,1,1999,0,0,0,0,0,0,0,0,0,0
320258,1,1,1999,0,0,0,0,0,0,0,0,0,0
320259,1,1,1999,0,0,0,0,16,0,12,0,0,0
320260,1,1,1999,20,20,20,20,20,20,20,20,20,20
320261,1,1,1999,0,0,0,0,0,0,0,0,0,0
320262,1,1,1999,16,27,22,15,18,56,18,0,0,21
320263,1,1,1999,24,24,24,24,24,24,24,24,24,24
320263,2,1,1999,0,0,0,0,0,0,0,0,0,0
320263,3,1,1999,0,0,0,0,0,0,0,0,0,0
320264,1,1,1999,2,2,2,2,2,2,2,2,2,2
320264,2,1,1999,2,2,2,2,2,2,2,2,2,2
320265,1,1,1999,2,2,2,2,2,2,2,2,2,2
320265,2,1,1999,24,16,11,15,12,14,26,11,0,14
320266,1,1,1999,0,0,0,0,0,0,0,0,0,0
320267,0,1,1999,0,0,0,0,0,0,0,0,0,0
320267,1,1,1999,0,0,0,0,0,0,9,0,0,0
320268,1,1,1999,18,18,18,18,18,18,18,18,18,18
320268,2,1,1999,0,0,0,0,11,0,0,0,0,0
320269,1,1,1999,14,14,14,14,14,14,14,14,14,14
320270,1,1,1999,23,23,23,23,23,23,23,23,23,23
320271,1,1,1999,19,19,19,19,19,19,19,19,19,19
320272,1,1,1999,0,0,0,0,0,0,0,0,0,0
320272,2,1,1999,0,0,0,0,0,0,0,0,0,0
320273,1,1,1999,0,0,0,0,0,0,0,0,0,0
320274,1,1,1999,26,26,26,26,26,26,26,26,26,26
320275,1,1,1999,15,26,17,0,7,21,15,17,22,20
320276,1,1,1999,17,17,17,17,17,17,17,17,17,17
320276,2,1,1999,0,0,18,0,0,0,19,11,0,0
320276,3,1,1999,0,0,0,0,12,0,0,0,16,0
320277,0,1,1999,0,0,0,0,0,0,0,0,0,0
320277,1,1,1999,0,0,0,0,0,0,23,0,0,0
320278,1,1,1999,0,0,0,0,0,0,0,0,0,0
320279,0,1,1999,0,0,0,0,0,0,0,0,0,0
320279,1,1,1999,0,0,0,0,0,0,0,0,0,0
320280,1,1,1999,18,18,18,18,18,18,18,18,18,18
320281,1,1,1999,5,7,7,16,8,16,17,10,14,6
320281,2,1,1999,0,0,0,0,0,0,0,0,0,0
320282,1,1,1999,0,0,0,0,0,0,0,0,0,0
320282,2,1,1999,0,10,14,9,10,0,0,0,16,29
320283,1,1,1999,0,0,0,0,0,0,0,0,0,0
320284,1,1,1999,0,0,0,0,0,0,0,0,0,0
320285,1,1,1999,2,2,2,2,2,2,2,2,2,2
320286,1,1,1999,23,23,23,23,23,23,23,23,23,23
320287,1,1,1999,0,0,0,0,0,0,0,0,0,0
320287,2,1,1999,0,0,0,0,0,0,0,0,0,0
320288,1,1,1999,32,27,33,0,18,0,0,21,0,12
320289,1,1,1999,0,0,0,0,0,0,0,0,0,0
320289,2,1,1999,0,0,0,0,0,0,0,0,0,0
320290,1,1,1999,14,11,10,0,31,0,11,0,4,0
320291,1,1,1999,0,0,0,0,0,0,0,0,0,0
320292,1,1,1999,0,0,0,0,0,0,0,0,0,0
320293,1,1,1999,0,0,0,0,0,0,0,0,0,0
320294,1,1,1999,0,0,0,0,0,0,0,0,0,0
320295,1,1,1999,0,0,0,0,0,0,0,0,0,0
320296,0,1,1999,20,11,16,0,25,35,0,30,19,0
320296,0,2,1999,0,0,0,0,0,0,0,0,0,0
320296,1,1,1999,0,0,0,0,0,0,0,0,0,0
320297,0,1,1999,0,0,0,0,0,0,0,0,0,0
320297,1,1,1999,14,17,0,0,0,7,0,0,10,12
320298,0,1,1999,0,0,0,0,0,0,0,0,0,0
320298,1,1,1999,0,0,0,0,0,0,0,0,0,0
320299,1,1,1999,21,21,21,21,21,21,21,21,21,21
320300,1,1,1999,0,0,0,0,0,0,0,0,0,0
320300,2,1,1999,0,0,0,0,0,0,0,0,0,0
320301,1,1,1999,0,0,0,0,0,0,0,0,0,0
320302,1,1,1999,0,0,0,0,0,0,0,0,0,0
320302,2,1,1999,0,0,0,0,0,0,0,0,0,0
320303,0,1,1999,0,0,0,0,0,0,0,0,0,0
320303,1,1,1999,0,0,0,0,0,0,0,0,0,0
320304,1,1,1999,18,18,18,18,18,18,18,18,18,18
320304,2,1,1999,0,0,0,0,0,0,0,0,0,0
320305,1,1,1999,0,0,0,0,0,0,0,0,0,0
320305,2,1,1999,0,0,0,0,0,0,0,0,0,0
320305,3,1,1999,0,0,0,11,13,0,0,15,11,20
320306,1,1,1999,6,6,6,6,6,6,6,6,6,6
320306,2,1,1999,0,0,0,0,0,0,19,0,0,0
320306,3,1,1999,2,0,0,0,0,0,0,0,0,0
320306,4,1,1999,0,0,0,0,0,0,0,0,0,0
320307,0,1,1999,0,0,0,0,0,0,0,0,0,0
320307,0,2,1999,10,0,0,0,21,6,0,6,10,0
320307,1,1,1999,0,0,0,0,0,0,0,15,0,0
320307,2,1,1999,8,21,9,15,8,6,29,46,11,19
320308,0,1,1999,18,18,18,18,18,18,18,18,18,18
320308,1,1,1999,0,0,0,17,0,0,0,0,0,0
330001,1,1,1999,0,0,0,0,0,0,0,0,0,0
330002,1,1,1999,0,0,0,0,0,0,0,0,0,0
330002,2,1,1999,0,0,0,0,0,0,0,0,0,0
330003,1,1,1999,0,0,0,0,0,0,0,0,0,0
330004,1,1,1999,0,0,0,0,0,0,0,0,0,0
330004,2,1,1999,0,0,0,0,0,0,0,0,0,0
330005,0,1,1999,0,0,0,0,0,0,0,0,0,0
330005,0,2,1999,0,0,0,0,0,0,0,0,24,0
330005,1,1,1999,0,0,0,0,0,0,0,0,0,0
330006,0,1,1999,18,18,18,18,18,18,18,18,18,18
330006,1,1,1999,21,21,21,21,21,21,21,21,21,21
330007,1,1,1999,16,16,16,16,16,16,16,16,16,16
330008,1,1,1999,0,0,0,0,0,0,0,0,10,0
330008,2,1,1999,0,0,0,0,0,0,0,0,0,2
330008,3,1,1999,10,0,0,0,0,0,0,25,0,0
330008,4,1,1999,0,0,0,26,0,0,0,0,0,0
330009,1,1,1999,24,24,24,24,24,24,24,24,24,24
330010,1,1,1999,1,1,1,1,1,1,1,1,1,1
330010,2,1,1999,0,0,0,0,0,0,0,0,0,0
330010,3,1,1999,0,0,7,0,0,0,0,0,0,0
330011,1,1,1999,0,0,0,0,0,0,0,0,0,0
330011,2,1,1999,0,0,0,0,0,0,0,0,0,0
330012,1,1,1999,1,1,1,1,1,1,1,1,1,1
330013,1,1,1999,16,16,16,16,16,16,16,16,16,16
330014,1,1,1999,22,22,22,22,22,22,22,22,22,22
330015,1,1,1999,0,0,0,0,0,0,0,0,0,0
330015,2,1,1999,0,0,0,0,0,0,0,0,0,0
330016,1,1,1999,27,27,27,27,27,27,27,27,27,27
330017,1,1,1999,3,3,3,3,3,3,3,3,3,3
330018,1,1,1999,0,0,0,0,0,0,0,0,0,0
330018,2,1,1999,0,0,0,0,0,0,0,0,0,0
330019,1,1,1999,18,18,18,18,18,18,18,18,18,18
330020,1,1,1999,0,0,0,0,0,0,0,0,0,0
330021,1,1,1999,1,1,1,1,1,1,1,1,1,1
330022,1,1,1999,19,19,19,19,19,19,19,19,19,19
330023,1,1,1999,0,0,0,0,0,0,0,0,0,0
330023,2,1,1999,0,0,0,0,0,0,0,0,0,0
330024,1,1,1999,17,17,17,17,17,17,17,17,17,17
330025,1,1,1999,32,32,32,32,32,32,32,32,32,32
330025,2,1,1999,1,1,1,1,1,1,1,1,1,1
330026,1,1,1999,0,0,0,0,0,0,0,0,0,0
330026,2,1,1999,0,0,0,0,0,0,0,0,0,0
330027,1,1,1999,14,14,14,14,14,14,14,14,14,14
330028,1,1,1999,0,0,0,0,0,0,0,0,0,0
330029,0,1,1999,0,0,0,0,0,0,0,0,0,0
330029,1,1,1999,0,0,0,0,0,0,0,0,0,0
330030,1,1,1999,0,0,0,0,0,0,0,0,0,0
330030,2,1,1999,0,0,0,0,0,0,0,0,0,0
330031,1,1,1999,7,7,7,7,7,7,7,7,7,7
330032,1,1,1999,0,0,0,0,0,0,0,0,0,0
330033,1,1,1999,0,0,0,0,0,0,0,0,0,0
330033,2,1,1999,0,0,0,0,7,12,0,19,0,12
330034,1,1,1999,0,0,0,0,0,0,0,0,0,0
330035,1,1,1999,1,1,1,1,1,1,1,1,1,1
330035,2,1,1999,0,0,0,0,0,0,0,0,0,0
330036,1,1,1999,18,18,18,18,18,18,18,18,18,18
330037,1,1,1999,15,15,15,15,15,15,15,15,15,15
330038,1,1,1999,0,0,0,0,0,0,0,0,0,0
330038,2,1,1999,0,0,0,0,0,0,0,0,0,0
330039,1,1,1999,0,0,0,0,0,0,0,0,0,0
330040,1,1,1999,0,0,0,0,0,0,0,0,0,0
330040,2,1,1999,0,0,0,0,0,0,0,0,0,0
330041,1,1,1999,1,1,1,1,1,1,1,1,1,1
330041,2,1,1999,0,0,0,0,0,0,0,0,0,0
330042,1,1,1999,0,0,0,0,0,0,0,0,0,0
330042,2,1,1999,1,1,1,1,1,1,1,1,1,1
330043,1,1,1999,0,0,0,0,0,0,0,0,0,0
330043,2,1,1999,0,0,0,0,0,0,0,0,0,0
330044,1,1,1999,0,0,0,0,0,0,0,0,0,0
330044,2,1,1999,0,0,0,0,0,0,0,0,9,0
330045,1,1,1999,16,16,16,16,16,16,16,16,16,16
330046,1,1,1999,0,0,0,0,0,0,0,0,0,0
330047,1,1,1999,0,0,0,0,0,0,0,0,0,0
330047,2,1,1999,0,0,0,0,0,0,0,0,0,0
330048,1,1,1999,0,0,0,0,0,0,0,0,0,0
330048,2,1,1999,14,0,11,14,0,0,0,0,0,0
330048,3,1,1999,0,0,0,0,0,0,0,0,0,0
330049,1,1,1999,11,11,11,11,11,11,11,11,11,11
330050,1,1,1999,1,1,1,1,1,1,1,1,1,1
330050,2,1,1999,0,0,0,0,0,0,0,0,0,0
330051,1,1,1999,0,0,0,0,0,0,0,0,0,0
330052,1,1,1999,0,0,0,0,0,0,0,0,0,0
330052,2,1,1999,0,0,0,0,0,0,0,0,0,0
330053,1,1,1999,0,0,0,0,0,0,0,0,0,0
330053,2,1,1999,4,4,4,4,4,4,4,4,4,4
330054,1,1,1999,0,0,0,0,0,0,0,0,0,0
330055,1,1,1999,0,0,0,0,0,0,0,0,0,0
330056,1,1,1999,0,0,0,0,0,0,0,0,0,0
330056,2,1,1999,0,0,0,0,0,0,0,0,0,0
330057,0,1,1999,0,0,0,0,0,0,0,0,0,0
330057,0,2,1999,0,0,0,0,0,0,16,0,0,0
330057,1,1,1999,0,0,0,0,0,0,0,0,0,0
330058,1,1,1999,0,0,0,0,0,0,0,0,0,0
330059,1,1,1999,0,0,0,0,0,0,0,10,0,0
330059,2,1,1999,0,0,0,0,0,0,0,7,0,0
330060,1,1,1999,0,0,0,0,0,0,0,0,0,0
330060,2,1,1999,0,0,0,0,0,0,0,0,0,0
330060,3,1,1999,0,0,0,0,0,0,0,0,0,0
330061,1,1,1999,11,11,11,11,11,11,11,11,11,11
330062,1,1,1999,0,0,0,0,0,0,0,0,0,0
330063,1,1,1999,0,0,0,0,0,0,0,9,0,0
330064,1,1,1999,15,15,15,15,15,15,15,15,15,15
330065,1,1,1999,0,0,0,0,0,0,0,0,0,0
330066,1,1,1999,0,0,0,0,0,0,0,0,0,0
330067,1,1,1999,1,1,1,1,1,1,1,1,1,1
330068,1,1,1999,26,26,26,26,26,26,26,26,26,26
330069,1,1,1999,13,13,13,13,13,13,13,13,13,13
330070,0,1,1999,0,0,0,0,0,0,0,0,0,0
330070,1,1,1999,0,0,0,0,0,0,0,0,0,0
330071,1,1,1999,10,10,10,10,10,10,10,10,10,10
330072,1,1,1999,9,9,9,9,9,9,9,9,9,9
330072,2,1,1999,23,0,0,0,0,0,0,0,0,0
330073,1,1,1999,15,15,15,15,15,15,15,15,15,15
330074,1,1,1999,15,15,15,15,15,15,15,15,15,15
330075,1,1,1999,0,0,0,0,0,0,0,0,0,0
330075,2,1,1999,12,0,0,0,0,0,15,0,0,0
330076,1,1,1999,0,0,0,0,0,0,0,0,0,0
330077,1,1,1999,0,0,0,0,0,0,0,0,0,0
330078,1,1,1999,0,0,0,0,0,0,0,0,0,0
330079,1,1,1999,0,0,0,0,0,0,0,0,0,0
330079,2,1,1999,0,0,0,0,0,0,0,0,0,0
330080,1,1,1999,0,0,0,0,0,0,0,0,0,0
330081,1,1,1999,17,17,17,17,17,17,17,17,17,17
330082,1,1,1999,4,4,4,4,4,4,4,4,4,4
330083,1,1,1999,18,18,18,18,18,18,18,18,18,18
330084,1,1,1999,0,0,0,0,0,0,0,0,0,0
330084,2,1,1999,0,0,0,0,0,0,9,0,0,9
330084,3,1,1999,0,0,0,0,0,0,0,0,0,0
330085,1,1,1999,0,0,0,0,0,0,0,0,0,0
330085,2,1,1999,0,0,0,0,0,0,0,0,0,0
330086,1,1,1999,0,0,0,10,0,0,0,0,0,0
330087,1,1,1999,0,6,0,0,0,0,0,0,0,0
330087,2,1,1999,0,20,0,0,0,0,0,0,20,0
330088,1,1,1999,19,19,19,19,19,19,19,19,19,19
330089,1,1,1999,5,0,0,0,0,0,0,0,0,0
330089,2,1,1999,7,7,7,7,7,7,7,7,7,7
330090,1,1,1999,30,30,30,30,30,30,30,30,30,30
330091,1,1,1999,0,0,0,0,0,0,0,0,0,0
330091,2,1,1999,7,7,7,7,7,7,7,7,7,7
330092,1,1,1999,5,0,0,0,0,0,0,0,0,0
330093,1,1,1999,0,0,0,0,0,0,0,0,0,0
330093,2,1,1999,1,1,1,1,1,1,1,1,1,1
330094,1,1,1999,0,0,0,0,0,0,0,0,0,0
330095,1,1,1999,6,6,6,6,6,6,6,6,6,6
330096,1,1,1999,16,16,16,16,16,16,16,16,16,16
330097,1,1,1999,0,0,0,0,0,0,0,0,0,0
330097,2,1,1999,0,0,0,0,0,0,0,0,0,0
330097,3,1,1999,0,0,0,0,0,0,8,0,0,0
330098,1,1,1999,0,0,0,0,0,0,0,0,0,0
330099,1,1,1999,21,21,21,21,21,21,21,21,21,21
330100,1,1,1999,0,0,0,0,0,0,0,0,0,0
330100,2,1,1999,0,0,0,0,0,0,0,0,0,0
330101,1,1,1999,0,0,0,0,0,0,0,0,0,0
330102,1,1,1999,0,0,0,0,0,0,0,0,0,0
330102,2,1,1999,0,0,0,0,0,0,0,0,0,0
330103,1,1,1999,5,5,5,5,5,5,5,5,5,5
330103,2,1,1999,0,0,0,0,0,0,0,0,0,0
330103,3,1,1999,1,1,1,1,1,1,1,1,1,1
330104,1,1,1999,0,0,0,0,0,0,0,0,0,0
330104,2,1,1999,0,0,0,0,0,0,0,0,0,0
330105,1,1,1999,11,11,11,11,11,11,11,11,11,11
330106,1,1,1999,0,0,0,0,0,0,0,0,0,0
330106,2,1,1999,0,0,0,0,0,0,0,0,0,0
330107,1,1,1999,0,0,0,0,0,0,0,0,0,6
330108,1,1,1999,0,0,0,0,0,0,0,0,0,0
330108,2,1,1999,0,0,0,0,0,0,0,0,0,0
330109,1,1,1999,10,10,10,10,10,10,10,10,10,10
330110,1,1,1999,0,0,0,0,0,0,0,0,0,0
330111,1,1,1999,0,0,0,0,0,0,0,0,0,0
330112,1,1,1999,24,24,24,24,24,24,24,24,24,24
330113,1,1,1999,18,19,30,11,13,28,21,24,22,19
330114,1,1,1999,1,1,1,1,1,1,1,1,1,1
330114,2,1,1999,0,0,0,0,0,0,0,0,0,0
330115,1,1,1999,27,27,27,27,27,27,27,27,27,27
330117,1,1,1999,0,0,0,0,0,0,0,0,0,0
330118,1,1,1999,25,25,25,25,25,25,25,25,25,25
330119,1,1,1999,19,19,19,19,19,19,19,19,19,19
330120,1,1,1999,0,4,0,0,0,0,0,15,21,0
330120,2,1,1999,0,0,0,0,0,0,0,0,0,0
330121,1,1,1999,1,1,1,1,1,1,1,1,1,1
330122,1,1,1999,0,0,0,0,0,0,0,0,0,0
330123,1,1,1999,0,0,0,0,0,0,0,0,0,0
330124,1,1,1999,0,0,0,0,0,0,0,0,0,0
330124,2,1,1999,0,0,0,0,0,0,0,0,0,0
330125,1,1,1999,1,1,1,1,1,1,1,1,1,1
330125,2,1,1999,0,0,0,0,0,0,0,0,0,0
330126,1,1,1999,26,26,26,26,26,26,26,26,26,26
330127,0,1,1999,0,0,0,0,0,0,0,0,0,0
330127,1,1,1999,0,0,0,0,0,0,0,0,0,0
330128,1,1,1999,0,0,0,0,0,0,0,0,0,0
330129,1,1,1999,15,15,15,15,15,15,15,15,15,15
330130,1,1,1999,0,0,0,0,0,0,0,0,0,0
330130,2,1,1999,0,0,0,0,0,0,0,0,0,0
330130,3,1,1999,0,0,0,0,0,0,0,0,0,0
330131,1,1,1999,19,0,0,15,0,0,0,0,0,0
340001,1,1,1999,6,25,18,22,16,20,0,9,30,0
340002,1,1,1999,0,0,0,0,0,0,0,0,0,0
340002,2,1,1999,20,20,20,20,20,20,20,20,20,20
340003,1,1,1999,0,0,0,0,0,0,0,0,0,0
340004,0,1,1999,17,17,17,17,17,17,17,17,17,17
340004,1,1,1999,0,0,0,0,0,14,0,0,0,0
340005,1,1,1999,0,0,0,0,0,0,0,0,0,0
340005,2,1,1999,0,0,0,0,0,0,0,0,0,0
340006,1,1,1999,0,0,0,0,0,0,0,0,0,0
340006,2,1,1999,0,0,0,8,0,0,9,0,18,0
340008,1,1,1999,24,0,0,24,0,0,0,0,18,14
340008,2,1,1999,0,0,0,0,0,0,0,0,0,0
340008,3,1,1999,0,0,0,0,0,0,0,0,0,0
340009,1,1,1999,0,0,0,0,0,0,0,0,0,0
340009,2,1,1999,0,0,0,0,0,0,0,0,0,0
340010,1,1,1999,0,0,0,0,0,0,0,0,0,0
340011,1,1,1999,0,0,0,0,0,0,0,0,0,0
340011,2,1,1999,0,0,0,0,0,0,0,0,0,0
340012,1,1,1999,0,0,0,0,0,0,0,0,0,0
340012,2,1,1999,0,0,0,0,23,0,0,0,0,6
340012,3,1,1999,0,0,0,0,0,0,0,0,0,0
340013,1,1,1999,0,0,0,0,0,6,0,0,0,0
340013,2,1,1999,0,19,0,0,0,13,0,7,0,0
340014,0,1,1999,0,0,0,0,0,0,0,0,0,0
340014,1,1,1999,0,0,0,0,0,0,0,0,7,0
340015,1,1,1999,0,0,0,0,0,0,0,0,0,0
340015,2,1,1999,0,0,0,0,0,0,0,0,0,0
340016,0,1,1999,29,29,29,29,29,29,29,29,29,29
340016,1,1,1999,0,0,24,0,0,26,0,0,0,0
340017,1,1,1999,27,27,27,27,27,27,27,27,27,27
340018,1,1,1999,0,0,0,0,0,0,0,0,0,0
340018,2,1,1999,0,0,0,16,0,0,0,0,0,0
340018,3,1,1999,0,0,0,7,0,0,11,0,0,0
340019,1,1,1999,13,13,13,13,13,13,13,13,13,13
340020,0,1,1999,0,0,0,0,0,0,0,0,0,0
340020,1,1,1999,0,0,0,0,0,0,11,0,0,0
340020,2,1,1999,0,15,0,0,0,0,0,0,0,0
340021,1,1,1999,0,0,4,0,0,29,13,0,16,0
340022,1,1,1999,12,12,12,12,12,12,12,12,12,12
340023,0,1,1999,0,0,0,0,0,0,0,0,0,0
340023,1,1,1999,0,0,28,0,0,0,0,0,0,0
340024,0,1,1999,0,0,0,0,0,0,0,0,0,0
340024,1,1,1999,0,0,0,0,0,0,0,0,0,0
340025,0,1,1999,22,22,22,22,22,22,22,22,22,22
340025,1,1,1999,0,0,0,0,0,0,0,0,0,0
340026,1,1,1999,15,10,10,35,18,24,9,19,26,26
340027,1,1,1999,0,0,0,0,0,0,0,0,0,0
340027,2,1,1999,0,0,0,0,0,0,21,0,0,0
340028,1,1,1999,0,0,0,0,0,0,0,0,0,0
340028,2,1,1999,0,0,0,0,0,0,0,0,0,0
340029,1,1,1999,0,0,0,0,0,0,0,0,0,0
340030,1,1,1999,0,0,0,0,0,0,0,0,0,0
340030,2,1,1999,0,0,0,0,0,0,0,0,0,0
340031,1,1,1999,37,0,0,0,0,12,0,0,0,0
340032,1,1,1999,0,0,0,0,0,0,0,0,0,0
340032,2,1,1999,0,0,0,0,0,0,0,0,0,0
340033,1,1,1999,0,0,0,0,0,0,0,0,0,0
340033,2,1,1999,0,0,0,0,0,0,0,0,0,0
340034,1,1,1999,0,0,0,0,0,0,0,0,0,0