ST_CASE,VEH_NO,PER_NO,YEAR,P1,P2,P3,P4,P5,P6,P7,P8,P9,P10
340035,1,1,1999,19,19,19,19,19,19,19,19,19,19
340036,1,1,1999,18,18,18,18,18,18,18,18,18,18
340037,0,1,1999,0,0,0,0,0,0,0,0,0,0
340037,1,1,1999,0,0,0,0,0,0,0,0,0,0
340038,1,1,1999,0,0,0,0,0,0,0,0,0,0
340038,2,1,1999,0,0,0,0,0,0,0,0,0,0
340038,3,1,1999,0,0,0,0,0,0,0,0,0,0
340038,4,1,1999,0,0,0,0,0,6,0,0,0,0
340039,1,1,1999,0,0,0,0,0,0,0,0,0,0
340039,2,1,1999,0,0,0,11,0,3,24,18,0,0
340040,1,1,1999,0,0,0,0,0,0,0,0,0,0
340041,1,1,1999,0,0,0,0,0,0,0,0,0,0
340041,2,1,1999,0,0,0,0,0,0,0,0,0,0
340041,3,1,1999,0,0,0,0,0,17,0,0,0,0
340042,1,1,1999,0,0,0,0,0,12,0,0,0,0
340043,1,1,1999,0,0,0,0,0,0,0,0,0,0
340043,2,1,1999,0,0,0,0,0,0,0,0,0,0
340044,0,1,1999,20,20,20,20,20,20,20,20,20,20
340044,1,1,1999,0,0,0,0,0,0,0,0,0,0
340045,1,1,1999,0,0,0,0,0,0,0,0,0,0
340046,1,1,1999,0,0,0,0,0,0,0,0,0,0
340047,1,1,1999,0,0,0,0,0,0,0,0,0,0
340048,1,1,1999,0,0,0,0,0,0,0,0,0,0
340049,1,1,1999,0,0,0,0,0,0,0,0,0,0
340049,2,1,1999,0,0,0,0,0,0,0,0,0,0
340050,0,1,1999,11,11,11,11,11,11,11,11,11,11
340050,1,1,1999,0,0,0,0,0,0,0,0,0,0
340051,1,1,1999,0,0,0,0,0,0,0,0,0,0
340051,2,1,1999,0,0,0,0,0,0,0,0,0,0
340052,0,1,1999,0,0,0,10,0,10,0,29,18,31
340052,1,1,1999,0,0,0,0,4,0,0,0,0,0
340053,0,1,1999,14,14,14,14,14,14,14,14,14,14
340053,1,1,1999,0,0,0,0,0,0,0,0,0,0
340053,2,1,1999,0,0,0,0,0,0,0,0,0,0
340054,1,1,1999,0,0,0,0,0,0,0,0,0,0
340054,2,1,1999,3,3,3,3,3,3,3,3,3,3
340055,1,1,1999,0,0,0,0,0,0,0,0,0,0
340056,1,1,1999,0,0,0,0,0,0,0,0,0,0
340057,1,1,1999,21,21,21,21,21,21,21,21,21,21
340058,1,1,1999,13,13,13,13,13,13,13,13,13,13
340058,2,1,1999,0,0,0,0,0,0,0,0,0,0
340059,0,1,1999,0,0,0,0,0,0,0,0,0,0
340059,1,1,1999,0,0,0,0,0,0,0,0,0,0
340060,0,1,1999,26,26,26,26,26,26,26,26,26,26
340060,1,1,1999,0,0,0,0,0,0,0,0,0,0
340061,1,1,1999,0,0,0,0,0,0,0,0,0,0
340062,1,1,1999,0,0,0,0,0,0,0,0,0,0
340062,2,1,1999,0,0,0,0,0,0,0,0,0,0
340063,1,1,1999,0,0,0,0,0,0,0,0,0,0
340063,2,1,1999,0,0,0,0,0,0,0,0,0,0
340064,0,1,1999,20,20,20,20,20,20,20,20,20,20
340064,1,1,1999,0,0,0,0,0,0,0,0,0,0
340065,1,1,1999,0,0,0,0,0,0,0,0,0,0
340065,2,1,1999,0,0,0,0,0,0,0,0,0,0
340066,1,1,1999,0,0,0,0,0,0,0,0,0,0
340067,1,1,1999,0,0,0,0,0,0,0,0,0,0
340067,2,1,1999,25,25,25,25,25,25,25,25,25,25
340068,1,1,1999,18,18,18,18,18,18,18,18,18,18
340069,0,1,1999,17,17,17,17,17,17,17,17,17,17
340069,1,1,1999,0,0,0,0,0,0,0,0,24,0
340070,1,1,1999,0,0,0,0,0,0,0,0,0,0
340071,1,1,1999,0,0,0,0,0,17,0,0,0,0
340071,2,1,1999,0,0,0,0,0,0,0,0,0,0
340072,1,1,1999,0,0,0,0,8,0,0,0,0,0
340072,2,1,1999,0,0,0,0,0,0,4,0,0,0
340073,1,1,1999,4,4,4,4,4,4,4,4,4,4
340074,1,1,1999,0,0,0,0,0,0,0,0,0,0
340075,0,1,1999,0,0,0,0,0,0,0,0,0,0
340075,1,1,1999,14,11,0,8,0,0,0,0,19,0
340076,1,1,1999,0,0,0,0,0,0,0,0,0,0
340077,1,1,1999,0,0,20,0,0,0,0,0,0,0
340077,2,1,1999,0,0,0,0,0,0,0,0,0,0
340079,1,1,1999,12,0,0,0,0,0,0,0,0,0
340079,2,1,1999,0,0,0,0,0,10,6,0,0,0
340080,1,1,1999,6,0,0,0,0,0,0,0,0,0
340080,2,1,1999,0,0,0,0,0,25,0,0,25,0
340081,1,1,1999,0,0,0,0,0,0,0,0,0,34
340081,2,1,1999,0,0,0,0,0,0,0,0,0,0
340082,1,1,1999,0,0,0,0,0,0,0,0,0,0
340082,2,1,1999,0,0,0,0,0,0,0,0,0,0
340082,3,1,1999,0,0,0,0,0,0,0,0,0,0
340083,1,1,1999,0,0,0,0,0,0,0,0,0,16
340084,1,1,1999,0,0,0,0,0,0,0,0,0,0
340084,2,1,1999,0,0,0,0,0,0,0,0,0,0
340084,3,1,1999,0,0,0,0,0,0,0,0,0,0
340085,1,1,1999,0,0,0,0,0,0,0,0,0,0
340085,2,1,1999,0,0,0,0,0,0,0,0,0,0
340085,3,1,1999,0,0,0,0,0,0,0,0,0,0
340087,1,1,1999,0,0,0,0,0,0,0,0,0,0
340088,1,1,1999,0,0,0,0,0,0,0,0,0,0
340088,2,1,1999,0,0,0,0,0,0,0,0,0,0
340088,3,1,1999,0,0,0,13,0,0,8,12,0,0
340088,4,1,1999,17,0,9,7,13,11,0,8,14,0
340089,1,1,1999,13,13,13,13,13,13,13,13,13,13
340090,1,1,1999,14,14,14,14,14,14,14,14,14,14
340091,1,1,1999,32,32,32,32,32,32,32,32,32,32
340091,2,1,1999,0,0,0,11,0,18,0,0,0,0
340094,1,1,1999,9,9,9,9,9,9,9,9,9,9
340096,1,1,1999,16,16,16,16,16,16,16,16,16,16
340098,0,1,1999,0,0,0,0,0,0,0,0,0,0
340098,1,1,1999,0,0,0,0,0,0,0,0,0,0
340099,0,1,1999,24,24,24,24,24,24,24,24,24,24
340099,1,1,1999,0,0,0,0,0,0,0,0,0,0
340100,1,1,1999,0,0,0,0,0,0,0,0,0,0
340101,1,1,1999,0,0,27,0,18,10,14,11,0,0
340102,0,1,1999,0,0,0,0,0,0,0,0,0,0
340102,1,1,1999,13,13,13,13,13,13,13,13,13,13
340103,1,1,1999,0,0,0,0,0,0,0,0,0,0
340103,2,1,1999,21,0,0,0,0,0,0,0,0,0
340104,0,1,1999,0,0,0,0,0,0,0,0,0,0
340104,0,2,1999,0,0,0,0,0,0,0,0,0,0
340104,1,1,1999,0,0,0,0,0,15,0,0,0,14
340104,2,1,1999,0,0,0,0,0,0,0,0,0,0
340105,1,1,1999,0,0,0,0,0,0,0,0,0,0
340105,2,1,1999,0,0,0,0,0,0,0,0,4,0
340106,1,1,1999,0,0,0,0,0,0,0,0,0,0
340106,2,1,1999,0,0,0,0,0,0,0,0,0,0
340106,3,1,1999,0,0,0,0,0,0,0,0,0,0
340106,4,1,1999,0,0,0,23,0,0,0,0,0,0
340107,1,1,1999,0,0,0,0,0,0,0,0,0,0
340107,2,1,1999,0,0,0,0,0,0,0,0,0,0
340108,1,1,1999,0,0,0,0,0,0,0,0,0,0
340108,2,1,1999,0,0,0,0,0,0,0,0,0,0
340109,0,1,1999,0,0,0,0,0,0,0,0,0,0
340109,1,1,1999,0,7,0,7,13,20,0,7,8,27
340110,1,1,1999,0,0,0,0,0,0,0,0,0,0
340110,2,1,1999,0,0,0,0,0,0,0,0,0,0
340111,1,1,1999,0,0,0,0,0,0,0,0,0,0
340111,2,1,1999,0,0,0,0,0,0,0,0,0,0
340112,1,1,1999,0,0,0,0,0,0,0,0,0,0
340112,2,1,1999,0,0,0,0,0,0,0,0,0,0
340113,1,1,1999,0,0,0,0,0,0,0,0,0,0
340114,1,1,1999,0,0,0,0,0,0,0,0,0,0
340114,2,1,1999,0,18,8,0,0,19,0,17,0,11
340114,3,1,1999,0,0,0,11,0,0,0,0,0,0
340115,1,1,1999,0,0,0,0,0,0,0,0,0,0
340115,2,1,1999,0,0,0,0,0,0,0,0,0,0
340116,1,1,1999,0,0,0,0,0,0,0,0,0,0
340116,2,1,1999,0,0,0,0,0,0,0,0,0,0
340117,1,1,1999,0,0,0,0,0,0,0,0,0,0
340117,2,1,1999,0,0,0,0,0,0,0,0,0,0
340118,1,1,1999,0,0,0,0,0,0,0,0,0,0
340118,2,1,1999,0,0,0,0,0,0,0,0,22,0
340119,1,1,1999,26,0,0,0,0,10,0,19,5,0
340120,1,1,1999,0,0,0,0,0,0,0,0,0,0
340120,2,1,1999,0,0,16,14,12,24,15,11,6,0
340121,1,1,1999,0,0,0,0,0,0,0,0,0,0
340121,2,1,1999,0,0,0,0,0,0,0,0,0,0
340122,1,1,1999,13,13,13,13,13,13,13,13,13,13
340123,1,1,1999,0,0,0,0,0,0,0,0,0,0
340123,2,1,1999,0,0,0,0,0,0,0,0,0,0
340124,0,1,1999,0,0,0,0,0,0,0,0,0,0
340125,1,1,1999,8,0,0,8,27,0,0,0,0,17
340126,1,1,1999,0,0,0,0,24,0,0,0,18,23
340127,0,1,1999,0,0,0,0,0,0,0,0,0,0
340127,1,1,1999,0,0,8,0,0,0,0,0,0,0
340128,1,1,1999,0,0,0,0,0,0,0,0,0,0
340128,2,1,1999,0,0,0,0,0,0,0,0,0,0
340129,1,1,1999,26,26,26,26,26,26,26,26,26,26
340129,2,1,1999,0,0,0,0,0,0,0,0,21,0
340130,1,1,1999,17,17,17,17,17,17,17,17,17,17
340130,2,1,1999,0,14,0,0,0,0,12,0,13,0
340131,1,1,1999,0,6,0,0,0,0,0,0,0,12
340131,2,1,1999,15,0,0,14,0,0,0,0,0,0
340133,0,1,1999,21,21,21,21,21,21,21,21,21,21
340133,1,1,1999,0,0,37,0,26,15,0,0,11,14
340134,1,1,1999,4,0,0,0,0,0,0,0,0,0
340134,2,1,1999,0,0,0,0,0,0,0,0,0,0
340135,1,1,1999,0,0,0,0,0,0,0,0,0,0
340135,2,1,1999,2,2,2,2,2,2,2,2,2,2
340136,1,1,1999,19,19,19,19,19,19,19,19,19,19
340136,2,1,1999,0,0,0,0,0,0,0,0,0,0
340136,3,1,1999,0,0,0,0,0,0,13,0,0,0
340137,1,1,1999,23,0,0,0,0,0,0,12,0,0
340138,1,1,1999,29,29,29,29,29,29,29,29,29,29
340138,2,1,1999,0,0,0,0,0,0,0,0,0,0
340139,1,1,1999,0,0,0,0,0,0,0,0,0,0
340140,0,1,1999,0,0,35,15,0,0,30,17,20,0
340140,1,1,1999,0,0,0,0,0,0,0,0,22,0
340141,1,1,1999,0,0,0,0,0,8,0,0,0,29
340142,1,1,1999,26,26,26,26,26,26,26,26,26,26
340143,1,1,1999,9,9,9,9,9,9,9,9,9,9
340144,1,1,1999,0,0,0,0,0,0,0,0,0,0
340144,2,1,1999,0,0,0,0,0,0,0,0,0,0
340144,3,1,1999,0,0,0,0,0,0,0,0,0,0
340145,1,1,1999,0,0,0,0,0,0,0,0,0,0
340145,2,1,1999,28,28,28,28,28,28,28,28,28,28
340146,1,1,1999,0,0,0,0,0,0,0,0,0,0
340147,0,1,1999,0,0,0,0,0,0,0,0,0,0
340147,0,2,1999,0,0,22,37,0,24,0,48,31,23
340147,0,3,1999,0,0,28,0,22,0,15,0,0,0
340147,1,1,1999,0,0,0,0,0,0,0,0,0,16
340147,2,1,1999,12,0,0,14,0,0,0,0,0,0
340148,1,1,1999,0,0,0,0,0,0,0,0,0,0
340148,2,1,1999,0,0,0,0,0,0,0,0,0,0
340150,1,1,1999,0,0,0,0,0,0,0,0,0,0
340151,1,1,1999,0,0,0,0,0,0,0,0,0,0
340153,1,1,1999,13,13,13,13,13,13,13,13,13,13
340159,1,1,1999,0,0,0,0,0,0,0,0,0,0
340159,2,1,1999,0,0,13,0,0,0,0,0,0,0
340159,3,1,1999,0,0,0,0,0,0,0,0,0,0
340160,1,1,1999,0,0,0,0,0,0,0,0,0,0
340160,2,1,1999,0,0,0,11,0,0,0,0,0,0
340161,1,1,1999,0,0,0,0,0,0,0,0,0,0
340161,2,1,1999,0,0,0,0,0,0,0,0,0,0
340162,0,1,1999,1,1,1,1,1,1,1,1,1,1
340162,1,1,1999,0,0,0,0,0,0,0,0,0,0
340162,6,1,1999,0,0,0,0,0,0,0,0,0,0
340163,0,1,1999,17,14,0,0,0,0,13,0,13,0
340163,1,1,1999,28,0,0,0,0,0,13,0,0,0
340164,1,1,1999,0,0,0,0,0,0,0,0,0,0
340164,2,1,1999,0,0,0,0,0,0,0,0,0,0
340165,0,1,1999,0,0,0,0,0,0,0,0,0,0
340165,1,1,1999,0,0,4,0,0,0,0,15,0,0
340166,1,1,1999,24,24,24,24,24,24,24,24,24,24
340167,1,1,1999,25,25,25,25,25,25,25,25,25,25
340168,0,1,1999,0,0,0,28,0,4,0,0,0,30
340168,1,1,1999,0,0,0,0,0,0,0,0,0,0
340169,1,1,1999,37,0,7,23,22,35,19,13,14,22
340170,1,1,1999,6,6,6,6,6,6,6,6,6,6
340171,0,1,1999,16,37,12,23,0,0,0,0,15,15
340171,1,1,1999,0,0,0,0,0,10,0,0,0,0
340172,0,1,1999,10,10,10,10,10,10,10,10,10,10
340172,1,1,1999,0,0,0,0,0,0,0,0,0,0
340173,1,1,1999,17,17,17,17,17,17,17,17,17,17
340173,2,1,1999,0,0,0,0,0,0,0,0,0,0
340174,1,1,1999,0,0,0,0,0,0,0,0,0,0
340174,2,1,1999,15,15,15,15,15,15,15,15,15,15
340175,0,1,1999,0,0,0,0,0,0,0,0,0,0
340175,1,1,1999,8,8,8,8,8,8,8,8,8,8
340176,1,1,1999,0,0,0,0,0,0,0,0,0,0
340177,1,1,1999,0,0,0,0,0,0,0,0,0,0
340177,2,1,1999,0,0,0,0,7,0,0,0,0,0
340178,1,1,1999,0,0,0,0,0,0,0,0,0,0
340178,2,1,1999,0,0,0,0,0,0,0,0,0,0
340179,1,1,1999,23,23,23,23,23,23,23,23,23,23
340180,1,1,1999,0,6,0,0,0,0,0,3,0,0
340181,1,1,1999,0,0,0,0,0,7,0,0,0,13
340182,1,1,1999,5,5,5,5,5,5,5,5,5,5
340183,1,1,1999,0,0,0,0,0,0,0,0,0,0
340183,2,1,1999,0,0,0,0,0,0,0,0,0,0
340184,1,1,1999,0,0,0,0,0,0,0,0,0,0
340185,0,1,1999,0,0,23,17,12,0,15,0,23,0
340185,1,1,1999,0,0,10,0,0,10,0,0,11,5
340186,0,1,1999,0,0,0,0,0,0,0,0,0,0
340186,1,1,1999,0,0,0,0,0,0,0,0,0,10
340188,1,1,1999,30,30,30,30,30,30,30,30,30,30
340189,1,1,1999,21,21,21,21,21,21,21,21,21,21
340190,1,1,1999,6,6,6,6,6,6,6,6,6,6
340190,2,1,1999,0,0,0,0,0,0,0,0,0,0
340191,0,1,1999,0,0,0,0,0,0,0,0,0,0
340191,1,1,1999,0,0,0,0,0,0,0,0,0,0
340192,1,1,1999,0,0,0,0,0,0,0,0,0,0
340192,2,1,1999,0,0,0,0,0,0,0,0,0,0
340193,0,1,1999,0,0,0,0,0,0,0,0,0,0
340193,0,2,1999,0,0,0,0,0,0,0,0,0,0
340193,1,1,1999,0,0,0,0,0,0,0,0,0,0
340194,1,1,1999,0,0,0,0,0,0,0,0,0,0
340194,2,1,1999,0,0,0,0,0,0,0,0,0,0
340195,1,1,1999,0,9,0,17,0,0,21,9,0,0
340195,2,1,1999,16,16,16,16,16,16,16,16,16,16
340196,1,1,1999,0,0,0,0,0,0,0,0,0,14
340196,2,1,1999,0,0,0,0,0,0,0,0,0,0
340197,1,1,1999,0,0,0,0,0,0,0,0,10,0
340198,0,1,1999,0,0,0,0,0,0,0,0,0,0
340198,1,1,1999,0,0,0,0,0,0,0,0,0,0
340199,0,1,1999,24,42,9,14,0,0,14,29,0,13
340199,1,1,1999,0,0,0,0,0,0,0,22,0,0
340200,1,1,1999,0,5,0,0,0,0,0,14,8,14
340201,1,1,1999,8,8,8,8,8,8,8,8,8,8
340202,1,1,1999,21,21,21,21,21,21,21,21,21,21
340202,2,1,1999,0,0,0,0,10,15,0,6,0,0
340203,1,1,1999,0,0,0,0,17,7,0,12,0,0
340204,0,1,1999,0,0,0,11,28,0,0,0,0,0
340204,1,1,1999,0,0,16,0,0,0,0,0,0,0
340205,1,1,1999,0,0,0,0,0,0,0,0,0,0
340205,2,1,1999,3,3,3,3,3,3,3,3,3,3
340206,1,1,1999,0,0,0,0,0,0,0,0,0,0
340207,1,1,1999,0,0,0,0,0,0,0,0,0,0
340207,2,1,1999,0,0,0,0,0,0,0,0,0,0
340208,0,1,1999,23,23,23,23,23,23,23,23,23,23
340208,1,1,1999,0,5,0,9,0,5,13,0,10,0
340209,1,1,1999,18,18,18,18,18,18,18,18,18,18
340210,1,1,1999,0,0,0,0,0,0,0,0,0,0
340210,2,1,1999,0,0,0,0,0,0,0,0,0,0
340211,1,1,1999,0,0,0,0,0,0,0,0,0,0
340212,0,1,1999,0,0,0,0,0,0,0,0,0,0
340212,1,1,1999,0,0,0,0,0,0,0,0,0,0
340213,0,2,1999,23,23,23,23,23,23,23,23,23,23
340213,1,1,1999,18,18,18,18,18,18,18,18,18,18
340214,1,1,1999,0,0,0,0,0,0,0,0,0,0
340215,1,1,1999,0,0,0,0,0,0,0,0,0,0
340215,2,1,1999,0,0,0,0,0,0,0,0,0,0
340216,1,1,1999,0,0,0,0,0,0,0,0,0,0
340217,0,1,1999,0,0,0,0,0,0,0,0,0,0
340217,1,1,1999,0,0,0,0,0,0,0,0,0,0
340217,2,1,1999,0,0,0,0,0,0,0,0,0,0
340218,1,1,1999,0,0,0,0,0,0,0,0,0,0
340218,2,1,1999,0,0,0,0,0,0,0,0,0,0
340219,0,1,1999,0,0,0,0,0,0,0,0,0,0
340219,1,1,1999,14,0,0,0,0,4,0,0,0,0
340220,1,1,1999,0,0,0,0,0,0,0,0,0,0
340221,1,1,1999,8,8,8,8,8,8,8,8,8,8
340222,1,1,1999,0,0,0,0,0,0,0,0,0,0
340222,2,1,1999,0,0,0,0,0,0,0,0,0,0
340222,3,1,1999,0,0,0,0,0,0,0,0,0,15
340223,1,1,1999,0,0,0,0,0,0,0,0,0,0
340223,2,1,1999,25,25,25,25,25,25,25,25,25,25
340224,1,1,1999,0,23,12,3,0,13,0,16,11,19
340224,2,1,1999,16,16,16,16,16,16,16,16,16,16
340228,0,1,1999,0,0,0,0,0,0,0,0,0,0
340228,1,1,1999,0,0,0,21,0,0,0,0,0,0
340230,1,1,1999,0,0,0,0,0,0,0,0,0,0
340231,1,1,1999,36,36,36,36,36,36,36,36,36,36
340233,1,1,1999,0,0,0,0,0,0,0,0,0,0
340233,2,1,1999,10,0,0,0,0,0,0,0,0,0
340234,1,1,1999,0,0,0,0,0,0,0,0,0,0
340234,2,1,1999,3,3,3,3,3,3,3,3,3,3
340236,0,1,1999,0,0,0,0,0,0,0,0,0,0
340236,1,1,1999,0,0,0,0,0,0,0,0,0,0
340237,0,1,1999,0,0,0,0,0,0,0,0,0,0
340237,1,1,1999,9,0,0,0,0,0,3,0,0,0
340241,1,1,1999,0,0,0,0,0,0,0,0,0,0
340241,2,1,1999,24,0,0,0,0,5,0,0,12,0
340242,0,1,1999,33,33,33,33,33,33,33,33,33,33
340242,1,1,1999,15,11,14,0,0,0,0,0,13,0
340243,0,1,1999,0,0,0,0,0,0,0,0,0,0
340243,1,1,1999,4,4,4,4,4,4,4,4,4,4
340244,1,1,1999,25,25,25,25,25,25,25,25,25,25
340245,1,1,1999,0,0,0,0,0,0,0,0,0,0
340245,2,1,1999,0,0,0,0,0,0,0,0,0,0
340246,1,1,1999,0,0,0,0,0,0,0,0,0,0
340246,2,1,1999,0,0,0,0,0,0,0,0,0,0
340247,1,1,1999,0,0,1,0,0,0,0,0,0,0
340247,2,1,1999,0,0,0,0,0,0,0,0,0,0
340248,1,1,1999,0,16,0,14,0,0,0,0,0,11
340248,2,1,1999,0,0,0,0,0,0,0,0,16,0
340248,3,1,1999,12,12,12,12,12,12,12,12,12,12
340249,0,1,1999,0,0,0,0,0,0,0,0,0,0
340249,1,1,1999,1,1,1,1,1,1,1,1,1,1
340250,0,1,1999,0,0,0,0,0,0,0,0,0,0
340250,1,1,1999,0,0,0,0,0,0,0,0,0,0
340251,0,1,1999,0,0,0,3,0,14,0,0,0,0
340251,0,2,1999,7,13,0,41,21,25,0,13,0,0
340251,1,1,1999,0,0,18,0,0,0,0,0,0,0
340252,1,1,1999,20,20,20,20,20,20,20,20,20,20
340253,1,1,1999,0,0,0,0,0,0,0,0,0,0
340253,2,1,1999,0,0,0,14,15,0,0,0,26,0
340254,0,1,1999,0,0,0,0,0,0,0,0,0,0
340254,1,1,1999,0,0,0,0,0,0,0,0,0,0
340255,1,1,1999,0,0,0,0,0,0,0,0,0,0
340255,2,1,1999,0,0,0,0,0,0,0,0,0,0
340256,1,1,1999,5,17,20,17,22,18,18,0,21,17
340257,1,1,1999,0,0,0,0,0,0,0,0,0,0
340257,2,1,1999,0,0,0,0,0,0,0,0,0,0
340258,1,1,1999,23,23,23,23,23,23,23,23,23,23
340258,2,1,1999,0,0,0,0,0,0,0,0,0,0
340259,1,1,1999,0,0,0,0,0,0,0,0,0,0
340260,1,1,1999,0,0,0,0,0,0,0,0,0,0
340261,1,1,1999,0,0,0,0,0,0,0,0,0,0
340262,1,1,1999,0,0,0,0,0,0,0,0,0,0
340262,2,1,1999,0,0,0,0,0,0,0,0,0,0
340263,1,1,1999,0,0,0,0,0,0,0,0,0,0
340263,2,1,1999,0,0,0,0,0,0,0,0,0,0
340264,1,1,1999,5,5,5,5,5,5,5,5,5,5
340264,2,1,1999,0,0,0,0,0,0,0,0,0,0
340265,1,1,1999,0,0,0,0,0,0,0,0,0,0
340265,2,1,1999,0,0,0,0,0,0,0,14,0,0
340265,3,1,1999,0,0,0,0,0,0,0,0,0,0
340266,1,1,1999,0,0,0,0,0,0,0,0,0,0
340266,2,1,1999,0,0,0,0,0,0,0,0,0,0
340267,0,1,1999,0,0,0,0,0,0,0,0,14,0
340267,1,1,1999,0,0,0,0,0,0,0,0,0,0
340268,1,1,1999,11,11,11,11,11,11,11,11,11,11
340269,1,1,1999,0,12,0,0,0,0,0,0,0,0
340270,1,1,1999,0,0,0,0,0,0,0,0,0,0
340271,1,1,1999,0,0,0,0,0,0,0,0,0,0
340271,2,1,1999,0,0,0,0,0,0,0,0,0,0
340272,1,1,1999,0,0,0,0,0,0,0,0,0,6
340272,2,1,1999,0,0,0,0,0,0,0,0,0,0
340273,1,1,1999,0,0,0,0,0,0,0,0,0,0
340273,2,1,1999,0,0,0,0,0,0,0,0,0,0
340274,0,1,1999,0,0,16,0,0,0,0,14,0,0
340274,1,1,1999,0,0,0,0,0,0,0,0,0,0
340275,0,1,1999,16,16,16,16,16,16,16,16,16,16
340275,1,1,1999,0,0,0,0,25,14,13,0,0,0
340276,1,1,1999,0,0,0,0,0,0,0,0,0,0
340277,0,1,1999,0,0,0,0,0,0,0,0,0,0
340277,1,1,1999,0,0,0,0,0,0,0,0,0,0
340277,2,1,1999,0,0,0,0,0,0,0,0,0,0
340279,0,1,1999,0,0,0,0,0,0,0,0,0,0
340279,1,1,1999,0,0,14,0,0,0,0,0,0,0
340280,0,1,1999,0,0,0,0,0,0,0,0,0,0
340280,1,1,1999,0,0,0,0,0,0,0,0,0,0
340281,1,1,1999,0,0,0,0,0,0,0,0,0,0
340281,2,1,1999,0,0,0,0,0,0,0,0,0,0
340282,1,1,1999,0,0,0,0,0,0,0,0,0,0
340282,2,1,1999,18,18,18,18,18,18,18,18,18,18
340283,0,1,1999,0,0,0,0,0,0,0,0,0,0
340283,1,1,1999,0,0,0,0,0,0,0,0,0,0
340284,0,1,1999,0,0,0,0,0,0,0,0,0,0
340284,1,1,1999,0,0,0,0,0,0,0,0,0,0
340285,0,1,1999,0,0,0,0,0,0,0,0,0,0
340285,1,1,1999,0,0,0,0,0,0,0,0,0,0
340286,0,1,1999,15,13,20,13,11,0,0,0,0,13
340286,0,2,1999,4,4,4,4,4,4,4,4,4,4
340286,1,1,1999,0,0,0,19,0,18,22,17,0,19
340287,1,1,1999,0,0,0,0,0,0,0,0,0,0
340288,1,1,1999,0,0,0,0,0,0,0,0,0,0
340290,0,1,1999,0,0,0,0,0,0,0,0,0,0
340290,1,1,1999,0,0,0,0,0,0,0,0,0,0
340291,1,1,1999,0,0,0,0,0,0,0,0,0,0
340291,2,1,1999,0,0,0,0,0,0,0,0,0,0
340292,1,1,1999,0,0,0,0,0,0,0,0,0,0
340292,2,1,1999,0,0,0,25,0,20,0,9,13,0
340293,1,1,1999,0,0,0,0,0,0,0,0,0,0
340294,0,1,1999,0,0,0,0,0,0,0,0,0,0
340294,1,1,1999,0,0,0,0,0,0,0,0,0,0
340295,1,1,1999,0,0,0,0,0,0,0,0,0,0
340296,1,1,1999,19,19,19,19,19,19,19,19,19,19
340297,1,1,1999,0,0,0,0,0,0,0,0,0,0
340298,0,1,1999,0,0,0,0,0,0,0,0,0,0
340298,1,1,1999,0,0,0,0,0,0,0,0,0,0
340299,0,1,1999,18,18,18,18,18,18,18,18,18,18
340299,1,1,1999,0,0,0,0,0,0,0,0,0,0
340299,2,1,1999,0,0,0,0,0,0,0,0,0,0
340299,3,1,1999,0,0,22,0,3,0,0,0,0,0
340300,1,1,1999,0,0,0,0,0,0,3,7,0,0
340300,2,1,1999,0,0,0,0,0,0,0,0,0,0
340301,1,1,1999,0,0,0,0,0,0,0,0,0,0
340302,0,1,1999,0,0,0,0,0,0,0,0,0,0
340302,1,1,1999,0,0,0,0,0,0,0,0,0,0
340302,2,1,1999,7,7,7,7,7,7,7,7,7,7
340303,1,1,1999,0,0,0,0,15,0,0,0,0,0
340303,2,1,1999,0,0,0,0,0,0,0,0,0,0
340304,1,1,1999,0,0,0,0,0,0,0,0,0,0
340305,1,1,1999,0,0,0,0,0,0,0,0,0,0
340306,1,1,1999,0,0,0,0,0,0,0,0,0,0
340306,2,1,1999,0,0,0,0,0,0,0,0,0,0
340307,1,1,1999,20,20,20,20,20,20,20,20,20,20
340308,0,1,1999,0,0,0,0,0,0,0,0,0,0
340308,1,1,1999,11,0,0,0,0,0,0,0,0,0
340309,1,1,1999,0,0,0,0,0,0,0,0,0,0
340309,2,1,1999,0,0,0,0,0,0,0,0,0,0
340310,1,1,1999,0,0,0,0,0,0,0,0,0,0
340310,2,1,1999,0,0,0,0,0,0,0,0,0,0
340311,0,1,1999,0,0,0,0,0,0,0,0,0,0
340311,1,1,1999,0,0,0,0,0,0,0,0,0,0
340312,1,1,1999,0,0,0,10,16,0,0,10,0,0
340312,2,1,1999,0,0,0,0,0,11,0,0,0,0
340313,1,1,1999,19,0,0,0,0,20,0,0,0,0
340314,0,1,1999,0,0,0,0,0,0,0,0,0,0
340314,1,1,1999,0,0,0,0,0,0,0,0,0,0
340315,1,1,1999,22,22,22,22,22,22,22,22,22,22
340316,1,1,1999,0,0,0,0,0,0,0,0,0,0
340316,2,1,1999,0,0,0,0,0,0,0,0,0,0
340317,1,1,1999,6,12,8,18,10,0,7,0,19,15
340318,0,1,1999,0,0,0,0,0,0,0,0,0,0
340318,1,1,1999,0,0,0,0,0,0,0,0,0,0
340319,1,1,1999,0,0,0,0,0,0,0,0,0,0
340320,1,1,1999,0,0,0,0,0,0,0,0,0,0
340320,2,1,1999,8,8,8,8,8,8,8,8,8,8
340321,1,1,1999,0,0,0,0,0,0,0,0,0,0
340322,1,1,1999,0,9,0,0,0,0,0,12,0,18
340322,2,1,1999,0,0,0,0,0,0,0,0,0,0