ST_CASE,VEH_NO,PER_NO,YEAR,P1,P2,P3,P4,P5,P6,P7,P8,P9,P10
340323,1,1,1999,0,0,0,0,0,0,0,0,0,0
340324,1,1,1999,0,0,17,0,0,0,0,0,0,0
340324,2,1,1999,0,0,0,0,0,0,0,0,0,0
340325,1,1,1999,14,14,14,14,14,14,14,14,14,14
340326,1,1,1999,0,0,0,0,0,0,0,0,0,0
340326,2,1,1999,0,0,0,0,0,0,0,0,0,0
340327,1,1,1999,0,0,0,0,0,0,0,0,0,0
340328,1,1,1999,0,0,0,0,0,0,0,0,0,0
340328,2,1,1999,0,0,0,0,0,0,0,0,0,0
340329,1,1,1999,0,0,0,0,0,0,0,0,0,0
340330,1,1,1999,2,2,2,2,2,2,2,2,2,2
340331,1,1,1999,0,0,0,0,0,0,0,0,0,0
340331,2,1,1999,16,16,16,16,16,16,16,16,16,16
340332,1,1,1999,0,0,6,0,0,13,19,0,28,15
340332,2,1,1999,0,0,0,0,0,0,0,0,0,0
340333,1,1,1999,0,0,0,0,0,0,0,0,0,0
340333,2,1,1999,0,0,0,0,0,0,0,0,0,0
340334,0,1,1999,0,0,0,0,0,0,0,0,0,0
340334,1,1,1999,0,0,0,0,0,0,0,0,0,0
340335,1,1,1999,10,10,10,10,10,10,10,10,10,10
340336,1,1,1999,0,0,0,0,0,0,0,0,0,0
340336,2,1,1999,9,9,9,9,9,9,9,9,9,9
340337,1,1,1999,3,9,0,0,27,0,0,8,0,0
340337,2,1,1999,15,12,10,24,25,9,11,8,0,0
340337,3,1,1999,0,0,0,0,0,0,0,0,0,0
340338,1,1,1999,0,0,0,0,0,0,0,0,0,0
340338,2,1,1999,0,0,0,17,0,0,0,0,0,0
340339,1,1,1999,0,7,0,10,0,0,12,10,0,0
340339,2,1,1999,0,0,0,0,0,9,0,0,0,0
340340,1,1,1999,0,0,0,0,0,0,0,0,0,0
340341,0,1,1999,1,1,1,1,1,1,1,1,1,1
340341,1,1,1999,0,0,0,0,0,0,0,0,0,0
340342,0,1,1999,0,0,0,0,0,0,0,0,0,0
340342,1,1,1999,0,0,0,0,0,0,0,0,0,0
340343,1,1,1999,4,16,0,12,0,0,0,0,0,0
340343,2,1,1999,0,0,0,0,0,0,0,0,0,0
340344,0,1,1999,11,11,11,11,11,11,11,11,11,11
340344,1,1,1999,0,0,0,0,0,0,0,0,0,0
340346,1,1,1999,3,3,3,3,3,3,3,3,3,3
340347,0,1,1999,8,8,8,8,8,8,8,8,8,8
340347,1,1,1999,20,0,24,0,0,0,26,0,0,0
340349,0,1,1999,16,0,0,0,0,31,14,0,14,0
340349,0,2,1999,13,27,32,0,0,20,16,0,0,10
340349,1,1,1999,13,13,13,13,13,13,13,13,13,13
340350,1,1,1999,10,0,0,0,0,0,0,0,0,0
340350,2,1,1999,0,0,0,0,0,0,0,0,0,21
340350,3,1,1999,0,0,0,0,0,0,0,0,0,0
340350,4,1,1999,0,0,0,0,0,0,0,0,0,0
340351,1,1,1999,0,0,15,0,0,0,0,0,13,0
340351,2,1,1999,0,0,0,0,0,0,0,0,0,0
340351,3,1,1999,0,0,7,0,0,0,15,0,0,0
340352,1,1,1999,0,0,0,0,0,0,0,0,0,0
340352,2,1,1999,0,0,0,0,0,0,0,0,5,0
340353,1,1,1999,0,0,0,7,0,0,0,0,0,0
340353,2,1,1999,1,1,1,1,1,1,1,1,1,1
340353,3,1,1999,0,0,0,0,0,0,0,0,0,0
340354,1,1,1999,10,10,10,10,10,10,10,10,10,10
340355,1,1,1999,0,0,0,0,0,0,0,0,0,0
340355,2,1,1999,0,0,0,0,0,0,0,0,0,0
340356,0,1,1999,5,5,5,5,5,5,5,5,5,5
340356,1,1,1999,0,0,0,0,0,0,0,0,0,0
340357,1,1,1999,0,0,0,0,0,0,0,0,0,0
340357,2,1,1999,0,0,0,0,0,0,0,0,0,0
340358,1,1,1999,0,0,0,0,0,0,0,0,0,0
340358,2,1,1999,0,0,0,0,0,0,0,0,0,0
340358,3,1,1999,0,0,0,0,0,0,0,0,0,0
340359,1,1,1999,0,0,0,0,0,0,0,0,0,0
340360,0,1,1999,16,16,16,16,16,16,16,16,16,16
340360,1,1,1999,7,7,7,7,7,7,7,7,7,7
340361,1,1,1999,21,21,21,21,21,21,21,21,21,21
340362,0,1,1999,26,26,26,26,26,26,26,26,26,26
340362,1,1,1999,36,0,0,14,0,0,0,15,16,0
340363,1,1,1999,0,0,0,0,0,0,0,0,0,0
340363,2,1,1999,0,0,0,0,0,0,0,0,0,0
340363,3,1,1999,0,0,0,0,0,0,0,0,0,0
340364,1,1,1999,0,0,0,0,0,0,0,0,0,0
340365,1,1,1999,0,0,0,0,0,0,0,0,0,0
340365,2,1,1999,0,0,0,0,0,0,0,0,0,0
340366,1,1,1999,0,0,0,0,0,0,0,0,0,0
340366,2,1,1999,0,0,0,0,0,0,0,0,0,0
340367,1,1,1999,22,22,22,22,22,22,22,22,22,22
340368,1,1,1999,15,15,15,15,15,15,15,15,15,15
340369,0,1,1999,0,18,0,0,0,0,0,0,0,0
340369,1,1,1999,0,0,0,0,0,0,0,0,0,0
340370,1,1,1999,0,0,0,0,0,0,0,0,0,0
340371,1,1,1999,0,0,0,0,0,0,0,0,0,0
340371,2,1,1999,0,0,0,0,0,0,0,0,0,0
340372,1,1,1999,0,0,0,0,0,0,0,0,0,0
340373,1,1,1999,0,0,0,0,0,0,0,0,8,0
340373,2,1,1999,0,7,0,0,0,0,9,0,0,0
340373,3,1,1999,0,0,0,0,0,0,0,0,0,0
340374,1,1,1999,0,0,0,0,0,0,0,0,0,0
340374,2,1,1999,0,0,0,0,0,0,0,0,0,0
340375,0,1,1999,0,0,0,0,0,0,0,0,0,0
340375,1,1,1999,0,0,0,0,0,0,0,0,0,0
340376,0,1,1999,23,23,23,23,23,23,23,23,23,23
340376,1,1,1999,0,4,0,0,0,0,0,0,0,0
340377,0,1,1999,32,32,32,32,32,32,32,32,32,32
340377,1,1,1999,0,3,0,0,7,0,0,0,20,0
340378,1,1,1999,0,0,0,0,0,0,0,0,0,8
340378,2,1,1999,0,0,0,0,0,0,0,0,0,0
340379,1,1,1999,0,0,0,0,0,0,0,0,0,0
340380,1,1,1999,0,0,0,0,0,0,0,0,0,0
340380,2,1,1999,0,0,0,0,0,0,0,0,0,0
340381,1,1,1999,0,0,0,0,0,0,0,0,0,0
340381,2,1,1999,0,9,0,0,0,0,0,0,0,0
340382,1,1,1999,15,15,15,15,15,15,15,15,15,15
340383,1,1,1999,0,0,0,0,0,0,0,0,0,0
340383,2,1,1999,0,0,0,0,0,0,0,0,0,0
340384,1,1,1999,0,29,3,0,24,21,0,0,0,0
340385,1,1,1999,14,14,14,14,14,14,14,14,14,14
340386,0,1,1999,0,0,0,0,0,0,0,0,0,0
340386,1,1,1999,0,0,0,0,0,0,0,0,0,0
340387,1,1,1999,0,0,0,0,0,0,0,0,0,0
340388,1,1,1999,0,0,0,0,0,0,0,0,0,0
340388,2,1,1999,0,0,0,0,0,0,0,0,0,0
340389,1,1,1999,0,0,0,0,15,0,6,11,0,17
340389,2,1,1999,19,17,11,17,0,0,0,10,0,15
340390,1,1,1999,0,0,7,0,0,13,0,0,0,0
340390,2,1,1999,0,0,0,0,0,0,0,0,0,0
340391,1,1,1999,0,0,0,0,0,0,0,0,0,0
340392,0,1,1999,0,0,0,0,0,0,0,0,0,0
340392,1,1,1999,0,0,0,0,0,0,0,0,0,0
340393,1,1,1999,0,0,0,0,0,0,0,0,0,0
340393,2,1,1999,0,0,0,0,0,0,0,0,0,0
340394,1,1,1999,0,0,0,0,0,0,0,0,0,0
340394,2,1,1999,0,0,0,0,0,0,0,0,0,0
340395,1,2,1999,0,0,0,0,0,0,0,0,0,0
340396,1,1,1999,0,0,0,0,0,0,0,0,0,0
340396,2,1,1999,0,0,0,4,0,0,0,0,9,0
340397,1,1,1999,0,0,0,0,0,0,0,0,0,0
340397,2,1,1999,0,0,0,0,0,0,0,0,0,0
340398,1,1,1999,0,0,0,0,0,0,0,0,0,0
340398,2,1,1999,0,0,0,0,0,5,0,0,0,0
340399,1,1,1999,17,17,17,17,17,17,17,17,17,17
340399,2,1,1999,21,9,0,44,0,34,39,21,29,17
340400,1,1,1999,0,0,0,0,0,0,0,0,0,0
340401,1,1,1999,0,0,0,0,0,0,0,0,0,0
340402,1,1,1999,0,0,0,0,0,0,0,0,0,0
340403,1,1,1999,22,22,22,22,22,22,22,22,22,22
340404,1,1,1999,22,22,22,22,22,22,22,22,22,22
340405,1,1,1999,32,12,7,20,12,0,0,14,23,0
340405,2,1,1999,24,24,24,24,24,24,24,24,24,24
340406,1,1,1999,0,0,0,0,0,0,0,0,0,0
340406,2,1,1999,0,0,0,0,0,0,0,0,0,0
340407,0,1,1999,1,1,1,1,1,1,1,1,1,1
340407,1,1,1999,0,0,0,0,0,0,0,0,0,0
340408,0,1,1999,0,0,0,0,12,12,0,0,0,0
340408,1,1,1999,0,0,0,0,17,12,0,0,0,0
340409,0,1,1999,0,0,0,0,0,0,0,0,0,0
340409,1,1,1999,0,0,0,0,11,0,0,0,0,16
340410,1,1,1999,12,12,12,12,12,12,12,12,12,12
340410,2,1,1999,0,0,0,0,0,0,0,0,0,0
340411,1,1,1999,0,0,0,0,0,0,0,0,0,0
340411,2,1,1999,0,0,0,0,0,0,9,0,0,0
340411,3,1,1999,0,0,0,0,0,0,0,0,0,0
340412,1,1,1999,22,22,22,22,22,22,22,22,22,22
340413,0,1,1999,0,0,0,0,0,0,0,0,0,0
340413,1,1,1999,0,0,0,0,0,0,0,0,0,0
340414,1,1,1999,0,0,0,0,0,0,0,0,0,0
340414,2,1,1999,0,10,0,0,0,0,0,0,0,0
340415,1,1,1999,0,0,0,0,0,0,0,0,0,0
340415,2,1,1999,22,13,12,29,12,13,10,0,10,25
340416,1,1,1999,0,0,0,0,0,0,0,0,0,0
340416,2,1,1999,0,0,0,0,0,0,0,0,0,0
340417,1,1,1999,0,0,0,0,0,0,0,0,0,0
340417,2,1,1999,0,0,0,0,0,0,0,0,0,0
340418,1,1,1999,0,0,0,0,0,0,0,0,0,0
340419,0,1,1999,20,20,20,20,20,20,20,20,20,20
340419,1,1,1999,0,0,0,9,0,0,0,0,0,0
340421,1,1,1999,0,0,0,0,0,0,0,0,0,0
340422,1,1,1999,11,11,11,11,11,11,11,11,11,11
340423,0,1,1999,0,0,0,0,0,0,0,0,0,0
340423,1,1,1999,0,0,0,0,0,0,0,0,0,0
340424,1,1,1999,0,0,0,0,0,0,0,0,0,0
340424,2,1,1999,0,0,0,0,0,0,0,0,0,0
340424,3,1,1999,22,0,0,0,0,0,0,0,0,0
340425,0,1,1999,0,0,0,0,0,0,0,0,0,0
340425,1,1,1999,0,0,0,0,5,4,0,0,0,0
340426,1,1,1999,0,0,0,0,0,0,0,0,0,0
340426,2,1,1999,0,0,0,0,0,0,0,0,0,0
340427,1,1,1999,0,0,0,0,0,0,0,0,0,0
340428,1,1,1999,0,0,0,0,0,0,0,0,0,0
340429,0,1,1999,16,16,16,16,16,16,16,16,16,16
340429,1,1,1999,0,0,0,0,0,0,0,0,0,0
340430,1,1,1999,17,17,17,17,17,17,17,17,17,17
340431,1,1,1999,0,0,0,0,0,0,0,0,0,0
340431,2,1,1999,0,0,0,0,0,0,0,0,0,0
340432,0,1,1999,0,0,0,0,0,0,0,0,0,0
340432,0,2,1999,3,21,2,0,16,0,12,0,0,0
340432,1,1,1999,0,0,0,0,0,0,0,0,0,0
340433,0,1,1999,0,0,0,22,24,0,17,0,22,24
340433,1,1,1999,0,0,4,0,0,0,0,0,0,0
340434,1,1,1999,0,0,0,0,0,0,0,0,0,0
340435,0,1,1999,0,0,0,0,0,0,0,0,0,0
340435,1,1,1999,0,0,0,0,0,0,0,0,0,0
340436,0,1,1999,0,0,0,0,0,0,0,0,0,0
340436,0,2,1999,0,0,0,0,0,0,0,0,0,0
340436,1,1,1999,0,0,0,0,0,0,0,0,0,0
340438,1,1,1999,0,0,0,0,0,0,0,0,0,0
340438,2,1,1999,0,0,0,0,0,0,0,0,0,0
340439,1,1,1999,0,0,0,0,0,0,0,0,0,0
340439,2,1,1999,16,16,16,16,16,16,16,16,16,16
340440,1,1,1999,12,12,12,12,12,12,12,12,12,12
340442,1,1,1999,0,15,14,0,16,0,0,0,0,0
340443,1,1,1999,0,0,0,22,0,0,5,0,0,0
340443,2,1,1999,0,0,0,0,0,0,0,0,0,0
340444,0,1,1999,0,0,0,0,0,0,0,0,0,0
340444,1,1,1999,0,0,0,0,0,0,0,0,0,0
340445,1,1,1999,23,23,23,23,23,23,23,23,23,23
340445,2,1,1999,0,0,0,0,0,0,0,0,0,0
340445,3,1,1999,0,0,0,0,0,7,0,0,0,0
340446,1,1,1999,0,0,0,0,5,0,0,18,0,0
340447,1,1,1999,0,0,0,0,0,0,0,0,0,0
340448,1,1,1999,10,10,10,10,10,10,10,10,10,10
340448,2,1,1999,0,0,0,3,14,0,0,0,0,0
340449,1,1,1999,7,7,7,7,7,7,7,7,7,7
340449,2,1,1999,0,0,0,0,0,0,0,0,0,0
340450,1,1,1999,0,0,0,0,0,0,0,0,0,0
340450,2,1,1999,0,0,0,0,0,0,0,0,0,0
340451,1,1,1999,0,0,0,0,0,0,0,0,0,0
340451,2,1,1999,0,0,0,0,0,0,0,0,0,0
340453,1,1,1999,17,17,17,17,17,17,17,17,17,17
340454,1,1,1999,21,21,21,21,21,21,21,21,21,21
340454,2,1,1999,10,12,0,0,0,20,0,0,0,0
340455,1,1,1999,0,0,0,0,0,0,0,0,0,0
340456,1,1,1999,30,30,30,30,30,30,30,30,30,30
340456,2,1,1999,0,0,0,0,0,0,0,0,8,0
340457,1,1,1999,0,0,0,0,0,0,9,0,0,0
340457,2,1,1999,0,0,0,0,0,0,0,0,0,0
340458,1,1,1999,7,7,7,7,7,7,7,7,7,7
340459,1,1,1999,0,0,0,0,0,0,0,0,0,0
340460,0,1,1999,0,0,0,0,0,0,0,0,0,0
340460,1,1,1999,0,0,0,0,0,0,0,0,0,21
340461,1,1,1999,0,0,0,0,0,0,0,0,0,0
340462,1,1,1999,22,22,22,22,22,22,22,22,22,22
340463,1,1,1999,0,0,0,0,0,0,0,0,0,0
340464,1,1,1999,0,0,0,0,0,0,0,0,0,0
340464,2,1,1999,0,0,0,0,0,0,0,0,0,0
340465,0,1,1999,0,0,0,0,0,0,0,0,0,0
340465,1,1,1999,0,0,17,6,30,0,17,0,4,0
340465,2,1,1999,0,0,0,0,0,0,14,0,10,15
340466,0,1,1999,29,29,29,29,29,29,29,29,29,29
340466,1,1,1999,0,0,0,0,0,0,0,0,0,0
340467,0,1,1999,0,0,0,0,0,0,0,0,0,0
340467,1,1,1999,13,10,0,0,9,0,18,14,30,0
340468,1,1,1999,0,0,0,0,0,0,0,0,0,0
340469,1,1,1999,1,1,1,1,1,1,1,1,1,1
340470,0,1,1999,0,0,0,0,0,0,0,0,0,0
340470,0,2,1999,0,9,0,10,9,4,0,0,14,31
340470,1,1,1999,22,22,22,22,22,22,22,22,22,22
340471,1,1,1999,7,7,7,7,7,7,7,7,7,7
340472,1,1,1999,0,0,0,0,0,0,0,0,0,0
340473,1,1,1999,0,0,3,0,0,0,0,0,0,0
340473,2,1,1999,25,0,9,13,0,0,0,0,0,0
340473,3,1,1999,0,0,0,0,0,0,0,0,0,0
340473,4,1,1999,0,0,0,0,0,0,0,0,0,0
340474,1,1,1999,16,16,16,16,16,16,16,16,16,16
340474,2,1,1999,2,2,2,2,2,2,2,2,2,2
340475,1,1,1999,27,27,27,27,27,27,27,27,27,27
340476,1,1,1999,0,0,0,0,0,0,0,0,0,0
340477,1,1,1999,5,5,5,5,5,5,5,5,5,5
340478,0,1,1999,32,32,32,32,32,32,32,32,32,32
340478,1,1,1999,0,0,0,0,0,0,0,0,0,0
340479,1,1,1999,0,0,0,0,0,0,0,0,0,0
340480,1,1,1999,1,1,1,1,1,1,1,1,1,1
340481,1,1,1999,0,0,0,0,0,0,0,0,0,0
340482,1,1,1999,0,0,0,0,0,0,0,0,0,0
340482,2,1,1999,0,0,0,0,0,0,0,0,0,0
340483,1,1,1999,8,8,8,8,8,8,8,8,8,8
340483,2,1,1999,7,0,0,0,7,0,0,0,6,0
340484,0,1,1999,0,0,0,0,0,0,0,0,0,0
340484,1,1,1999,0,0,0,0,0,0,0,9,0,0
340484,2,1,1999,0,0,0,0,0,0,0,0,0,0
340485,0,1,1999,0,0,0,0,0,0,0,0,0,0
340485,1,1,1999,0,0,0,0,0,0,0,0,0,14
340486,1,1,1999,0,0,0,0,0,0,0,0,0,0
340487,0,1,1999,17,17,17,17,17,17,17,17,17,17
340487,1,1,1999,0,0,0,0,0,0,0,0,0,0
340488,1,1,1999,8,8,8,8,8,8,8,8,8,8
340489,1,1,1999,12,12,12,12,12,12,12,12,12,12
340489,2,1,1999,0,0,0,0,0,0,0,0,0,0
340489,3,1,1999,0,6,0,0,0,0,0,0,0,0
340490,1,1,1999,9,9,9,9,9,9,9,9,9,9
340490,2,1,1999,0,0,0,0,0,0,0,0,0,0
340491,1,1,1999,0,0,0,0,0,0,0,0,0,0
340492,0,1,1999,0,0,0,0,0,0,0,0,0,0
340492,1,1,1999,0,0,0,0,0,0,0,0,0,0
340493,1,1,1999,0,0,0,0,0,0,0,0,0,0
340493,2,1,1999,0,0,0,0,0,0,0,0,0,0
340494,1,1,1999,16,16,16,16,16,16,16,16,16,16
340495,1,1,1999,5,0,0,0,0,0,0,3,7,0
340495,2,1,1999,0,0,0,0,0,0,0,0,0,0
340496,1,1,1999,5,5,5,5,5,5,5,5,5,5
340497,1,1,1999,0,0,0,0,0,0,0,0,0,0
340497,2,1,1999,0,0,0,0,0,0,0,0,0,0
340498,0,1,1999,0,0,19,0,0,0,0,0,0,0
340498,1,1,1999,0,0,0,0,0,0,0,0,0,0
340499,0,1,1999,8,8,8,8,8,8,8,8,8,8
340499,1,1,1999,0,0,0,0,0,0,0,11,0,0
340500,0,1,1999,16,16,16,16,16,16,16,16,16,16
340500,2,1,1999,7,20,0,18,15,6,0,0,0,23
340501,0,1,1999,0,0,0,0,0,26,0,9,0,0
340501,0,2,1999,0,0,22,0,0,0,0,0,0,0
340501,1,1,1999,6,6,6,6,6,6,6,6,6,6
340502,1,1,1999,0,0,0,0,0,0,0,0,0,0
340502,2,1,1999,32,32,32,32,32,32,32,32,32,32
340503,1,1,1999,0,0,0,0,0,0,0,0,0,0
340503,2,1,1999,0,0,0,0,0,0,0,0,0,0
340504,0,1,1999,0,0,0,0,0,0,0,0,0,0
340504,1,1,1999,0,0,0,0,0,0,0,0,0,0
340505,1,1,1999,17,17,17,17,17,17,17,17,17,17
340506,1,1,1999,0,0,0,0,0,0,0,0,0,0
340506,2,1,1999,9,9,9,9,9,9,9,9,9,9
340507,1,1,1999,16,16,16,16,16,16,16,16,16,16
340508,1,1,1999,0,0,0,0,0,0,0,0,0,0
340508,2,1,1999,0,0,0,0,0,0,0,0,0,0
340509,1,1,1999,13,13,13,13,13,13,13,13,13,13
340510,0,1,1999,21,21,21,21,21,21,21,21,21,21
340510,1,1,1999,18,18,18,18,18,18,18,18,18,18
340511,1,1,1999,0,0,0,0,0,0,0,0,0,0
340512,1,1,1999,0,0,0,0,0,0,0,0,0,0
340513,1,1,1999,0,0,0,0,0,0,0,0,0,0
340513,2,1,1999,0,0,0,0,0,0,0,0,0,0
340514,1,1,1999,0,0,0,0,0,0,0,0,0,0
340514,2,1,1999,0,0,0,0,0,0,0,0,0,0
340515,0,1,1999,42,42,42,42,42,42,42,42,42,42
340515,1,1,1999,0,0,0,0,0,0,0,0,0,0
340516,1,1,1999,0,0,0,0,0,0,0,0,0,0
340516,2,1,1999,0,0,0,0,0,0,0,0,0,0
340517,1,1,1999,0,0,0,5,0,0,0,0,0,0
340517,2,1,1999,0,0,0,0,0,0,0,0,0,0
340518,0,1,1999,0,0,0,0,0,0,0,0,0,0
340518,1,1,1999,0,0,0,0,0,0,0,0,0,0
340519,0,1,1999,25,25,25,25,25,25,25,25,25,25
340519,1,1,1999,0,0,0,0,0,0,0,0,0,0
340520,1,1,1999,0,0,0,0,0,0,0,0,0,0
340520,2,1,1999,0,0,0,16,0,0,0,0,0,0
340521,1,1,1999,0,0,0,0,6,0,0,0,0,0
340522,1,1,1999,0,0,0,0,0,0,0,0,0,0
340523,1,1,1999,0,0,0,0,0,0,0,0,0,0
340523,2,1,1999,0,0,0,0,0,0,0,0,0,19
340524,1,1,1999,0,0,0,0,0,0,0,0,0,0
340525,1,1,1999,9,9,9,9,9,9,9,9,9,9
340526,1,1,1999,0,0,0,0,0,0,0,0,0,0
340526,2,1,1999,0,0,0,0,0,0,0,0,0,0
340527,1,1,1999,0,0,0,0,0,0,0,0,0,0
340527,2,1,1999,0,0,0,0,0,0,0,0,0,0
340528,1,1,1999,0,0,0,0,0,0,0,0,0,0
340529,1,1,1999,31,31,31,31,31,31,31,31,31,31
340529,2,1,1999,0,0,0,0,0,0,0,0,0,0
340529,3,1,1999,2,2,2,2,2,2,2,2,2,2
340530,0,1,1999,0,0,32,0,0,42,17,0,17,42
340530,1,1,1999,0,0,0,0,0,0,0,0,31,0
340531,1,1,1999,24,10,0,0,0,0,0,0,16,8
340532,1,1,1999,0,0,0,0,0,0,0,0,0,0
340533,1,1,1999,0,0,0,0,19,0,0,0,0,0
340534,1,1,1999,0,0,0,0,0,0,0,0,0,0
340534,2,1,1999,0,0,0,0,0,0,0,8,0,0
340535,1,1,1999,12,12,12,12,12,12,12,12,12,12
340536,1,1,1999,16,16,16,16,16,16,16,16,16,16
340536,2,1,1999,0,0,0,0,0,0,0,0,0,0
340537,1,1,1999,0,0,0,0,0,0,0,0,0,0
340537,2,1,1999,0,0,0,0,0,0,0,0,0,0
340538,0,1,1999,15,15,15,15,15,15,15,15,15,15
340538,1,1,1999,0,0,0,0,0,0,0,0,0,0
340539,0,1,1999,33,33,33,33,33,33,33,33,33,33
340539,1,1,1999,0,0,0,0,0,0,0,0,0,0
340539,2,1,1999,0,0,0,0,0,0,0,0,0,0
340540,1,1,1999,0,0,0,0,0,0,0,0,0,0
340540,2,1,1999,8,8,8,8,8,8,8,8,8,8
340541,0,1,1999,0,0,0,0,0,0,0,0,0,0
340541,1,1,1999,0,0,0,0,0,0,0,0,0,0
340542,1,1,1999,5,0,0,0,0,0,0,0,0,0
340543,0,1,1999,0,0,0,0,0,0,0,0,0,0
340543,1,1,1999,0,0,0,0,0,0,16,0,12,0
340544,1,1,1999,0,0,0,0,11,0,0,0,0,0
340545,0,1,1999,0,0,18,10,0,3,0,0,0,0
340545,1,1,1999,0,0,0,0,0,0,0,0,0,0
340546,0,1,1999,0,0,0,0,0,0,0,0,0,0
340546,1,1,1999,0,0,0,0,0,0,0,0,0,0
340547,0,1,1999,0,0,0,0,0,0,0,0,0,0
340547,1,1,1999,0,0,0,0,0,0,0,0,0,0
340548,0,1,1999,20,20,20,20,20,20,20,20,20,20
340548,1,1,1999,0,14,0,0,0,0,0,0,0,0
340548,2,1,1999,0,15,20,0,15,0,0,0,0,0
340549,1,1,1999,17,17,17,17,17,17,17,17,17,17
340550,1,1,1999,0,0,0,0,0,0,0,0,0,0
340550,2,1,1999,0,0,0,0,0,0,0,0,0,0
340551,1,1,1999,0,0,0,0,0,0,0,0,0,0
340551,2,1,1999,15,15,15,15,15,15,15,15,15,15
340552,1,1,1999,0,0,0,0,0,0,0,0,0,0
340552,2,1,1999,0,0,0,0,0,0,0,0,0,0
340553,1,1,1999,0,0,0,0,0,0,0,0,10,0
340553,2,1,1999,0,0,21,0,0,0,0,0,0,0
340554,1,1,1999,11,11,11,11,11,11,11,11,11,11
340554,2,1,1999,0,0,0,0,0,13,0,0,0,0
340555,1,1,1999,0,0,0,0,0,0,0,0,0,0
340555,2,1,1999,0,0,0,0,0,0,0,0,0,0
340556,1,1,1999,0,0,0,0,0,0,0,0,0,0
340556,2,1,1999,0,0,0,0,0,0,0,0,0,0
340557,1,1,1999,0,0,0,0,0,0,0,0,0,0
340558,1,1,1999,0,0,0,0,0,0,0,0,0,0
340558,2,1,1999,0,0,0,0,0,0,0,0,0,0
340559,1,1,1999,0,0,0,0,0,0,0,0,0,0
340559,2,1,1999,0,0,0,0,0,0,0,0,0,0
340560,0,1,1999,0,0,0,0,0,0,0,0,0,0
340560,1,1,1999,0,0,0,0,0,0,0,13,0,0
340560,2,1,1999,0,0,0,0,0,0,0,0,0,0
340560,3,1,1999,0,0,0,0,0,0,0,0,0,0
340561,1,1,1999,0,0,0,0,0,0,0,0,0,0
340561,2,1,1999,0,0,0,0,0,0,0,0,0,0
340561,3,1,1999,20,20,20,20,20,20,20,20,20,20
340562,1,1,1999,0,0,12,0,0,0,0,0,0,0
340562,2,1,1999,0,0,0,0,0,0,0,0,0,0
340563,1,1,1999,23,23,23,23,23,23,23,23,23,23
340564,1,1,1999,6,6,6,6,6,6,6,6,6,6
340565,1,1,1999,0,0,0,0,0,12,0,0,0,17
340565,2,1,1999,0,0,5,0,0,0,0,0,0,0
340566,1,1,1999,22,15,7,23,21,0,0,0,0,0
340567,1,1,1999,0,0,0,0,0,0,0,0,0,0
340568,0,1,1999,0,0,0,0,0,0,0,0,0,0
340568,1,1,1999,0,0,0,0,0,12,0,10,0,7
340569,1,1,1999,0,0,0,0,0,0,0,0,0,0
340569,2,1,1999,0,0,0,0,12,14,0,0,0,0
340569,3,1,1999,0,0,0,0,0,0,0,0,0,0
340570,1,1,1999,0,0,0,0,0,0,0,0,0,0
340570,2,1,1999,0,0,8,0,19,14,0,8,0,0
340571,1,1,1999,0,0,0,0,0,0,0,0,0,0
340572,0,1,1999,26,26,26,26,26,26,26,26,26,26
340572,1,1,1999,0,0,0,0,0,0,0,0,0,0
340573,1,1,1999,22,22,22,22,22,22,22,22,22,22
340574,1,1,1999,0,0,0,0,0,0,0,0,0,0
340575,1,1,1999,0,0,0,0,0,0,0,0,0,0
340575,2,1,1999,0,0,0,0,0,0,0,0,0,0
340576,1,1,1999,0,0,0,0,0,0,0,0,0,0
340576,2,1,1999,0,0,0,0,0,0,0,0,0,0
340577,1,1,1999,0,0,0,0,0,0,0,0,0,0
340578,0,1,1999,0,0,0,0,0,0,0,0,0,0
340578,1,1,1999,0,0,0,15,0,0,0,0,26,0
340579,0,1,1999,0,0,0,0,0,0,0,0,0,0
340579,1,1,1999,0,0,0,0,0,0,0,0,0,0
340580,1,1,1999,0,0,0,0,0,0,0,0,0,0
340581,1,1,1999,0,0,0,0,0,0,0,0,0,0
340581,2,1,1999,0,0,19,0,0,4,0,17,0,8
340582,0,1,1999,0,0,0,0,0,0,0,0,0,0
340582,1,1,1999,0,0,0,0,0,0,0,0,0,0
340583,1,1,1999,0,0,8,0,0,0,0,9,0,0
340583,2,1,1999,17,17,17,17,17,17,17,17,17,17
340584,0,1,1999,0,0,0,0,0,0,0,0,0,0
340584,1,1,1999,4,4,4,4,4,4,4,4,4,4
340585,0,1,1999,0,0,0,0,0,0,0,0,0,0
340585,1,1,1999,0,0,0,0,0,0,0,0,0,0
340586,1,1,1999,0,0,0,0,0,0,0,0,0,0
340587,1,1,1999,12,12,12,12,12,12,12,12,12,12
340588,1,1,1999,0,0,0,0,0,0,0,0,0,0
340588,2,1,1999,0,0,0,0,0,0,0,0,0,0
340589,0,1,1999,17,17,17,17,17,17,17,17,17,17
340589,1,1,1999,0,0,0,0,0,0,0,0,0,0
340590,0,1,1999,15,15,15,15,15,15,15,15,15,15
340590,1,1,1999,21,0,0,0,0,13,0,0,0,17
340591,1,1,1999,12,0,0,0,0,23,0,0,0,0
340591,2,1,1999,0,0,0,0,0,0,4,0,0,0
340592,0,1,1999,0,0,0,0,0,0,0,0,0,0