ST_CASE,VEH_NO,PER_NO,YEAR,P1,P2,P3,P4,P5,P6,P7,P8,P9,P10
340592,1,1,1999,12,0,0,0,0,0,0,0,0,14
340593,1,1,1999,20,20,20,20,20,20,20,20,20,20
340594,1,1,1999,0,0,0,0,0,0,0,0,0,0
340594,2,1,1999,0,0,0,0,0,0,0,0,0,0
340595,1,1,1999,0,0,0,0,0,0,0,0,0,0
340595,2,1,1999,0,0,0,0,0,0,0,0,0,0
340596,1,1,1999,0,0,0,0,0,0,0,0,0,0
340596,2,1,1999,0,0,0,0,0,0,0,0,0,0
340597,1,1,1999,0,0,0,0,0,0,0,0,0,0
340597,2,1,1999,0,0,0,0,0,0,0,0,0,0
340598,0,1,1999,0,19,29,0,0,0,28,20,18,0
340598,1,1,1999,0,0,23,19,0,0,0,0,0,0
340599,1,1,1999,11,3,0,0,12,19,0,18,0,20
340599,2,1,1999,0,0,0,0,0,0,0,0,0,0
340600,0,1,1999,11,11,11,11,11,11,11,11,11,11
340600,1,1,1999,11,11,11,11,11,11,11,11,11,11
340601,1,1,1999,17,17,17,17,17,17,17,17,17,17
340605,1,1,1999,0,0,0,0,0,0,9,0,0,0
340606,1,1,1999,0,0,0,0,0,0,0,0,0,0
340606,2,1,1999,0,0,0,0,0,0,0,0,0,0
340607,1,1,1999,0,0,0,0,0,0,0,0,0,0
340609,0,1,1999,0,0,0,0,0,0,0,0,0,0
340609,1,1,1999,0,15,0,0,0,0,0,0,0,0
340610,0,1,1999,0,0,0,0,0,0,0,0,0,0
340610,1,1,1999,0,0,0,0,0,0,0,0,0,0
340611,1,1,1999,20,20,20,20,20,20,20,20,20,20
340612,0,1,1999,19,24,0,19,0,0,0,0,8,0
340612,1,1,1999,0,0,0,0,0,0,0,0,0,0
340613,0,1,1999,0,0,0,0,0,0,0,0,0,0
340613,1,1,1999,22,0,0,14,8,19,0,31,0,0
340614,1,1,1999,18,0,0,0,0,6,13,0,0,21
340614,2,1,1999,19,19,19,19,19,19,19,19,19,19
340615,0,1,1999,0,23,0,0,0,0,0,0,0,0
340615,1,1,1999,0,0,0,0,0,0,0,0,0,0
340616,1,1,1999,30,30,30,30,30,30,30,30,30,30
340617,1,1,1999,0,0,0,0,0,0,0,0,5,0
340617,2,1,1999,13,13,13,13,13,13,13,13,13,13
340618,1,1,1999,29,29,29,29,29,29,29,29,29,29
340619,1,1,1999,0,0,0,0,0,0,0,0,0,0
340619,2,1,1999,0,0,0,0,0,0,0,0,0,0
340620,0,1,1999,18,0,17,24,27,0,0,0,33,15
340620,1,1,1999,5,29,12,10,32,0,12,0,0,0
340621,1,1,1999,0,0,9,0,0,0,0,0,0,0
340622,0,1,1999,0,0,0,0,0,0,0,0,0,0
340622,1,1,1999,0,0,0,0,0,0,0,0,0,0
340623,1,1,1999,26,26,26,26,26,26,26,26,26,26
340625,1,1,1999,0,0,0,0,0,0,0,0,0,0
340626,1,1,1999,0,0,18,0,0,0,0,0,0,0
340627,1,1,1999,0,0,0,0,0,0,0,0,0,0
340627,2,1,1999,0,0,0,0,0,0,0,0,0,0
340628,0,1,1999,23,23,23,23,23,23,23,23,23,23
340628,1,1,1999,0,0,0,0,2,13,15,0,18,0
340629,1,1,1999,22,22,22,22,22,22,22,22,22,22
340629,2,1,1999,0,26,0,0,0,11,12,0,14,9
340630,1,1,1999,0,0,0,0,0,0,0,0,0,0
340631,1,1,1999,0,0,0,0,0,0,0,21,0,0
340631,2,1,1999,0,0,0,0,0,0,0,0,0,0
340632,1,1,1999,32,0,21,0,7,0,26,27,36,13
340633,0,1,1999,0,0,0,45,0,47,0,0,0,32
340633,1,1,1999,0,0,0,0,0,14,4,24,0,0
340634,1,1,1999,0,0,0,0,0,0,0,0,0,0
340634,2,1,1999,0,0,0,0,0,0,0,0,0,6
340635,0,1,1999,0,0,0,0,0,0,0,0,0,0
340635,1,1,1999,0,0,0,10,14,5,0,0,0,0
340636,0,1,1999,0,0,0,0,0,0,0,0,0,0
340636,0,2,1999,0,0,28,0,0,14,25,0,24,21
340636,0,3,1999,15,0,0,0,0,14,33,43,0,37
340636,1,1,1999,0,0,0,0,0,0,0,0,0,0
340637,1,1,1999,0,0,0,0,0,0,0,0,0,0
340638,1,1,1999,16,16,16,16,16,16,16,16,16,16
340639,0,1,1999,0,0,0,0,0,0,0,0,0,12
340639,1,1,1999,0,0,0,0,0,0,0,0,0,0
340640,1,1,1999,0,0,0,0,0,0,0,0,0,0
340640,2,1,1999,20,20,20,20,20,20,20,20,20,20
340641,0,1,1999,0,0,0,0,0,0,0,0,0,0
340641,1,1,1999,0,0,0,0,0,11,0,10,0,0
340642,0,1,1999,0,0,0,0,0,0,0,0,0,0
340642,1,1,1999,0,0,0,0,0,0,0,0,0,0
340643,0,1,1999,0,0,0,0,0,0,0,0,0,0
340643,0,2,1999,0,0,0,0,0,0,0,0,0,0
340643,1,1,1999,0,0,0,3,12,0,0,21,0,0
340644,1,1,1999,17,17,17,17,17,17,17,17,17,17
340644,2,1,1999,3,3,3,3,3,3,3,3,3,3
340645,0,1,1999,12,0,10,9,17,13,27,0,0,46
340645,1,1,1999,0,0,20,10,0,9,0,0,0,0
340646,1,1,1999,12,12,12,12,12,12,12,12,12,12
340646,2,1,1999,0,0,0,0,0,0,0,0,0,0
340647,0,1,1999,30,30,30,30,30,30,30,30,30,30
340647,1,1,1999,0,0,0,0,0,0,0,0,0,0
340648,0,1,1999,0,0,0,0,0,0,0,0,0,0
340648,1,1,1999,0,0,0,0,0,0,0,0,0,0
340649,0,1,1999,18,0,0,0,0,0,0,0,0,0
340649,0,2,1999,0,0,0,0,0,0,0,0,0,0
340649,1,1,1999,0,0,0,0,0,0,0,0,0,0
340650,0,1,1999,14,14,14,14,14,14,14,14,14,14
340650,1,1,1999,0,0,0,0,0,0,0,0,0,0
340651,1,1,1999,0,0,0,0,0,0,0,0,0,0
340652,0,1,1999,0,0,0,0,0,0,0,0,0,0
340652,1,1,1999,0,29,0,0,0,0,0,0,0,0
340653,1,1,1999,0,16,0,0,0,0,0,0,0,0
340653,2,1,1999,0,0,0,0,0,0,0,0,0,0
340654,1,1,1999,0,0,0,0,0,0,6,0,0,0
340654,2,1,1999,15,15,15,15,15,15,15,15,15,15
340655,1,1,1999,0,0,0,0,0,0,0,0,0,0
340655,2,1,1999,0,0,0,0,0,0,0,0,0,0
340656,1,1,1999,0,0,0,0,0,0,0,0,0,0
340657,1,1,1999,0,0,0,0,0,0,0,0,0,0
340657,2,1,1999,0,0,0,0,0,0,0,0,0,0
340658,0,1,1999,0,0,0,0,0,0,0,0,0,0
340658,1,1,1999,25,0,0,0,0,0,0,0,0,0
340659,1,1,1999,7,7,7,7,7,7,7,7,7,7
340659,2,1,1999,0,0,0,0,0,0,0,0,0,0
340660,0,1,1999,0,0,0,0,0,0,0,0,19,0
340660,1,1,1999,0,0,0,0,0,0,0,0,0,0
340661,1,1,1999,21,21,21,21,21,21,21,21,21,21
340662,1,1,1999,9,9,9,9,9,9,9,9,9,9
340663,1,1,1999,9,9,9,9,9,9,9,9,9,9
340663,2,1,1999,0,0,0,0,0,0,0,0,0,0
340663,3,1,1999,0,0,0,0,0,0,0,0,0,0
340664,1,1,1999,24,24,24,24,24,24,24,24,24,24
340664,2,1,1999,0,9,0,0,0,14,15,0,0,23
340665,0,1,1999,0,0,0,0,0,0,0,0,0,0
340665,1,1,1999,0,0,0,0,0,0,0,0,0,0
340666,1,1,1999,0,0,0,0,0,0,0,0,0,0
340667,0,1,1999,2,2,2,2,2,2,2,2,2,2
340667,1,1,1999,0,0,0,0,24,0,0,0,0,0
340667,2,1,1999,0,0,0,0,0,0,0,0,0,0
340668,1,1,1999,0,0,0,0,0,0,0,0,0,0
340668,2,1,1999,0,0,0,0,0,0,0,0,0,0
340669,1,1,1999,0,0,0,0,0,0,0,0,0,0
340669,2,1,1999,0,0,0,0,0,0,0,0,0,0
340671,1,1,1999,16,17,0,0,22,21,11,5,25,21
340672,0,1,1999,19,19,19,19,19,19,19,19,19,19
340672,1,1,1999,4,0,0,0,0,25,0,22,4,0
340673,0,1,1999,9,9,9,9,9,9,9,9,9,9
340673,1,1,1999,8,0,0,0,10,9,0,0,14,0
340673,2,1,1999,12,0,0,3,0,10,0,0,21,0
340674,1,1,1999,1,1,1,1,1,1,1,1,1,1
340675,1,1,1999,0,0,0,0,0,0,0,0,0,0
340675,2,1,1999,0,0,15,0,19,14,24,0,29,0
340676,1,1,1999,0,0,0,0,0,0,0,0,0,0
340676,2,1,1999,0,0,0,0,0,0,0,0,0,0
340677,0,1,1999,0,0,0,0,0,0,0,0,0,0
340677,2,1,1999,14,0,14,0,0,0,19,0,0,3
340678,0,1,1999,0,0,0,0,0,0,0,0,0,0
340678,1,1,1999,0,10,0,0,29,0,0,0,0,0
340679,1,1,1999,14,14,14,14,14,14,14,14,14,14
340679,2,1,1999,0,0,0,0,0,0,0,0,0,0
340680,1,1,1999,0,0,0,0,0,0,0,0,0,0
340680,2,1,1999,0,0,0,0,0,0,0,0,0,0
340681,1,1,1999,0,15,0,0,0,0,0,0,0,0
340681,2,1,1999,0,10,7,0,12,0,0,0,0,0
340681,3,1,1999,0,0,0,0,0,0,0,0,0,0
340682,0,1,1999,0,0,0,0,0,0,0,0,0,0
340682,1,1,1999,0,0,0,0,0,0,0,0,0,0
340683,1,1,1999,0,0,0,0,0,0,0,0,0,0
340683,2,1,1999,0,0,0,0,0,0,0,0,0,0
340684,1,1,1999,0,0,0,0,0,0,0,0,0,0
340684,2,1,1999,17,0,0,12,0,0,0,0,0,0
340685,1,1,1999,12,12,12,12,12,12,12,12,12,12
340686,1,1,1999,0,0,0,0,0,0,0,0,0,0
340686,2,1,1999,0,0,0,0,0,0,0,0,0,0
340687,1,1,1999,0,0,0,0,0,0,0,0,0,0
340687,2,1,1999,0,0,0,7,0,0,0,0,0,0
340688,1,1,1999,0,0,0,0,6,0,0,0,0,0
340688,2,1,1999,0,0,0,0,0,0,0,0,0,0
340689,0,1,1999,0,0,0,0,0,0,0,0,0,0
340689,1,1,1999,36,11,0,0,0,20,0,0,0,0
340690,1,1,1999,0,0,0,0,0,0,0,0,0,0
340690,2,1,1999,0,0,0,7,0,8,0,0,0,0
340691,1,1,1999,36,36,36,36,36,36,36,36,36,36
340691,2,1,1999,0,0,0,0,0,0,0,0,0,0
340692,0,1,1999,3,0,0,0,19,0,0,0,0,0
340692,0,2,1999,0,26,0,0,11,0,17,0,0,0
340692,0,3,1999,0,16,35,0,0,32,67,0,28,0
340692,1,1,1999,0,0,0,0,0,0,0,5,0,0
340692,2,1,1999,0,24,0,13,5,0,0,0,16,0
340693,1,1,1999,0,0,0,0,0,0,0,0,0,0
340694,1,1,1999,0,0,0,0,0,0,0,0,0,0
340695,0,1,1999,0,0,0,0,0,0,0,0,0,0
340695,1,1,1999,0,0,0,0,0,0,0,0,0,0
340696,1,1,1999,0,0,0,0,0,0,0,0,0,0
340697,1,1,1999,0,0,0,18,0,0,0,0,0,0
340698,1,1,1999,0,0,0,0,0,0,0,0,0,0
340698,2,1,1999,0,0,0,0,0,0,0,0,0,0
340699,1,1,1999,15,15,15,15,15,15,15,15,15,15
340699,2,1,1999,0,18,22,0,0,0,0,0,0,0
340700,1,1,1999,0,0,0,0,0,0,11,8,0,0
340701,1,1,1999,0,0,0,0,0,0,0,0,0,0
340701,2,1,1999,0,0,0,0,0,0,0,0,0,8
340702,0,1,1999,0,0,0,0,0,0,0,0,0,0
340702,2,1,1999,0,0,0,0,0,0,0,0,0,0
340703,0,1,1999,0,0,0,0,0,0,0,0,0,0
340703,1,1,1999,0,0,0,0,0,0,0,13,0,21
350001,1,1,1999,0,0,0,0,0,0,0,0,0,0
350001,2,1,1999,27,27,27,27,27,27,27,27,27,27
350002,1,1,1999,17,17,22,22,15,24,19,33,30,10
350003,0,1,1999,26,26,26,26,26,26,26,26,26,26
350003,1,1,1999,12,26,18,20,0,6,17,0,11,13
350004,1,1,1999,3,3,3,3,3,3,3,3,3,3
350004,2,1,1999,0,0,0,0,0,0,0,0,0,0
350005,1,1,1999,0,5,16,28,0,23,6,20,28,0
350006,1,1,1999,0,0,0,0,0,0,14,8,0,0
350006,2,1,1999,23,23,23,23,23,23,23,23,23,23
350007,1,1,1999,0,0,0,0,0,0,0,0,0,0
350008,1,1,1999,24,22,19,12,15,27,12,14,21,12
350009,1,1,1999,0,0,0,0,0,0,0,0,0,0
350009,2,1,1999,0,0,0,0,0,0,0,0,0,0
350009,3,1,1999,0,0,0,0,0,0,0,0,0,0
350010,0,1,1999,0,0,0,0,0,0,0,0,0,0
350010,1,1,1999,0,0,0,0,0,0,0,0,0,0
350011,1,1,1999,0,0,0,0,0,0,0,0,0,0
350011,2,1,1999,0,0,0,0,0,0,0,0,0,0
350012,1,1,1999,0,0,0,0,0,0,0,0,0,0
350012,2,1,1999,0,0,0,0,0,0,0,0,0,0
350013,1,1,1999,15,15,15,15,15,15,15,15,15,15
350014,1,1,1999,10,15,0,8,0,0,19,11,20,0
350014,2,1,1999,14,14,9,8,24,8,14,11,13,5
350015,0,1,1999,11,11,11,11,11,11,11,11,11,11
350015,1,1,1999,0,0,0,0,0,0,0,0,0,0
350016,1,1,1999,29,29,29,29,29,29,29,29,29,29
350017,1,1,1999,36,36,36,36,36,36,36,36,36,36
350018,0,1,1999,0,0,0,0,0,0,0,0,0,0
350018,1,1,1999,0,0,0,0,0,0,0,0,0,0
350019,1,1,1999,0,0,0,0,0,0,0,0,0,0
350020,1,1,1999,0,0,0,16,0,0,18,0,0,0
350021,1,1,1999,26,11,15,23,16,16,36,26,28,0
350022,0,1,1999,17,17,17,17,17,17,17,17,17,17
350022,1,1,1999,22,22,22,22,22,22,22,22,22,22
350023,0,1,1999,26,26,26,26,26,26,26,26,26,26
350023,1,1,1999,0,0,0,0,0,0,0,0,0,0
350024,1,1,1999,0,0,0,0,0,0,0,0,0,0
350025,1,1,1999,0,0,0,0,0,0,0,0,0,0
350026,1,1,1999,0,0,0,0,0,0,0,0,0,0
350027,1,1,1999,0,0,0,0,0,0,0,0,0,0
350028,1,1,1999,0,0,0,0,0,0,0,0,0,0
350029,1,1,1999,10,10,10,10,10,10,10,10,10,10
350030,1,1,1999,23,23,23,23,23,23,23,23,23,23
350030,2,1,1999,0,0,0,0,0,0,0,0,0,0
350031,1,1,1999,0,0,0,0,0,0,0,0,0,0
350031,2,1,1999,0,0,0,0,0,0,0,0,0,0
350032,1,1,1999,7,7,0,11,0,0,8,17,16,12
350033,1,1,1999,0,0,0,0,0,0,0,0,0,0
350034,1,1,1999,0,0,0,0,0,0,0,0,0,0
350035,1,1,1999,17,17,17,17,17,17,17,17,17,17
350036,1,1,1999,0,0,0,0,0,0,0,0,0,0
350037,1,1,1999,0,0,0,0,0,0,0,0,0,0
350037,2,1,1999,0,0,0,0,0,0,0,0,0,0
350038,1,1,1999,0,0,0,0,0,0,17,0,0,0
350039,1,1,1999,0,0,0,0,0,0,0,0,0,0
350039,2,1,1999,0,0,0,0,0,0,0,0,0,0
350040,0,1,1999,3,3,3,3,3,3,3,3,3,3
350040,1,1,1999,0,0,0,0,0,0,0,0,0,0
350041,1,1,1999,0,0,0,0,0,0,0,0,0,0
350041,2,1,1999,0,0,0,0,0,0,0,0,0,0
350042,0,1,1999,19,10,0,16,10,0,0,29,25,21
350042,1,1,1999,0,0,0,0,0,0,0,0,0,0
350043,1,1,1999,0,0,0,0,0,0,0,0,0,0
350043,2,1,1999,0,0,0,0,0,0,0,0,0,0
350044,1,1,1999,25,25,25,25,25,25,25,25,25,25
350045,1,1,1999,0,18,12,29,17,10,19,0,7,19
350046,0,1,1999,29,29,29,29,29,29,29,29,29,29
350046,1,1,1999,0,0,0,0,0,0,0,0,0,0
350047,1,1,1999,0,0,0,0,0,0,0,0,0,0
350048,1,1,1999,0,0,0,0,0,0,0,0,0,0
350049,0,1,1999,0,0,8,0,0,0,0,24,0,19
350049,1,1,1999,0,0,0,0,0,0,0,0,0,0
350050,1,1,1999,14,14,14,14,14,14,14,14,14,14
350051,1,1,1999,0,0,0,0,0,0,0,0,0,0
350051,2,1,1999,0,0,0,0,0,0,0,0,0,0
350052,1,1,1999,33,33,33,33,33,33,33,33,33,33
350053,1,1,1999,0,0,0,0,0,0,0,0,0,0
350054,1,1,1999,20,20,20,20,20,20,20,20,20,20
350055,1,1,1999,0,0,0,0,0,0,0,0,0,0
350055,2,1,1999,0,0,0,0,0,0,0,0,0,0
350055,3,1,1999,0,7,0,0,0,0,0,0,0,0
350056,1,1,1999,0,0,0,0,0,0,0,0,0,0
350056,2,1,1999,0,0,0,0,0,0,0,0,0,0
350057,0,1,1999,29,29,29,29,29,29,29,29,29,29
350057,1,1,1999,0,0,0,0,0,0,0,0,0,0
350058,1,1,1999,0,0,0,0,0,0,0,0,0,0
350058,2,1,1999,0,0,0,0,0,0,0,0,0,0
350059,1,1,1999,0,15,0,0,0,0,0,32,0,0
350060,0,1,1999,29,29,29,29,29,29,29,29,29,29
350060,1,1,1999,0,13,0,0,0,0,0,0,0,0
350061,1,1,1999,23,6,10,18,16,0,28,0,5,12
350061,2,1,1999,0,0,0,0,0,0,0,0,0,0
350062,1,1,1999,28,28,28,28,28,28,28,28,28,28
350063,1,1,1999,11,11,11,11,11,11,11,11,11,11
350064,1,1,1999,0,0,0,0,0,0,0,0,0,0
350065,1,1,1999,32,32,32,32,32,32,32,32,32,32
350066,0,1,1999,28,28,28,28,28,28,28,28,28,28
350066,1,1,1999,0,0,0,0,0,0,0,0,0,0
350067,0,1,1999,2,2,2,2,2,2,2,2,2,2
350067,1,1,1999,0,0,0,0,0,0,9,0,0,0
350068,1,1,1999,0,0,0,0,0,0,0,0,0,0
350068,2,1,1999,0,0,0,0,0,0,0,0,0,0
350069,1,1,1999,0,0,0,0,0,0,0,0,0,0
350069,2,1,1999,0,0,0,0,0,0,0,0,0,0
350070,1,1,1999,25,25,25,25,25,25,25,25,25,25
350071,1,1,1999,28,28,28,28,28,28,28,28,28,28
350072,1,1,1999,18,11,19,23,9,17,0,9,12,20
350072,2,1,1999,0,0,0,0,0,0,0,0,0,0
350073,1,1,1999,15,15,15,15,15,15,15,15,15,15
350073,2,1,1999,0,0,0,0,0,0,0,0,0,0
350074,1,1,1999,0,0,0,0,0,0,0,0,0,0
350075,0,1,1999,0,0,0,0,0,0,0,0,0,0
350075,1,1,1999,0,0,0,0,0,0,0,0,0,0
350076,1,1,1999,0,0,0,0,0,0,0,0,0,0
350077,1,1,1999,13,9,16,11,28,0,8,6,0,4
350078,1,1,1999,0,0,0,0,0,0,0,0,0,0
350078,2,1,1999,24,24,24,24,24,24,24,24,24,24
350079,1,1,1999,0,0,0,0,0,0,0,0,0,0
350079,2,1,1999,0,0,0,0,0,0,0,0,0,0
350079,3,1,1999,0,0,0,0,0,0,8,0,0,0
350080,1,1,1999,0,0,0,0,0,0,0,0,0,0
350081,1,1,1999,1,1,1,1,1,1,1,1,1,1
350082,1,1,1999,0,0,0,0,0,0,0,0,0,0
350083,1,1,1999,0,0,0,0,0,0,0,0,0,0
350083,2,1,1999,0,12,10,0,17,15,0,0,0,14
350084,1,1,1999,0,0,0,0,0,0,0,0,0,0
350085,1,1,1999,0,0,0,0,0,0,0,0,0,0
350085,2,1,1999,0,0,0,0,0,0,0,0,0,0
350086,1,1,1999,0,0,0,0,0,0,0,0,0,0
350087,1,1,1999,0,0,0,0,0,0,0,0,0,0
350087,2,1,1999,0,0,0,0,0,0,0,0,0,0
350088,1,1,1999,0,0,0,0,0,0,0,0,0,0
350088,2,1,1999,0,0,0,0,0,0,0,0,0,0
350089,0,1,1999,0,0,0,15,0,0,0,0,0,0
350089,0,2,1999,15,11,0,0,12,0,0,0,0,0
350089,1,1,1999,9,9,9,9,9,9,9,9,9,9
350090,1,1,1999,24,24,24,24,24,24,24,24,24,24
350091,1,1,1999,0,0,0,0,0,0,0,0,0,0
350091,2,1,1999,0,0,0,0,0,0,0,0,0,0
350092,0,1,1999,35,35,35,35,35,35,35,35,35,35
350092,1,1,1999,0,0,14,0,10,5,23,0,0,0
350093,1,1,1999,12,12,12,12,12,12,12,12,12,12
350094,1,1,1999,0,0,0,0,0,0,0,0,0,0
350094,2,1,1999,0,0,0,0,0,0,0,0,0,0
350095,1,1,1999,19,19,19,19,19,19,19,19,19,19
350095,2,1,1999,0,0,0,0,0,0,0,0,0,0
350096,1,1,1999,0,0,0,0,0,0,0,0,0,0
350096,2,1,1999,0,0,0,0,0,0,0,0,0,0
350097,0,1,1999,0,17,0,0,0,18,0,0,0,0
350097,1,1,1999,0,0,0,0,0,0,0,0,0,0
350098,1,1,1999,7,9,14,21,0,29,12,29,0,36
350099,1,1,1999,0,0,0,0,0,0,0,0,0,0
350099,2,1,1999,0,0,0,0,0,0,0,0,0,0
350099,3,1,1999,0,0,0,0,0,0,0,0,0,0
350100,1,1,1999,0,0,0,0,0,0,0,0,0,0
350100,2,1,1999,0,0,0,0,0,0,0,0,0,0
350101,1,1,1999,21,21,21,21,21,21,21,21,21,21
350102,1,1,1999,0,0,0,0,0,0,0,0,0,0
350102,2,1,1999,0,0,0,0,0,0,0,0,0,0
350102,3,1,1999,0,0,0,0,0,0,0,0,0,0
350102,4,1,1999,0,0,0,0,0,0,0,0,0,0
350102,5,1,1999,0,0,0,0,0,0,0,0,0,0
350103,1,1,1999,0,10,0,0,0,0,0,0,0,0
350104,1,1,1999,0,0,0,0,0,0,0,22,0,0
350104,2,1,1999,0,0,0,0,0,0,0,0,0,0
350105,1,1,1999,22,22,22,22,22,22,22,22,22,22
350106,1,1,1999,19,12,17,10,27,13,10,5,29,15
350107,0,1,1999,0,22,14,18,2,22,30,0,0,0
350107,1,1,1999,0,0,0,0,0,0,0,0,0,0
350108,0,1,1999,0,0,0,0,0,0,0,0,0,0
350108,1,1,1999,0,0,0,0,0,0,0,0,0,0
350109,1,1,1999,0,0,0,0,0,0,0,0,0,0
350109,2,1,1999,0,0,0,0,0,0,0,0,0,0
350110,1,1,1999,0,0,0,0,0,0,12,5,0,0
350110,2,1,1999,0,0,0,0,0,0,0,0,0,0
350111,1,1,1999,24,24,24,24,24,24,24,24,24,24
350112,1,1,1999,0,0,0,0,0,0,0,0,0,0
350113,0,1,1999,41,41,41,41,41,41,41,41,41,41
350113,1,1,1999,0,0,0,0,0,0,0,0,0,0
350114,1,1,1999,0,0,0,0,0,0,0,0,0,0
350115,1,1,1999,13,13,13,13,13,13,13,13,13,13
350116,0,1,1999,19,19,19,19,19,19,19,19,19,19
350116,1,1,1999,0,0,0,0,0,0,0,0,0,0
350117,1,1,1999,0,9,0,0,0,11,20,0,0,0
350118,1,1,1999,6,6,6,6,6,6,6,6,6,6
350119,1,1,1999,0,0,0,0,0,0,0,0,0,0
350120,1,1,1999,0,0,0,0,0,0,0,0,0,0
350121,1,1,1999,0,0,21,0,0,14,0,0,0,0
350122,0,1,1999,27,27,27,27,27,27,27,27,27,27
350122,1,1,1999,0,0,0,0,0,0,0,0,0,0
350123,1,1,1999,0,0,0,0,0,0,0,0,0,0
350123,2,1,1999,0,0,0,0,0,0,0,0,0,0
350124,1,1,1999,0,0,0,0,0,0,0,0,0,0
350124,2,1,1999,0,0,0,0,0,0,0,0,0,0
350125,1,1,1999,0,0,0,0,0,0,0,0,0,0
350125,2,1,1999,0,0,0,0,0,0,0,0,0,0
350126,0,1,1999,30,30,30,30,30,30,30,30,30,30
350126,1,1,1999,0,0,10,0,0,0,0,0,0,0
350127,1,1,1999,0,0,0,0,0,0,0,0,0,0
350127,2,1,1999,0,0,0,0,0,0,0,0,0,0
350128,1,1,1999,12,0,16,20,24,0,25,0,15,2
350128,2,1,1999,0,0,0,0,0,0,0,0,0,0
350129,0,1,1999,0,0,0,0,0,0,0,0,0,0
350129,1,1,1999,0,23,24,0,0,0,0,0,0,0
350130,1,1,1999,23,23,23,23,23,23,23,23,23,23
350131,1,1,1999,0,0,0,0,0,0,0,0,0,0
350132,1,1,1999,0,0,0,0,0,0,0,0,0,0
350133,0,1,1999,26,26,26,26,26,26,26,26,26,26
350133,1,1,1999,19,8,0,0,0,18,0,19,0,0
350134,1,1,1999,0,0,0,0,0,0,0,0,0,0
350134,2,1,1999,0,0,0,0,0,0,0,0,0,0
350135,1,1,1999,7,7,7,7,7,7,7,7,7,7
350136,1,1,1999,19,19,19,19,19,19,19,19,19,19
350137,1,1,1999,13,5,9,8,12,9,9,20,14,9
350137,2,1,1999,0,0,12,0,0,0,0,0,0,0
350138,0,1,1999,12,12,12,12,12,12,12,12,12,12
350138,1,1,1999,0,0,0,0,0,0,0,0,0,0
350139,1,1,1999,0,0,0,0,0,0,0,0,0,0
350139,2,1,1999,0,0,0,0,0,0,0,0,0,0
350140,1,1,1999,0,0,0,0,0,0,0,0,0,0
350140,2,1,1999,0,0,0,0,0,0,0,0,0,0
350141,1,1,1999,0,0,0,0,0,0,0,13,0,0
350141,2,1,1999,0,0,0,0,0,0,0,0,0,0
350141,3,1,1999,0,0,0,0,0,0,0,0,0,0
350142,0,1,1999,0,0,0,0,0,0,0,0,0,0
350142,1,1,1999,0,0,0,0,0,0,23,0,0,0
350143,1,1,1999,18,18,18,18,18,18,18,18,18,18
350144,1,1,1999,0,0,0,0,0,0,0,0,0,0
350145,1,1,1999,0,0,0,0,0,0,0,0,0,0
350145,2,1,1999,0,0,0,0,0,0,0,0,0,0
350146,1,1,1999,0,0,8,0,0,0,0,0,0,0
350146,2,1,1999,0,0,0,0,0,0,0,0,0,0
350146,3,1,1999,0,0,0,0,0,0,0,0,0,0
350147,1,1,1999,4,4,4,4,4,4,4,4,4,4
350147,2,1,1999,0,0,0,0,0,0,0,0,0,0
350148,1,1,1999,8,9,0,7,7,0,0,12,0,0
350149,1,1,1999,24,24,24,24,24,24,24,24,24,24
350149,2,1,1999,0,10,0,0,0,0,0,13,0,0
350150,1,1,1999,0,0,0,0,0,0,0,0,0,0
350151,1,1,1999,0,0,0,0,0,0,0,0,0,0
350152,1,1,1999,0,0,0,0,0,0,0,0,0,0
350153,1,1,1999,21,21,21,21,21,21,21,21,21,21
350154,1,1,1999,0,0,0,0,0,0,0,0,0,0
350154,2,1,1999,26,26,26,26,26,26,26,26,26,26
350155,1,1,1999,0,0,0,0,0,0,0,0,0,0
350155,2,1,1999,0,0,0,0,0,23,0,0,0,0
350156,1,1,1999,0,0,0,0,0,0,0,0,0,0
350156,2,1,1999,0,0,0,0,0,0,0,0,0,0
350157,1,1,1999,36,36,36,36,36,36,36,36,36,36
350158,1,1,1999,0,0,0,0,0,0,0,0,0,0
350159,1,1,1999,3,3,3,3,3,3,3,3,3,3
350159,2,1,1999,16,8,22,0,10,10,3,2,6,5
350160,1,1,1999,0,0,0,0,0,0,0,0,0,0
350161,1,1,1999,0,0,0,0,0,0,0,0,0,0
350161,2,1,1999,0,0,0,0,0,0,0,0,0,0
350162,1,1,1999,0,0,0,0,0,0,0,0,0,0
350162,2,1,1999,0,5,0,0,0,0,0,0,0,0
350163,1,1,1999,14,11,0,0,0,24,4,2,0,11
350164,1,1,1999,0,0,2,0,0,28,0,0,0,0
350165,0,1,1999,27,27,27,27,27,27,27,27,27,27
350165,1,1,1999,0,0,0,0,0,0,0,0,0,0
350166,1,1,1999,18,18,18,18,18,18,18,18,18,18