ST_CASE,VEH_NO,PER_NO,YEAR,P1,P2,P3,P4,P5,P6,P7,P8,P9,P10
350167,1,1,1999,0,0,0,0,0,0,0,0,0,0
350168,0,1,1999,31,31,31,31,31,31,31,31,31,31
350168,1,1,1999,0,0,0,0,0,0,0,0,0,0
350168,2,1,1999,0,0,0,0,0,0,0,0,0,0
350168,3,1,1999,0,0,0,0,0,0,0,0,0,0
350169,1,1,1999,0,0,0,0,0,0,0,0,0,0
350169,2,1,1999,0,0,0,0,0,0,0,0,0,0
350170,0,1,1999,10,10,10,10,10,10,10,10,10,10
350170,1,1,1999,0,0,0,0,0,0,0,0,0,0
350171,1,1,1999,0,0,0,0,0,0,0,0,0,0
350171,2,1,1999,0,0,0,0,0,0,0,0,0,0
350171,3,1,1999,0,0,0,0,0,0,0,0,0,0
350172,1,1,1999,0,0,0,0,0,0,0,0,0,0
350173,1,1,1999,0,0,0,0,0,0,0,0,0,0
350173,2,1,1999,12,0,0,0,0,0,0,0,0,0
350174,1,1,1999,0,0,0,0,0,0,0,0,0,0
350174,2,1,1999,0,0,0,0,0,0,0,0,0,0
350174,3,1,1999,0,32,0,0,0,0,0,0,0,0
350174,4,1,1999,0,0,0,0,0,0,0,0,0,0
350175,1,1,1999,23,23,23,23,23,23,23,23,23,23
350176,0,1,1999,0,0,0,0,0,0,0,0,0,0
350176,1,1,1999,24,20,16,20,8,0,0,18,17,0
350177,1,1,1999,0,0,0,0,0,0,0,0,0,0
350177,2,1,1999,12,12,12,12,12,12,12,12,12,12
350178,1,1,1999,0,0,0,0,0,0,0,0,0,0
350178,2,1,1999,0,0,0,0,0,0,0,0,0,0
350179,1,1,1999,0,5,0,0,0,0,0,23,0,0
350179,2,1,1999,1,1,1,1,1,1,1,1,1,1
350180,1,1,1999,0,0,0,0,0,0,0,0,0,0
350181,1,1,1999,18,18,18,18,18,18,18,18,18,18
350182,1,1,1999,0,0,0,0,0,0,0,0,0,0
350183,1,1,1999,0,0,0,0,0,0,0,0,0,0
350184,1,1,1999,0,0,0,0,0,0,0,0,0,0
350184,2,1,1999,0,0,0,0,0,0,0,0,0,0
350185,1,1,1999,0,0,0,0,0,0,0,0,0,0
350185,2,1,1999,0,0,0,0,0,0,0,0,0,0
350186,1,1,1999,0,0,0,0,0,0,0,0,0,0
350187,0,1,1999,25,25,25,25,25,25,25,25,25,25
350187,1,1,1999,0,0,0,0,0,0,0,0,0,0
350188,1,1,1999,0,0,0,0,0,0,0,0,0,0
350188,2,1,1999,0,0,0,0,0,0,0,0,0,0
350189,1,1,1999,20,20,20,20,20,20,20,20,20,20
350189,2,1,1999,0,0,0,0,0,0,0,0,0,0
350190,1,1,1999,0,0,0,0,0,0,0,0,0,0
350191,1,1,1999,0,0,0,0,0,0,0,0,0,0
350192,0,1,1999,22,0,0,0,0,0,0,0,0,0
350192,1,1,1999,0,0,0,0,0,0,0,0,0,0
350193,1,1,1999,0,0,0,0,0,0,0,0,0,0
350193,2,1,1999,19,19,19,19,19,19,19,19,19,19
350194,1,1,1999,0,0,0,0,0,0,0,0,0,0
350195,1,1,1999,0,0,0,0,0,0,0,0,0,0
350195,2,1,1999,0,0,0,0,0,0,0,0,0,0
350196,0,1,1999,0,0,0,0,0,0,0,0,0,0
350196,1,1,1999,0,0,0,0,0,0,0,0,0,0
350197,1,1,1999,14,23,13,10,16,17,4,13,18,10
350197,2,1,1999,0,0,0,18,0,0,0,0,0,18
350198,1,1,1999,0,0,0,0,0,0,0,0,0,0
350198,2,1,1999,0,0,0,0,0,0,0,0,0,0
350199,1,1,1999,0,0,0,0,0,0,0,0,0,0
350199,2,1,1999,0,0,0,0,0,0,0,0,0,11
350200,1,1,1999,0,0,0,0,0,0,0,0,6,0
350201,1,1,1999,33,33,33,33,33,33,33,33,33,33
350202,1,1,1999,18,18,18,18,18,18,18,18,18,18
350202,2,1,1999,0,0,0,2,14,0,6,0,0,0
350203,1,1,1999,0,0,0,0,0,0,0,0,0,0
350204,1,1,1999,0,0,0,0,0,0,0,0,0,0
350204,2,1,1999,14,0,11,0,0,17,0,0,0,0
350205,1,1,1999,0,0,0,0,0,0,0,0,0,0
350206,1,1,1999,12,12,12,12,12,12,12,12,12,12
350207,1,1,1999,0,0,0,0,0,0,0,0,0,0
350207,2,1,1999,0,0,0,0,3,0,0,10,0,0
350208,1,1,1999,0,0,0,0,0,0,0,0,0,0
350209,1,1,1999,3,3,3,3,3,3,3,3,3,3
350209,2,1,1999,0,0,0,0,0,0,0,0,0,0
350210,1,1,1999,0,0,0,0,0,0,0,0,0,0
350210,2,1,1999,0,0,0,0,0,0,0,0,0,0
350211,1,1,1999,0,0,0,0,0,0,0,0,0,0
350212,1,1,1999,22,0,12,0,20,7,13,12,10,26
350213,1,1,1999,0,0,0,0,0,0,0,0,0,0
350214,1,1,1999,3,3,3,3,3,3,3,3,3,3
350214,2,1,1999,0,0,0,0,0,0,0,0,0,0
350215,1,1,1999,26,0,13,9,0,9,13,15,14,32
350215,2,1,1999,0,0,0,0,0,16,0,0,0,0
350216,1,1,1999,0,0,0,0,0,0,0,0,0,0
350217,0,1,1999,17,17,17,17,17,17,17,17,17,17
350217,1,1,1999,12,15,8,0,0,15,0,17,9,0
350218,0,1,1999,0,0,0,0,0,0,0,0,0,0
350218,1,1,1999,12,12,12,12,12,12,12,12,12,12
350219,1,1,1999,0,0,0,0,0,0,0,0,0,0
350219,2,1,1999,0,0,0,0,0,0,0,0,0,0
350219,3,1,1999,0,0,0,0,0,0,0,0,0,0
350220,1,1,1999,0,0,0,0,0,0,0,0,0,0
350220,2,1,1999,0,0,0,0,0,0,0,0,0,0
350221,1,1,1999,1,1,1,1,1,1,1,1,1,1
350221,2,1,1999,0,0,0,0,0,0,0,0,0,0
350222,1,1,1999,34,34,34,34,34,34,34,34,34,34
350223,1,1,1999,0,0,0,0,0,0,0,0,0,0
350223,2,1,1999,15,5,13,9,9,0,22,0,23,5
350224,1,1,1999,0,0,0,0,0,0,0,0,0,0
350224,2,1,1999,3,26,37,19,14,3,0,29,12,21
350225,1,1,1999,0,0,0,0,0,0,0,0,0,0
350226,1,1,1999,0,0,0,0,0,0,5,10,0,0
350227,1,1,1999,24,24,24,24,24,24,24,24,24,24
350227,2,1,1999,0,0,0,0,0,0,0,0,0,0
350228,1,1,1999,10,10,10,10,10,10,10,10,10,10
350229,1,1,1999,0,0,0,0,0,0,0,0,0,0
350230,1,1,1999,0,0,0,0,0,0,0,0,0,0
350231,1,1,1999,15,0,0,0,0,0,0,0,0,0
350232,1,1,1999,0,0,0,0,0,0,0,0,0,0
350232,2,1,1999,0,0,0,0,0,0,0,0,0,0
350232,3,1,1999,0,0,0,0,0,0,0,0,0,0
350233,0,1,1999,19,19,19,19,19,19,19,19,19,19
350233,1,1,1999,0,0,0,0,0,0,0,0,0,0
350234,1,1,1999,0,0,0,0,0,0,0,0,0,0
350235,1,1,1999,0,0,0,0,0,0,0,0,0,0
350235,2,1,1999,0,10,0,0,0,0,0,0,0,0
350236,1,1,1999,20,20,20,20,20,20,20,20,20,20
350236,2,1,1999,3,3,3,3,3,3,3,3,3,3
350237,1,1,1999,0,0,0,0,0,0,0,0,0,0
350237,2,1,1999,14,14,14,14,14,14,14,14,14,14
350238,1,1,1999,7,9,14,28,16,0,20,19,7,4
350238,2,1,1999,0,0,0,0,0,0,0,0,0,0
350239,0,1,1999,0,12,28,14,15,3,14,7,0,16
350239,1,1,1999,0,0,0,0,0,0,0,0,0,0
350240,1,1,1999,0,0,0,0,0,0,0,0,0,0
350241,0,1,1999,0,0,0,0,0,0,0,0,0,0
350241,1,1,1999,0,0,0,9,12,21,9,0,0,0
350242,1,1,1999,0,0,0,0,0,0,0,0,0,0
350243,1,1,1999,0,0,0,0,0,0,0,0,0,0
350243,2,1,1999,16,0,11,14,11,6,5,16,5,5
350244,1,1,1999,0,0,0,0,0,0,0,0,0,0
350245,1,1,1999,0,0,0,8,20,0,0,0,0,0
350245,2,1,1999,1,1,1,1,1,1,1,1,1,1
350246,1,1,1999,26,26,26,26,26,26,26,26,26,26
350247,1,1,1999,0,0,0,0,0,0,0,0,0,0
350248,1,1,1999,15,25,10,17,8,15,0,24,10,8
350249,1,1,1999,0,0,0,0,0,0,0,0,0,0
350249,2,1,1999,0,0,0,0,0,0,0,0,12,0
350249,3,1,1999,0,0,0,0,0,0,0,0,0,0
350250,1,1,1999,0,0,0,0,0,0,0,0,0,0
350250,2,1,1999,0,0,0,0,0,0,0,0,0,0
350251,1,1,1999,0,0,0,0,0,0,0,0,0,0
350252,0,1,1999,0,0,0,0,0,0,0,0,0,0
350252,1,1,1999,0,0,0,0,0,0,0,0,0,0
350253,1,1,1999,18,18,18,18,18,18,18,18,18,18
350254,1,1,1999,0,0,0,0,0,0,0,0,0,0
350254,2,1,1999,17,17,17,17,17,17,17,17,17,17
350255,1,1,1999,16,0,12,8,26,9,14,0,10,15
350256,1,1,1999,0,0,0,0,0,0,0,0,0,0
350256,2,1,1999,0,0,0,0,0,0,0,0,0,0
350257,0,1,1999,0,0,0,0,0,0,0,0,0,0
350257,1,1,1999,20,15,10,25,9,0,8,5,16,5
350258,1,1,1999,0,0,18,0,0,0,6,0,0,0
350258,2,1,1999,0,0,0,0,0,0,0,0,0,0
350258,3,1,1999,0,0,0,0,0,0,0,0,0,0
350258,4,1,1999,0,10,0,0,0,0,9,12,0,0
350259,1,1,1999,18,18,18,18,18,18,18,18,18,18
350259,2,1,1999,10,0,24,0,0,0,29,10,19,0
350260,1,1,1999,0,0,0,0,0,0,0,0,0,0
350260,2,1,1999,0,0,0,0,0,0,0,0,0,0
350261,1,1,1999,0,0,0,0,0,0,0,0,0,0
350262,1,1,1999,0,0,0,0,0,0,0,0,0,0
350262,2,1,1999,0,0,0,0,0,0,0,0,0,0
350263,1,1,1999,0,0,0,0,0,0,0,0,0,0
350264,1,1,1999,0,0,6,0,0,13,0,0,12,8
350264,2,1,1999,5,5,5,5,5,5,5,5,5,5
350265,1,1,1999,12,21,23,17,17,9,13,7,14,13
350265,2,1,1999,0,0,0,0,0,0,0,0,0,0
350266,1,1,1999,13,13,13,13,13,13,13,13,13,13
350267,1,1,1999,28,36,0,0,0,0,0,0,0,28
350268,0,1,1999,0,0,0,0,0,0,0,0,0,0
350268,1,1,1999,0,27,0,0,0,0,19,0,0,0
350269,1,1,1999,25,25,25,25,25,25,25,25,25,25
350269,2,1,1999,0,0,0,0,0,0,0,6,0,0
350270,1,1,1999,0,0,0,0,0,0,0,0,0,0
350271,1,1,1999,0,0,0,0,0,0,0,0,0,25
350272,1,1,1999,0,0,0,0,0,0,0,0,0,0
350273,1,1,1999,6,20,10,0,0,21,21,6,0,0
350273,2,1,1999,0,13,10,0,5,0,15,5,14,14
350274,1,1,1999,23,23,23,23,23,23,23,23,23,23
350275,1,1,1999,23,23,23,23,23,23,23,23,23,23
350276,0,1,1999,0,17,8,0,0,0,0,0,0,0
350276,1,1,1999,0,0,0,0,0,0,0,0,0,0
350276,2,1,1999,0,0,0,0,0,0,0,0,0,0
350277,1,1,1999,27,27,27,27,27,27,27,27,27,27
350277,2,1,1999,0,0,0,0,0,0,0,0,0,0
350278,1,1,1999,14,14,14,14,14,14,14,14,14,14
350279,1,1,1999,14,14,14,14,14,14,14,14,14,14
350280,1,1,1999,6,6,6,6,6,6,6,6,6,6
350281,1,1,1999,0,0,0,0,0,0,0,0,0,0
350282,1,1,1999,0,0,0,0,0,0,0,0,0,0
350282,2,1,1999,0,0,0,0,0,0,0,0,0,0
350283,0,1,1999,0,0,0,0,0,0,0,0,0,0
350283,1,1,1999,0,0,0,10,0,0,0,0,0,0
350284,1,1,1999,0,0,33,0,0,0,0,0,0,14
350284,2,1,1999,0,0,0,0,0,0,0,0,0,0
350284,3,1,1999,0,0,0,0,0,0,0,0,0,0
350285,1,1,1999,5,5,5,5,5,5,5,5,5,5
350286,1,1,1999,11,19,15,22,10,16,0,9,45,9
350287,1,1,1999,0,0,0,0,0,0,0,0,0,0
350288,1,1,1999,0,0,0,0,0,0,0,0,0,0
350288,2,1,1999,0,0,0,0,0,0,0,0,0,0
350289,1,1,1999,26,26,26,26,26,26,26,26,26,26
350290,1,1,1999,10,8,18,6,27,35,25,21,7,10
350291,0,1,1999,0,0,0,0,0,0,0,0,0,0
350291,1,1,1999,0,0,0,0,0,0,0,0,0,0
350292,0,1,1999,21,21,21,21,21,21,21,21,21,21
350292,0,2,1999,13,15,17,22,0,29,24,21,31,0
350292,1,1,1999,0,0,0,0,0,16,0,0,0,0
350293,1,1,1999,10,10,10,10,10,10,10,10,10,10
350293,2,1,1999,0,0,0,0,0,0,0,0,0,10
350294,1,1,1999,0,0,0,0,0,0,0,0,0,0
350294,2,1,1999,18,0,0,0,0,0,0,0,0,0
350295,1,1,1999,29,29,29,29,29,29,29,29,29,29
350296,1,1,1999,0,0,0,0,6,0,15,0,23,17
350297,1,1,1999,0,0,0,0,0,0,0,0,0,0
350297,2,1,1999,0,0,0,0,0,0,0,0,0,0
350298,1,1,1999,24,24,24,24,24,24,24,24,24,24
350299,1,1,1999,25,25,25,25,25,25,25,25,25,25
350300,1,1,1999,22,22,22,22,22,22,22,22,22,22
350301,1,1,1999,12,12,12,12,12,12,12,12,12,12
350302,1,1,1999,0,0,0,0,0,0,0,0,0,0
350302,2,1,1999,0,0,0,0,0,0,0,0,0,0
350303,1,1,1999,0,0,0,0,0,0,0,0,0,0
350304,1,1,1999,20,20,20,20,20,20,20,20,20,20
350305,1,1,1999,0,0,0,0,0,0,0,0,0,0
350305,2,1,1999,0,0,0,0,0,0,0,0,0,0
350306,1,1,1999,14,3,7,14,8,24,15,21,10,14
350306,2,1,1999,0,0,0,0,0,0,0,0,0,0
350307,1,1,1999,0,0,0,0,0,0,0,0,0,0
350307,2,1,1999,0,0,0,0,0,0,0,0,0,0
350307,3,1,1999,0,0,0,0,0,0,0,0,0,0
350308,0,1,1999,25,25,25,25,25,25,25,25,25,25
350308,1,1,1999,0,0,0,0,0,0,0,0,0,0
350309,1,1,1999,0,0,0,0,0,0,0,0,0,0
350309,2,1,1999,0,0,0,0,0,0,0,0,0,0
350310,1,1,1999,19,5,11,0,23,28,6,11,0,13
350310,2,1,1999,0,0,5,0,0,0,0,0,0,0
350311,0,1,1999,35,35,35,35,35,35,35,35,35,35
350311,1,1,1999,0,0,0,0,0,0,0,0,0,0
350312,1,1,1999,0,0,0,0,0,0,0,0,0,0
350313,0,1,1999,31,31,31,31,31,31,31,31,31,31
350313,1,1,1999,5,0,0,12,0,19,0,0,0,0
350314,1,1,1999,19,9,7,4,2,20,14,17,9,33
350314,2,1,1999,0,0,0,0,0,0,0,0,0,0
350314,3,1,1999,0,0,22,0,0,0,0,0,0,0
350315,0,1,1999,18,18,18,18,18,18,18,18,18,18
350315,1,1,1999,16,0,28,0,0,0,6,0,0,0
350316,1,1,1999,0,0,0,0,0,0,0,0,0,0
350316,2,1,1999,0,0,0,0,0,0,0,0,0,0
350316,3,1,1999,0,0,0,0,0,0,0,0,0,0
350317,1,1,1999,0,0,0,0,0,0,0,0,0,0
350317,2,1,1999,0,0,0,0,0,0,0,0,0,0
350318,1,1,1999,13,13,13,13,13,13,13,13,13,13
350319,1,1,1999,17,17,17,17,17,17,17,17,17,17
350320,0,1,1999,21,21,21,21,21,21,21,21,21,21
350320,1,1,1999,0,0,0,0,0,0,0,0,0,24
350321,1,1,1999,0,0,0,0,0,0,0,0,0,0
350321,2,1,1999,0,0,0,0,0,0,12,0,0,0
350322,1,1,1999,0,0,0,0,0,0,0,0,0,0
350323,1,1,1999,4,4,4,4,4,4,4,4,4,4
350323,2,1,1999,0,0,0,15,0,0,0,0,0,0
350324,1,1,1999,0,0,0,0,0,0,0,0,0,0
350324,2,1,1999,0,0,0,0,0,0,0,0,0,0
350325,1,1,1999,0,0,0,0,0,0,0,0,0,0
350326,1,1,1999,0,0,0,0,0,0,0,0,0,0
350326,2,1,1999,0,0,0,0,0,0,0,0,0,0
350327,0,1,1999,0,0,0,0,0,0,0,0,0,0
350327,1,1,1999,11,0,0,0,0,0,0,0,6,0
350328,0,1,1999,19,31,16,18,39,25,27,19,17,35
350328,1,1,1999,0,0,0,0,0,0,0,0,0,0
350329,1,1,1999,0,0,0,0,0,0,0,0,0,0
350330,0,1,1999,0,0,0,0,0,0,0,0,0,0
350330,1,1,1999,0,0,0,0,0,0,0,0,0,0
350331,1,1,1999,0,0,0,0,0,0,0,0,0,0
350331,2,1,1999,7,7,7,7,7,7,7,7,7,7
350332,0,1,1999,27,27,27,27,27,27,27,27,27,27
350332,1,1,1999,0,0,0,0,0,0,0,0,0,0
350333,1,1,1999,0,0,0,0,0,0,0,0,0,0
350334,1,1,1999,2,2,2,2,2,2,2,2,2,2
350335,1,1,1999,0,0,0,0,0,0,0,0,0,0
350336,1,1,1999,14,22,28,38,28,17,21,27,16,40
350337,1,1,1999,0,0,0,0,0,0,0,0,0,0
350338,1,1,1999,17,17,17,17,17,17,17,17,17,17
350339,1,1,1999,10,25,14,10,12,6,25,14,9,13
350339,2,1,1999,0,0,0,0,0,0,0,0,0,0
350340,1,1,1999,0,11,0,0,0,0,0,3,8,0
350341,1,1,1999,0,0,0,0,0,0,0,0,0,0
350342,1,1,1999,0,0,0,0,0,0,0,0,0,0
350343,1,1,1999,28,18,11,13,36,14,4,4,15,16
350344,1,1,1999,0,0,0,0,0,0,0,0,0,0
350345,1,1,1999,0,0,0,0,0,0,0,0,0,0
350346,1,1,1999,14,20,39,30,17,28,10,0,28,35
350347,1,1,1999,0,0,0,0,0,0,0,0,0,0
350347,2,1,1999,0,0,0,0,0,0,0,0,0,0
350348,1,1,1999,28,28,28,28,28,28,28,28,28,28
350349,0,1,1999,0,0,0,0,0,0,0,0,0,0
350349,1,1,1999,0,0,0,0,0,0,0,0,0,6
350350,1,1,1999,0,0,0,0,0,0,0,0,0,0
350351,1,1,1999,0,0,0,0,0,0,0,0,0,0
350351,2,1,1999,10,17,7,12,11,9,7,7,9,8
350352,0,1,1999,14,14,14,14,14,14,14,14,14,14
350352,1,1,1999,0,0,0,0,0,0,0,9,0,0
350353,1,1,1999,0,0,0,0,0,0,0,0,0,0
350354,1,1,1999,22,22,22,22,22,22,22,22,22,22
350355,1,1,1999,18,18,18,18,18,18,18,18,18,18
350356,1,1,1999,0,0,0,0,0,0,0,0,0,0
350356,2,1,1999,0,0,0,0,0,0,29,0,0,0
350357,1,1,1999,21,21,21,21,21,21,21,21,21,21
350358,1,1,1999,0,0,0,0,0,0,0,0,0,0
350358,2,1,1999,0,0,0,0,0,0,0,0,0,0
350359,0,1,1999,0,0,0,0,0,0,0,0,0,0
350359,1,1,1999,0,0,0,0,0,0,0,0,0,0
350360,0,1,1999,14,14,14,14,14,14,14,14,14,14
350360,1,1,1999,9,0,0,0,0,0,0,0,0,0
350360,2,1,1999,0,0,0,0,0,0,0,0,0,0
350361,1,1,1999,0,0,0,0,0,0,0,0,0,0
350361,2,1,1999,0,0,0,0,0,0,0,0,0,0
350362,0,1,1999,0,0,0,0,0,0,0,0,0,0
350362,1,1,1999,0,0,0,0,0,0,0,0,0,0
350363,0,1,1999,0,0,0,0,0,0,0,0,0,0
350363,1,1,1999,0,0,0,0,0,0,0,0,0,0
350364,1,1,1999,2,2,2,2,2,2,2,2,2,2
350364,2,1,1999,3,0,0,0,0,0,0,0,0,0
350365,1,1,1999,0,0,0,0,0,0,0,0,0,0
350365,2,1,1999,0,0,0,0,0,0,0,0,0,0
350366,1,1,1999,0,0,0,0,0,0,0,0,0,0
350366,2,1,1999,23,10,30,19,12,6,15,11,16,0
350367,1,1,1999,0,0,0,0,0,0,0,0,0,0
350368,1,1,1999,18,18,18,18,18,18,18,18,18,18
350369,1,1,1999,24,24,24,24,24,24,24,24,24,24
350369,2,1,1999,0,0,0,0,0,0,0,0,0,0
350370,1,1,1999,0,0,0,5,0,0,16,0,13,0
350370,2,1,1999,1,1,1,1,1,1,1,1,1,1
350370,3,1,1999,0,0,0,0,0,0,0,0,0,0
350371,1,1,1999,24,24,24,24,24,24,24,24,24,24
350372,1,1,1999,0,0,0,0,4,0,0,0,0,0
350372,2,1,1999,0,0,0,0,0,0,0,0,0,0
350373,1,1,1999,28,28,28,28,28,28,28,28,28,28
350374,1,1,1999,13,13,13,13,13,13,13,13,13,13
350375,1,1,1999,28,28,28,28,28,28,28,28,28,28
350376,0,1,1999,0,0,0,0,0,0,0,0,0,0
350376,1,1,1999,0,0,0,0,0,0,0,0,0,0
350377,0,1,1999,35,35,35,35,35,35,35,35,35,35
350377,1,1,1999,0,0,0,0,0,0,0,0,0,0
350378,1,1,1999,9,9,9,9,9,9,9,9,9,9
350378,2,1,1999,27,27,27,27,27,27,27,27,27,27
350379,1,1,1999,28,28,28,28,28,28,28,28,28,28
350379,2,1,1999,0,0,0,0,0,0,0,0,0,0
350379,3,1,1999,0,0,0,0,5,0,0,0,0,0
350380,0,1,1999,0,0,0,0,0,0,0,0,0,0
350380,1,1,1999,28,28,28,28,28,28,28,28,28,28
350381,1,1,1999,0,0,0,0,0,0,9,0,0,6
350382,0,1,1999,27,27,27,27,27,27,27,27,27,27
350382,1,1,1999,0,0,0,0,0,30,0,0,0,4
350383,1,1,1999,20,0,0,19,0,0,0,18,0,0
350384,1,1,1999,0,0,0,0,0,0,0,0,13,0
350384,2,1,1999,0,0,0,0,0,0,0,0,0,0
350384,3,1,1999,0,0,0,0,0,0,0,0,0,0
350385,1,1,1999,32,32,32,32,32,32,32,32,32,32
350385,2,1,1999,0,0,0,0,0,0,0,0,0,0
350386,1,1,1999,0,0,0,0,0,0,0,0,0,0
350386,2,1,1999,0,0,0,0,0,0,0,0,0,0
350387,1,1,1999,0,0,0,0,0,0,0,0,0,0
350388,1,1,1999,20,20,20,20,20,20,20,20,20,20
360001,1,1,1999,0,0,0,0,0,0,0,0,0,0
360002,1,1,1999,0,0,0,0,0,0,0,0,0,0
360002,2,1,1999,0,0,0,0,0,0,0,0,0,0
360003,1,1,1999,0,0,0,0,0,0,0,0,0,0
360004,1,1,1999,0,0,0,0,0,0,0,0,0,0
360004,2,1,1999,0,0,0,0,0,0,0,0,0,0
360005,1,1,1999,0,0,0,0,0,0,0,0,0,0
360005,2,1,1999,12,22,2,14,9,6,0,0,11,8
360006,1,1,1999,12,0,0,0,0,0,0,0,0,0
360006,2,1,1999,0,0,0,0,0,0,0,0,0,0
360007,1,1,1999,0,0,0,0,0,0,0,0,0,0
360007,2,1,1999,0,0,0,0,0,0,0,0,0,0
360008,1,1,1999,0,0,0,0,0,0,0,0,0,0
360008,2,1,1999,0,0,0,0,0,0,0,0,0,0
360008,3,1,1999,0,0,0,0,0,0,0,0,0,0
360009,1,1,1999,0,0,7,0,0,0,0,0,5,12
360009,2,1,1999,0,0,0,0,0,0,0,0,15,0
360010,1,1,1999,0,0,0,0,0,0,0,0,0,0
360011,0,1,1999,0,0,0,0,0,0,0,0,0,0
360011,1,1,1999,0,0,0,0,0,0,0,0,0,0
360012,1,1,1999,0,0,0,0,0,0,0,0,0,0
360012,2,1,1999,0,0,0,0,0,0,0,0,0,0
360013,0,1,1999,0,0,0,0,0,0,0,0,0,0
360013,0,2,1999,0,0,0,0,0,0,0,0,0,0
360013,0,3,1999,0,0,0,0,0,0,0,0,0,0
360013,1,1,1999,0,0,0,0,0,0,0,0,0,0
360014,1,1,1999,0,18,10,0,0,44,7,15,0,18
360015,1,1,1999,0,0,0,0,0,0,0,0,0,0
360015,2,1,1999,0,0,0,0,0,0,0,0,0,0
360016,1,1,1999,0,0,0,0,0,0,0,0,0,0
360016,2,1,1999,0,0,0,0,0,0,0,0,0,0
360016,3,1,1999,0,0,0,0,0,0,0,0,0,0
360016,4,1,1999,0,0,0,0,0,0,0,0,0,0
360017,0,1,1999,0,0,0,0,0,0,0,0,0,24
360017,1,1,1999,20,20,0,0,10,9,0,0,11,14
360018,1,1,1999,0,0,0,0,0,0,0,0,0,0
360018,2,1,1999,15,15,15,15,15,15,15,15,15,15
360019,1,1,1999,0,0,0,0,0,0,0,0,0,0
360019,2,1,1999,0,0,0,0,0,0,0,0,0,0
360020,1,1,1999,0,0,0,0,0,0,0,0,0,0
360021,0,1,1999,11,0,0,0,0,0,0,0,0,0
360021,1,1,1999,0,12,0,0,0,0,0,3,0,0
360022,1,1,1999,0,0,0,0,0,0,0,0,0,0
360022,2,1,1999,0,0,0,0,0,0,0,0,0,0
360023,1,1,1999,0,0,0,0,0,0,0,0,0,0
360023,2,1,1999,0,0,0,0,0,0,0,0,0,0
360023,3,1,1999,0,0,0,0,0,0,0,0,0,0
360024,1,1,1999,0,0,0,0,0,0,0,0,0,0
360024,2,1,1999,0,0,0,0,0,0,0,0,0,0
360025,1,1,1999,0,0,0,0,0,0,0,0,0,0
360026,0,1,1999,0,0,0,0,0,0,0,0,0,0
360026,1,1,1999,0,0,0,0,0,0,0,0,21,0
360027,1,1,1999,0,0,0,0,0,0,0,0,0,0
360027,2,1,1999,0,0,0,0,0,0,0,0,0,0
360027,3,1,1999,0,0,0,0,0,0,0,0,0,0
360027,4,1,1999,0,0,0,0,0,0,0,0,0,0
360028,1,1,1999,0,0,0,0,0,0,0,0,0,0
360028,2,1,1999,0,0,0,0,0,0,0,0,0,0
360028,3,1,1999,0,0,0,0,11,0,0,0,0,0
360029,1,1,1999,0,0,0,0,0,0,0,0,0,0
360029,2,1,1999,0,0,0,0,0,0,0,0,0,0
360030,1,1,1999,0,0,0,0,0,0,0,0,0,0
360030,2,1,1999,0,0,0,0,0,0,0,0,0,0
360030,3,1,1999,0,0,0,0,0,0,0,0,0,0
360031,1,1,1999,14,0,0,0,0,23,0,14,0,0
360032,0,1,1999,0,0,0,0,0,0,0,0,0,0
360032,1,1,1999,0,0,0,0,0,0,0,0,0,0
360033,1,1,1999,0,0,0,0,0,0,0,0,0,0
360034,1,1,1999,0,0,0,0,0,0,0,0,0,0
360035,1,1,1999,0,0,0,0,0,0,0,0,0,0
360035,2,1,1999,20,2,13,3,0,6,10,14,3,9
360036,0,1,1999,0,0,0,0,0,0,0,0,0,0
360036,1,1,1999,0,0,0,0,0,0,0,31,0,0
360037,1,1,1999,0,0,0,0,0,0,0,0,20,0
360037,2,1,1999,0,0,0,0,0,0,0,0,0,0
360038,1,1,1999,0,0,0,0,0,0,0,0,0,0
360038,2,1,1999,0,0,0,0,0,0,0,0,0,0
360039,1,1,1999,0,0,0,0,0,0,0,0,0,0
360039,2,1,1999,0,0,0,0,0,0,0,0,0,0
360040,1,1,1999,0,0,0,0,25,0,0,0,22,33
360041,0,1,1999,9,9,9,9,9,9,9,9,9,9
360041,1,1,1999,0,0,0,0,0,0,0,0,0,0
360042,1,1,1999,0,0,0,0,0,0,0,0,0,0
360042,2,1,1999,0,0,0,0,0,0,0,0,0,0
360043,1,1,1999,0,0,0,0,0,0,0,0,0,0
360043,2,1,1999,0,0,0,0,0,0,0,0,0,0
360044,1,1,1999,0,0,0,0,0,0,0,0,0,0
360044,2,1,1999,0,0,0,0,0,0,0,0,0,0
360045,1,1,1999,0,3,8,13,0,20,9,18,0,10
360045,2,1,1999,0,0,0,0,0,0,0,0,0,0
360046,0,1,1999,0,0,0,0,0,0,0,0,0,0
360046,1,1,1999,0,0,0,0,0,0,0,0,0,0
360047,1,1,1999,0,0,0,0,0,0,0,0,0,0
360048,0,1,1999,0,0,0,0,0,0,0,0,0,0
360048,1,1,1999,0,0,0,0,0,0,0,11,0,0