ST_CASE,VEH_NO,PER_NO,YEAR,P1,P2,P3,P4,P5,P6,P7,P8,P9,P10
360049,1,1,1999,0,0,11,0,0,0,0,0,0,0
360049,2,1,1999,0,0,0,0,0,0,0,0,0,0
360050,1,1,1999,0,0,11,12,0,0,10,0,10,0
360050,2,1,1999,0,0,0,0,0,0,0,0,0,0
360051,1,1,1999,0,0,0,0,0,0,0,0,0,0
360051,2,1,1999,0,0,0,0,0,0,0,0,0,0
360052,1,1,1999,16,0,0,0,0,0,0,0,0,0
360052,2,1,1999,0,0,0,0,0,0,0,0,0,0
360053,1,1,1999,10,10,10,10,10,10,10,10,10,10
360054,1,1,1999,0,0,0,0,0,0,0,0,0,0
360054,2,1,1999,0,0,0,0,0,0,0,0,0,0
360055,1,1,1999,0,0,0,0,0,0,0,0,0,4
360055,2,1,1999,0,0,0,0,0,0,0,0,0,0
360056,0,1,1999,0,0,0,0,0,0,0,0,0,0
360056,1,1,1999,0,0,0,0,0,0,0,0,0,0
360057,1,1,1999,0,0,0,0,0,0,0,0,0,0
360058,1,1,1999,24,24,24,24,24,24,24,24,24,24
360059,0,1,1999,0,0,0,0,0,0,0,0,0,0
360059,1,1,1999,0,0,0,0,0,0,0,0,0,0
360060,1,1,1999,27,27,27,27,27,27,27,27,27,27
360061,0,1,1999,0,0,0,0,0,33,0,0,8,0
360061,1,1,1999,0,0,0,0,0,0,18,0,0,0
360062,0,1,1999,0,0,0,0,0,0,0,0,0,0
360062,2,1,1999,0,0,0,0,0,0,0,0,0,0
360063,1,1,1999,0,0,0,0,0,0,0,0,0,0
360063,2,1,1999,0,0,0,0,0,0,0,0,0,0
360064,1,1,1999,0,0,0,0,0,0,0,0,0,0
360064,2,1,1999,0,0,0,0,0,0,0,0,0,0
360065,1,1,1999,0,0,0,0,0,0,0,0,0,0
360065,2,1,1999,0,0,18,0,0,0,0,0,0,0
360066,0,1,1999,0,0,0,0,0,0,0,0,0,0
360066,0,2,1999,0,0,22,0,18,0,0,16,0,0
360066,0,3,1999,0,0,0,0,0,0,0,13,0,0
360066,0,4,1999,10,23,9,0,37,15,24,0,0,0
360066,1,1,1999,8,11,8,16,12,22,0,10,18,23
360067,1,1,1999,0,0,0,0,0,0,0,0,0,0
360067,2,1,1999,19,19,19,19,19,19,19,19,19,19
360068,1,1,1999,0,0,0,0,0,0,0,0,0,0
360068,2,1,1999,0,0,0,0,0,0,0,0,0,0
360069,1,1,1999,0,0,0,0,0,0,0,0,0,0
360069,2,1,1999,0,0,0,0,0,0,0,0,0,0
360070,0,1,1999,0,0,0,0,0,0,0,0,0,0
360070,1,1,1999,0,0,0,0,0,0,0,0,0,0
360071,1,1,1999,12,12,12,12,12,12,12,12,12,12
360072,1,1,1999,0,0,0,0,0,0,0,0,0,0
360073,1,1,1999,0,0,0,0,0,0,0,0,0,0
360074,1,1,1999,13,13,13,13,13,13,13,13,13,13
360075,1,1,1999,0,0,0,0,0,0,0,0,0,0
360075,2,1,1999,0,0,0,0,0,0,0,0,0,0
360076,1,1,1999,0,0,0,0,0,0,0,0,0,0
360076,2,1,1999,0,0,0,0,0,0,0,0,0,0
360077,1,1,1999,0,0,0,0,0,0,0,0,0,0
360077,2,1,1999,0,0,0,0,0,0,0,0,0,12
360078,0,1,1999,0,0,0,0,0,0,0,0,0,0
360078,1,1,1999,0,0,0,0,0,0,0,0,0,0
360079,1,1,1999,15,15,15,15,15,15,15,15,15,15
360080,1,1,1999,22,30,23,18,11,14,22,28,29,31
360081,0,1,1999,0,0,0,32,0,0,0,0,0,29
360081,1,1,1999,0,0,11,0,0,0,0,0,0,0
360082,1,1,1999,20,20,20,20,20,20,20,20,20,20
360082,2,1,1999,0,0,0,0,0,0,0,0,0,0
360083,1,1,1999,0,0,0,0,0,0,0,0,0,0
360083,2,1,1999,0,0,0,0,0,0,0,0,0,0
360084,0,1,1999,0,0,0,0,0,0,0,0,0,0
360084,1,1,1999,10,10,10,10,10,10,10,10,10,10
360085,0,1,1999,0,0,0,0,0,0,0,0,0,0
360085,1,1,1999,0,8,0,0,0,24,0,0,0,0
360086,1,1,1999,0,0,0,0,0,0,0,0,0,0
360087,1,1,1999,0,0,0,0,0,0,0,0,0,0
360087,2,1,1999,0,0,0,0,0,0,0,0,0,0
360088,1,1,1999,12,0,0,0,0,17,0,0,0,9
360088,2,1,1999,0,0,0,0,0,0,0,0,0,0
360089,1,1,1999,0,0,0,0,0,0,0,0,0,0
360089,2,1,1999,0,0,0,0,0,0,0,0,0,0
360090,1,1,1999,0,0,0,0,0,0,0,0,0,0
360090,2,1,1999,0,0,0,0,0,8,0,0,0,0
360090,3,1,1999,0,0,0,0,0,0,0,0,0,0
360091,0,1,1999,9,9,9,9,9,9,9,9,9,9
360091,1,1,1999,23,0,0,0,0,0,0,0,3,0
360092,1,1,1999,0,0,0,0,0,0,0,0,0,0
360092,2,1,1999,0,0,0,0,0,0,0,0,0,0
360093,0,1,1999,0,0,0,0,0,0,0,0,0,0
360093,1,1,1999,0,0,0,0,0,0,0,0,0,0
360093,2,1,1999,0,0,0,0,0,0,0,0,0,0
360093,3,1,1999,0,0,0,0,0,0,0,0,0,0
360094,1,1,1999,26,26,26,26,26,26,26,26,26,26
360095,1,1,1999,0,0,0,0,0,0,0,0,0,0
360095,2,1,1999,0,0,0,0,0,0,0,0,0,0
360096,1,1,1999,0,0,0,0,0,0,0,0,0,0
360096,2,1,1999,0,0,0,0,0,0,0,0,0,0
360097,1,1,1999,0,0,0,0,0,22,0,0,0,0
360097,2,1,1999,0,0,0,0,0,0,0,0,0,0
360098,1,1,1999,0,0,0,0,0,0,0,0,0,0
360098,2,1,1999,0,0,0,0,0,0,0,0,0,0
360099,1,1,1999,0,0,0,0,0,0,0,0,0,0
360099,2,1,1999,4,0,0,0,0,0,0,0,0,0
360100,1,1,1999,0,0,0,0,0,0,0,0,0,0
360101,1,1,1999,12,20,11,9,21,2,8,38,33,5
360102,1,1,1999,0,0,0,0,0,0,0,0,0,0
360103,1,1,1999,13,0,9,0,0,0,0,0,16,0
360104,1,5,1999,0,35,23,17,0,24,0,0,10,29
360105,1,1,1999,0,0,0,0,0,0,0,0,0,0
360105,2,1,1999,0,0,0,0,0,0,0,0,0,0
360106,0,1,1999,0,0,0,0,0,0,0,0,0,0
360106,1,1,1999,0,0,0,0,0,0,0,0,0,0
360107,1,1,1999,0,13,0,0,0,0,0,0,0,0
360107,2,1,1999,14,14,14,14,14,14,14,14,14,14
360107,3,1,1999,1,1,1,1,1,1,1,1,1,1
360108,1,1,1999,20,22,16,19,21,14,18,8,13,14
360109,1,1,1999,0,0,0,0,0,0,0,0,0,0
360109,2,1,1999,0,0,0,0,0,0,0,0,0,0
360110,0,1,1999,0,0,0,0,0,0,0,0,0,0
360110,1,1,1999,0,0,0,0,0,0,0,0,0,0
360111,0,1,1999,0,0,0,0,0,0,0,0,0,0
360111,1,1,1999,0,0,0,0,0,0,0,0,0,0
360112,1,1,1999,1,1,1,1,1,1,1,1,1,1
360113,1,1,1999,0,0,0,0,0,0,0,0,0,0
360114,1,1,1999,22,22,22,22,22,22,22,22,22,22
360115,1,1,1999,0,0,0,0,0,0,0,0,0,0
360116,1,1,1999,20,20,20,20,20,20,20,20,20,20
360117,1,1,1999,0,0,6,0,0,0,0,0,0,0
360118,1,1,1999,17,17,17,17,17,17,17,17,17,17
360119,1,1,1999,0,0,0,0,0,0,0,0,0,0
360119,2,1,1999,0,0,0,0,0,0,0,0,0,0
360120,1,1,1999,0,0,0,0,0,0,0,0,0,0
360120,2,1,1999,0,0,0,0,0,0,0,0,0,0
360121,1,1,1999,0,0,0,0,0,0,0,0,0,0
360121,2,1,1999,0,0,0,0,0,0,0,0,0,0
360122,1,1,1999,21,22,15,0,8,0,0,0,0,0
360123,1,1,1999,0,0,0,0,0,0,0,0,0,0
360124,0,1,1999,0,0,0,0,0,0,0,0,0,0
360124,1,1,1999,0,0,0,0,0,0,0,0,0,0
360125,1,1,1999,0,0,0,0,0,0,0,14,0,0
360125,2,1,1999,0,0,0,0,0,0,0,0,0,0
360126,1,1,1999,0,0,0,0,0,0,0,0,0,0
360127,1,1,1999,0,0,0,0,0,0,0,0,0,0
360127,2,1,1999,0,0,0,0,0,0,0,0,0,0
360128,1,1,1999,0,0,0,0,0,0,0,0,0,0
360128,2,1,1999,0,0,0,0,0,0,0,0,0,0
360128,3,1,1999,0,0,0,0,0,0,0,0,0,0
360128,4,1,1999,0,0,0,0,0,0,0,0,0,0
360129,1,1,1999,0,0,0,0,0,0,0,0,0,0
360129,2,1,1999,0,0,0,0,0,0,0,0,0,0
360130,1,1,1999,0,0,29,0,0,0,0,22,0,0
360131,0,1,1999,0,0,0,0,0,0,0,0,0,0
360131,1,1,1999,0,0,0,0,0,0,0,0,0,0
360132,0,1,1999,0,18,11,0,0,23,23,21,5,0
360132,1,1,1999,0,0,0,0,0,0,0,0,0,0
360133,0,1,1999,0,0,0,0,0,0,0,0,0,0
360133,1,1,1999,0,0,0,0,0,0,0,15,0,0
360134,1,1,1999,0,0,0,0,31,9,0,0,0,8
360135,1,1,1999,0,0,0,0,0,0,0,0,0,0
360135,2,1,1999,0,0,0,0,0,0,0,0,0,0
360136,0,1,1999,0,0,0,0,0,14,0,0,0,0
360136,1,1,1999,0,0,0,0,0,0,0,0,0,0
360137,1,1,1999,10,37,14,8,0,15,0,16,33,21
360138,1,1,1999,12,12,12,12,12,12,12,12,12,12
360139,1,1,1999,20,20,20,20,20,20,20,20,20,20
360140,0,1,1999,0,0,0,0,0,0,0,0,0,0
360140,1,1,1999,0,0,0,0,0,0,0,0,0,0
360141,0,1,1999,0,0,0,0,0,0,0,0,0,0
360141,1,1,1999,0,0,0,0,0,0,0,0,0,0
360142,1,1,1999,3,3,3,3,3,3,3,3,3,3
360142,2,1,1999,0,0,0,0,0,0,0,0,0,0
360142,3,1,1999,0,0,0,0,11,0,0,0,0,0
360143,1,1,1999,15,13,14,12,14,18,15,16,26,4
360143,2,1,1999,0,0,0,0,0,0,0,0,0,0
360143,3,1,1999,0,0,0,0,0,0,0,0,0,0
360144,0,1,1999,0,25,0,0,26,0,0,0,0,0
360144,1,1,1999,0,0,0,0,0,0,0,0,0,0
360145,1,1,1999,0,0,0,0,0,0,0,0,0,0
360146,1,1,1999,0,0,0,0,0,0,0,0,0,0
360146,2,1,1999,0,0,0,0,0,0,0,0,0,0
360147,0,1,1999,0,0,0,0,0,0,0,0,0,0
360147,1,1,1999,0,0,0,0,0,0,0,0,0,0
360147,2,1,1999,0,0,0,0,0,0,0,0,0,0
360147,3,1,1999,0,0,0,0,0,0,0,0,0,0
360148,1,1,1999,0,0,0,0,0,0,15,0,0,0
360148,2,1,1999,0,0,0,0,0,0,0,0,0,0
360149,0,1,1999,0,0,0,0,0,0,0,0,0,0
360149,1,1,1999,0,0,0,0,0,0,0,0,0,0
360150,1,1,1999,0,0,0,0,0,0,0,0,0,0
360150,2,1,1999,0,0,0,0,0,0,0,0,0,0
360150,3,1,1999,0,0,0,0,0,0,0,0,0,0
360151,1,1,1999,0,0,0,0,0,0,0,0,0,0
360151,2,1,1999,0,0,0,0,0,0,0,0,0,0
360151,3,1,1999,0,0,0,0,0,0,0,0,0,0
360152,0,1,1999,26,26,26,26,26,26,26,26,26,26
360152,1,1,1999,0,0,0,0,0,0,0,0,0,0
360153,1,1,1999,0,0,0,0,0,0,0,0,0,0
360153,2,1,1999,0,0,0,0,0,0,0,0,0,0
360154,1,1,1999,0,0,0,0,0,0,0,0,0,0
360155,1,1,1999,0,16,0,0,0,0,0,0,0,0
360156,1,1,1999,0,0,6,0,0,11,0,32,18,0
360157,1,1,1999,0,11,0,14,0,0,16,12,0,0
360158,1,1,1999,20,20,20,20,20,20,20,20,20,20
360159,1,1,1999,0,0,0,0,0,0,0,0,0,0
360159,2,1,1999,0,0,0,0,0,0,0,0,0,0
360160,0,1,1999,0,0,0,0,0,0,0,0,0,0
360160,1,1,1999,0,0,0,0,0,0,0,0,0,0
360161,1,1,1999,0,0,0,0,0,0,0,0,0,0
360161,2,1,1999,0,0,0,0,0,0,0,0,0,0
360162,1,1,1999,0,0,0,0,0,0,0,0,0,0
360162,2,1,1999,0,0,0,0,0,0,0,0,0,0
360163,1,1,1999,0,0,0,0,0,0,0,0,17,0
360163,2,1,1999,0,0,0,0,0,0,0,0,0,0
360164,1,1,1999,0,0,0,0,0,0,0,0,0,0
360164,2,1,1999,0,0,0,0,0,0,0,0,0,0
360165,1,1,1999,15,4,20,0,15,0,25,11,11,11
360166,1,1,1999,0,0,0,0,0,0,0,0,0,0
360167,1,1,1999,0,0,0,0,0,0,0,0,20,0
360167,2,1,1999,13,20,25,34,29,9,20,8,13,23
360168,1,1,1999,0,0,0,0,0,0,0,0,0,0
360168,2,1,1999,0,0,0,0,0,0,0,0,0,0
360169,0,1,1999,0,0,0,0,0,0,0,0,0,0
360169,1,1,1999,0,0,0,0,0,0,0,0,0,0
360170,1,1,1999,18,17,23,15,0,11,15,22,5,30
360171,1,1,1999,4,4,4,4,4,4,4,4,4,4
360172,1,1,1999,0,10,0,20,14,11,0,0,0,0
360173,0,1,1999,0,0,0,0,0,0,0,0,0,0
360173,1,1,1999,0,0,0,0,0,0,0,0,0,0
360174,1,1,1999,0,0,0,0,0,0,0,0,0,0
360174,2,1,1999,0,9,19,5,7,22,21,8,6,0
360175,1,1,1999,11,11,11,11,11,11,11,11,11,11
360176,1,1,1999,0,0,8,0,0,0,0,0,0,0
360177,1,1,1999,0,0,0,0,0,0,0,0,0,0
360177,2,1,1999,0,0,0,0,0,0,0,0,0,0
360178,1,1,1999,0,0,0,11,0,0,0,0,13,0
360179,0,1,1999,0,0,0,0,0,0,0,0,0,0
360179,1,1,1999,0,0,0,0,0,0,0,0,0,0
360180,0,1,1999,0,0,0,0,0,0,0,0,0,0
360180,1,1,1999,0,0,0,0,0,0,0,0,0,0
360181,1,1,1999,0,15,0,0,0,0,0,0,0,0
360182,0,1,1999,0,0,0,0,0,0,0,0,0,0
360182,1,1,1999,0,0,0,7,0,0,0,0,0,0
360183,0,1,1999,0,0,0,0,0,0,0,0,25,0
360183,1,1,1999,0,0,0,0,0,0,0,0,0,0
360184,1,1,1999,19,19,19,19,19,19,19,19,19,19
360184,2,1,1999,0,0,0,0,0,0,0,0,0,0
360185,1,1,1999,0,0,0,0,0,0,0,0,0,0
360185,2,1,1999,0,0,0,0,0,0,0,0,0,0
360186,1,1,1999,3,3,3,3,3,3,3,3,3,3
360187,1,1,1999,2,2,2,2,2,2,2,2,2,2
360188,0,1,1999,3,3,3,3,3,3,3,3,3,3
360188,1,1,1999,0,0,0,0,0,0,0,0,0,0
360189,1,1,1999,0,0,0,0,0,0,0,0,0,0
360189,2,1,1999,0,0,0,0,0,0,0,0,0,0
360190,1,1,1999,0,0,0,0,0,0,0,0,0,0
360190,2,1,1999,0,15,17,8,5,8,0,16,8,11
360191,1,1,1999,12,12,12,12,12,12,12,12,12,12
360192,0,1,1999,0,15,0,0,0,0,0,0,0,0
360192,1,1,1999,0,0,0,0,0,0,0,0,0,0
360193,1,1,1999,24,24,24,24,24,24,24,24,24,24
360193,2,1,1999,0,0,0,0,0,0,0,0,0,0
360194,0,1,1999,0,0,0,0,0,0,0,0,0,0
360194,1,1,1999,0,0,0,0,0,0,0,0,0,0
360194,2,1,1999,0,0,0,0,0,0,0,0,0,0
360194,3,1,1999,0,0,0,0,0,0,0,0,0,0
360195,1,1,1999,0,0,0,0,0,0,0,0,0,0
360195,2,1,1999,0,0,0,0,0,0,0,0,0,0
360196,0,1,1999,0,21,0,0,0,30,25,0,0,0
360196,1,1,1999,0,0,0,0,0,0,0,0,0,0
360198,1,1,1999,0,0,0,0,0,0,0,0,0,0
360199,1,1,1999,18,18,18,18,18,18,18,18,18,18
360200,1,1,1999,0,0,0,0,0,0,0,0,0,0
360201,1,1,1999,0,0,0,0,0,0,0,0,0,0
360201,2,1,1999,0,0,0,0,0,0,0,0,0,0
360201,3,1,1999,0,0,0,0,0,0,0,0,0,0
360202,1,1,1999,0,0,0,0,0,0,0,0,0,0
360203,0,1,1999,0,9,26,0,25,10,33,15,18,0
360203,1,1,1999,0,0,0,0,0,0,0,0,0,0
360204,1,1,1999,0,0,0,0,0,0,0,0,0,0
360205,1,1,1999,0,0,0,0,0,0,0,0,0,0
360205,2,1,1999,0,0,0,0,0,0,0,0,0,0
360206,1,1,1999,0,0,0,10,0,0,0,0,0,0
360206,2,1,1999,0,0,0,0,0,0,0,0,0,0
360206,3,1,1999,0,0,0,0,0,0,0,0,0,0
360207,1,1,1999,0,0,0,0,0,0,0,0,0,0
360207,2,1,1999,0,0,0,0,0,0,0,0,0,0
360208,1,1,1999,0,0,0,0,0,0,0,0,0,0
360208,2,1,1999,0,0,0,0,0,0,0,0,0,0
360209,0,1,1999,4,4,4,4,4,4,4,4,4,4
360209,1,1,1999,0,0,0,10,0,0,10,0,0,0
360210,1,1,1999,0,0,0,0,0,0,0,0,0,0
360211,1,1,1999,0,0,0,0,0,0,0,0,0,0
360212,0,1,1999,0,0,0,0,0,0,0,0,0,0
360212,1,1,1999,0,0,0,0,0,0,0,0,0,0
360213,1,1,1999,23,23,23,23,23,23,23,23,23,23
360214,0,1,1999,0,0,0,0,0,0,0,0,0,0
360214,1,1,1999,0,0,0,0,0,0,0,0,0,0
360215,1,1,1999,5,5,5,5,5,5,5,5,5,5
360216,1,1,1999,0,0,0,0,0,0,0,0,0,0
360217,1,1,1999,0,0,0,0,0,0,0,0,0,0
360218,1,1,1999,16,16,16,16,16,16,16,16,16,16
360219,0,1,1999,0,14,18,0,32,0,0,0,0,23
360219,1,1,1999,0,0,0,0,0,0,0,0,0,0
360220,1,1,1999,28,28,28,28,28,28,28,28,28,28
360221,0,1,1999,9,9,9,9,9,9,9,9,9,9
360221,0,2,1999,0,36,34,14,0,25,0,0,7,0
360221,1,1,1999,0,0,0,0,0,0,0,0,0,0
360222,0,2,1999,0,21,3,0,0,0,0,27,0,10
360222,1,1,1999,0,0,0,0,0,0,0,0,0,0
360222,2,1,1999,0,0,0,0,0,0,0,0,0,0
360223,1,1,1999,23,23,23,23,23,23,23,23,23,23
360223,2,1,1999,0,0,0,0,0,0,0,0,0,0
360224,0,1,1999,0,0,0,0,0,0,0,0,0,0
360224,1,1,1999,0,0,0,0,0,0,0,0,0,0
360225,1,1,1999,0,0,0,9,0,0,0,0,0,0
360225,2,1,1999,0,0,0,0,0,0,0,0,0,0
360226,1,1,1999,0,0,0,0,0,0,0,0,0,0
360226,2,1,1999,0,0,0,14,0,0,0,0,0,0
360227,1,1,1999,0,0,0,0,0,0,0,0,0,0
360228,1,1,1999,8,8,8,8,8,8,8,8,8,8
360228,2,1,1999,10,10,12,18,11,16,18,27,23,12
360229,1,1,1999,0,0,0,0,0,0,0,0,0,0
360229,2,1,1999,0,0,0,0,0,0,0,12,0,0
360230,1,1,1999,0,23,14,18,15,9,30,16,25,25
360231,1,1,1999,18,18,18,18,18,18,18,18,18,18
360231,3,1,1999,0,0,0,0,0,0,0,0,0,0
360232,0,1,1999,0,0,0,0,0,0,6,0,0,0
360232,1,1,1999,20,18,20,12,23,17,9,22,16,9
360233,1,1,1999,0,0,0,0,0,0,0,0,0,2
360234,1,1,1999,1,1,1,1,1,1,1,1,1,1
360234,2,1,1999,0,0,0,0,0,0,0,0,0,0
360235,0,1,1999,0,0,0,0,0,0,0,0,0,0
360235,1,1,1999,0,0,0,0,0,0,0,0,0,0
360236,1,1,1999,0,0,0,0,0,0,0,0,0,0
360236,2,1,1999,0,0,0,0,0,0,0,0,0,0
360237,0,1,1999,3,3,3,3,3,3,3,3,3,3
360237,1,1,1999,0,0,0,0,0,0,0,0,0,0
360238,0,1,1999,0,0,0,0,0,0,0,0,0,0
360238,1,1,1999,0,0,0,0,0,0,0,0,0,0
360239,1,1,1999,0,0,0,0,0,0,0,0,0,0
360239,2,1,1999,0,0,0,0,0,0,0,0,0,0
360240,0,1,1999,7,7,7,7,7,7,7,7,7,7
360240,1,1,1999,0,0,0,0,0,0,0,0,0,0
360241,1,1,1999,0,0,0,0,0,0,0,0,0,0
360241,2,1,1999,0,0,0,0,0,15,0,0,0,7
360241,3,1,1999,0,0,0,0,0,0,0,0,0,10
360242,0,1,1999,25,25,25,25,25,25,25,25,25,25
360242,1,1,1999,0,0,0,0,0,0,0,0,0,0
360243,0,1,1999,0,0,0,0,0,0,0,0,0,0
360243,1,1,1999,0,0,0,0,0,0,0,0,0,0
360244,1,1,1999,0,0,0,0,0,0,0,0,0,0
360245,1,1,1999,2,2,2,2,2,2,2,2,2,2
360246,1,1,1999,0,0,11,0,0,0,0,0,18,0
360247,0,1,1999,0,0,0,0,0,0,0,0,0,0
360247,1,1,1999,0,0,0,0,0,0,0,0,0,0
360248,0,1,1999,0,0,0,0,0,0,0,0,0,0
360248,1,1,1999,0,0,0,0,0,0,0,0,0,0
360249,0,1,1999,0,0,0,0,0,0,0,0,0,0
360249,1,1,1999,0,0,0,0,0,0,0,0,0,0
360250,0,1,1999,0,0,0,0,0,0,0,0,0,0
360250,1,1,1999,0,0,0,0,0,0,0,0,0,0
360251,1,1,1999,0,12,8,0,0,0,0,0,24,0
360251,2,1,1999,0,0,0,0,0,0,0,0,0,0
360252,1,1,1999,13,13,13,13,13,13,13,13,13,13
360253,1,1,1999,0,0,0,0,0,0,0,0,0,0
360254,1,1,1999,0,0,0,0,0,0,0,0,0,0
360254,2,1,1999,0,0,0,0,0,0,0,0,0,0
360255,1,1,1999,0,0,0,0,0,0,0,0,0,0
360256,1,1,1999,0,0,21,27,0,0,10,15,30,0
360257,0,1,1999,0,0,0,0,0,0,0,0,0,0
360257,1,1,1999,0,0,0,0,0,0,0,0,0,0
360258,0,1,1999,0,0,0,0,0,0,0,0,0,0
360258,1,1,1999,0,0,0,0,0,0,0,0,0,0
360259,1,1,1999,0,0,20,0,0,0,0,0,0,17
360260,1,1,1999,0,0,0,0,0,0,0,0,0,0
360260,2,1,1999,0,0,0,0,0,0,0,0,0,8
360260,3,1,1999,0,0,0,0,0,0,0,0,0,0
360260,4,1,1999,0,0,0,0,0,0,0,0,0,0
360260,5,1,1999,0,0,0,0,0,0,0,0,0,0
360261,1,1,1999,0,12,7,0,0,0,0,0,0,0
360261,2,1,1999,15,13,9,25,11,6,17,8,13,16
360262,1,1,1999,0,0,0,0,0,0,0,0,0,0
360262,2,1,1999,0,0,0,0,0,0,0,10,0,0
360263,1,1,1999,0,0,0,0,0,0,0,0,0,0
360263,2,1,1999,0,0,0,0,0,0,0,0,0,0
360264,1,1,1999,0,0,0,0,0,0,0,0,0,0
360265,1,1,1999,14,14,14,14,14,14,14,14,14,14
360265,2,1,1999,0,0,0,0,0,0,0,0,0,0
360265,3,1,1999,0,0,0,0,0,0,0,0,0,0
360266,0,1,1999,0,0,0,0,0,0,0,0,0,0
360266,1,1,1999,0,0,0,0,0,0,0,0,0,0
360267,1,1,1999,0,0,0,0,0,0,0,0,0,0
360267,2,1,1999,0,0,0,0,0,0,0,0,0,0
360268,1,1,1999,0,0,0,0,0,0,0,0,0,0
360268,2,1,1999,0,0,0,0,0,0,4,0,0,0
360269,1,1,1999,0,0,0,0,0,0,0,0,0,0
360269,2,1,1999,0,0,0,0,0,0,0,0,0,0
360270,0,1,1999,0,0,0,0,0,0,0,0,0,0
360270,1,1,1999,0,0,0,0,0,0,0,0,0,0
360271,1,1,1999,0,0,0,0,0,0,0,0,0,0
360271,2,1,1999,0,0,0,0,0,0,0,0,0,0
360272,1,1,1999,0,0,0,0,0,0,0,4,0,0
360272,2,1,1999,0,0,31,0,0,0,0,0,0,0
360273,0,1,1999,0,0,0,0,0,0,0,0,0,0
360273,1,1,1999,0,0,0,0,0,0,0,0,0,0
360274,1,1,1999,0,0,0,0,0,0,0,0,0,0
360274,2,1,1999,0,0,0,0,0,0,0,0,0,0
360275,1,1,1999,0,0,0,0,0,0,0,0,0,0
360275,2,1,1999,0,0,0,0,0,0,0,0,0,0
360276,1,1,1999,0,0,0,0,0,0,0,0,0,0
360276,2,1,1999,0,0,0,0,0,0,0,0,0,0
360277,1,1,1999,8,8,8,8,8,8,8,8,8,8
360278,1,1,1999,0,0,0,0,0,0,0,0,0,0
360279,1,1,1999,29,29,29,29,29,29,29,29,29,29
360280,0,1,1999,0,0,0,0,0,0,0,0,0,0
360280,1,1,1999,0,0,0,0,0,0,0,0,0,0
360281,1,1,1999,0,0,0,0,0,0,0,0,0,0
360282,0,1,1999,0,0,0,0,0,0,0,0,0,0
360282,1,1,1999,0,0,0,0,0,0,0,0,0,0
360283,0,1,1999,0,0,0,0,0,21,0,0,0,0
360283,1,1,1999,0,0,0,0,0,0,0,0,0,0
360284,0,1,1999,0,0,0,0,0,0,0,0,0,0
360284,1,1,1999,13,13,13,13,13,13,13,13,13,13
360285,1,1,1999,0,0,0,0,0,0,0,0,0,0
360285,2,1,1999,0,0,0,0,0,0,0,0,0,0
360286,1,1,1999,0,0,0,0,0,0,0,0,0,0
360286,2,1,1999,0,0,0,0,0,0,0,0,0,0
360287,0,1,1999,17,17,17,17,17,17,17,17,17,17
360287,1,1,1999,0,0,0,0,0,0,0,0,0,0
360288,0,1,1999,0,0,0,0,0,0,0,0,0,0
360288,1,1,1999,0,0,0,0,0,0,0,0,0,0
360289,1,1,1999,0,0,0,0,0,0,0,0,0,0
360289,2,1,1999,0,0,0,0,0,0,0,0,0,0
360290,0,1,1999,9,9,9,9,9,9,9,9,9,9
360290,1,1,1999,8,0,0,23,0,0,0,26,0,0
360291,0,1,1999,0,0,0,0,0,0,0,0,0,0
360291,1,1,1999,0,0,0,0,0,0,0,0,0,0
360292,1,1,1999,0,0,0,0,0,0,0,0,0,0
360292,2,1,1999,0,0,0,0,0,0,0,0,0,0
360292,3,1,1999,0,0,0,0,0,0,0,0,0,0
360293,1,1,1999,0,0,0,0,0,0,0,0,0,0
360293,2,1,1999,0,0,0,0,0,0,0,0,0,0
360293,3,1,1999,0,0,0,0,0,0,0,0,0,0
360293,4,1,1999,0,0,0,0,0,0,10,0,0,0
360294,0,1,1999,0,0,0,0,0,0,0,0,0,0
360294,1,1,1999,0,0,0,0,0,0,0,0,0,0
360295,0,1,1999,0,0,0,0,0,0,0,0,0,0
360295,1,1,1999,0,0,0,0,0,0,0,0,0,0
360296,0,1,1999,20,20,20,20,20,20,20,20,20,20
360296,1,1,1999,13,7,14,12,9,11,12,4,3,8
360297,1,1,1999,0,0,0,0,0,0,0,0,0,0
360297,2,1,1999,0,0,0,0,0,0,0,0,0,0
360298,0,1,1999,0,0,0,0,0,0,0,0,0,0
360298,1,1,1999,0,0,0,0,0,0,0,0,0,0
360299,1,1,1999,0,0,0,0,0,0,0,0,0,0
360299,2,1,1999,0,25,10,13,4,20,0,26,10,0
360300,1,1,1999,0,11,0,0,0,0,0,17,0,0
360301,1,1,1999,0,0,0,0,0,0,0,0,0,0
360302,0,1,1999,5,5,5,5,5,5,5,5,5,5
360302,1,1,1999,0,0,0,0,0,0,0,0,0,0
360303,1,1,1999,19,19,19,19,19,19,19,19,19,19
360304,1,1,1999,14,10,14,10,12,29,22,18,11,0
360305,1,1,1999,0,0,6,0,0,0,0,11,0,0
360305,2,1,1999,0,0,0,0,0,0,0,0,0,0
360306,1,1,1999,0,0,0,0,0,0,0,0,0,0
360306,2,1,1999,0,0,0,0,0,0,0,0,0,0
360307,1,1,1999,0,0,0,0,0,0,0,0,0,0
360307,2,1,1999,0,0,0,0,0,0,0,0,0,0
360308,1,1,1999,27,27,27,27,27,27,27,27,27,27
360309,1,1,1999,0,7,0,0,0,0,0,0,0,0
360310,1,1,1999,12,12,12,12,12,12,12,12,12,12
360311,1,1,1999,0,0,0,0,0,0,0,0,0,0
360311,2,1,1999,0,0,25,0,0,0,0,0,0,0
360312,1,1,1999,33,33,33,33,33,33,33,33,33,33
360312,2,1,1999,0,0,0,0,0,0,0,0,0,0
360313,1,1,1999,4,4,4,4,4,4,4,4,4,4
360314,1,1,1999,8,8,8,8,8,8,8,8,8,8