ST_CASE,VEH_NO,PER_NO,YEAR,P1,P2,P3,P4,P5,P6,P7,P8,P9,P10
360315,0,1,1999,0,0,0,0,0,0,0,0,0,0
360315,1,1,1999,0,0,0,0,0,0,0,0,0,0
360316,1,1,1999,0,0,0,0,0,0,0,0,0,0
360316,2,1,1999,0,0,0,0,0,0,0,0,0,0
360317,1,1,1999,4,4,4,4,4,4,4,4,4,4
360318,1,1,1999,4,4,4,4,4,4,4,4,4,4
360319,1,1,1999,15,15,15,15,15,15,15,15,15,15
360320,0,1,1999,0,0,0,0,0,0,0,0,0,0
360320,1,1,1999,0,0,0,0,0,0,0,0,0,0
360321,1,1,1999,0,11,0,0,13,0,0,10,20,0
360322,1,1,1999,18,18,18,18,18,18,18,18,18,18
360323,1,1,1999,0,0,0,0,0,0,0,0,0,0
360324,1,1,1999,0,0,0,0,0,0,0,0,0,0
360324,2,1,1999,0,0,0,0,0,0,0,0,0,0
360325,1,1,1999,22,22,22,22,22,22,22,22,22,22
360326,1,1,1999,12,12,12,12,12,12,12,12,12,12
360327,1,1,1999,20,20,20,20,20,20,20,20,20,20
360328,1,1,1999,17,17,17,17,17,17,17,17,17,17
360329,0,1,1999,0,0,0,0,0,0,0,0,0,0
360329,1,1,1999,0,0,0,0,0,0,0,0,0,0
360330,1,1,1999,20,20,20,20,20,20,20,20,20,20
360331,1,1,1999,26,26,26,26,26,26,26,26,26,26
360332,1,1,1999,0,0,0,0,0,0,0,0,0,0
360332,2,1,1999,27,27,27,27,27,27,27,27,27,27
360333,1,1,1999,0,0,0,0,0,0,0,0,0,0
360333,2,1,1999,0,0,0,0,0,0,0,0,0,0
360334,1,1,1999,0,0,0,0,0,0,0,0,0,0
360334,2,1,1999,0,0,0,0,0,0,0,0,0,0
360335,1,1,1999,0,0,0,0,0,0,0,0,0,0
360335,2,1,1999,14,0,0,0,0,0,4,0,0,0
360336,1,1,1999,13,5,8,9,6,8,10,21,17,0
360336,2,1,1999,0,0,0,0,0,0,0,0,0,0
360337,1,1,1999,0,0,0,0,0,0,0,0,0,0
360337,2,1,1999,0,0,0,0,0,0,0,0,0,0
360338,1,1,1999,0,0,0,0,0,0,0,0,0,0
360338,2,1,1999,0,0,0,9,0,3,0,0,0,0
360339,1,1,1999,19,19,19,19,19,19,19,19,19,19
360340,1,1,1999,0,0,0,0,0,0,0,0,0,0
360341,1,1,1999,0,0,0,0,0,0,12,0,0,0
360341,2,1,1999,9,0,0,0,0,0,0,0,0,0
360342,0,1,1999,0,0,0,0,12,0,0,0,0,21
360342,0,2,1999,0,0,0,0,0,18,6,11,0,0
360342,0,3,1999,0,0,0,0,0,0,0,0,0,0
360342,1,1,1999,0,0,0,0,0,0,0,3,0,0
360343,1,1,1999,0,0,0,0,0,0,0,0,0,0
360343,2,1,1999,0,22,0,0,15,0,0,15,0,0
360343,3,1,1999,0,0,0,0,0,0,0,0,0,0
360344,0,1,1999,0,0,0,16,0,38,34,0,0,13
360344,1,1,1999,0,0,0,0,0,0,0,0,0,0
360345,1,1,1999,0,0,0,0,0,0,0,0,0,0
360345,2,1,1999,0,0,0,0,0,0,0,0,0,0
360346,1,1,1999,0,0,0,0,0,0,0,0,0,0
360346,2,1,1999,0,0,0,0,0,0,0,0,0,0
360347,1,1,1999,0,0,0,0,0,0,0,0,0,0
360347,2,1,1999,0,0,0,0,0,0,0,0,0,0
360348,1,1,1999,0,0,0,0,0,0,0,0,0,0
360348,2,1,1999,0,0,0,0,0,0,0,0,0,0
360349,1,1,1999,0,0,0,0,0,0,0,0,0,0
360350,0,1,1999,0,0,0,0,0,0,0,0,0,0
360350,1,1,1999,0,0,0,0,0,0,0,0,0,10
360351,0,1,1999,32,32,32,32,32,32,32,32,32,32
360351,1,1,1999,0,0,0,0,0,35,0,0,23,0
360352,0,1,1999,0,21,19,0,10,0,0,0,0,19
360352,1,1,1999,13,0,0,0,0,0,0,0,0,0
360353,0,1,1999,0,0,0,18,0,0,0,24,39,0
360353,1,1,1999,13,9,21,39,18,9,27,7,4,21
360354,1,1,1999,0,0,0,0,0,0,0,0,0,0
360355,1,1,1999,0,0,0,0,0,0,0,0,0,0
360355,2,1,1999,0,0,0,0,0,0,0,3,0,0
360356,1,1,1999,0,0,0,0,0,0,0,0,0,0
360356,2,1,1999,0,0,0,0,0,0,0,0,0,0
360357,0,1,1999,0,0,0,0,0,0,0,0,0,0
360357,1,1,1999,0,0,0,0,0,0,0,0,0,0
360358,1,1,1999,0,0,0,0,0,0,0,0,0,0
360359,0,1,1999,0,0,0,34,0,0,0,17,0,0
360359,1,1,1999,0,0,0,0,0,0,0,0,0,0
360360,1,1,1999,21,21,21,15,14,22,14,9,11,22
360361,1,1,1999,0,0,0,0,0,0,0,0,0,0
360361,2,1,1999,0,0,0,0,0,0,0,0,0,0
360362,1,1,1999,0,0,0,0,0,0,0,0,0,0
360362,2,1,1999,0,0,0,0,0,0,0,0,0,0
360363,1,1,1999,0,0,0,0,0,0,0,0,0,0
360363,2,1,1999,24,24,24,24,24,24,24,24,24,24
360364,1,1,1999,0,0,0,0,0,0,0,0,0,0
360364,2,1,1999,0,0,0,0,0,0,0,0,0,0
360364,3,1,1999,0,0,0,0,0,0,0,0,0,0
360365,1,1,1999,0,0,0,0,0,0,0,0,0,0
360365,2,1,1999,0,0,0,0,0,0,0,0,0,10
360366,1,1,1999,10,8,19,0,18,0,6,0,8,0
360366,2,1,1999,0,0,0,0,0,0,0,0,0,0
360367,0,1,1999,0,0,0,0,0,0,0,0,0,0
360367,1,1,1999,0,0,0,0,0,12,0,0,0,0
360368,1,1,1999,0,0,0,0,0,0,0,0,0,0
360368,2,1,1999,0,0,0,0,0,0,0,0,0,0
360369,1,1,1999,0,0,0,0,0,0,0,0,0,0
360369,2,1,1999,0,0,0,0,0,0,0,0,0,0
360370,0,1,1999,0,0,0,0,0,0,0,0,0,0
360370,0,2,1999,0,0,0,0,6,12,0,0,0,0
360370,1,1,1999,9,14,8,19,8,15,14,13,16,20
360371,1,1,1999,14,11,24,13,7,18,15,0,10,12
360371,2,1,1999,0,0,0,0,0,0,0,21,0,0
360372,1,1,1999,0,0,0,0,0,0,0,0,0,0
360372,2,1,1999,0,0,0,0,0,0,0,0,0,0
360373,0,1,1999,32,32,32,32,32,32,32,32,32,32
360373,1,1,1999,25,26,0,0,0,17,18,0,0,0
360374,0,1,1999,12,0,0,0,35,0,0,0,0,0
360374,1,1,1999,0,0,0,7,0,19,0,0,0,0
360375,0,1,1999,0,0,0,0,0,0,0,0,0,0
360375,1,1,1999,0,0,0,0,0,0,0,0,0,0
360376,1,1,1999,20,20,20,20,20,20,20,20,20,20
360377,0,1,1999,0,0,0,0,0,0,0,0,0,0
360377,1,1,1999,0,0,16,0,0,0,4,0,0,0
360378,1,1,1999,20,7,4,10,14,9,16,0,0,10
360378,2,1,1999,0,0,0,0,0,0,0,0,0,0
360379,0,1,1999,0,0,0,0,0,0,0,0,0,0
360379,1,1,1999,0,0,0,0,0,0,0,0,0,0
360380,1,1,1999,0,11,0,0,0,12,0,0,7,0
360381,1,1,1999,0,0,0,0,0,0,0,0,0,0
360382,1,1,1999,0,0,0,0,0,0,0,0,0,0
360382,2,1,1999,0,0,0,0,0,0,3,0,0,0
360383,1,1,1999,0,0,0,0,0,0,0,0,0,0
360383,2,1,1999,29,29,29,29,29,29,29,29,29,29
360384,1,1,1999,0,0,0,0,0,0,0,0,0,0
360385,1,1,1999,0,0,0,0,0,0,0,0,0,0
360385,2,1,1999,9,0,0,0,9,0,0,0,5,0
360385,3,1,1999,0,0,0,13,23,0,17,17,0,0
360386,1,1,1999,1,1,1,1,1,1,1,1,1,1
360386,2,1,1999,0,0,0,0,8,0,0,0,0,0
360387,0,1,1999,0,0,0,0,0,0,0,0,0,0
360387,1,1,1999,0,0,0,0,0,0,0,0,0,0
360388,1,1,1999,0,0,0,0,0,0,0,13,0,0
360388,2,1,1999,0,0,0,0,0,0,0,0,0,0
360388,3,1,1999,0,0,0,0,0,0,0,0,0,0
360389,1,1,1999,21,21,21,21,21,21,21,21,21,21
360390,1,1,1999,9,9,9,9,9,9,9,9,9,9
360391,1,1,1999,0,0,0,0,0,0,0,0,0,0
360392,0,1,1999,0,0,0,0,0,0,0,0,0,0
360392,1,1,1999,0,0,0,7,0,0,0,0,10,0
360393,1,1,1999,0,0,0,0,0,0,0,0,0,0
360393,2,1,1999,0,0,0,0,0,0,0,0,0,0
360394,1,1,1999,19,33,24,3,0,14,9,18,22,12
360395,1,1,1999,0,0,0,0,0,0,0,0,0,0
360395,2,1,1999,0,0,0,0,0,0,0,0,0,0
360396,1,1,1999,20,20,20,20,20,20,20,20,20,20
360397,1,1,1999,0,0,0,0,0,0,0,0,0,0
360397,2,1,1999,0,0,0,0,0,0,14,0,0,0
360398,0,1,1999,0,0,0,0,0,0,0,0,0,0
360398,1,1,1999,0,0,0,0,0,0,0,0,0,10
360399,1,1,1999,0,0,0,0,0,17,0,0,17,0
360399,2,1,1999,0,0,0,0,0,0,0,0,0,0
360400,1,1,1999,19,19,19,19,19,19,19,19,19,19
360401,1,1,1999,21,18,15,18,18,13,15,23,5,13
360402,0,1,1999,0,0,0,0,0,0,0,0,0,0
360402,1,1,1999,0,0,0,0,0,0,0,0,0,0
360403,1,1,1999,0,0,0,0,0,0,0,0,0,0
360403,2,1,1999,0,0,0,0,0,0,0,0,0,0
360404,1,1,1999,0,0,0,0,0,0,0,0,0,0
360404,2,1,1999,0,0,0,0,0,0,0,0,0,0
360405,1,1,1999,11,19,16,20,18,12,15,4,9,40
360406,1,1,1999,0,0,0,0,0,0,0,0,0,0
360407,0,1,1999,0,0,7,0,0,0,0,0,0,0
360407,1,1,1999,0,0,0,0,0,0,0,0,0,0
360408,1,1,1999,14,14,14,14,14,14,14,14,14,14
360409,1,1,1999,0,0,0,0,0,0,0,0,0,0
360410,1,1,1999,11,11,11,11,11,11,11,11,11,11
360411,1,1,1999,0,0,0,0,0,0,0,0,0,0
360412,0,1,1999,22,22,22,22,22,22,22,22,22,22
360412,1,1,1999,0,0,0,0,0,0,0,0,0,0
360413,0,1,1999,0,0,0,0,0,0,0,0,0,0
360413,1,1,1999,0,0,0,0,0,0,0,0,0,0
360414,1,1,1999,0,0,0,0,0,0,0,0,0,0
360415,1,1,1999,9,9,9,9,9,9,9,9,9,9
360416,1,1,1999,19,19,19,19,19,19,19,19,19,19
360417,1,1,1999,0,0,0,0,0,0,0,0,0,0
360417,2,1,1999,0,0,0,0,0,0,0,0,0,0
360418,1,1,1999,0,0,0,0,0,0,0,0,0,0
360418,2,1,1999,0,0,0,0,0,0,0,0,0,0
360419,1,1,1999,17,0,11,24,31,10,19,35,21,24
360420,1,1,1999,25,0,15,0,16,0,0,0,10,0
360421,1,1,1999,0,0,0,0,0,0,0,0,0,0
360422,1,1,1999,6,9,3,9,2,15,12,20,2,14
360422,2,1,1999,0,0,0,0,0,0,0,0,0,0
360423,0,1,1999,0,0,0,0,0,0,0,0,0,0
360423,1,1,1999,0,0,0,0,0,0,0,0,0,0
360424,1,1,1999,0,0,0,0,0,12,0,0,0,28
360424,2,1,1999,0,0,0,0,0,0,0,0,0,0
360425,1,1,1999,0,0,0,0,0,0,0,0,0,0
360425,2,1,1999,0,0,0,0,0,0,0,0,0,0
360426,0,1,1999,0,0,0,0,0,0,0,0,0,0
360426,1,1,1999,0,0,0,0,0,0,0,0,0,0
360427,1,1,1999,23,23,23,23,23,23,23,23,23,23
360427,2,1,1999,0,0,0,0,0,0,0,0,0,0
360428,1,1,1999,8,0,0,0,0,0,0,5,0,0
360428,2,1,1999,0,0,0,0,0,0,9,0,0,0
360429,1,1,1999,0,0,0,0,0,0,0,0,0,0
360430,1,1,1999,0,0,0,0,0,0,0,0,0,0
360431,1,1,1999,0,19,0,0,0,0,0,20,11,0
360432,0,1,1999,0,0,0,0,0,0,0,0,0,0
360432,1,1,1999,0,0,0,0,0,0,0,0,0,0
360432,2,1,1999,0,0,0,0,0,0,0,0,0,0
360433,0,1,1999,0,0,0,0,0,0,0,0,0,0
360433,1,1,1999,0,0,0,0,0,0,0,0,0,0
360434,0,1,1999,0,0,0,0,0,0,0,0,0,0
360434,1,1,1999,0,0,0,0,0,0,0,0,0,0
360435,1,1,1999,0,0,0,0,0,0,0,0,0,0
360436,1,1,1999,0,0,0,0,0,0,0,0,0,0
360437,1,1,1999,0,0,0,0,0,0,0,0,0,0
360438,1,1,1999,25,11,8,18,16,27,10,14,29,20
360439,1,1,1999,13,13,13,13,13,13,13,13,13,13
360440,0,1,1999,0,0,0,5,0,0,0,0,0,0
360440,1,1,1999,0,0,0,0,0,0,0,0,0,0
360441,1,1,1999,16,16,16,16,16,16,16,16,16,16
360442,1,1,1999,0,0,0,0,0,0,0,0,0,7
360443,0,1,1999,0,0,0,0,0,0,0,22,0,0
360443,1,1,1999,0,0,0,0,0,0,0,0,24,0
360444,0,1,1999,26,0,31,0,0,0,18,14,0,0
360444,0,2,1999,0,0,0,11,16,0,0,8,13,13
360444,1,1,1999,16,15,16,16,31,17,28,15,7,16
360445,0,1,1999,0,0,0,0,0,0,0,0,0,0
360445,0,2,1999,0,0,0,0,0,0,0,0,0,0
360445,1,1,1999,0,0,0,0,0,0,0,0,0,0
360446,1,1,1999,0,0,0,0,0,0,0,0,0,0
360446,2,1,1999,0,0,0,0,0,0,0,0,0,0
360447,1,1,1999,0,0,0,0,0,0,0,0,0,0
360448,1,1,1999,32,32,32,32,32,32,32,32,32,32
360449,1,1,1999,0,0,6,0,0,0,0,0,0,0
360449,2,1,1999,0,0,0,6,0,0,0,0,0,0
360449,3,1,1999,13,19,0,11,37,12,9,4,13,15
360450,0,1,1999,0,0,0,0,0,0,0,0,0,0
360450,1,1,1999,0,0,0,0,0,0,0,0,0,0
360451,0,1,1999,0,0,0,0,0,0,0,0,0,0
360451,1,1,1999,0,0,0,0,0,0,0,0,0,0
360452,1,1,1999,0,0,0,0,0,0,0,0,0,0
360452,2,1,1999,0,0,0,0,0,0,0,7,0,0
360453,0,1,1999,10,9,0,0,30,0,0,0,14,0
360453,1,1,1999,0,0,0,0,0,0,0,0,0,0
360454,0,1,1999,0,0,0,0,19,25,0,17,0,0
360454,1,1,1999,0,0,0,0,0,0,0,0,0,0
360455,1,1,1999,0,5,13,18,0,9,0,24,14,8
360456,1,1,1999,0,0,0,4,0,0,0,0,0,0
360457,0,1,1999,0,12,0,0,0,0,0,0,0,0
360457,1,1,1999,0,0,0,0,0,0,0,0,0,0
360458,1,1,1999,0,4,14,0,25,0,7,0,14,0
360459,1,1,1999,0,0,0,0,0,0,0,0,0,0
360459,2,1,1999,0,0,0,0,0,0,0,0,0,0
360460,0,1,1999,0,0,0,0,0,0,29,0,0,0
360460,1,1,1999,0,0,0,0,0,0,0,17,0,0
360461,1,1,1999,3,3,3,3,3,3,3,3,3,3
360462,1,1,1999,15,27,19,27,30,0,37,15,21,14
360463,1,1,1999,12,10,19,0,4,0,9,11,9,15
360463,2,1,1999,0,0,0,0,0,0,0,0,0,0
360464,0,1,1999,8,8,8,8,8,8,8,8,8,8
360464,1,1,1999,9,0,0,0,0,0,0,0,0,0
360465,1,1,1999,0,0,0,0,0,0,0,0,0,0
360465,2,1,1999,14,14,14,14,14,14,14,14,14,14
360466,1,1,1999,0,27,0,0,0,0,0,0,0,0
360466,2,1,1999,0,0,0,0,0,0,10,0,0,0
360467,1,1,1999,0,0,0,0,0,0,0,0,0,0
360468,1,1,1999,0,0,0,0,0,9,0,0,0,0
360469,1,1,1999,0,0,0,0,0,0,0,0,0,0
360469,2,1,1999,0,0,0,0,0,0,0,0,0,0
360470,1,1,1999,0,0,0,0,0,0,0,0,0,15
360471,1,1,1999,5,5,5,5,5,5,5,5,5,5
360472,0,1,1999,0,0,0,0,0,0,0,0,0,0
360472,1,1,1999,0,0,0,0,0,0,0,0,0,0
360473,1,1,1999,22,11,7,29,21,27,27,5,19,14
360473,2,1,1999,0,0,0,4,0,0,0,0,0,0
360474,1,1,1999,0,0,0,0,0,0,0,0,0,0
360474,2,1,1999,0,0,0,0,0,0,0,0,0,0
360475,1,1,1999,0,14,0,0,0,0,0,0,0,0
360476,1,1,1999,22,22,22,22,22,22,22,22,22,22
360476,2,1,1999,0,0,0,0,0,0,0,0,0,0
360477,0,1,1999,0,0,0,0,0,0,0,0,0,0
360477,1,1,1999,0,0,0,0,0,0,0,0,0,0
360478,0,1,1999,0,34,0,0,0,0,15,0,13,0
360478,1,1,1999,0,0,0,0,0,0,0,0,0,0
360479,0,1,1999,0,0,0,0,0,0,0,19,0,0
360479,1,1,1999,0,0,0,0,0,0,0,0,0,0
360480,1,1,1999,0,0,0,0,0,0,0,0,0,0
360480,2,1,1999,0,0,0,0,0,0,0,0,0,0
360481,1,1,1999,34,26,7,18,20,13,30,21,26,16
360481,2,1,1999,0,0,0,0,0,0,0,0,0,0
360482,1,1,1999,15,14,35,0,2,0,3,0,0,0
360483,1,1,1999,14,0,0,0,0,0,0,0,0,0
360484,1,1,1999,15,15,15,15,15,15,15,15,15,15
360485,0,1,1999,19,19,19,19,19,19,19,19,19,19
360485,1,1,1999,15,0,8,0,0,0,0,0,0,0
360486,1,1,1999,0,0,0,0,0,0,0,0,0,0
360487,1,1,1999,0,0,0,0,0,0,0,0,0,0
360488,1,1,1999,16,16,16,16,16,16,16,16,16,16
360489,0,1,1999,0,0,0,0,0,0,0,0,0,0
360489,1,1,1999,2,0,2,0,0,0,0,0,0,0
360490,0,1,1999,0,0,0,0,0,0,0,0,0,0
360490,1,1,1999,0,0,0,0,0,0,0,0,0,0
360491,1,1,1999,0,0,7,0,0,0,0,0,0,0
360491,2,1,1999,0,0,0,0,0,0,0,0,0,0
360492,0,1,1999,0,0,0,0,22,13,0,18,0,0
360492,1,1,1999,0,0,0,0,0,0,0,0,0,0
360493,0,1,1999,0,0,0,0,0,0,0,0,0,0
360493,1,1,1999,16,0,0,0,0,0,0,0,0,0
360494,1,1,1999,0,0,0,0,0,0,0,0,0,0
360495,1,1,1999,0,0,0,0,0,0,0,0,0,0
360495,2,1,1999,0,0,0,0,0,0,0,0,0,0
360496,1,1,1999,0,0,0,0,0,0,0,0,0,0
360496,2,1,1999,0,0,0,0,0,0,0,0,0,0
360497,0,1,1999,0,0,0,0,0,0,0,0,0,27
360497,1,1,1999,0,0,0,0,0,0,0,0,0,0
360498,1,1,1999,0,0,0,0,0,0,0,0,0,0
360498,2,1,1999,0,0,0,0,0,0,0,0,0,0
360498,3,1,1999,0,0,0,0,0,0,0,0,0,0
360499,1,1,1999,0,0,0,0,0,0,0,0,0,0
360499,2,1,1999,0,0,0,0,0,0,0,0,0,0
360500,1,1,1999,0,0,0,0,0,0,0,0,0,0
360500,2,1,1999,0,0,0,0,0,0,0,0,0,0
360501,1,1,1999,0,0,0,0,0,0,0,0,0,0
360501,2,1,1999,0,0,0,0,0,0,0,0,0,0
360502,1,1,1999,0,0,0,0,0,0,0,0,0,0
360502,2,1,1999,0,0,0,0,0,0,0,0,0,0
360503,1,1,1999,0,0,0,0,0,0,0,0,0,0
360503,2,1,1999,0,0,0,0,0,0,0,0,0,0
360504,0,1,1999,0,0,0,0,0,0,0,0,0,0
360504,0,2,1999,0,0,0,0,0,0,0,0,0,0
360504,1,1,1999,0,0,0,0,0,0,0,0,0,0
360505,1,1,1999,0,0,0,0,0,0,0,0,0,0
360506,1,1,1999,0,0,0,0,0,0,0,0,0,0
360506,2,1,1999,0,0,0,0,0,0,0,0,0,0
360506,3,1,1999,0,0,0,0,0,0,0,0,0,0
360507,0,1,1999,0,0,0,0,0,0,0,0,0,0
360507,1,1,1999,0,0,0,0,0,0,0,0,0,0
360508,1,1,1999,0,0,0,0,0,0,0,0,0,0
360508,2,1,1999,0,0,0,0,0,0,0,0,0,0
360508,3,1,1999,0,0,0,0,0,0,0,0,0,0
360509,1,1,1999,0,0,0,0,0,0,0,0,0,0
360509,2,1,1999,0,0,0,0,0,0,0,0,0,0
360509,3,1,1999,0,0,0,0,0,0,0,0,0,0
360510,1,1,1999,0,0,0,0,0,0,0,0,0,0
360510,2,1,1999,0,0,0,0,0,0,0,0,0,0
360511,0,1,1999,0,0,0,0,0,0,0,0,0,0
360511,1,1,1999,0,0,0,0,0,0,0,0,0,0
360512,1,1,1999,7,12,21,0,0,17,0,19,17,0
360513,1,1,1999,0,0,0,0,7,0,0,0,0,0
360514,1,1,1999,11,11,11,11,11,11,11,11,11,11
360515,1,1,1999,0,0,0,0,0,0,0,0,0,0
360516,1,1,1999,25,25,25,25,25,25,25,25,25,25
360517,1,1,1999,0,0,0,0,0,0,0,0,0,0
360517,2,1,1999,4,4,4,4,4,4,4,4,4,4
360518,1,1,1999,9,9,9,9,9,9,9,9,9,9
360519,0,1,1999,0,0,0,0,0,0,0,0,0,0
360519,1,1,1999,0,0,0,0,0,0,0,0,0,0
360520,1,1,1999,0,0,0,0,0,0,0,0,0,0
360520,2,1,1999,0,0,0,0,0,0,0,0,0,0
360521,1,1,1999,0,0,0,0,0,0,0,0,0,0
360522,1,1,1999,3,13,12,15,33,10,14,14,13,4
360523,1,1,1999,0,0,0,0,0,0,0,0,0,0
360524,1,1,1999,0,0,0,0,0,0,0,0,0,0
360525,0,1,1999,0,0,0,0,0,0,0,0,0,0
360525,1,1,1999,0,0,0,0,0,0,0,0,0,0
360526,1,1,1999,0,0,0,0,0,0,0,0,0,0
360526,2,1,1999,0,0,0,0,0,0,0,0,0,0
360527,1,1,1999,0,0,0,0,0,0,0,0,0,0
360527,2,1,1999,0,0,0,0,0,0,0,0,0,0
360528,0,1,1999,0,0,0,0,0,0,0,26,0,0
360528,0,2,1999,0,0,0,0,0,0,0,0,0,0
360528,1,1,1999,17,18,0,13,18,0,3,12,17,9
360529,1,1,1999,19,19,19,19,19,19,19,19,19,19
360529,2,1,1999,0,0,0,0,0,0,0,0,0,0
360530,1,1,1999,0,0,0,0,0,0,0,0,0,0
360530,2,1,1999,1,1,1,1,1,1,1,1,1,1
360531,1,1,1999,0,0,0,0,0,0,0,0,0,0
360532,1,1,1999,0,0,0,0,0,0,0,0,0,0
360532,2,1,1999,0,0,0,0,0,0,0,0,0,0
360533,1,1,1999,10,5,20,0,4,9,22,10,10,14
360534,1,1,1999,0,0,0,0,0,0,0,0,0,0
360535,1,1,1999,0,0,0,0,0,0,0,0,0,0
360535,2,1,1999,0,0,0,0,0,0,0,0,0,0
360536,1,1,1999,0,0,0,0,0,0,0,0,0,0
360536,2,1,1999,0,0,0,0,0,0,0,0,0,0
360537,1,1,1999,0,0,0,0,0,0,0,0,0,0
360537,2,1,1999,0,0,0,0,0,0,0,0,0,0
360538,1,1,1999,0,0,0,0,0,0,0,0,0,16
360539,1,1,1999,0,0,0,8,0,0,0,12,0,7
360540,1,1,1999,10,10,10,10,10,10,10,10,10,10
360541,1,1,1999,0,0,0,0,10,0,0,0,0,8
360542,1,1,1999,19,19,19,19,19,19,19,19,19,19
360543,1,1,1999,15,15,15,15,15,15,15,15,15,15
360544,1,1,1999,0,4,0,0,0,0,0,0,0,0
360544,2,1,1999,0,0,0,0,0,0,0,0,0,0
360545,0,1,1999,0,0,0,0,0,0,0,20,0,19
360545,1,1,1999,18,0,0,0,0,0,0,0,0,0
360546,0,1,1999,0,0,0,0,0,0,0,0,0,0
360546,1,1,1999,0,0,0,0,0,0,0,0,0,0
360547,1,1,1999,4,3,0,4,11,18,3,18,20,8
360547,2,1,1999,8,0,0,0,0,0,0,0,0,0
360548,1,1,1999,0,0,0,0,0,0,0,14,0,0
360549,0,1,1999,0,0,0,0,0,0,0,0,42,0
360549,1,1,1999,0,0,0,0,0,0,0,0,0,0
360550,1,1,1999,0,0,0,0,0,0,0,0,0,0
360550,2,1,1999,0,0,23,0,0,0,0,0,0,0
360551,0,1,1999,0,0,0,0,0,0,0,0,0,0
360551,1,1,1999,0,0,0,0,0,0,0,0,0,0
360552,1,1,1999,0,0,0,0,0,0,0,0,0,0
360552,2,1,1999,22,22,22,22,22,22,22,22,22,22
360553,1,1,1999,0,0,0,0,0,0,0,0,0,0
360553,2,1,1999,0,0,0,0,0,0,0,0,0,0
360554,1,1,1999,3,3,3,3,3,3,3,3,3,3
360554,2,1,1999,0,0,0,0,0,0,0,0,0,0
360555,1,1,1999,0,0,0,0,0,0,0,0,0,0
360555,2,1,1999,0,0,18,0,14,0,14,0,0,0
360556,0,1,1999,0,0,0,0,0,0,0,0,0,0
360556,1,1,1999,0,0,0,0,0,0,0,0,0,0
360557,1,1,1999,16,16,16,16,16,16,16,16,16,16
360558,0,1,1999,0,0,0,0,0,0,0,0,0,0
360558,1,1,1999,0,0,0,0,0,0,0,0,0,0
360559,1,1,1999,11,0,12,0,0,0,11,0,9,0
360560,1,1,1999,23,23,23,23,23,23,23,23,23,23
360560,2,1,1999,0,0,0,0,0,0,0,0,0,0
360561,1,1,1999,5,5,5,5,5,5,5,5,5,5
360561,2,1,1999,0,0,0,0,0,0,0,0,0,0
360562,0,1,1999,0,0,0,0,0,0,0,0,0,0
360562,1,1,1999,0,0,0,0,0,0,0,0,0,0
360563,1,1,1999,0,0,0,0,0,0,0,0,0,0
360563,2,1,1999,0,0,0,0,0,0,0,0,0,0
360564,1,1,1999,0,0,23,3,14,52,0,0,0,0
360565,1,1,1999,13,9,5,0,11,7,16,9,13,4
360566,1,1,1999,0,0,0,0,0,0,0,0,0,0
360566,2,1,1999,0,0,0,0,0,0,0,0,0,0
360567,1,1,1999,0,12,0,0,0,0,0,0,0,0
360568,1,1,1999,0,0,0,0,0,0,0,0,0,0
360569,1,1,1999,0,20,0,0,11,10,0,0,10,0
360570,1,1,1999,29,29,29,29,29,29,29,29,29,29
360571,1,1,1999,0,26,0,0,22,0,5,16,0,24
360572,1,1,1999,0,0,0,0,0,0,0,0,0,0
360573,0,2,1999,0,0,0,0,0,0,0,0,0,0
360573,1,1,1999,0,0,0,0,0,0,0,0,0,0
360574,1,1,1999,0,0,0,0,0,0,0,0,0,0
360574,2,1,1999,0,0,0,0,0,0,0,0,0,0
360575,1,1,1999,0,0,0,0,0,0,0,0,0,0
360575,2,1,1999,0,0,0,0,0,0,0,0,0,0
360576,0,1,1999,7,7,7,7,7,7,7,7,7,7
360576,1,1,1999,0,0,0,0,0,0,0,0,0,0
360577,1,1,1999,0,0,0,0,0,0,0,0,0,0
360577,2,1,1999,0,0,0,0,0,0,0,0,0,0
360578,1,1,1999,0,0,0,0,0,0,0,0,0,0
360578,2,1,1999,0,0,0,0,0,0,0,0,0,0
360579,1,1,1999,17,17,17,17,17,17,17,17,17,17
360580,1,1,1999,12,0,0,0,0,0,0,0,0,0
360580,2,1,1999,0,0,0,0,0,0,0,0,0,0
360580,3,1,1999,0,0,0,0,0,0,0,0,0,0
360581,0,1,1999,0,0,0,0,0,0,0,0,0,0
360581,1,1,1999,0,0,0,0,0,0,0,0,0,0
360582,1,1,1999,0,0,0,0,0,0,0,0,0,0
360582,2,1,1999,0,17,0,0,0,0,4,0,0,0
360583,1,1,1999,21,0,0,15,0,0,0,0,0,0
360584,0,1,1999,0,0,0,0,0,0,0,0,0,0
360584,1,1,1999,0,0,0,0,0,0,0,0,0,0
360584,2,1,1999,0,0,0,0,0,0,0,0,0,0
360585,0,1,1999,0,0,0,0,0,0,0,0,0,0
360585,1,1,1999,0,0,0,0,0,0,11,0,0,0
360586,1,1,1999,0,0,0,0,0,0,0,0,0,0
360587,1,1,1999,0,0,0,0,0,0,0,0,0,0
360588,1,1,1999,2,2,2,2,2,2,2,2,2,2
360588,2,1,1999,0,0,0,0,0,0,0,0,0,0
360589,1,1,1999,0,0,0,0,0,0,0,0,0,0
360590,1,1,1999,0,0,0,0,0,0,0,0,0,0
360591,0,1,1999,20,20,20,20,20,20,20,20,20,20
360591,1,1,1999,0,11,0,0,0,0,0,0,0,0