ST_CASE,VEH_NO,PER_NO,YEAR,P1,P2,P3,P4,P5,P6,P7,P8,P9,P10
360592,1,1,1999,0,0,0,0,0,0,0,0,0,0
360593,1,1,1999,0,0,0,0,0,0,0,0,0,0
360593,2,1,1999,0,0,0,0,0,0,0,0,0,0
360594,1,1,1999,0,0,0,0,0,0,0,0,0,0
360594,2,1,1999,0,0,0,0,0,0,0,0,0,0
360595,1,1,1999,0,0,0,0,0,0,0,0,0,0
360595,2,1,1999,15,20,15,10,28,9,0,7,13,0
360596,1,1,1999,0,0,0,0,0,0,12,0,0,0
360596,2,1,1999,19,19,19,19,19,19,19,19,19,19
360597,1,1,1999,0,0,0,0,0,0,0,0,0,0
360598,0,1,1999,0,0,0,0,0,0,0,0,0,0
360598,1,1,1999,0,0,0,0,0,0,0,0,0,0
360599,1,1,1999,0,0,0,0,0,0,0,0,0,0
360599,2,1,1999,0,0,0,0,0,0,0,0,0,0
360600,1,1,1999,0,0,0,0,0,0,0,0,0,0
360600,2,1,1999,0,0,0,0,0,0,0,0,0,0
360601,1,1,1999,0,0,0,0,0,0,0,0,0,0
360601,2,1,1999,0,0,0,0,0,0,0,0,0,0
360602,1,1,1999,0,0,0,0,0,0,0,0,0,0
360602,2,1,1999,13,13,13,13,13,13,13,13,13,13
360603,1,1,1999,0,0,0,0,0,0,0,0,0,0
360603,2,1,1999,0,0,0,0,0,0,0,0,0,0
360604,0,1,1999,0,0,0,0,0,0,0,0,0,0
360604,1,1,1999,0,0,0,0,0,0,0,0,0,0
360605,1,1,1999,0,0,0,0,0,0,0,0,0,0
360605,2,1,1999,0,0,0,0,0,0,0,0,0,0
360606,1,1,1999,9,9,17,0,0,6,14,4,6,4
360606,2,1,1999,0,0,0,0,0,0,0,0,0,0
360607,1,1,1999,0,0,0,0,0,0,0,0,5,0
360607,2,1,1999,11,11,0,8,17,0,0,0,0,0
360608,1,1,1999,0,0,0,0,0,0,0,0,0,0
360608,2,1,1999,0,0,0,0,0,0,0,0,0,0
360609,1,1,1999,0,0,0,0,0,0,0,0,0,0
360610,1,1,1999,0,0,0,0,0,0,0,0,0,0
360611,0,1,1999,0,0,0,0,0,0,0,0,0,0
360611,1,1,1999,0,0,15,0,0,18,9,0,28,19
360612,1,1,1999,21,21,21,21,21,21,21,21,21,21
360613,0,1,1999,0,0,0,0,0,0,0,0,0,0
360613,0,2,1999,0,0,0,0,0,0,0,0,0,0
360613,1,1,1999,0,0,0,0,0,0,0,0,0,0
360614,0,1,1999,0,0,0,0,0,0,0,0,0,0
360614,1,1,1999,0,0,0,0,0,0,0,0,0,0
360615,1,1,1999,0,0,0,0,0,0,0,0,0,0
360615,2,1,1999,0,0,0,0,0,0,0,0,0,0
360616,1,1,1999,0,0,0,0,0,0,0,0,0,0
360616,2,1,1999,0,0,0,0,0,0,0,0,0,0
360617,1,1,1999,0,0,0,0,0,0,0,0,0,0
360618,1,1,1999,22,22,22,22,22,22,22,22,22,22
360618,2,1,1999,0,0,0,0,0,0,0,0,0,0
360619,1,1,1999,0,0,0,0,0,0,0,0,0,0
360620,1,1,1999,0,0,0,0,0,0,0,0,0,0
360621,1,1,1999,0,0,0,0,0,0,0,0,0,0
360621,2,1,1999,0,0,0,0,0,0,0,0,0,0
360622,1,1,1999,0,0,0,0,0,0,0,0,0,0
360622,2,1,1999,0,0,0,0,0,0,0,0,0,0
360623,1,1,1999,0,0,0,0,0,0,0,0,10,0
360623,2,1,1999,12,12,12,12,12,12,12,12,12,12
360624,1,1,1999,0,0,0,0,0,0,0,0,0,0
360624,2,1,1999,0,0,0,0,0,0,0,0,0,0
360625,1,1,1999,0,0,0,0,0,0,0,0,0,0
360625,2,1,1999,0,0,0,0,0,0,0,0,0,0
360626,1,1,1999,7,0,0,13,0,0,0,0,0,9
360627,1,1,1999,0,0,0,18,0,0,0,12,0,16
360627,2,1,1999,0,0,0,0,0,0,0,0,0,0
360628,1,1,1999,0,0,0,0,0,0,0,0,0,0
360628,2,1,1999,0,0,0,0,0,0,0,0,0,0
360629,1,1,1999,0,0,0,0,0,0,0,0,0,0
360629,2,1,1999,0,0,0,0,0,0,0,0,0,0
360630,1,1,1999,0,0,0,0,0,0,0,0,0,0
360630,2,1,1999,0,0,0,0,0,0,0,0,0,0
360631,1,1,1999,0,0,0,0,0,0,0,0,0,0
360632,0,1,1999,0,0,0,0,0,0,0,0,0,0
360632,1,1,1999,0,0,0,0,0,0,0,0,0,0
360633,0,1,1999,0,28,22,31,0,13,0,24,12,31
360633,0,2,1999,18,27,50,4,13,24,30,0,22,30
360633,1,1,1999,0,0,0,0,0,0,7,7,0,0
360633,2,1,1999,0,0,0,0,0,0,0,0,0,0
360633,3,1,1999,0,0,0,0,0,0,0,0,21,0
360633,4,1,1999,0,0,0,0,0,0,0,0,0,0
360633,5,1,1999,0,0,0,21,0,0,0,21,0,0
360634,1,1,1999,0,0,13,0,21,0,0,0,0,0
360634,2,1,1999,0,12,0,0,0,0,0,0,0,0
360635,1,1,1999,0,0,0,16,0,0,0,0,0,0
360636,1,1,1999,0,0,0,0,0,0,0,0,0,0
360636,2,1,1999,0,0,0,0,0,0,0,0,0,0
360637,0,1,1999,0,0,0,0,0,0,0,0,0,0
360637,0,2,1999,23,34,16,0,0,9,21,30,12,0
360637,1,1,1999,0,0,0,0,0,0,0,0,0,0
360637,2,1,1999,0,0,0,0,0,0,0,0,0,0
360638,1,1,1999,0,0,0,0,0,0,0,0,0,0
360638,2,1,1999,0,0,0,0,0,0,0,0,0,0
360638,3,1,1999,0,0,0,0,0,0,0,0,0,0
360639,0,1,1999,0,0,0,0,0,0,0,0,0,0
360639,1,1,1999,0,0,0,0,0,0,0,0,0,0
360640,1,1,1999,0,0,0,0,0,0,0,0,0,0
360640,2,1,1999,0,0,0,0,0,0,0,0,0,0
360641,1,1,1999,20,21,12,20,12,0,22,7,11,28
360641,2,1,1999,0,0,0,0,0,0,0,0,0,0
360642,0,1,1999,19,19,19,19,19,19,19,19,19,19
360642,1,1,1999,0,0,0,0,0,0,0,0,0,0
360643,1,1,1999,2,0,0,0,0,0,0,0,5,0
360643,2,1,1999,0,0,0,0,0,0,0,0,0,0
360644,0,1,1999,0,0,0,0,0,0,0,0,0,0
360644,1,1,1999,7,5,5,20,0,5,24,10,10,9
360645,1,1,1999,0,9,22,0,4,0,11,0,0,5
360646,1,1,1999,0,0,0,0,0,0,0,0,0,0
360647,1,1,1999,27,27,27,27,27,27,27,27,27,27
360648,1,1,1999,0,0,32,0,0,0,0,0,21,0
360649,1,1,1999,0,0,0,0,0,0,0,0,0,0
360649,2,1,1999,0,0,0,0,4,0,0,0,0,0
360650,0,1,1999,0,0,0,0,0,0,0,0,0,0
360650,1,1,1999,0,0,0,0,0,0,0,0,0,0
360651,0,1,1999,0,22,0,0,0,0,4,31,0,0
360651,1,1,1999,0,0,0,0,0,0,0,0,0,0
360651,2,1,1999,0,0,0,0,0,0,0,0,0,0
360652,1,1,1999,0,0,0,0,0,0,0,0,0,0
360653,1,1,1999,0,0,0,0,0,0,0,0,0,0
360653,2,1,1999,0,12,0,0,0,0,0,0,0,0
360654,1,1,1999,0,0,0,0,0,0,0,0,0,0
360654,2,1,1999,0,0,0,18,0,0,0,0,0,0
360655,1,1,1999,14,14,14,14,14,14,14,14,14,14
360655,2,1,1999,0,0,0,0,0,0,0,0,0,0
360656,1,1,1999,0,0,0,0,25,13,0,0,0,0
360657,1,1,1999,37,0,0,0,0,24,0,0,0,0
360658,1,1,1999,0,0,0,0,0,0,0,0,0,0
360658,2,1,1999,0,0,0,0,0,0,0,0,0,0
360659,1,1,1999,0,0,0,0,0,0,0,0,0,0
360660,1,1,1999,18,0,8,7,23,0,12,17,19,6
360661,1,1,1999,0,0,0,0,0,8,0,0,0,0
360662,1,1,1999,21,7,12,14,9,13,18,19,11,26
360663,1,1,1999,0,0,0,0,0,0,0,0,0,0
360663,2,1,1999,0,0,0,0,0,0,0,0,0,0
360663,3,1,1999,0,0,0,5,0,0,0,0,0,0
360664,1,1,1999,22,9,0,0,0,0,15,0,0,0
360665,1,1,1999,0,0,0,0,0,0,0,0,0,0
360666,1,1,1999,22,22,22,22,22,22,22,22,22,22
360667,1,1,1999,0,0,0,0,0,0,0,0,0,0
360667,2,1,1999,0,0,0,0,0,0,0,0,0,0
360668,1,1,1999,0,0,0,0,0,0,0,0,0,0
360668,2,1,1999,0,0,0,0,0,0,0,0,0,0
360669,0,1,1999,0,0,0,0,13,0,0,0,0,0
360669,1,1,1999,0,0,0,3,0,0,0,0,0,0
360670,0,1,1999,0,0,0,0,0,0,0,0,0,0
360670,1,1,1999,0,0,0,0,0,0,0,0,0,0
360671,0,1,1999,0,0,0,0,0,0,0,0,0,0
360671,1,1,1999,0,0,0,0,0,0,0,0,0,0
360672,0,1,1999,0,0,0,0,0,0,0,0,0,0
360672,1,1,1999,0,0,0,0,0,9,0,0,0,0
360673,1,1,1999,14,0,0,0,0,0,0,0,0,0
360673,2,1,1999,20,10,0,18,0,0,0,0,0,0
360674,1,1,1999,0,0,0,0,0,0,0,0,0,0
360674,2,1,1999,0,0,0,0,10,15,0,0,0,0
360675,1,1,1999,18,5,33,21,16,14,14,25,6,18
360676,0,1,1999,0,0,0,0,0,0,0,0,0,0
360676,1,1,1999,0,0,0,0,0,0,0,0,0,0
360677,1,1,1999,0,0,0,0,0,0,0,0,0,0
360678,1,1,1999,0,0,0,0,0,0,0,0,0,0
360679,1,1,1999,20,13,24,9,22,20,0,22,9,14
360680,0,1,1999,25,25,25,25,25,25,25,25,25,25
360680,1,1,1999,0,0,0,0,0,0,0,0,0,0
360681,1,1,1999,0,0,0,0,0,0,0,0,0,0
360681,2,1,1999,0,0,0,0,0,0,0,0,0,0
360681,3,1,1999,0,0,0,0,0,0,0,0,0,0
360682,1,1,1999,0,0,0,0,0,0,0,0,0,0
360682,2,1,1999,0,0,0,0,0,0,0,0,0,0
360683,1,1,1999,0,10,0,0,0,0,0,0,14,0
360684,0,1,1999,0,0,0,0,0,0,0,0,0,0
360684,1,1,1999,0,0,0,0,0,0,0,0,0,0
360685,1,1,1999,0,0,0,0,0,0,0,0,0,0
360686,0,1,1999,0,0,0,0,0,25,0,0,0,0
360686,1,1,1999,0,0,0,0,0,0,0,0,0,0
360687,1,1,1999,8,25,20,14,12,29,4,12,16,10
360687,2,1,1999,0,0,0,0,0,0,0,0,0,0
360688,0,1,1999,0,0,0,29,0,14,19,8,19,0
360688,1,1,1999,0,0,0,0,0,0,0,0,0,0
360689,1,1,1999,22,22,22,22,22,22,22,22,22,22
360690,1,1,1999,0,0,0,0,0,0,0,0,0,0
360690,2,1,1999,14,38,19,23,19,13,13,25,17,8
360691,0,1,1999,9,0,0,0,0,0,0,0,0,0
360691,1,1,1999,21,16,15,0,14,19,22,24,11,11
360692,0,1,1999,0,0,12,13,0,0,0,0,0,0
360692,1,1,1999,0,0,0,0,0,0,0,0,0,0
360693,1,1,1999,0,0,0,0,0,0,0,0,0,0
360693,2,1,1999,0,0,0,0,0,0,0,0,0,0
360694,1,1,1999,0,0,0,0,0,0,0,0,0,0
360695,0,1,1999,0,0,0,0,0,0,0,0,0,0
360695,1,1,1999,0,0,0,0,0,0,0,0,0,0
360696,1,1,1999,15,0,0,0,0,0,0,35,25,17
360697,1,1,1999,0,0,0,0,0,0,0,0,0,0
360697,2,1,1999,0,0,0,0,0,0,0,0,0,0
360698,1,1,1999,0,0,0,0,0,0,0,0,0,0
360699,1,1,1999,25,11,14,6,12,16,14,11,9,20
360700,1,1,1999,17,17,17,17,17,17,17,17,17,17
360701,1,1,1999,0,0,0,0,0,0,0,0,0,0
360702,1,1,1999,15,15,15,15,15,15,15,15,15,15
360703,1,1,1999,0,0,0,0,0,0,0,0,0,0
360703,2,1,1999,0,0,0,0,0,0,0,0,0,0
360704,1,1,1999,0,0,0,0,0,0,0,0,0,0
360704,2,1,1999,14,6,10,0,0,25,5,11,12,18
360705,1,1,1999,0,0,0,0,0,0,0,0,0,0
360705,2,1,1999,0,0,0,0,0,0,0,0,0,0
360706,1,1,1999,0,0,0,0,0,0,0,0,0,0
360706,2,1,1999,0,0,0,0,0,0,0,0,0,0
360707,1,1,1999,0,0,0,0,0,0,0,0,0,0
360707,2,1,1999,0,0,0,0,0,0,0,0,0,0
360708,1,1,1999,0,0,0,0,0,0,0,0,0,0
360708,2,1,1999,0,0,0,0,0,0,0,0,0,0
360709,1,1,1999,0,0,0,0,0,8,0,0,0,0
360710,1,1,1999,23,0,27,22,21,15,10,13,19,0
360711,1,1,1999,3,16,0,0,0,19,0,16,9,0
360711,2,1,1999,5,16,13,0,8,6,19,0,12,5
360712,1,1,1999,4,4,4,4,4,4,4,4,4,4
360713,0,1,1999,0,0,0,0,0,0,0,0,0,0
360713,1,1,1999,0,0,0,0,0,0,0,16,0,0
360714,1,1,1999,25,25,25,25,25,25,25,25,25,25
360715,1,1,1999,0,0,0,0,0,0,0,0,0,0
360715,2,1,1999,0,0,0,0,0,0,0,0,0,0
360716,1,1,1999,31,27,15,16,23,32,39,39,9,16
360717,1,1,1999,0,0,0,0,0,0,0,0,0,0
360718,1,1,1999,9,9,9,9,9,9,9,9,9,9
360719,1,1,1999,0,0,0,0,0,0,0,0,0,0
360720,1,1,1999,0,0,0,0,0,0,0,0,0,0
360720,2,1,1999,0,0,0,0,0,0,0,0,0,0
360721,1,1,1999,0,0,0,0,0,0,0,0,0,0
360721,2,1,1999,0,0,0,0,0,0,0,17,0,0
360722,1,1,1999,0,0,0,0,0,0,0,0,0,0
360722,2,1,1999,0,0,0,0,0,0,0,0,0,0
360723,1,1,1999,0,0,0,0,0,0,0,0,0,0
360723,2,1,1999,0,0,0,0,0,0,0,0,0,0
360724,1,1,1999,0,0,0,0,0,0,0,0,0,0
360724,2,1,1999,30,30,30,30,30,30,30,30,30,30
360725,1,1,1999,0,0,0,0,0,0,0,0,0,0
360725,2,1,1999,0,0,0,0,0,0,0,0,0,0
360726,1,1,1999,0,0,0,0,0,12,0,0,0,0
360726,2,1,1999,0,0,0,0,0,0,0,0,0,0
360727,1,1,1999,0,0,0,0,0,0,0,0,0,0
360727,2,1,1999,0,0,0,0,0,0,0,0,0,0
360728,1,1,1999,0,0,0,0,0,0,0,0,0,0
360728,2,1,1999,0,0,0,0,0,0,0,0,0,0
360729,0,1,1999,0,0,0,0,0,0,0,0,0,0
360729,1,1,1999,0,0,0,0,0,0,0,0,0,0
360730,1,1,1999,0,0,0,0,0,0,0,0,0,0
360731,1,1,1999,0,0,0,0,0,0,0,0,0,0
360732,1,1,1999,0,0,0,0,0,0,0,0,0,0
360733,1,1,1999,0,0,0,0,0,0,0,0,0,0
360733,2,1,1999,0,0,0,0,0,0,0,0,0,0
360734,1,1,1999,0,0,0,0,0,0,0,0,0,0
360734,2,1,1999,0,0,0,0,0,0,0,0,0,0
360735,1,1,1999,0,0,0,0,0,0,0,0,0,0
360735,2,1,1999,0,0,0,0,0,0,0,0,0,0
360736,0,1,1999,0,0,0,0,0,0,0,0,0,0
360736,1,1,1999,0,0,0,0,0,0,0,0,0,0
360737,1,1,1999,0,0,0,0,0,0,0,0,0,0
360737,2,1,1999,0,0,0,0,0,0,0,0,0,0
360738,1,1,1999,0,0,0,0,0,0,0,0,0,0
360739,1,1,1999,0,0,0,0,0,0,0,0,0,0
360739,2,1,1999,0,0,0,0,0,0,0,0,0,0
360740,1,1,1999,0,0,0,0,0,0,0,0,0,0
360740,2,1,1999,0,0,0,0,0,0,0,0,0,0
360741,1,1,1999,12,12,12,12,12,12,12,12,12,12
360742,1,1,1999,21,21,21,21,21,21,21,21,21,21
360743,1,1,1999,0,0,0,0,0,0,0,0,0,0
360744,0,1,1999,0,0,0,0,0,0,0,0,0,0
360744,1,1,1999,0,0,0,0,0,0,0,0,0,0
360745,1,1,1999,0,0,0,0,0,0,0,0,0,13
360745,2,1,1999,0,0,0,0,0,0,0,0,0,0
360746,0,1,1999,3,3,3,3,3,3,3,3,3,3
360746,1,1,1999,0,0,0,0,0,0,0,0,0,0
360747,1,1,1999,0,0,0,0,0,0,0,0,0,0
360747,2,1,1999,0,0,0,0,0,0,0,0,0,0
360748,1,1,1999,0,10,26,3,12,8,7,0,10,19
360748,2,1,1999,0,0,0,0,0,0,0,0,0,0
360749,0,1,1999,0,0,0,0,0,0,0,0,0,0
360749,1,1,1999,0,0,0,0,0,0,0,0,0,0
360750,1,1,1999,0,0,0,0,0,0,0,0,0,0
360750,2,1,1999,16,0,0,15,10,12,12,0,0,0
360751,1,1,1999,0,0,0,0,0,0,0,0,0,0
360752,0,1,1999,0,0,0,15,0,0,0,0,0,0
360752,1,1,1999,0,0,0,0,0,0,0,0,0,0
360753,1,1,1999,24,4,10,4,14,19,14,9,9,22
360753,2,1,1999,0,0,0,0,0,0,0,0,0,0
360754,1,1,1999,9,20,17,10,20,0,15,6,3,8
360754,2,1,1999,0,0,0,0,0,0,0,0,0,0
360755,1,1,1999,0,0,0,0,0,0,0,0,0,0
360755,2,1,1999,14,14,14,14,14,14,14,14,14,14
360756,1,1,1999,0,0,0,0,0,0,0,0,0,12
360756,2,1,1999,0,0,0,0,0,0,0,0,0,0
360757,0,1,1999,0,0,0,0,0,0,0,0,0,0
360757,1,1,1999,0,19,33,15,8,15,16,11,28,21
360757,2,1,1999,0,0,0,0,10,0,0,0,0,0
360758,0,1,1999,0,0,0,0,0,0,0,0,0,0
360758,1,1,1999,0,0,0,0,0,0,0,0,0,0
360759,1,1,1999,0,0,0,0,0,0,0,0,0,0
360759,2,1,1999,0,0,0,0,0,0,0,0,0,0
360760,1,1,1999,0,0,0,0,0,0,0,0,0,0
360760,2,1,1999,0,0,0,0,0,6,0,0,0,0
360760,3,1,1999,0,0,0,0,0,0,0,0,0,0
360761,0,1,1999,0,0,0,0,0,0,0,0,0,0
360761,1,1,1999,0,0,0,0,0,0,0,0,0,0
360762,1,1,1999,0,0,0,0,9,0,0,0,0,0
360763,1,1,1999,0,0,0,0,0,0,0,0,0,0
360764,0,1,1999,14,0,13,14,11,23,22,34,24,3
360764,1,1,1999,0,0,0,0,0,0,0,0,0,0
360765,1,1,1999,0,0,0,0,0,0,0,0,0,0
360765,2,1,1999,0,0,0,0,0,0,0,0,0,0
360765,3,1,1999,0,0,0,0,0,0,0,0,0,0
360766,0,1,1999,0,0,0,0,0,0,0,0,0,0
360766,1,1,1999,0,0,0,0,0,0,0,0,0,0
360767,1,1,1999,0,0,0,0,0,0,0,0,0,0
360767,2,1,1999,0,0,0,0,0,0,0,0,0,0
360768,0,1,1999,0,0,0,0,22,0,10,0,0,0
360768,1,1,1999,0,0,0,0,0,0,0,0,0,0
360769,1,1,1999,27,0,0,0,0,0,0,0,13,0
360769,2,1,1999,18,15,26,26,0,0,0,0,33,12
360770,0,1,1999,0,21,13,0,0,21,0,0,0,14
360770,1,1,1999,0,0,0,0,0,0,0,0,0,0
360771,0,1,1999,0,0,0,0,0,0,0,0,0,0
360771,1,1,1999,0,0,0,0,0,0,0,0,0,0
360772,1,1,1999,0,0,0,13,0,0,0,0,0,0
360772,2,1,1999,0,0,0,0,0,0,0,0,0,0
360773,0,1,1999,0,0,0,0,0,0,0,0,0,0
360773,1,1,1999,0,0,0,0,0,0,0,10,0,8
360774,0,1,1999,0,16,0,24,0,17,0,17,28,5
360774,1,1,1999,12,21,11,0,19,9,8,8,0,0
360775,1,1,1999,16,16,16,16,16,16,16,16,16,16
360776,1,1,1999,0,16,0,0,0,0,0,16,0,0
360776,2,1,1999,0,8,0,0,0,0,0,0,0,0
360776,3,1,1999,0,0,0,0,0,0,0,0,0,0
360776,4,1,1999,0,0,0,0,0,5,0,0,0,0
360776,5,1,1999,0,0,0,0,6,0,0,0,0,0
360777,1,1,1999,9,8,21,20,13,12,7,30,12,10
360778,1,1,1999,0,0,0,0,0,0,0,0,0,0
360778,2,1,1999,1,1,1,1,1,1,1,1,1,1
360779,0,1,1999,0,0,0,45,0,0,0,0,0,0
360779,1,1,1999,0,0,0,0,0,0,0,0,0,0
360779,2,1,1999,0,0,0,0,0,0,0,0,0,0
360780,1,1,1999,0,0,0,0,0,0,0,0,0,0
360780,2,1,1999,0,0,0,0,0,0,0,0,0,0
360781,1,1,1999,0,0,0,0,0,0,0,0,0,0
360781,2,1,1999,0,0,0,0,0,0,0,0,0,0
360782,1,1,1999,0,0,0,0,0,0,0,0,0,0
360782,2,1,1999,0,0,0,0,0,0,0,0,0,0
360783,0,1,1999,0,0,0,0,0,0,0,0,0,0
360783,0,2,1999,0,0,0,0,0,0,0,0,0,0
360783,1,1,1999,0,11,0,0,0,0,0,0,0,0
360784,0,1,1999,0,0,0,0,0,0,0,0,0,0
360784,1,1,1999,0,0,0,0,0,0,0,0,0,0
360785,1,1,1999,23,0,0,0,0,0,0,0,0,0
360785,2,1,1999,0,0,0,0,0,0,0,0,12,0
360785,3,1,1999,0,0,0,0,0,0,0,0,0,0
360786,1,1,1999,0,0,0,0,0,0,0,0,0,0
360786,2,1,1999,0,0,0,0,0,0,0,0,0,0
360786,3,1,1999,0,0,0,0,0,0,0,0,0,0
360787,0,1,1999,0,0,0,0,0,0,0,0,0,0
360787,1,1,1999,0,0,0,0,0,0,0,0,0,0
360788,0,1,1999,0,22,23,0,0,0,0,26,0,0
360788,1,1,1999,0,0,0,0,0,0,0,0,0,0
360788,2,1,1999,0,0,0,0,0,0,0,0,25,0
360789,0,1,1999,0,0,0,0,0,0,0,0,0,0
360789,0,2,1999,0,0,0,0,0,0,0,0,0,0
360789,1,1,1999,0,0,0,0,0,0,0,0,0,0
360789,2,1,1999,0,0,0,0,17,0,0,0,0,0
360790,1,1,1999,0,0,0,0,0,10,0,0,0,0
360790,2,1,1999,0,0,0,0,0,0,0,0,0,0
360791,1,1,1999,0,0,0,0,0,0,0,0,0,0
360791,2,1,1999,0,0,0,0,0,0,0,0,0,0
360792,1,1,1999,0,0,0,0,0,0,0,0,0,0
360792,2,1,1999,0,0,0,0,0,0,0,0,0,0
360793,1,1,1999,0,0,0,0,0,0,0,0,0,0
360793,2,1,1999,0,0,0,0,0,0,0,0,0,0
360794,1,1,1999,0,0,0,0,0,0,0,0,0,0
360794,2,1,1999,0,0,0,0,0,0,0,0,0,0
360795,1,1,1999,3,3,3,3,3,3,3,3,3,3
360795,2,1,1999,0,0,0,0,0,0,0,0,0,0
360795,3,1,1999,0,0,0,0,0,0,0,0,0,0
360796,1,1,1999,14,14,14,14,14,14,14,14,14,14
360797,1,1,1999,0,0,0,0,0,0,0,0,0,0
360797,2,1,1999,0,0,0,0,0,0,0,0,0,0
360798,1,1,1999,0,0,0,0,0,0,0,0,15,0
360799,1,1,1999,0,0,0,0,0,0,0,0,0,0
360800,1,1,1999,10,19,0,1,0,14,19,0,14,0
360801,1,1,1999,27,27,27,27,27,27,27,27,27,27
360802,1,1,1999,0,0,0,0,0,0,0,0,0,0
360802,2,1,1999,0,0,0,0,20,10,0,0,0,25
360803,1,1,1999,0,0,0,0,0,0,0,0,0,0
360803,2,1,1999,0,0,0,0,0,0,0,0,0,0
360804,1,1,1999,5,0,0,0,0,0,0,0,0,0
360804,2,1,1999,0,0,0,0,0,0,0,0,0,0
360805,0,1,1999,0,0,0,0,0,0,0,0,0,0
360805,1,1,1999,0,0,0,0,0,0,0,0,0,0
360806,1,1,1999,0,0,0,0,0,0,0,0,11,0
360806,2,1,1999,0,0,0,0,0,0,0,0,0,0
360807,1,1,1999,0,0,0,0,0,0,0,0,0,0
360808,1,1,1999,23,23,23,23,23,23,23,23,23,23
360809,1,1,1999,7,13,9,27,4,27,26,16,16,4
360810,1,2,1999,20,21,11,22,17,0,13,14,0,14
360811,1,1,1999,0,0,0,0,0,0,0,0,0,0
360811,2,1,1999,0,0,0,0,0,0,0,0,0,0
360811,3,1,1999,0,0,0,0,0,0,0,0,0,0
360812,1,1,1999,0,0,0,0,12,0,0,0,9,0
360812,2,1,1999,0,10,13,0,15,0,0,6,0,0
360813,1,1,1999,0,0,0,0,0,0,0,0,0,0
360814,1,1,1999,0,0,0,0,0,0,0,0,0,0
360814,2,1,1999,0,0,0,0,0,0,0,0,0,0
360815,1,1,1999,15,12,10,30,24,6,10,14,23,18
360816,0,1,1999,0,0,0,0,0,0,0,0,0,0
360816,1,1,1999,13,23,8,22,31,6,5,18,25,13
360817,0,1,1999,0,0,0,0,0,0,0,0,0,0
360817,1,1,1999,0,0,0,0,0,0,0,0,0,0
360818,0,1,1999,0,0,0,0,0,0,0,0,0,0
360818,1,1,1999,0,6,0,0,0,0,0,0,0,0
360819,1,1,1999,0,0,0,0,0,0,0,0,0,0
360819,2,1,1999,0,0,0,0,0,0,0,0,0,0
360820,1,1,1999,0,0,0,0,0,0,0,0,0,0
360820,2,1,1999,0,0,0,0,0,0,0,0,0,0
360820,3,1,1999,0,0,0,0,0,0,0,0,0,0
360821,1,1,1999,0,0,0,0,0,0,0,0,0,0
360821,2,1,1999,0,0,0,0,0,0,0,0,0,0
360822,1,1,1999,0,0,0,0,0,0,0,0,0,0
360823,1,1,1999,10,10,10,10,10,10,10,10,10,10
360824,1,1,1999,14,14,14,14,14,14,14,14,14,14
360825,1,1,1999,0,0,0,0,0,0,0,0,0,0
360826,1,1,1999,0,0,0,0,0,0,0,0,0,0
360827,0,1,1999,0,0,0,0,0,0,0,0,0,0
360827,1,1,1999,0,0,0,0,0,0,0,0,0,0
360828,0,1,1999,0,0,0,0,0,0,0,0,0,0
360828,1,1,1999,0,0,0,0,0,0,0,0,0,0
360829,1,1,1999,0,0,0,0,0,0,0,0,0,0
360829,2,1,1999,0,0,0,0,0,0,0,0,0,0
360829,3,1,1999,0,0,0,0,0,0,0,0,0,0
360829,4,1,1999,0,0,0,0,0,0,0,0,0,0
360830,1,1,1999,0,0,0,0,0,0,0,0,0,0
360830,2,1,1999,0,0,0,0,0,0,0,0,0,0
360831,1,1,1999,0,0,0,0,0,0,0,0,0,0
360832,0,1,1999,11,24,6,33,43,35,17,35,34,25
360832,1,1,1999,0,0,0,0,0,0,0,0,0,0
360832,2,1,1999,22,0,0,0,0,0,0,0,0,0
360833,1,1,1999,0,0,0,0,0,0,21,0,0,12
360833,2,1,1999,0,0,0,0,0,0,0,0,16,0
360834,0,1,1999,0,0,0,0,0,0,0,0,0,0
360834,1,1,1999,0,0,0,0,0,0,0,0,0,0
360835,0,1,1999,0,0,0,0,0,0,0,0,0,0
360835,1,1,1999,0,0,0,0,0,0,0,0,0,0
360836,1,1,1999,0,0,0,0,0,0,0,0,0,15
360836,2,1,1999,0,0,0,0,0,0,0,0,0,0
360837,0,1,1999,0,0,0,0,0,0,0,0,0,0
360837,1,1,1999,0,0,0,0,0,0,0,0,0,0
360838,1,1,1999,0,0,0,0,0,0,0,0,0,0
360839,1,1,1999,0,0,0,0,0,0,0,0,0,0
360840,0,1,1999,0,0,0,0,0,0,26,0,0,0
360840,1,1,1999,0,0,0,0,0,0,0,0,0,0
360840,2,1,1999,0,0,0,0,0,0,0,0,0,0
360841,1,1,1999,0,0,0,0,0,0,0,0,0,0
360841,2,1,1999,0,0,0,0,0,0,0,0,0,0
360842,1,1,1999,0,0,0,0,0,0,0,0,0,0
360842,2,1,1999,0,0,0,8,0,0,0,0,0,0
360843,0,1,1999,0,15,0,12,19,0,0,0,0,0
360843,1,1,1999,2,2,2,2,2,2,2,2,2,2
360844,0,1,1999,0,0,0,0,0,0,0,0,0,0
360844,1,1,1999,0,0,0,0,0,0,0,0,0,0
360845,1,1,1999,0,5,0,0,8,10,0,13,0,11
360845,2,1,1999,0,0,0,0,0,0,0,0,0,0
360846,0,1,1999,0,0,0,0,0,0,0,0,0,0
360846,1,1,1999,0,0,0,0,0,0,0,0,0,0
360847,0,1,1999,0,23,0,22,0,8,0,0,20,0
360847,1,1,1999,0,0,0,11,7,0,0,0,0,0
360847,2,1,1999,0,0,0,0,0,0,0,0,0,0
360848,0,1,1999,18,0,0,0,23,10,0,0,0,0
360848,1,1,1999,0,0,0,0,0,0,0,0,0,0
360849,0,1,1999,0,0,0,0,17,0,0,0,0,0
360849,1,1,1999,0,0,0,0,0,0,0,3,0,0