ST_CASE,VEH_NO,PER_NO,YEAR,P1,P2,P3,P4,P5,P6,P7,P8,P9,P10
360850,1,1,1999,0,0,0,0,0,0,0,0,0,0
360850,2,1,1999,0,0,0,0,0,0,0,0,0,0
360850,3,1,1999,0,0,0,0,0,0,0,0,0,0
360851,1,1,1999,0,0,0,0,0,0,0,0,0,0
360851,2,1,1999,0,0,0,0,0,0,0,0,0,0
360852,1,1,1999,0,0,0,0,0,0,0,0,0,0
360852,2,1,1999,0,0,0,0,0,0,0,0,0,0
360853,0,1,1999,0,17,0,0,0,0,23,0,0,0
360853,1,1,1999,0,0,0,0,0,0,0,0,0,0
360854,0,1,1999,27,27,27,27,27,27,27,27,27,27
360854,0,2,1999,32,32,32,32,32,32,32,32,32,32
360854,1,1,1999,0,0,0,0,0,0,0,0,0,0
360855,0,1,1999,0,0,0,0,0,0,0,0,0,0
360855,0,2,1999,0,11,23,0,24,35,22,0,0,0
360855,1,1,1999,0,0,0,0,0,0,0,0,0,0
360855,2,1,1999,0,0,0,0,0,0,0,0,0,0
360856,1,1,1999,0,0,0,0,0,0,0,0,0,0
360857,0,1,1999,10,10,10,10,10,10,10,10,10,10
360857,1,1,1999,0,0,0,0,0,0,0,0,0,0
360858,0,1,1999,0,0,0,21,0,0,0,0,0,0
360858,1,1,1999,0,0,0,0,0,0,0,0,0,0
360859,1,1,1999,0,0,0,0,0,0,0,0,0,0
360859,2,1,1999,0,0,0,0,0,0,0,0,0,0
360860,1,1,1999,0,0,0,0,0,0,0,0,0,0
360860,2,1,1999,0,0,0,0,0,0,0,0,0,0
360860,3,1,1999,0,0,0,0,0,0,0,0,0,0
360861,1,1,1999,11,11,11,11,11,11,11,11,11,11
360862,1,1,1999,5,5,5,5,5,5,5,5,5,5
360863,1,1,1999,24,12,28,0,9,29,23,20,0,9
360864,1,1,1999,0,0,0,0,0,0,0,0,0,0
360864,2,1,1999,0,0,0,0,0,0,0,0,0,0
360865,0,1,1999,0,0,0,0,23,0,0,41,0,0
360865,1,1,1999,0,0,0,0,0,0,0,0,0,0
360866,1,1,1999,0,0,0,0,0,0,0,0,0,0
360866,2,1,1999,0,0,0,0,0,0,0,0,0,0
360866,3,1,1999,0,0,0,0,0,0,0,0,0,0
360867,1,1,1999,11,0,0,0,0,0,0,0,0,0
360867,2,1,1999,17,0,0,0,0,0,0,0,0,0
360868,1,1,1999,0,0,0,0,0,0,0,0,0,0
360868,2,1,1999,0,0,0,0,0,0,0,0,0,0
360869,1,1,1999,12,0,0,0,0,0,0,0,0,0
360870,0,1,1999,0,11,0,0,0,0,0,0,0,0
360870,1,1,1999,0,0,0,0,0,0,18,0,9,0
360871,1,1,1999,18,23,11,28,7,0,0,0,0,0
360872,1,1,1999,0,0,0,0,0,0,0,0,0,0
360873,1,1,1999,8,8,8,8,8,8,8,8,8,8
360874,1,1,1999,0,0,0,0,0,0,0,0,0,0
360875,1,1,1999,0,0,0,0,0,0,24,0,0,0
360876,1,1,1999,20,20,20,20,20,20,20,20,20,20
360877,1,1,1999,14,14,14,14,14,14,14,14,14,14
360878,1,1,1999,22,22,22,22,22,22,22,22,22,22
360879,0,1,1999,0,12,21,18,26,27,17,0,38,22
360879,1,1,1999,0,0,0,0,0,0,0,0,0,0
360880,0,1,1999,0,0,0,0,0,0,0,0,0,0
360880,1,1,1999,0,0,0,0,0,0,0,0,0,0
360881,0,1,1999,32,32,32,32,32,32,32,32,32,32
360881,1,1,1999,0,0,0,0,0,0,0,0,0,0
360882,0,1,1999,0,0,0,0,0,0,0,0,0,0
360882,1,1,1999,0,0,0,0,0,0,0,0,0,0
360883,1,1,1999,0,0,0,0,0,0,0,0,0,0
360884,1,1,1999,0,0,0,0,0,0,0,0,0,0
360884,2,1,1999,0,0,0,0,0,0,0,0,0,0
360884,3,1,1999,0,0,0,0,0,0,0,0,0,0
360885,0,1,1999,11,11,11,11,11,11,11,11,11,11
360885,1,1,1999,0,0,0,0,0,0,0,0,0,0
360886,1,1,1999,0,0,0,0,0,0,0,0,0,0
360886,2,1,1999,0,0,0,0,0,0,0,0,0,0
360887,0,1,1999,14,14,14,14,14,14,14,14,14,14
360887,1,1,1999,20,0,0,0,0,0,0,9,0,0
360888,1,1,1999,0,0,0,0,0,0,0,0,0,0
360888,2,1,1999,0,0,0,0,0,0,0,0,0,0
360889,1,1,1999,0,0,0,0,0,0,0,0,0,0
360889,2,1,1999,0,0,0,0,0,0,0,0,0,0
360889,3,1,1999,0,0,0,0,0,0,0,0,0,0
360890,1,1,1999,0,0,0,0,0,0,0,0,0,0
360890,2,1,1999,0,0,0,0,0,0,0,0,0,0
360890,3,1,1999,0,0,0,0,0,0,0,0,5,0
360891,0,1,1999,0,0,0,0,0,0,0,0,0,0
360891,1,1,1999,0,0,0,0,0,0,0,0,0,0
360892,1,1,1999,0,0,0,0,0,0,0,0,0,0
360893,1,1,1999,3,3,3,3,3,3,3,3,3,3
360894,1,1,1999,0,0,0,0,0,0,0,0,0,0
360894,2,1,1999,0,0,0,0,0,0,0,0,0,0
360895,1,1,1999,0,0,0,0,0,0,0,0,0,0
360895,2,1,1999,0,0,0,0,0,0,0,0,0,0
360896,1,1,1999,0,0,0,0,0,0,0,0,0,0
360896,2,1,1999,0,0,0,0,0,0,0,0,0,0
360897,1,1,1999,0,0,0,0,0,0,0,0,0,0
360898,0,1,1999,0,0,0,0,0,0,0,0,0,0
360898,0,2,1999,0,6,0,0,0,0,0,0,26,0
360898,1,1,1999,0,0,0,0,0,0,0,0,0,0
360899,1,1,1999,24,23,16,0,19,15,15,13,27,8
360900,1,1,1999,14,0,0,0,12,29,0,7,6,0
360900,2,1,1999,0,0,0,0,0,0,0,0,0,0
360901,1,1,1999,0,0,0,0,0,0,0,0,0,0
360902,1,1,1999,0,0,0,0,0,0,0,0,0,0
360903,1,1,1999,0,17,0,0,0,0,0,10,15,15
360904,1,1,1999,0,0,0,0,0,0,0,0,0,0
360905,1,1,1999,0,0,0,0,0,0,0,0,0,0
360906,1,1,1999,16,18,27,34,23,21,7,19,5,11
360907,1,1,1999,24,28,0,10,6,0,26,7,0,0
360908,1,1,1999,0,0,0,0,0,0,0,0,0,0
360908,2,1,1999,0,0,0,4,21,14,0,0,0,0
360909,0,1,1999,0,0,0,0,0,0,0,0,0,0
360909,1,1,1999,0,0,0,0,0,0,0,0,0,0
360910,0,1,1999,0,0,0,0,0,0,0,0,0,0
360910,0,2,1999,0,0,0,0,0,0,0,0,0,0
360910,0,3,1999,0,0,0,0,0,0,0,0,0,0
360910,1,1,1999,0,0,0,0,0,0,0,0,0,0
360911,1,1,1999,0,0,0,0,0,0,0,0,0,0
360912,1,1,1999,0,0,0,0,0,0,0,0,0,0
360912,2,1,1999,0,0,0,0,0,0,0,0,16,0
360913,0,1,1999,0,0,0,0,0,0,0,0,25,0
360913,1,1,1999,0,0,0,0,0,0,0,0,0,0
360914,1,1,1999,0,0,0,9,0,0,0,0,0,0
360914,2,1,1999,0,0,0,0,0,0,0,0,42,0
360914,3,1,1999,0,0,0,0,0,15,0,0,0,0
360915,0,1,1999,0,0,0,0,0,0,0,0,0,0
360915,1,1,1999,0,0,0,0,0,0,0,0,0,0
360916,1,1,1999,0,0,0,0,0,0,0,0,0,0
360916,2,1,1999,11,0,10,0,19,0,0,0,0,0
360917,0,1,1999,0,0,0,0,0,0,0,0,0,0
360917,1,1,1999,0,0,0,0,0,0,0,0,0,0
360918,1,1,1999,0,0,0,0,0,0,0,0,0,0
360918,2,1,1999,0,0,0,0,0,0,0,0,7,0
360919,0,1,1999,29,26,0,7,0,12,15,0,28,0
360919,1,1,1999,0,0,0,0,0,0,0,0,0,0
360920,1,1,1999,0,0,0,0,0,0,0,0,0,0
360920,2,1,1999,0,0,0,0,0,0,0,0,0,0
360921,0,1,1999,0,0,0,0,0,0,0,0,0,23
360921,1,1,1999,0,0,0,0,0,0,0,0,0,11
360922,1,1,1999,0,0,0,0,0,0,0,0,0,0
360922,2,1,1999,0,0,0,0,0,0,0,0,0,0
360922,3,1,1999,0,0,0,0,0,0,0,0,0,0
360923,0,1,1999,0,0,0,0,0,0,0,0,0,0
360923,1,1,1999,0,0,0,0,0,0,0,0,0,0
360924,1,1,1999,0,0,0,16,0,0,0,0,0,0
360924,2,1,1999,0,7,0,0,0,0,0,0,0,0
360925,1,1,1999,0,0,0,0,0,0,0,0,0,0
360925,2,1,1999,20,0,0,0,0,0,0,0,0,0
360926,1,1,1999,0,0,0,0,0,0,0,0,0,0
360926,2,1,1999,8,0,0,0,7,0,18,0,0,0
360927,1,1,1999,0,0,0,0,0,0,0,0,0,0
360928,1,1,1999,16,16,16,16,16,16,16,16,16,16
360928,2,1,1999,0,0,0,0,0,0,0,0,0,0
360929,1,1,1999,0,0,0,0,0,0,0,0,12,0
360930,1,1,1999,0,0,0,0,0,0,0,0,0,0
360930,2,1,1999,0,0,0,0,0,0,0,0,0,0
360931,1,1,1999,0,0,0,0,0,0,0,0,0,0
360931,2,1,1999,0,0,0,0,0,0,0,0,0,0
360932,1,1,1999,0,0,0,0,0,0,0,0,12,0
360932,2,1,1999,2,2,2,2,2,2,2,2,2,2
360932,3,1,1999,0,0,0,0,0,0,0,0,0,0
360932,4,1,1999,0,0,0,0,0,0,0,0,0,0
360933,0,1,1999,0,11,14,0,7,0,0,0,0,7
360933,1,1,1999,0,0,0,0,0,0,0,0,0,0
360934,1,1,1999,0,0,0,0,0,0,0,0,0,0
360934,2,1,1999,0,0,0,0,0,0,0,0,0,0
360935,1,1,1999,17,17,17,17,17,17,17,17,17,17
360935,2,1,1999,0,0,0,0,0,0,0,0,0,8
360936,1,1,1999,0,0,0,0,0,0,0,0,0,0
360936,2,1,1999,0,0,0,19,0,0,0,0,0,0
360937,1,1,1999,0,0,0,0,0,0,0,0,0,0
360937,2,1,1999,0,9,0,0,0,0,0,0,0,0
360938,1,1,1999,0,0,0,0,0,0,0,0,0,0
360938,2,1,1999,0,0,0,0,0,0,0,0,0,0
360939,1,1,1999,0,0,0,0,0,16,0,0,0,0
360939,2,1,1999,0,0,0,0,0,0,0,0,0,0
360940,1,1,1999,12,12,12,12,12,12,12,12,12,12
360941,1,1,1999,0,6,22,14,0,0,27,15,0,30
360942,1,1,1999,13,13,13,13,13,13,13,13,13,13
360943,1,1,1999,0,0,0,0,0,0,0,0,0,0
360944,1,1,1999,16,16,16,16,16,16,16,16,16,16
360945,1,1,1999,0,0,0,0,0,0,0,0,0,0
360945,2,1,1999,0,0,0,0,0,0,0,0,0,0
360946,1,1,1999,0,0,0,0,0,0,0,0,0,0
360946,2,1,1999,0,0,0,0,0,0,0,0,0,0
360947,1,1,1999,0,0,0,0,0,0,0,0,0,0
360947,2,1,1999,15,28,0,3,35,22,13,8,8,6
360948,0,1,1999,14,14,14,14,14,14,14,14,14,14
360948,1,1,1999,7,0,0,0,0,0,0,0,0,0
360948,2,1,1999,9,0,0,0,0,0,0,0,0,0
360949,1,1,1999,0,14,0,0,0,0,0,0,0,0
360949,2,1,1999,0,0,0,0,0,0,0,0,0,0
360950,1,1,1999,0,0,0,0,0,0,0,0,0,0
360951,1,1,1999,15,15,15,15,15,15,15,15,15,15
360952,1,1,1999,0,0,0,17,13,0,38,0,0,0
360953,0,1,1999,0,0,0,0,0,0,0,44,0,0
360953,1,1,1999,0,0,0,0,0,0,0,0,0,0
360954,0,1,1999,0,0,0,0,0,0,0,0,0,0
360954,1,1,1999,0,0,0,0,0,0,0,0,0,0
360955,0,1,1999,0,0,0,0,0,0,0,0,0,0
360955,1,1,1999,0,0,0,0,0,0,0,0,0,0
360956,1,1,1999,0,0,0,0,0,0,0,0,0,0
360956,2,1,1999,19,19,19,19,19,19,19,19,19,19
360957,1,1,1999,0,0,0,0,0,0,0,0,0,0
360957,2,1,1999,0,0,0,0,0,0,0,0,0,0
360958,0,1,1999,7,7,7,7,7,7,7,7,7,7
360958,0,2,1999,0,0,24,6,0,10,21,0,0,17
360958,0,3,1999,0,17,0,14,29,5,0,12,0,0
360958,0,4,1999,11,0,8,0,0,0,17,14,0,0
360958,0,5,1999,0,22,0,0,0,9,0,18,20,24
360958,0,6,1999,3,0,6,0,9,3,4,35,0,0
360958,0,7,1999,20,15,22,0,10,11,0,0,0,0
360958,0,8,1999,7,22,6,0,29,15,0,0,22,8
360958,0,9,1999,0,0,0,0,0,0,0,0,0,0
360958,0,10,1999,0,20,23,0,11,13,18,10,0,0
360958,0,11,1999,0,0,8,0,11,20,0,9,0,0
360958,0,12,1999,0,0,15,14,0,10,0,0,0,17
360958,0,13,1999,0,14,37,0,12,0,20,4,19,4
360958,0,14,1999,23,0,5,0,0,22,0,3,14,0
360958,0,15,1999,0,24,0,0,0,0,0,0,0,0
360958,0,16,1999,19,0,20,0,0,7,0,0,0,0
360958,0,17,1999,0,3,23,0,4,8,24,6,0,0
360958,0,18,1999,0,0,0,21,0,0,15,0,21,0
360958,0,19,1999,0,0,0,18,0,0,0,0,20,16
360958,0,20,1999,27,0,12,0,32,38,19,6,0,21
360958,1,1,1999,0,0,0,0,0,0,0,0,0,0
360959,1,1,1999,0,0,0,0,0,0,0,0,0,0
360959,2,1,1999,0,0,0,0,0,0,0,0,0,0
360960,1,1,1999,0,0,0,0,0,0,0,0,0,0
360960,2,1,1999,0,0,0,0,0,0,0,0,0,0
360961,1,1,1999,0,0,0,0,0,0,0,0,0,0
360962,1,1,1999,18,18,18,18,18,18,18,18,18,18
360962,2,1,1999,0,0,0,20,0,17,0,0,0,12
360963,1,1,1999,0,0,0,0,0,0,0,0,0,0
360963,2,1,1999,0,0,0,0,0,0,0,0,0,0
360964,0,1,1999,0,0,0,0,0,0,0,0,0,0
360964,1,1,1999,0,0,0,0,0,0,0,0,0,0
360965,1,1,1999,2,2,2,2,2,2,2,2,2,2
360966,1,1,1999,0,0,0,0,0,0,0,0,0,0
360967,1,1,1999,18,18,18,18,18,18,18,18,18,18
360967,2,1,1999,0,0,0,0,0,10,5,0,0,0
360967,3,1,1999,0,0,0,0,0,0,0,0,0,17
360968,1,1,1999,0,0,0,0,0,0,0,0,0,0
360969,1,1,1999,0,0,0,4,0,0,13,16,0,8
360970,1,1,1999,16,16,16,16,16,16,16,16,16,16
360971,1,1,1999,0,0,0,0,0,0,0,0,0,0
360972,1,1,1999,0,0,0,0,0,0,0,0,0,0
360972,2,1,1999,0,0,0,0,0,0,0,0,0,0
360973,1,1,1999,0,0,0,0,0,0,13,0,0,22
360973,2,1,1999,0,8,0,0,0,0,0,0,0,0
360974,1,1,1999,0,0,23,0,0,0,0,0,6,0
360975,1,1,1999,0,0,0,0,0,0,0,0,0,0
360975,2,1,1999,0,0,0,0,0,0,0,0,0,0
360976,1,1,1999,0,0,0,0,0,0,0,0,0,0
360977,1,1,1999,22,0,0,0,0,0,0,0,0,0
360978,1,1,1999,0,0,0,0,0,0,0,0,0,0
360979,1,1,1999,21,21,21,21,21,21,21,21,21,21
360980,0,1,1999,27,0,0,0,0,0,0,0,0,0
360980,0,2,1999,0,0,0,11,0,0,0,0,0,0
360980,1,1,1999,0,0,0,0,0,0,0,0,0,0
360981,0,1,1999,0,0,0,0,0,0,0,0,0,0
360981,1,1,1999,0,0,0,0,0,0,0,0,0,0
360981,2,1,1999,0,0,0,0,0,0,0,0,0,0
360982,0,1,1999,14,0,0,23,18,0,0,0,12,11
360982,1,1,1999,0,0,0,0,0,0,0,0,0,0
360983,0,1,1999,0,20,0,0,0,0,0,0,0,0
360983,1,1,1999,0,0,0,2,0,0,16,0,0,0
360984,1,1,1999,10,14,17,25,17,14,19,10,24,11
360985,1,1,1999,5,5,5,5,5,5,5,5,5,5
360986,1,1,1999,0,0,0,0,0,0,0,0,0,0
360986,2,1,1999,0,0,0,0,0,0,0,0,0,0
360986,3,1,1999,0,0,0,0,0,0,0,0,0,0
360987,1,1,1999,0,0,0,0,0,0,0,0,0,0
360987,2,1,1999,1,1,1,1,1,1,1,1,1,1
360988,1,1,1999,0,0,0,0,0,0,0,0,0,0
360988,2,1,1999,0,0,0,0,0,0,0,0,0,0
360989,1,1,1999,8,7,7,11,11,12,15,6,7,6
360990,1,1,1999,0,0,0,0,0,0,0,0,0,0
360990,2,1,1999,0,0,0,0,0,0,0,0,0,0
360991,1,1,1999,0,0,0,0,0,0,0,0,0,0
360991,2,1,1999,0,0,0,0,0,0,0,0,0,0
360992,1,1,1999,0,0,0,0,0,0,0,0,0,0
360993,1,1,1999,9,9,9,9,9,9,9,9,9,9
360993,2,1,1999,0,0,0,0,0,0,0,12,0,0
360994,0,1,1999,0,0,0,13,0,0,0,0,0,0
360994,1,1,1999,7,10,0,0,0,0,10,0,0,0
360995,1,1,1999,0,22,0,0,0,0,0,0,12,0
360996,1,1,1999,23,0,0,0,16,15,0,20,0,0
360997,1,1,1999,0,0,0,0,0,0,0,0,0,0
360998,1,1,1999,0,0,0,0,0,0,0,0,0,0
360999,1,1,1999,6,6,6,6,6,6,6,6,6,6
361000,1,1,1999,0,0,0,0,0,0,0,0,0,0
361001,1,1,1999,0,0,0,0,0,0,0,0,0,0
361001,2,1,1999,0,0,0,0,0,0,0,0,0,0
361002,1,1,1999,0,0,0,0,0,0,0,0,12,0
361002,2,1,1999,0,0,0,0,0,0,0,0,0,0
361003,1,1,1999,0,8,0,0,0,0,0,0,0,0
361003,2,1,1999,0,0,0,0,0,0,0,0,0,0
361004,1,1,1999,0,0,0,0,0,0,0,0,0,0
361004,2,1,1999,0,0,0,0,0,0,0,0,0,0
361005,0,1,1999,0,0,0,0,0,0,0,0,0,0
361005,1,1,1999,0,0,0,0,0,0,0,0,0,0
361006,1,1,1999,0,0,0,0,0,0,0,0,0,0
361007,1,1,1999,25,25,25,25,25,25,25,25,25,25
361008,1,1,1999,0,0,0,0,0,0,0,0,0,0
361009,1,1,1999,0,0,0,0,0,0,0,0,0,0
361010,0,1,1999,0,0,4,0,0,10,0,0,19,0
361010,1,1,1999,8,0,0,0,0,0,0,0,0,0
361011,1,1,1999,0,0,0,0,0,0,0,0,0,0
361012,1,1,1999,1,1,1,1,1,1,1,1,1,1
361013,1,1,1999,0,0,0,0,0,0,0,0,0,0
361014,0,1,1999,0,0,0,13,0,0,0,0,0,0
361014,1,1,1999,0,0,0,0,0,4,0,0,0,0
361015,0,1,1999,0,0,0,0,0,0,0,0,0,0
361015,1,1,1999,1,0,0,0,0,0,0,0,0,0
361016,1,1,1999,16,0,0,0,0,0,0,52,0,0
361017,1,1,1999,0,0,0,12,0,0,20,0,0,0
361018,1,1,1999,10,0,0,12,0,0,18,24,20,13
361019,1,1,1999,0,0,0,0,0,0,0,0,0,0
361019,2,1,1999,0,0,0,0,0,0,0,0,0,0
361020,1,1,1999,0,0,0,0,0,0,0,0,0,0
361020,2,1,1999,0,0,0,0,0,0,0,0,0,0
361021,1,1,1999,0,0,0,0,0,0,0,0,0,0
361021,2,1,1999,0,0,0,0,0,0,0,0,0,0
361022,1,1,1999,14,14,14,14,14,14,14,14,14,14
361023,1,1,1999,0,0,0,0,0,0,0,0,0,0
361023,2,1,1999,0,0,0,0,0,0,0,0,0,0
361024,0,1,1999,0,0,0,0,0,0,0,0,0,0
361024,1,1,1999,0,0,0,0,0,0,0,0,0,0
361025,0,1,1999,0,0,0,0,0,0,0,0,0,0
361025,1,1,1999,0,0,0,0,0,0,0,0,0,0
361026,1,1,1999,0,0,0,0,0,0,0,0,0,0
361026,2,1,1999,0,0,0,0,0,0,0,0,0,0
361026,3,1,1999,0,0,0,0,0,0,0,0,0,0
361027,1,1,1999,0,0,0,0,0,0,0,0,0,0
361027,2,1,1999,0,0,0,0,0,0,0,0,10,0
361029,0,1,1999,0,0,0,0,0,0,0,0,0,0
361029,1,1,1999,0,0,0,0,0,0,0,0,0,0
361030,1,1,1999,0,0,0,0,0,0,0,0,0,0
361030,2,1,1999,0,0,0,0,0,0,0,0,0,0
361031,1,1,1999,0,16,0,0,0,0,0,0,0,0
361032,1,1,1999,10,9,11,3,25,8,20,17,13,8
361033,1,1,1999,0,0,0,0,0,0,0,0,0,0
361034,1,1,1999,0,0,0,0,0,0,0,0,0,0
361035,1,1,1999,0,0,0,0,0,0,0,0,0,0
361035,2,1,1999,0,0,0,0,0,0,0,0,0,0
361036,1,1,1999,0,0,0,0,0,0,0,0,0,0
361037,0,1,1999,0,0,0,0,0,0,0,0,0,0
361037,1,1,1999,0,0,0,0,0,0,0,0,0,0
361038,1,1,1999,0,0,25,0,0,0,15,13,0,5
361039,1,1,1999,0,0,0,0,0,0,0,0,0,0
361040,1,1,1999,0,0,10,0,0,6,4,0,0,0
361041,1,1,1999,7,7,7,7,7,7,7,7,7,7
361042,1,1,1999,0,0,0,0,0,0,0,0,0,0
361043,1,1,1999,0,0,0,0,0,0,0,0,0,0
361044,1,1,1999,0,0,0,0,0,0,0,0,0,0
361045,1,1,1999,0,0,0,0,0,0,0,0,0,0
361045,2,1,1999,0,0,0,0,0,0,0,0,0,0
361046,1,1,1999,0,0,0,0,0,0,0,0,0,0
361046,2,1,1999,0,0,0,0,0,0,0,0,0,0
361046,3,1,1999,0,0,0,0,0,0,0,0,0,0
361047,1,1,1999,16,16,16,16,16,16,16,16,16,16
361048,1,1,1999,0,0,0,0,0,0,0,0,0,0
361048,2,1,1999,0,0,0,0,0,0,0,0,0,0
361048,3,1,1999,0,0,0,0,0,0,0,0,0,0
361048,4,1,1999,0,0,0,0,0,0,0,0,0,0
361049,1,1,1999,30,0,0,0,0,0,0,0,0,0
361049,2,1,1999,0,0,0,0,0,0,0,0,0,0
361049,3,1,1999,0,0,0,0,0,0,0,0,0,0
361050,1,1,1999,0,0,0,0,0,0,0,0,0,0
361051,1,1,1999,12,12,12,12,12,12,12,12,12,12
361052,1,1,1999,0,0,0,0,0,0,0,0,0,0
361052,2,1,1999,0,0,0,0,0,0,0,0,0,0
361053,1,1,1999,0,0,0,0,0,0,0,0,0,0
361054,0,1,1999,0,0,0,0,0,0,0,0,0,0
361054,1,1,1999,0,0,0,0,0,0,0,0,0,0
361055,0,1,1999,0,0,0,0,0,0,0,0,0,0
361055,1,1,1999,0,0,21,10,16,15,0,12,6,0
361056,1,1,1999,29,29,19,40,27,20,14,21,25,17
361057,1,1,1999,0,0,0,0,0,0,0,0,0,0
361057,2,1,1999,0,0,0,0,0,10,0,0,0,0
361058,1,1,1999,0,0,0,0,0,0,0,0,0,0
361058,2,1,1999,0,0,0,0,0,0,0,0,0,0
361059,1,1,1999,12,22,12,10,4,18,30,14,26,15
361060,0,1,1999,33,0,17,0,0,0,0,0,0,0
361060,1,1,1999,0,0,0,0,0,0,0,0,0,0
361060,2,1,1999,0,0,0,0,0,0,0,0,0,0
361061,0,1,1999,0,0,0,26,0,0,0,0,0,0
361061,1,1,1999,0,0,0,0,0,0,0,0,0,0
361062,1,1,1999,0,0,0,28,0,0,0,0,0,0
361063,1,1,1999,0,10,0,0,0,0,0,0,0,0
361063,2,1,1999,0,0,0,0,0,0,0,0,0,0
361064,0,1,1999,0,0,0,0,0,0,0,0,0,0
361064,0,2,1999,33,11,15,0,0,0,0,0,0,0
361064,1,1,1999,0,0,0,0,0,0,0,0,0,0
361065,1,1,1999,0,0,0,0,0,0,0,0,0,0
361066,1,1,1999,0,0,0,0,0,0,0,0,0,0
361067,1,1,1999,0,0,0,0,0,0,0,0,0,0
361067,2,1,1999,0,0,0,0,0,0,0,0,0,0
361068,1,1,1999,15,15,15,15,15,15,15,15,15,15
361069,1,1,1999,0,0,0,0,0,0,0,0,0,0
361070,1,1,1999,0,0,0,0,0,0,0,0,0,31
361071,1,1,1999,0,0,0,0,0,0,0,0,0,0
361071,2,1,1999,0,0,0,0,0,0,0,0,0,0
361072,1,1,1999,0,0,0,0,0,0,0,0,0,0
361072,2,1,1999,0,0,0,0,0,0,17,0,0,0
361073,1,1,1999,0,0,17,0,0,0,23,0,0,0
361073,2,1,1999,0,0,0,0,0,0,0,0,0,0
361074,1,1,1999,0,0,0,0,0,0,0,0,0,0
361075,1,1,1999,12,0,19,25,14,15,13,19,12,12
361076,1,1,1999,0,0,0,12,0,0,0,0,0,28
361077,0,1,1999,0,0,0,0,0,0,0,0,0,0
361077,1,1,1999,0,0,0,0,9,0,0,0,0,0
361078,1,1,1999,0,0,0,0,0,0,0,0,0,0
361078,2,1,1999,0,0,0,0,0,0,0,0,0,0
361079,0,1,1999,0,0,0,0,0,0,0,0,0,0
361079,1,1,1999,0,0,0,0,0,0,0,0,0,0
361080,1,1,1999,5,5,5,5,5,5,5,5,5,5
361080,2,1,1999,0,0,0,10,0,0,0,0,0,0
361081,1,1,1999,0,0,0,0,0,0,0,0,0,0
361081,2,1,1999,0,0,0,0,0,0,0,0,0,0
361082,1,1,1999,0,0,0,0,17,0,0,0,0,0
361082,2,1,1999,0,0,0,0,0,0,0,0,0,0
361083,0,1,1999,24,24,24,24,24,24,24,24,24,24
361083,1,1,1999,0,0,0,0,0,0,0,0,0,0
361084,1,1,1999,10,10,10,10,10,10,10,10,10,10
361084,2,1,1999,0,8,25,0,0,0,0,14,0,0
361085,0,1,1999,0,0,0,0,0,0,0,12,0,0
361085,0,2,1999,0,0,41,0,0,0,0,0,0,16
361085,1,1,1999,0,0,0,11,9,0,0,0,0,0
361085,2,1,1999,0,0,0,0,0,0,0,0,0,0
361086,1,1,1999,0,0,21,23,0,0,0,0,0,0
361087,1,1,1999,0,0,0,0,0,0,0,0,0,0
361087,2,1,1999,0,0,0,0,38,0,0,0,0,8
361087,3,1,1999,0,0,0,0,0,0,0,0,0,0
361088,1,1,1999,0,0,0,0,0,0,0,0,0,0
361088,2,1,1999,0,0,0,0,0,0,0,0,0,0
361089,1,1,1999,19,19,19,19,19,19,19,19,19,19
361090,1,1,1999,18,18,18,18,18,18,18,18,18,18
361091,0,1,1999,0,0,0,0,0,0,0,0,0,0
361091,1,1,1999,0,0,0,0,0,0,0,0,0,0
361092,1,1,1999,0,0,0,0,0,0,0,0,0,0
361092,2,1,1999,0,0,0,0,0,0,0,0,0,0
361093,0,1,1999,0,0,0,0,0,0,0,0,0,0
361093,1,1,1999,0,0,0,0,0,0,0,0,0,0
361094,1,1,1999,20,20,20,20,20,20,20,20,20,20
361095,1,1,1999,0,0,0,0,0,0,0,0,0,0
361096,1,1,1999,7,5,0,0,0,30,0,0,0,0
361096,2,1,1999,0,0,0,5,12,0,0,0,0,18
361097,1,1,1999,0,0,0,0,0,0,0,0,0,0
361097,2,1,1999,0,0,0,0,0,0,0,0,0,0
361098,0,1,1999,0,0,0,0,0,0,0,0,0,0
361098,1,1,1999,0,0,0,0,0,0,0,0,0,0
361099,1,1,1999,0,0,0,0,0,0,0,0,9,0
361100,1,1,1999,0,0,0,0,0,0,0,0,0,0
361101,1,1,1999,0,0,0,0,0,0,0,0,0,0
361102,1,1,1999,0,0,0,0,0,0,0,0,0,0
361102,2,1,1999,0,0,0,0,0,0,0,0,0,0
361103,0,1,1999,17,31,19,12,52,52,14,33,19,28
361103,1,1,1999,0,0,0,0,0,0,0,0,0,0
361104,0,1,1999,0,0,0,0,0,0,0,0,0,0
361104,1,1,1999,0,0,0,0,0,0,0,0,0,0
361105,1,1,1999,0,0,0,0,0,0,0,0,0,0
361105,2,1,1999,0,0,0,0,0,0,0,0,0,0
361106,0,1,1999,0,0,0,0,0,0,0,0,0,0
361106,1,1,1999,0,0,0,4,0,0,0,0,0,0
361107,0,1,1999,0,16,0,0,0,0,0,0,0,0
361107,1,1,1999,0,0,0,0,0,0,0,0,0,0
361108,0,1,1999,0,0,0,0,17,0,0,0,0,0
361108,1,1,1999,0,0,0,0,0,0,0,0,0,0
361109,0,1,1999,4,4,4,4,4,4,4,4,4,4
361109,1,1,1999,18,0,0,0,0,17,0,0,0,0
361109,2,1,1999,0,0,0,0,0,0,0,0,0,0
361110,1,1,1999,15,33,21,22,13,13,13,33,0,12
361111,0,1,1999,0,0,0,0,0,0,0,0,0,0
361111,1,1,1999,0,0,0,0,0,9,0,0,0,0
361112,1,1,1999,0,0,0,0,0,0,0,0,0,0