ST_CASE,VEH_NO,PER_NO,YEAR,P1,P2,P3,P4,P5,P6,P7,P8,P9,P10
361112,2,1,1999,0,0,0,0,0,0,0,0,0,0
361113,1,1,1999,0,0,0,0,0,0,0,0,0,13
361113,2,1,1999,0,0,0,0,0,0,0,0,0,0
361114,1,1,1999,0,0,0,0,0,0,0,0,0,0
361114,2,1,1999,0,0,0,0,0,0,0,0,0,0
361115,0,1,1999,0,0,0,0,0,0,0,0,0,0
361115,1,1,1999,0,0,0,0,0,0,0,0,0,0
361116,1,1,1999,0,0,0,0,0,0,0,0,0,0
361116,2,1,1999,0,0,0,0,0,0,0,0,0,0
361117,1,1,1999,0,0,2,0,0,0,0,0,0,0
361117,2,1,1999,0,0,0,0,0,0,0,0,0,0
361118,1,1,1999,0,0,0,0,0,0,0,0,0,0
361118,2,1,1999,0,0,0,0,0,0,0,0,0,0
361119,1,1,1999,0,0,0,0,0,0,0,0,0,0
361119,2,1,1999,0,0,0,0,0,0,0,0,0,0
361120,0,1,1999,0,0,11,0,0,0,0,0,0,0
361120,1,1,1999,0,0,0,0,0,0,0,0,0,0
361121,1,1,1999,0,0,0,0,0,0,0,0,0,0
361121,2,1,1999,0,0,0,0,0,0,0,0,0,0
361122,0,1,1999,29,9,9,0,17,19,24,13,16,0
361122,1,1,1999,27,23,29,10,24,12,11,22,6,3
361123,1,1,1999,0,0,39,8,0,17,7,27,0,0
361124,0,1,1999,0,0,0,0,0,0,0,0,0,0
361124,1,1,1999,0,0,0,0,0,0,0,0,0,0
361125,1,1,1999,0,0,14,0,0,0,0,0,0,0
361125,2,1,1999,0,0,0,0,0,0,0,0,0,0
361125,3,1,1999,0,0,0,0,0,0,0,0,0,0
361126,1,1,1999,0,0,0,0,0,0,0,0,0,4
361127,1,1,1999,9,9,9,9,9,9,9,9,9,9
361128,1,1,1999,19,15,20,22,31,13,18,8,7,20
361128,2,1,1999,22,0,7,0,7,17,12,0,13,0
361130,1,1,1999,15,0,0,18,7,0,0,0,4,18
361131,1,1,1999,23,23,23,23,23,23,23,23,23,23
361132,1,1,1999,0,0,0,0,0,0,0,0,0,0
361133,1,1,1999,0,0,0,0,0,0,0,0,0,0
361134,1,1,1999,23,23,23,23,23,23,23,23,23,23
361135,1,1,1999,0,0,0,0,0,0,0,0,0,0
361136,1,1,1999,0,0,0,0,0,0,0,0,0,0
361137,0,1,1999,0,0,0,0,0,0,0,0,0,0
361137,1,1,1999,0,0,0,0,0,0,0,0,0,0
361138,0,1,1999,19,19,19,19,19,19,19,19,19,19
361138,1,1,1999,0,0,0,0,0,0,0,0,0,0
361139,1,1,1999,0,0,0,0,0,0,0,0,0,0
361140,1,1,1999,8,29,22,19,34,13,26,18,23,13
361141,0,1,1999,0,0,0,0,0,0,0,0,0,0
361141,1,1,1999,0,0,0,0,0,0,0,0,0,0
361142,0,1,1999,0,0,0,0,0,0,0,0,0,0
361142,1,1,1999,0,0,0,0,0,0,0,0,0,0
361143,0,1,1999,0,0,11,0,0,0,0,13,0,0
361143,0,2,1999,0,0,0,0,0,0,0,0,0,0
361143,1,1,1999,0,0,0,0,0,0,0,0,0,0
361143,2,1,1999,0,0,0,0,0,0,0,0,0,0
361144,1,1,1999,0,0,0,0,0,15,0,0,0,14
361144,2,1,1999,3,3,3,3,3,3,3,3,3,3
361145,1,1,1999,7,7,7,7,7,7,7,7,7,7
361146,1,1,1999,0,0,0,0,0,0,0,0,0,0
361146,2,1,1999,0,0,0,0,0,0,0,0,0,0
361146,3,1,1999,0,0,0,0,0,0,0,0,0,0
361147,0,1,1999,0,0,11,0,0,0,0,0,0,0
361147,1,1,1999,0,0,0,0,0,0,0,0,0,0
361148,0,1,1999,0,0,0,0,0,0,0,0,0,0
361148,1,1,1999,0,0,0,0,0,0,0,0,0,0
361149,1,1,1999,16,16,16,16,16,16,16,16,16,16
361150,0,1,1999,0,0,0,0,0,9,0,0,0,0
361150,1,1,1999,0,0,0,0,0,0,0,0,0,11
361151,1,1,1999,0,0,0,0,0,0,0,0,0,0
361151,2,1,1999,0,0,0,0,0,0,0,0,0,0
361152,1,1,1999,25,11,8,24,22,12,20,17,5,14
361153,1,1,1999,0,12,12,0,0,0,0,0,0,0
361154,1,1,1999,0,0,0,0,0,0,0,0,0,0
361155,1,1,1999,0,0,27,0,11,24,0,0,10,0
361156,0,1,1999,17,0,0,3,0,0,13,0,0,0
361156,1,1,1999,0,0,0,0,0,0,0,0,0,0
361156,2,1,1999,0,0,0,0,0,0,0,0,0,0
361157,1,1,1999,0,0,0,0,0,0,0,0,0,0
361157,2,1,1999,0,0,0,0,0,0,0,0,0,0
361158,1,1,1999,0,0,0,0,0,0,0,0,0,0
361159,1,1,1999,0,0,0,0,0,0,0,0,0,0
361160,1,1,1999,0,0,0,0,0,0,0,0,0,0
361160,2,1,1999,10,0,0,0,0,0,0,0,0,0
361161,1,1,1999,0,0,0,0,0,0,0,0,0,0
361161,2,1,1999,0,0,0,0,0,0,0,0,0,0
361161,3,1,1999,0,0,0,0,0,0,0,0,0,0
361162,1,1,1999,14,14,14,14,14,14,14,14,14,14
361163,1,1,1999,0,0,0,0,0,0,0,0,0,0
361163,2,1,1999,0,0,0,0,0,0,0,0,0,0
361163,3,1,1999,0,0,0,0,0,0,0,0,0,0
361164,0,1,1999,10,10,10,10,10,10,10,10,10,10
361164,1,1,1999,0,0,0,0,2,13,14,0,0,0
361165,1,1,1999,12,12,12,12,12,12,12,12,12,12
361166,1,1,1999,0,0,0,0,0,0,0,0,0,0
361167,1,1,1999,0,27,0,0,0,8,0,4,0,0
361168,0,1,1999,0,0,0,0,0,0,0,0,0,0
361168,1,1,1999,0,0,0,0,0,0,0,0,0,0
361169,1,1,1999,0,0,0,0,0,0,0,0,0,0
361169,2,1,1999,0,0,0,0,0,0,0,0,0,0
361170,1,1,1999,0,0,0,0,0,0,0,0,0,0
361170,2,1,1999,0,0,0,0,0,0,0,0,0,0
361171,1,1,1999,0,0,0,0,0,0,0,0,0,0
361172,0,1,1999,23,23,23,23,23,23,23,23,23,23
361172,1,1,1999,0,0,0,0,0,0,0,0,0,39
361173,1,1,1999,0,0,0,0,0,10,0,0,0,0
361173,2,1,1999,0,0,0,0,0,0,0,0,0,0
361174,0,1,1999,0,0,0,0,0,0,41,0,0,0
361174,1,1,1999,0,0,0,0,0,0,0,0,0,0
361175,1,1,1999,0,0,0,0,0,0,0,0,0,0
361175,2,1,1999,0,0,0,0,0,0,0,0,0,0
361176,1,1,1999,0,0,0,0,0,0,0,0,0,0
361176,2,1,1999,0,0,0,0,0,0,0,0,0,0
361177,0,1,1999,16,16,16,16,16,16,16,16,16,16
361177,1,1,1999,0,22,0,0,0,0,0,0,0,0
361178,1,1,1999,0,0,0,0,0,0,0,0,0,0
361178,2,1,1999,0,0,0,0,0,0,0,0,0,0
361179,0,1,1999,25,25,25,25,25,25,25,25,25,25
361179,1,1,1999,0,0,0,0,0,0,0,0,0,0
361180,1,1,1999,0,0,0,0,0,0,18,0,0,0
361180,2,1,1999,0,0,0,0,0,0,0,0,0,0
361181,1,1,1999,0,0,0,0,0,0,0,0,0,17
361184,1,1,1999,0,0,0,0,0,0,0,0,0,0
361184,2,1,1999,0,0,0,0,0,0,0,0,0,0
361185,1,1,1999,0,0,0,0,0,0,0,0,0,0
361186,1,1,1999,13,7,13,0,0,18,0,0,0,0
361187,1,1,1999,1,1,1,1,1,1,1,1,1,1
361188,1,1,1999,0,0,0,0,0,0,0,0,0,0
361188,2,1,1999,0,0,0,0,0,0,0,0,0,0
361189,0,1,1999,0,0,0,0,0,0,0,0,0,0
361189,1,1,1999,0,0,0,0,0,0,0,0,0,0
361190,0,1,1999,0,0,0,0,0,0,0,0,0,0
361190,0,2,1999,11,0,35,0,22,8,0,0,30,0
361190,0,3,1999,12,0,11,0,26,0,0,0,0,0
361190,1,1,1999,0,0,0,0,0,0,0,0,0,0
361191,1,1,1999,0,0,0,0,0,0,0,0,0,0
361191,2,1,1999,0,0,0,0,0,0,0,0,0,0
361192,0,1,1999,0,0,0,0,0,0,0,0,0,0
361192,0,2,1999,0,0,0,0,0,0,0,0,0,0
361192,1,1,1999,0,14,0,0,15,0,0,0,0,0
361193,1,1,1999,12,25,13,0,6,5,0,0,13,23
361194,1,1,1999,0,0,0,0,0,0,0,0,0,0
361195,1,1,1999,11,11,11,11,11,11,11,11,11,11
361196,1,1,1999,0,0,0,0,0,0,0,0,0,0
361196,2,1,1999,0,0,0,0,0,0,0,0,0,0
361197,1,1,1999,0,0,0,0,0,0,0,0,0,0
361197,2,1,1999,0,0,0,0,0,0,0,0,0,0
361198,0,1,1999,2,2,2,2,2,2,2,2,2,2
361198,1,1,1999,0,0,0,0,0,0,0,8,0,0
361199,1,1,1999,0,0,0,0,0,0,0,0,0,0
361199,2,1,1999,0,0,0,0,0,0,0,0,0,0
361200,1,1,1999,0,0,0,0,0,0,0,0,0,0
361200,2,1,1999,0,0,0,0,0,0,0,0,0,0
361201,1,1,1999,0,0,0,0,0,0,0,0,0,0
361201,2,1,1999,0,0,0,0,0,0,0,0,0,0
361202,1,1,1999,0,0,0,0,0,0,0,0,0,0
361203,1,1,1999,0,0,0,0,0,0,0,0,0,0
361204,1,1,1999,0,0,0,0,0,0,0,0,0,0
361205,1,1,1999,0,0,0,0,0,0,0,0,0,0
361205,2,1,1999,0,0,0,0,0,0,0,0,0,0
361206,0,1,1999,0,26,0,0,0,0,13,0,0,0
361206,1,1,1999,0,0,0,0,0,0,0,0,0,0
361207,0,1,1999,0,32,18,0,0,19,0,0,30,0
361207,0,2,1999,14,18,8,30,23,17,21,22,26,3
361207,1,1,1999,0,0,0,0,0,0,0,0,0,0
361208,1,1,1999,0,0,0,0,0,0,0,0,0,0
361209,1,1,1999,0,29,10,14,38,9,34,25,24,26
361210,1,1,1999,0,0,16,0,0,0,0,0,0,0
361211,1,1,1999,0,0,0,0,0,0,0,0,0,0
361211,2,1,1999,0,0,0,0,0,0,0,0,0,0
361211,3,1,1999,0,0,0,0,0,0,0,0,0,0
361211,4,1,1999,0,0,0,0,0,0,0,0,0,0
361212,0,1,1999,0,0,0,0,0,0,0,0,0,0
361212,0,2,1999,0,0,0,0,0,0,0,0,0,0
361212,1,1,1999,0,0,0,0,0,0,0,0,0,0
361213,1,1,1999,0,0,0,0,0,0,0,0,0,0
361213,2,1,1999,17,0,0,0,0,0,0,8,0,0
361214,0,1,1999,0,0,0,0,0,0,0,0,0,0
361214,1,1,1999,0,0,0,0,0,0,0,0,0,0
361215,0,1,1999,7,30,9,5,12,0,16,16,0,11
361215,0,2,1999,24,20,12,18,16,16,23,16,25,0
361215,1,1,1999,0,0,8,0,21,0,9,0,0,0
361216,1,1,1999,0,0,0,0,0,16,0,11,0,0
361216,2,1,1999,0,0,0,0,0,0,0,0,0,0
361217,1,1,1999,0,0,0,26,19,0,18,0,9,0
361218,0,1,1999,0,11,0,0,0,0,0,0,18,0
361218,1,1,1999,12,0,0,0,0,0,0,0,0,0
361219,0,1,1999,0,0,0,29,0,0,0,0,0,24
361219,1,1,1999,0,0,0,0,0,23,0,0,0,0
361220,1,1,1999,0,0,0,0,0,0,0,0,0,0
361221,1,1,1999,21,21,21,21,21,21,21,21,21,21
361222,1,1,1999,0,0,0,0,0,0,0,0,0,0
361223,1,1,1999,0,0,0,0,0,0,0,0,0,0
361223,2,1,1999,0,0,0,0,0,0,0,0,0,0
361224,1,1,1999,0,0,0,0,0,12,0,0,0,0
361224,2,1,1999,0,0,0,0,0,0,0,0,0,0
361225,0,1,1999,0,0,0,0,0,0,0,0,0,0
361225,1,1,1999,0,22,0,0,0,0,0,0,0,0
361226,0,1,1999,0,0,0,0,0,0,0,0,0,0
361226,1,1,1999,0,0,0,0,0,0,0,0,0,0
361227,0,1,1999,25,25,25,25,25,25,25,25,25,25
361227,1,1,1999,0,0,0,0,0,0,0,0,0,0
361228,0,1,1999,16,16,16,16,16,16,16,16,16,16
361228,1,1,1999,0,0,0,0,0,0,0,0,0,0
361229,1,1,1999,0,0,0,0,0,0,0,0,0,0
361229,2,1,1999,0,0,0,0,0,0,0,0,0,0
361230,1,1,1999,0,0,0,0,0,0,0,0,0,0
361230,2,1,1999,0,0,0,0,0,0,0,0,0,0
361231,1,1,1999,0,0,13,0,0,0,0,0,0,0
361232,0,1,1999,0,0,0,14,35,0,8,0,13,35
361232,0,2,1999,19,41,37,31,10,0,36,22,0,0
361232,1,1,1999,9,9,9,9,9,9,9,9,9,9
361233,1,1,1999,7,0,3,20,15,0,4,20,0,13
361234,0,1,1999,0,0,0,0,0,0,0,0,0,0
361234,1,1,1999,0,0,0,0,0,0,0,0,0,0
361235,1,1,1999,0,0,0,0,0,0,0,0,14,0
361235,2,1,1999,0,0,0,0,0,0,0,0,0,0
361236,1,1,1999,0,0,0,0,0,0,0,0,0,0
361237,0,1,1999,6,0,0,13,23,0,27,15,0,0
361237,1,1,1999,46,8,13,7,24,0,24,27,0,14
361238,1,1,1999,14,9,9,6,4,24,9,7,23,5
361239,1,1,1999,16,0,16,0,0,0,0,0,0,0
361240,1,1,1999,0,0,0,0,0,0,0,0,0,0
361240,2,1,1999,0,0,0,0,0,0,0,0,0,0
361241,1,1,1999,0,0,0,0,0,0,13,0,0,13
361242,0,1,1999,0,0,0,0,0,0,0,0,0,0
361242,1,1,1999,0,0,0,0,0,0,0,0,0,0
361243,1,1,1999,0,0,0,0,0,0,0,0,0,0
361244,1,1,1999,8,26,5,7,20,0,0,0,4,7
361244,2,1,1999,0,0,14,0,0,0,0,0,26,0
361245,1,1,1999,0,0,0,0,0,0,0,0,0,0
361245,2,1,1999,0,0,0,0,0,0,0,13,0,0
361246,0,1,1999,0,0,0,0,0,0,0,0,0,0
361246,1,1,1999,0,0,0,0,0,0,0,0,0,0
361247,0,1,1999,0,0,0,0,0,0,0,0,0,0
361247,1,1,1999,20,0,0,0,0,0,0,0,0,0
361248,0,1,1999,0,0,0,0,0,0,0,0,0,0
361248,1,1,1999,0,0,0,0,0,0,0,0,0,0
361249,0,1,1999,0,0,0,0,0,0,0,0,0,0
361249,1,1,1999,0,0,0,0,0,0,0,0,0,0
361250,1,1,1999,0,0,0,0,0,0,0,0,0,0
361250,2,1,1999,0,0,0,0,0,0,0,0,0,0
361251,0,1,1999,0,0,0,0,0,0,0,0,0,0
361251,1,1,1999,0,0,0,0,0,0,0,0,0,0
361252,0,1,1999,20,20,20,20,20,20,20,20,20,20
361252,1,1,1999,0,0,0,0,0,0,0,0,0,0
361253,0,1,1999,4,4,4,4,4,4,4,4,4,4
361253,1,1,1999,0,0,8,14,0,0,0,22,0,0
361254,1,1,1999,0,0,0,0,0,15,0,0,0,0
361254,2,1,1999,0,0,0,0,0,0,0,0,0,0
361255,1,1,1999,0,0,0,0,0,0,0,0,0,0
361255,2,1,1999,0,0,0,20,0,0,16,0,0,0
361256,0,1,1999,0,0,0,0,0,0,0,0,0,0
361256,1,1,1999,0,0,0,0,0,0,0,0,0,0
361257,1,1,1999,0,0,0,0,0,0,12,0,0,0
361257,2,1,1999,0,0,0,0,0,0,0,0,0,0
361258,0,1,1999,0,0,0,0,0,0,0,0,0,0
361258,1,1,1999,0,0,0,0,0,0,0,0,0,0
361259,1,1,1999,0,0,0,0,0,0,0,0,0,0
361259,2,1,1999,0,0,0,0,0,0,0,0,0,0
361260,1,1,1999,0,0,0,0,0,0,0,0,0,0
361260,2,1,1999,0,0,0,0,0,0,0,0,0,0
361261,1,1,1999,0,0,0,0,0,0,0,0,0,0
361261,2,1,1999,0,0,0,0,0,0,0,0,0,0
361262,1,1,1999,11,11,11,11,11,11,11,11,11,11
361263,0,1,1999,0,0,0,0,0,0,0,0,0,0
361263,1,1,1999,0,0,0,0,0,0,0,0,10,0
361264,1,1,1999,13,13,13,13,13,13,13,13,13,13
361265,0,1,1999,0,0,0,0,0,0,0,0,0,0
361265,1,1,1999,0,0,0,0,0,0,0,0,0,0
361266,1,1,1999,0,0,0,0,0,0,0,0,0,0
361267,0,1,1999,0,0,0,0,0,0,0,0,0,0
361267,1,1,1999,0,0,0,0,0,0,0,0,0,0
361267,2,1,1999,0,0,0,0,0,0,0,0,0,0
361268,1,1,1999,0,0,0,0,0,0,0,0,0,0
361268,2,1,1999,0,0,0,0,0,0,0,0,0,0
361269,0,1,1999,0,0,0,0,28,0,0,5,0,0
361269,1,1,1999,0,0,0,0,0,0,0,0,12,0
361270,0,1,1999,0,0,0,0,0,0,0,0,0,0
361270,1,1,1999,0,0,0,0,0,0,0,0,0,0
361270,2,1,1999,0,0,0,0,0,0,0,0,0,0
361271,1,1,1999,4,19,6,7,3,0,13,9,4,4
361272,1,1,1999,0,0,0,0,0,0,13,0,0,0
361272,2,1,1999,0,0,0,0,0,0,0,0,0,0
361272,3,1,1999,0,0,0,20,13,0,14,0,0,0
361273,1,1,1999,0,0,0,0,0,0,0,0,0,0
361273,2,1,1999,0,0,0,0,0,0,0,0,0,8
361274,0,1,1999,16,20,0,15,0,22,0,8,0,0
361274,2,1,1999,0,0,0,0,0,0,0,0,0,0
361274,3,1,1999,0,0,0,0,0,0,0,0,0,0
361275,1,1,1999,18,15,27,23,14,16,31,19,19,26
361276,1,1,1999,0,0,0,0,0,3,0,21,0,0
361277,1,1,1999,16,0,0,0,0,0,0,0,0,15
361278,0,1,1999,0,15,0,4,0,0,0,23,22,24
361278,1,1,1999,0,15,0,0,0,0,0,0,0,0
361279,0,1,1999,0,0,0,0,0,0,0,0,0,0
361279,1,1,1999,0,0,0,0,0,0,0,0,0,0
361280,1,1,1999,0,0,0,0,0,0,0,0,0,0
361280,2,1,1999,0,0,0,0,0,0,0,0,0,0
361281,1,1,1999,0,0,0,0,0,0,0,0,0,0
361281,2,1,1999,0,0,0,0,0,0,0,0,0,0
361282,1,1,1999,0,0,0,0,0,0,0,0,0,19
361282,2,1,1999,0,0,0,0,0,0,0,0,0,0
361283,0,1,1999,0,0,0,0,0,0,13,0,6,0
361283,1,1,1999,0,0,0,0,0,0,0,0,0,0
361284,1,1,1999,0,0,0,0,0,0,0,0,0,0
361284,2,1,1999,0,0,0,18,0,19,0,0,0,0
361285,1,1,1999,0,0,0,0,0,0,0,0,14,0
361286,0,1,1999,0,27,0,0,0,0,0,0,0,0
361286,1,1,1999,0,0,0,0,0,0,0,0,0,0
361287,0,1,1999,0,0,0,0,0,0,0,0,0,0
361287,1,1,1999,0,0,0,0,0,0,0,0,0,0
361288,0,1,1999,26,0,0,0,0,0,0,0,0,0
361288,1,1,1999,22,21,0,0,0,0,0,14,8,0
361289,1,1,1999,0,0,11,0,32,28,17,22,0,16
361289,2,1,1999,0,0,0,0,0,22,0,0,0,0
361290,0,1,1999,0,0,0,0,0,0,0,0,0,0
361290,1,1,1999,0,0,0,0,0,0,0,0,0,0
361291,0,1,1999,0,0,0,0,0,0,0,0,0,0
361291,1,1,1999,0,0,0,0,0,0,0,0,0,0
361292,1,1,1999,9,22,0,9,7,13,11,7,0,16
361293,0,1,1999,0,0,0,0,0,0,0,0,0,0
361293,1,1,1999,0,5,0,0,0,5,0,0,0,24
361294,1,1,1999,17,10,23,21,30,17,13,15,19,11
361295,1,1,1999,0,0,0,0,0,0,0,0,0,0
361296,0,1,1999,0,0,0,37,0,0,0,0,0,0
361296,1,1,1999,0,0,0,0,0,0,0,0,0,0
361297,0,1,1999,0,0,0,0,20,0,0,0,0,0
361297,1,1,1999,0,0,0,0,0,0,0,0,0,0
361298,1,1,1999,0,0,0,0,8,0,0,0,0,0
361299,0,1,1999,0,0,0,0,0,7,0,30,0,0
361299,1,1,1999,0,0,0,0,0,0,0,0,0,0
361300,0,1,1999,0,0,0,0,0,0,0,0,0,0
361300,1,1,1999,0,0,0,0,0,0,0,0,0,0
361301,1,1,1999,0,0,0,0,0,0,0,0,0,0
361301,2,1,1999,0,0,0,0,19,0,0,0,0,0
361302,0,1,1999,0,6,27,18,0,0,0,0,13,12
361302,1,1,1999,0,0,0,0,0,12,0,0,0,0
361303,1,1,1999,0,0,0,9,0,8,38,0,0,0
361304,1,1,1999,11,0,0,11,24,0,5,0,7,20
361305,1,1,1999,0,0,0,0,0,0,0,0,0,0
361305,2,1,1999,0,0,0,0,0,0,0,0,0,0
361306,0,1,1999,0,0,0,0,0,0,0,0,0,0
361306,1,1,1999,0,0,0,0,0,0,0,0,0,0
361307,1,1,1999,0,0,0,0,0,0,0,0,0,0
361307,2,1,1999,0,0,0,0,0,0,0,0,0,0
361308,0,1,1999,0,0,0,0,0,0,0,0,0,0
361308,1,1,1999,0,21,0,0,0,0,0,0,0,0
361308,2,1,1999,0,0,0,0,0,0,0,0,0,0
361309,0,1,1999,23,27,0,30,0,0,11,15,0,8
361309,1,1,1999,0,0,0,0,0,0,0,0,0,0
361310,1,1,1999,0,0,0,0,0,0,13,0,0,0
361310,2,1,1999,0,0,0,0,0,17,0,0,0,0
361311,0,1,1999,8,0,42,0,0,7,0,9,0,0
361311,1,1,1999,0,0,0,0,0,0,0,0,0,0
361312,1,1,1999,0,0,0,0,0,0,23,0,0,0
361312,2,1,1999,0,0,0,0,0,0,0,0,0,0
361313,1,1,1999,0,0,0,0,0,0,0,0,0,0
361313,2,1,1999,0,0,0,0,0,0,0,0,0,0
361314,0,1,1999,0,0,0,0,0,0,27,23,0,0
361314,1,1,1999,0,0,0,0,0,0,0,0,0,0
361315,0,1,1999,0,0,0,13,0,0,0,0,0,0
361315,1,1,1999,0,0,0,0,0,0,0,0,0,0
361316,0,1,1999,0,10,0,0,0,33,0,15,19,0
361316,1,1,1999,0,0,0,0,0,0,0,0,0,0
361317,1,1,1999,0,0,0,0,0,0,0,0,0,0
361317,2,1,1999,0,0,0,0,0,0,0,0,0,0
361318,1,1,1999,10,0,0,0,0,0,0,0,31,0
361318,2,1,1999,0,14,2,16,3,9,8,3,8,17
361319,1,1,1999,0,0,0,0,0,0,0,0,0,0
361319,2,1,1999,0,0,0,0,0,0,0,0,0,0
361319,3,1,1999,0,0,0,0,0,0,0,0,0,0
361320,1,1,1999,0,7,0,0,0,0,0,0,0,0
361321,1,3,1999,0,0,14,0,0,0,0,0,2,0
361322,1,1,1999,4,4,4,4,4,4,4,4,4,4
361323,1,1,1999,0,0,0,0,0,0,0,0,0,0
361324,0,1,1999,0,0,0,0,0,0,0,0,0,0
361324,1,1,1999,0,0,0,0,0,0,0,0,0,0
361325,1,1,1999,0,0,0,0,0,0,0,0,0,0
361325,2,1,1999,0,0,0,0,0,0,0,0,0,0
361326,1,1,1999,0,0,0,0,0,0,0,0,0,0
361327,1,1,1999,0,0,0,0,0,0,10,0,0,0
361328,1,1,1999,14,0,25,12,0,0,0,0,0,0
361329,1,1,1999,0,0,0,0,0,0,0,0,0,0
361330,1,1,1999,0,0,0,0,0,0,0,0,0,0
361330,2,1,1999,0,0,3,0,0,0,0,0,0,0
361331,1,1,1999,0,0,0,0,0,0,0,0,0,0
361332,1,1,1999,0,0,15,0,0,0,0,0,0,0
361333,1,1,1999,0,0,0,0,0,0,0,0,0,0
361334,1,1,1999,0,0,0,0,0,0,0,0,0,0
361335,1,1,1999,4,0,0,0,0,0,7,11,11,13
361336,1,1,1999,17,24,8,0,0,0,0,32,0,0
361337,1,1,1999,0,0,0,0,0,0,0,0,0,0
361337,2,1,1999,0,0,0,0,0,0,0,0,0,0
361338,1,1,1999,0,0,0,0,0,0,0,0,0,0
361338,2,1,1999,0,0,0,0,0,0,0,0,0,0
361339,0,1,1999,15,0,0,0,0,0,0,0,0,0
361339,1,1,1999,0,0,0,0,0,0,0,0,0,0
361340,1,1,1999,0,0,0,0,0,0,0,0,0,0
361340,2,1,1999,0,0,0,0,0,0,0,0,0,0
361341,1,1,1999,15,15,15,15,15,15,15,15,15,15
361341,2,1,1999,0,0,0,0,0,0,0,0,0,0
361342,1,1,1999,0,0,0,0,0,0,0,0,0,0
361342,2,1,1999,0,0,0,0,0,0,0,0,0,0
361343,1,1,1999,0,0,0,0,0,0,0,0,0,0
361343,2,1,1999,0,0,0,0,0,0,0,0,10,0
361344,1,1,1999,0,0,0,0,0,0,0,0,0,0
361344,2,1,1999,0,0,0,0,0,0,0,0,0,0
361345,0,1,1999,0,0,0,0,0,0,0,0,0,0
361345,1,1,1999,0,0,0,0,0,0,0,17,0,0
361346,1,1,1999,0,0,0,0,0,0,0,0,0,0
361346,2,1,1999,0,0,0,0,0,0,0,0,0,0
361347,1,1,1999,0,0,0,0,0,11,0,0,0,13
361348,1,1,1999,0,0,0,0,0,0,0,0,0,0
361348,2,1,1999,0,0,0,0,0,0,0,0,0,0
361349,0,1,1999,0,0,0,0,0,0,0,0,0,0
361349,1,1,1999,0,0,0,0,0,0,0,0,0,0
361350,0,1,1999,0,0,37,0,0,26,0,26,0,0
361350,1,1,1999,0,0,0,0,0,0,0,0,0,0
361351,1,1,1999,0,18,35,0,0,0,0,0,0,0
361351,2,1,1999,0,0,0,0,0,0,0,0,0,0
361352,1,1,1999,11,21,0,6,0,20,0,0,20,0
361353,1,1,1999,17,17,17,17,17,17,17,17,17,17
361354,1,1,1999,0,0,0,0,0,0,0,0,0,0
361354,2,1,1999,0,0,0,0,0,0,0,0,0,0
361355,1,1,1999,0,0,12,0,0,0,0,0,0,0
361356,1,1,1999,18,18,18,18,18,18,18,18,18,18
361357,0,1,1999,0,0,0,0,0,0,0,0,0,0
361357,1,1,1999,0,0,0,0,0,0,26,0,0,0
361358,0,1,1999,0,0,0,0,0,0,0,0,0,0
361358,1,1,1999,0,0,0,0,0,0,0,0,0,0
361359,1,1,1999,0,0,0,0,0,0,0,0,0,0
361359,2,1,1999,0,0,3,0,0,0,0,0,0,0
361360,1,1,1999,0,0,0,0,0,0,0,0,0,0
361360,2,1,1999,0,0,0,0,0,0,0,0,7,0
361361,1,1,1999,0,0,0,0,0,0,0,0,0,0
361361,2,1,1999,0,0,0,0,0,0,0,0,0,0
361362,0,1,1999,0,0,0,0,0,0,0,0,0,0
361362,1,1,1999,0,0,0,0,0,0,0,0,0,0
361363,0,1,1999,0,0,0,0,0,0,0,0,0,0
361363,1,1,1999,0,0,0,0,0,0,0,0,0,0
361364,0,1,1999,0,0,0,0,0,0,0,0,0,0
361364,1,1,1999,0,0,0,0,0,0,0,0,0,0
361365,1,1,1999,0,0,0,0,0,0,0,0,0,0
361365,2,1,1999,29,29,29,29,29,29,29,29,29,29
361366,0,1,1999,0,0,0,0,0,0,0,0,0,20
361366,1,1,1999,0,0,0,0,0,20,0,0,0,0
361367,0,1,1999,16,10,9,0,38,0,22,27,27,0
361367,1,1,1999,0,0,0,0,0,0,0,0,0,0
361368,1,1,1999,0,0,0,0,0,7,0,0,0,0
361368,2,1,1999,0,0,0,0,0,0,0,0,0,0
361369,0,1,1999,0,0,0,0,0,0,0,0,9,0
361369,1,1,1999,0,0,0,0,0,0,0,0,0,0
361370,1,1,1999,0,0,0,0,0,0,0,0,0,0
361370,2,1,1999,0,0,0,0,0,0,0,0,0,0
361371,0,1,1999,0,0,0,0,0,0,0,12,0,0
361371,1,1,1999,0,0,0,0,0,0,0,0,0,0
361372,0,1,1999,0,0,0,0,0,0,0,0,0,0
361372,0,2,1999,0,0,10,0,0,0,0,0,0,0
361372,1,1,1999,0,0,0,0,0,0,0,0,0,0
361373,0,1,1999,0,0,0,0,0,0,0,0,0,0
361373,1,1,1999,0,0,0,0,0,0,0,0,0,0
361374,0,1,1999,0,0,0,0,0,0,0,19,0,0
361374,1,1,1999,0,0,0,0,0,0,0,0,0,0
361375,0,1,1999,0,0,0,0,0,0,0,18,0,0
361375,1,1,1999,0,0,0,0,0,0,0,0,0,0
361376,0,1,1999,0,0,0,0,0,0,0,0,0,0
361376,1,1,1999,0,0,0,0,0,0,0,0,0,0
361377,1,1,1999,19,19,19,19,19,19,19,19,19,19
361378,1,1,1999,0,0,0,0,0,0,0,0,0,0
361378,2,1,1999,0,0,0,22,0,0,13,0,0,0
361379,1,1,1999,16,16,16,16,16,16,16,16,16,16
361381,1,1,1999,0,0,0,0,0,0,0,0,0,0
361381,2,1,1999,0,0,0,0,0,0,0,0,0,0
361382,0,1,1999,0,0,0,0,26,0,0,0,0,0
361382,1,1,1999,0,0,0,0,0,0,0,0,0,0