ST_CASE,VEH_NO,PER_NO,YEAR,P1,P2,P3,P4,P5,P6,P7,P8,P9,P10
361383,0,1,1999,0,0,0,0,0,0,0,0,0,0
361383,1,1,1999,0,0,0,0,0,0,0,0,0,0
361384,0,1,1999,29,14,27,24,21,39,21,9,23,0
361384,1,1,1999,0,0,0,0,0,0,0,0,0,0
361384,2,1,1999,0,0,0,0,13,0,0,0,0,0
361385,0,1,1999,0,0,18,29,0,0,0,16,22,0
361385,1,1,1999,0,0,0,12,0,0,18,0,0,0
361386,1,1,1999,0,0,0,22,0,0,0,0,0,0
361387,0,1,1999,0,0,0,0,0,0,0,0,0,0
361387,1,1,1999,0,0,0,0,0,0,0,0,0,0
361388,1,1,1999,0,0,0,0,0,0,0,0,0,0
361388,2,1,1999,0,0,0,0,0,0,0,0,0,0
361389,0,1,1999,0,24,0,0,0,0,26,0,0,0
361389,1,1,1999,0,0,0,14,0,7,0,0,0,0
361390,0,1,1999,2,2,2,2,2,2,2,2,2,2
361390,1,1,1999,0,0,0,0,0,0,0,0,0,0
361391,1,1,1999,18,18,18,18,18,18,18,18,18,18
361391,2,1,1999,0,0,0,0,0,0,0,0,0,0
361392,0,1,1999,0,0,0,0,0,0,0,0,0,0
361392,1,1,1999,0,0,0,0,0,0,0,0,0,0
361393,0,1,1999,0,0,0,0,0,0,0,0,0,0
361393,1,1,1999,0,0,0,0,0,0,0,0,0,0
361394,0,1,1999,0,0,0,0,0,0,0,0,0,0
361394,1,1,1999,0,0,0,0,0,0,0,0,0,0
361395,1,1,1999,0,0,0,0,0,0,0,0,0,0
361396,1,1,1999,0,0,0,0,0,0,0,0,0,0
361397,1,1,1999,2,2,2,2,2,2,2,2,2,2
361398,1,1,1999,0,0,0,0,0,0,0,0,0,0
361399,1,1,1999,0,0,0,0,0,0,0,0,0,0
361400,0,1,1999,0,23,0,0,0,0,0,0,0,0
361400,1,1,1999,21,0,0,0,0,0,0,0,0,0
361401,0,1,1999,0,23,0,0,26,38,0,0,0,0
361401,1,1,1999,0,0,0,0,0,0,0,0,0,0
361402,0,1,1999,0,0,0,0,0,0,0,0,9,0
361402,1,1,1999,0,0,0,0,0,0,0,0,0,0
361403,0,1,1999,0,0,0,0,0,0,0,0,0,0
361403,1,1,1999,13,0,0,0,0,0,0,18,0,0
361404,0,1,1999,0,0,0,0,0,0,0,0,0,9
361404,1,1,1999,0,0,0,0,0,0,0,0,0,0
361405,1,1,1999,0,0,0,0,0,0,0,0,0,0
361405,2,1,1999,0,0,0,0,0,0,0,0,0,0
361406,0,1,1999,0,0,26,12,0,0,0,0,0,0
361406,1,1,1999,0,0,0,25,0,0,0,0,0,0
361406,2,1,1999,0,0,0,0,12,12,0,0,0,0
361407,0,1,1999,0,0,0,0,0,0,0,0,0,0
361407,1,1,1999,0,0,0,0,0,0,0,0,0,0
361407,2,1,1999,0,0,0,0,0,0,0,0,0,0
361408,1,1,1999,0,0,0,0,0,0,0,0,0,0
361410,0,1,1999,0,0,0,0,11,0,0,18,0,15
361410,1,1,1999,6,6,6,6,6,6,6,6,6,6
361411,1,1,1999,0,0,0,0,0,0,0,0,0,0
361411,2,1,1999,0,0,0,0,0,0,0,0,0,0
361412,1,1,1999,0,0,0,0,0,0,0,0,0,0
361412,2,1,1999,0,0,0,0,0,0,0,0,0,0
361413,0,1,1999,0,0,0,0,0,0,0,0,0,0
361413,1,1,1999,0,0,0,0,0,0,0,0,0,0
361414,0,1,1999,0,0,0,0,0,0,0,0,0,0
361414,1,1,1999,0,0,0,0,0,0,0,0,0,0
361415,0,1,1999,0,26,0,0,0,0,0,0,0,0
361415,1,1,1999,0,0,0,0,0,0,0,0,0,0
361416,1,1,1999,0,0,0,0,0,0,15,0,0,14
361417,1,1,1999,0,0,0,0,0,0,0,0,0,0
361417,2,1,1999,0,0,0,0,0,18,0,0,0,0
361418,0,1,1999,0,0,0,0,0,0,0,0,0,0
361418,1,1,1999,0,0,0,0,0,0,0,0,0,0
361419,1,1,1999,0,0,0,0,0,0,0,0,0,0
361419,2,1,1999,0,0,0,0,0,0,0,0,0,0
361419,3,1,1999,0,0,0,0,0,0,0,0,0,0
361420,1,1,1999,0,0,0,0,0,0,0,9,0,0
361420,2,1,1999,0,0,0,0,0,0,0,0,0,0
361421,1,1,1999,0,0,0,0,0,0,0,0,0,0
361421,2,1,1999,0,0,11,0,0,0,0,28,0,0
361421,3,1,1999,0,0,0,0,0,0,0,0,0,0
361422,1,1,1999,9,13,0,2,7,18,12,16,5,17
361423,1,1,1999,0,0,0,0,0,0,0,0,0,0
361424,1,1,1999,0,9,0,0,0,0,0,16,0,0
361424,2,1,1999,0,0,0,0,0,0,0,0,0,0
361425,1,1,1999,0,0,0,0,0,0,0,0,0,0
361425,2,1,1999,0,0,0,0,0,0,0,0,0,0
361426,0,1,1999,0,0,0,0,7,23,0,0,0,0
361426,1,1,1999,0,0,0,0,0,0,0,0,0,0
361427,1,1,1999,0,0,0,0,0,0,0,0,0,0
361427,2,1,1999,0,0,0,0,0,0,0,14,0,0
361428,1,1,1999,16,11,6,6,13,6,28,11,6,2
361428,2,1,1999,12,4,13,15,14,9,6,13,14,9
361429,1,1,1999,0,0,17,0,0,0,0,0,0,0
361430,0,1,1999,0,0,0,0,0,0,0,0,0,15
361430,1,1,1999,0,0,0,0,0,0,0,0,0,0
361431,0,1,1999,17,17,17,17,17,17,17,17,17,17
361431,1,1,1999,9,9,9,9,9,9,9,9,9,9
361432,0,1,1999,19,15,0,0,23,13,0,0,0,0
361432,0,2,1999,0,0,0,0,0,0,0,0,0,0
361432,1,1,1999,0,0,0,0,0,0,0,0,12,0
361433,1,1,1999,0,0,0,0,0,0,0,0,0,0
361433,2,1,1999,0,0,0,0,0,0,0,0,0,0
361434,0,1,1999,0,0,0,0,0,0,0,0,0,0
361434,1,1,1999,0,0,0,0,0,0,0,0,0,0
361435,0,1,1999,0,0,15,4,15,14,34,0,23,14
361435,1,1,1999,0,0,0,0,0,0,0,0,0,0
361436,0,1,1999,43,41,16,12,7,26,0,22,32,34
361436,1,1,1999,0,0,0,0,0,0,0,0,0,0
361437,1,1,1999,0,0,0,32,8,0,0,0,0,0
361438,1,1,1999,0,0,0,0,0,9,0,0,27,0
361439,1,1,1999,0,0,0,0,0,0,0,0,0,0
361439,2,1,1999,0,0,0,0,0,0,0,0,0,0
361440,0,1,1999,0,0,0,0,0,0,0,0,0,0
361440,1,1,1999,0,0,0,0,0,0,13,0,0,0
361440,2,1,1999,0,0,0,0,0,0,0,0,0,0
361441,1,1,1999,0,0,0,0,0,0,0,0,0,0
361441,2,1,1999,0,0,0,0,0,0,0,0,0,0
361442,0,1,1999,22,10,11,0,0,16,12,10,13,0
361442,1,1,1999,0,0,0,0,0,0,0,0,0,0
361443,0,1,1999,0,0,0,0,0,0,0,0,0,0
361443,0,2,1999,0,0,0,0,0,0,0,0,0,0
361443,0,3,1999,0,0,0,0,0,0,0,0,0,0
361443,0,4,1999,0,0,0,0,17,0,0,15,0,0
361443,0,5,1999,0,30,17,0,30,0,21,0,0,0
361443,0,6,1999,0,0,0,0,0,0,0,0,0,0
361443,1,1,1999,0,15,9,0,12,0,7,12,0,0
361443,2,1,1999,0,0,0,0,0,0,0,0,0,0
361444,1,1,1999,0,0,0,0,0,0,0,0,0,0
361445,0,1,1999,0,0,0,0,0,0,0,0,0,0
361445,1,1,1999,0,0,0,0,0,0,0,0,0,0
361446,1,1,1999,0,0,0,0,0,7,11,0,0,16
361446,2,1,1999,0,0,0,0,0,0,0,0,0,0
361447,0,1,1999,0,0,0,12,0,0,0,0,0,0
361447,1,1,1999,0,0,0,0,0,0,0,0,0,0
361448,0,1,1999,27,0,17,0,0,0,32,0,0,0
361448,1,1,1999,0,0,0,0,0,0,0,0,0,0
361449,0,1,1999,0,0,0,16,0,25,0,15,6,37
361449,1,1,1999,0,0,0,0,0,0,0,0,0,0
361450,0,1,1999,0,0,0,0,0,0,0,0,0,0
361450,0,2,1999,0,0,0,11,0,0,0,0,0,0
361450,1,1,1999,0,0,0,0,0,0,0,0,0,0
361451,1,1,1999,0,0,0,0,0,8,0,0,0,0
361452,1,1,1999,0,0,0,0,0,0,0,0,0,0
361452,2,1,1999,0,0,0,0,0,0,0,0,0,0
361453,0,1,1999,0,0,0,0,0,0,0,0,0,0
361453,1,1,1999,8,11,0,18,7,0,4,9,0,6
361454,1,1,1999,0,0,0,0,0,0,0,0,0,0
361454,2,1,1999,0,0,0,0,0,0,0,0,0,0
361455,0,1,1999,0,0,0,0,0,0,0,0,0,0
361455,1,1,1999,0,0,0,0,0,0,0,0,0,0
361456,1,1,1999,0,0,0,0,0,0,0,0,0,0
361456,2,1,1999,0,0,0,0,0,0,0,0,0,0
361457,0,1,1999,0,0,0,0,0,0,0,0,0,0
361457,1,1,1999,0,0,0,0,0,0,0,0,0,0
361458,0,1,1999,0,0,0,0,0,0,0,0,0,0
361458,1,1,1999,0,0,0,0,0,0,0,0,20,0
361459,1,1,1999,17,0,0,0,0,0,0,0,13,0
361460,1,1,1999,49,0,0,18,18,0,10,0,6,0
361461,0,1,1999,0,0,0,0,7,0,0,0,0,0
361461,1,1,1999,14,0,0,16,0,0,3,8,4,11
361462,0,1,1999,0,0,0,0,0,0,0,0,0,0
361462,1,1,1999,0,0,0,0,0,0,0,0,0,0
361463,1,1,1999,0,0,0,0,0,0,0,0,0,0
361463,2,1,1999,0,0,0,0,0,0,0,0,0,0
361464,0,1,1999,0,0,0,0,0,0,0,0,0,0
361464,1,1,1999,0,0,0,0,0,0,0,0,0,0
361465,0,1,1999,0,0,0,0,0,0,0,0,0,0
361465,1,1,1999,8,0,0,0,0,0,0,0,0,0
361466,0,1,1999,0,0,0,0,0,0,0,0,0,0
361466,1,1,1999,2,2,2,2,2,2,2,2,2,2
361467,0,1,1999,0,0,0,0,0,0,0,0,0,0
361467,1,1,1999,0,0,0,0,0,0,3,0,0,0
361468,0,1,1999,12,0,0,18,0,0,0,0,0,0
361468,1,1,1999,0,0,0,0,0,0,0,0,0,0
361469,1,1,1999,0,0,0,0,0,0,0,0,0,0
361469,2,1,1999,0,0,0,0,0,0,0,0,0,0
361470,0,1,1999,26,26,26,26,26,26,26,26,26,26
361470,1,1,1999,0,0,0,0,0,0,0,0,0,0
361471,1,1,1999,8,8,8,8,8,8,8,8,8,8
361472,0,1,1999,0,0,0,0,0,0,0,0,0,0
361472,1,1,1999,0,0,0,0,0,0,0,0,0,0
361473,0,1,1999,0,0,0,21,0,0,0,0,0,0
361473,1,1,1999,0,22,0,0,18,19,0,0,0,0
361474,1,1,1999,0,0,0,0,10,0,0,0,0,0
361474,2,1,1999,0,0,0,0,0,0,0,0,0,0
361475,1,1,1999,0,0,0,0,0,0,0,0,0,0
361476,1,1,1999,0,0,0,0,0,0,0,0,0,0
361477,1,1,1999,10,0,0,0,0,23,0,0,0,15
361477,2,1,1999,0,0,4,0,0,0,0,0,0,0
361478,0,1,1999,0,0,0,0,0,0,0,0,0,0
361478,1,1,1999,0,0,0,0,0,0,11,0,0,0
361479,0,1,1999,0,0,0,0,0,0,0,0,0,0
361479,1,1,1999,0,0,0,0,0,0,0,0,0,0
361480,0,1,1999,0,0,0,0,0,0,21,10,0,21
361480,1,1,1999,12,0,0,0,0,0,0,0,0,0
370001,1,1,1999,0,0,0,0,0,0,0,0,0,0
370002,0,1,1999,0,0,0,0,16,0,0,0,0,14
370002,1,1,1999,0,0,0,8,0,0,0,0,0,0
370003,0,1,1999,20,20,20,20,20,20,20,20,20,20
370003,1,1,1999,0,0,0,0,0,0,0,0,0,0
370004,1,1,1999,10,10,10,10,10,10,10,10,10,10
370006,1,1,1999,18,9,31,28,24,20,0,34,5,16
370007,0,1,1999,32,32,32,32,32,32,32,32,32,32
370007,1,1,1999,0,0,0,0,0,0,0,0,0,0
370008,0,1,1999,0,0,0,0,0,0,0,0,0,0
370008,1,1,1999,9,7,21,27,12,22,25,14,18,8
370009,1,1,1999,0,0,0,0,0,11,0,0,0,0
370009,2,1,1999,0,0,0,0,0,0,0,0,0,0
370010,1,1,1999,0,0,0,0,0,0,0,0,0,0
370011,1,1,1999,0,0,0,0,0,0,0,0,0,0
370011,2,1,1999,0,0,0,0,0,0,0,0,0,0
370012,1,1,1999,0,0,0,0,0,0,0,0,0,0
370013,1,1,1999,0,0,0,0,0,0,0,0,0,0
370013,2,1,1999,0,0,0,0,0,0,0,0,0,0
370013,3,1,1999,0,0,0,0,0,0,0,0,0,0
370014,1,1,1999,0,0,0,0,0,0,0,0,0,0
370014,2,1,1999,10,10,10,10,10,10,10,10,10,10
370015,0,1,1999,15,15,15,15,15,15,15,15,15,15
370015,1,1,1999,0,0,0,0,0,0,0,0,0,0
370015,2,1,1999,0,0,0,0,0,0,0,0,0,0
370016,1,1,1999,8,3,0,0,37,0,7,39,0,0
370017,1,1,1999,0,0,0,0,0,0,0,0,0,0
370017,2,1,1999,0,0,0,0,0,0,0,0,0,0
370018,1,1,1999,0,0,0,0,0,0,0,0,0,0
370019,1,1,1999,0,0,0,0,0,0,0,30,0,0
370020,1,1,1999,18,0,0,9,0,0,0,0,0,0
370020,2,1,1999,7,0,16,17,11,10,4,12,8,12
370021,1,1,1999,16,5,11,6,0,6,17,0,26,16
370022,1,1,1999,15,10,17,12,16,19,6,21,15,0
370023,1,1,1999,0,0,0,0,0,0,0,0,0,0
370024,1,1,1999,0,0,0,0,0,0,0,0,0,0
370024,2,1,1999,0,0,0,0,0,0,0,37,0,0
370025,0,1,1999,34,34,34,34,34,34,34,34,34,34
370025,1,1,1999,0,0,0,0,0,0,0,0,0,0
370026,1,1,1999,8,8,8,8,8,8,8,8,8,8
370027,1,1,1999,13,13,13,13,13,13,13,13,13,13
370027,2,1,1999,0,0,0,0,0,0,0,0,0,0
370029,1,1,1999,0,0,0,0,0,0,0,0,0,0
370029,2,1,1999,0,0,0,0,0,0,0,0,0,0
370030,1,1,1999,0,0,0,0,0,0,0,0,0,0
370030,2,1,1999,0,0,0,0,0,0,0,0,0,0
370031,1,1,1999,0,0,0,0,0,0,0,0,0,0
370032,1,1,1999,0,0,0,0,0,0,0,0,0,0
370032,2,1,1999,0,0,0,0,0,0,0,0,0,0
370032,3,1,1999,0,0,0,0,0,0,0,0,0,0
370032,4,1,1999,0,0,0,0,0,0,0,0,0,0
370032,5,1,1999,0,0,0,0,0,0,0,0,0,0
370033,1,1,1999,0,0,0,0,0,0,0,0,0,0
370033,2,1,1999,0,0,0,0,0,0,0,0,0,0
370034,1,1,1999,0,0,0,0,0,0,0,19,0,0
370035,0,1,1999,0,0,0,0,0,0,0,0,0,0
370035,1,1,1999,0,0,0,0,0,0,0,0,0,0
370036,1,1,1999,0,0,0,0,0,0,0,0,0,0
370037,1,1,1999,0,0,0,0,17,0,0,0,0,0
370037,2,1,1999,0,9,10,12,4,9,7,14,0,5
370038,1,1,1999,26,30,18,5,11,8,10,0,13,15
370039,0,1,1999,0,0,0,0,0,0,0,0,0,0
370039,1,1,1999,0,0,0,14,0,0,25,0,15,0
370040,1,1,1999,0,0,0,0,0,0,0,0,0,0
370040,2,1,1999,0,0,0,0,27,0,0,0,0,0
370041,1,1,1999,13,13,13,13,13,13,13,13,13,13
370042,1,1,1999,0,0,0,0,0,0,0,0,0,0
370043,1,1,1999,0,0,0,0,0,0,0,0,0,0
370043,2,1,1999,0,0,0,0,0,0,0,0,0,0
370044,0,1,1999,0,0,13,0,27,18,0,24,27,22
370044,1,1,1999,0,0,0,0,0,0,0,0,0,0
370045,1,1,1999,14,14,14,14,14,14,14,14,14,14
370046,1,1,1999,0,0,0,0,0,0,0,0,0,0
370047,1,1,1999,10,10,10,10,10,10,10,10,10,10
370048,1,1,1999,9,18,7,12,29,45,15,20,14,14
370049,1,1,1999,18,21,26,10,13,32,0,30,21,5
370049,2,1,1999,0,0,0,0,0,0,0,0,0,0
370050,1,1,1999,14,29,6,8,30,2,8,15,0,18
370051,1,1,1999,0,0,0,0,0,0,0,0,0,0
370052,0,1,1999,0,0,0,0,0,0,0,0,0,0
370052,1,1,1999,0,0,0,0,0,0,0,0,0,0
370053,1,1,1999,0,0,0,0,0,0,0,0,0,0
370053,2,1,1999,0,0,0,0,0,0,0,0,0,0
370054,1,1,1999,0,0,0,0,0,0,11,0,0,0
370054,2,1,1999,0,0,0,0,0,0,0,0,0,0
370055,1,1,1999,13,13,13,13,13,13,13,13,13,13
370056,1,1,1999,0,0,0,0,0,0,0,0,0,0
370057,1,1,1999,4,4,4,4,4,4,4,4,4,4
370057,2,1,1999,0,0,0,0,0,0,0,0,0,0
370058,1,1,1999,0,0,0,0,0,0,0,0,0,0
370058,2,1,1999,0,0,0,0,0,0,0,0,0,0
370059,1,1,1999,0,0,0,0,0,0,0,0,0,0
370060,0,1,1999,5,5,5,5,5,5,5,5,5,5
370060,1,1,1999,0,0,0,0,0,0,0,10,0,0
370061,0,1,1999,0,0,0,0,0,0,0,0,0,0
370061,1,1,1999,0,0,0,0,0,0,0,0,0,0
370062,0,1,1999,30,30,30,30,30,30,30,30,30,30
370062,1,1,1999,0,0,0,0,0,0,0,0,0,0
370063,0,1,1999,20,20,20,20,20,20,20,20,20,20
370063,1,1,1999,0,0,0,0,0,0,0,0,0,0
370064,1,1,1999,0,0,0,0,0,0,0,0,0,0
370064,2,1,1999,0,0,0,0,0,0,0,0,0,0
370065,0,1,1999,24,24,24,24,24,24,24,24,24,24
370065,1,1,1999,0,0,0,12,0,0,0,0,0,0
370066,0,1,1999,26,26,26,26,26,26,26,26,26,26
370066,1,1,1999,0,0,0,0,0,0,0,0,0,0
370067,1,1,1999,0,0,0,0,0,0,0,0,0,0
370067,2,1,1999,0,0,0,0,0,0,0,0,0,0
370068,1,1,1999,3,3,3,3,3,3,3,3,3,3
370069,1,1,1999,0,0,0,0,0,0,0,0,0,0
370070,1,1,1999,0,0,0,0,0,0,0,0,0,0
370070,2,1,1999,0,0,0,0,0,0,0,0,0,0
370071,1,1,1999,0,0,0,0,0,0,0,0,0,0
370071,2,1,1999,0,0,0,0,0,0,0,0,0,0
370072,1,1,1999,0,0,0,0,0,0,0,0,0,0
370072,2,1,1999,0,0,0,0,0,0,0,0,0,0
370073,1,1,1999,0,0,0,0,0,0,0,0,0,0
370073,2,1,1999,0,0,0,0,0,0,0,0,0,0
370074,0,1,1999,0,0,0,0,0,0,0,0,0,0
370074,1,1,1999,0,0,0,0,0,0,0,0,0,0
370075,0,1,1999,33,33,33,33,33,33,33,33,33,33
370075,1,1,1999,0,0,0,0,0,0,0,0,0,0
370076,1,1,1999,0,0,0,0,0,0,0,0,0,0
370076,2,1,1999,0,0,0,0,0,0,0,0,0,0
370077,1,1,1999,21,15,0,16,16,13,24,16,6,29
370078,1,1,1999,0,0,0,0,0,0,0,0,0,0
370078,2,1,1999,0,0,0,0,0,0,0,0,0,0
370079,1,1,1999,0,0,0,0,0,11,0,0,0,0
370080,1,1,1999,0,0,0,0,0,0,0,0,0,0
370080,2,1,1999,4,4,4,4,4,4,4,4,4,4
370081,1,1,1999,0,0,0,0,0,0,0,0,0,0
370081,2,1,1999,0,12,17,11,7,10,0,7,5,11
370082,1,1,1999,13,13,13,13,13,13,13,13,13,13
370084,1,1,1999,0,0,0,0,0,0,0,0,0,0
370085,1,1,1999,3,29,31,10,22,6,25,11,17,32
370086,1,1,1999,0,0,0,0,0,0,0,0,0,0
370087,1,1,1999,0,0,0,0,0,0,0,0,0,0
370088,1,1,1999,0,0,0,0,0,0,0,0,0,0
370089,1,1,1999,0,0,0,0,0,0,0,0,0,0
370090,1,1,1999,30,26,8,12,0,26,0,10,29,17
370091,1,1,1999,0,0,0,0,0,0,0,0,0,0
370092,1,1,1999,0,0,0,8,0,0,0,0,0,0
370092,2,1,1999,0,0,0,4,0,0,0,0,0,0
370093,1,1,1999,0,0,0,0,0,0,0,0,0,0
370093,2,1,1999,0,0,0,0,0,0,0,0,0,0
370094,1,1,1999,0,0,0,0,0,0,0,0,0,0
370095,1,1,1999,0,0,0,0,0,0,0,0,0,0
370095,2,1,1999,25,25,25,25,25,25,25,25,25,25
370096,1,1,1999,6,17,0,28,11,20,28,15,11,11
370097,1,1,1999,15,15,15,15,15,15,15,15,15,15
370098,1,1,1999,0,0,0,0,0,0,0,0,0,0
370098,2,1,1999,0,0,0,0,0,0,0,0,0,0
370099,1,1,1999,0,0,0,0,0,0,0,0,0,0
370099,2,1,1999,0,0,0,0,0,0,0,0,0,0
370100,1,1,1999,14,0,28,10,9,9,0,16,16,8
370100,2,1,1999,0,0,0,0,0,0,0,0,0,0
370101,1,1,1999,0,0,0,0,0,0,0,0,0,0
370101,2,1,1999,0,0,0,0,4,0,0,13,0,0
370102,0,1,1999,0,0,0,0,0,0,0,0,0,0
370102,1,1,1999,0,0,0,0,0,0,0,0,0,0
370103,1,1,1999,17,17,17,17,17,17,17,17,17,17
370104,1,1,1999,0,0,0,0,0,0,0,0,0,0
370106,1,1,1999,34,0,0,13,15,27,14,32,24,23
370107,1,1,1999,0,0,0,0,0,0,0,0,0,0
370107,2,1,1999,0,0,0,0,0,0,0,0,0,0
370108,1,1,1999,0,0,0,0,0,0,0,0,0,0
370109,1,1,1999,0,0,0,0,0,0,0,0,0,0
370109,2,1,1999,0,0,0,0,0,0,0,0,0,0
370110,1,1,1999,23,12,0,10,18,22,18,11,0,13
370110,2,1,1999,0,0,0,0,0,0,0,0,0,0
370110,3,1,1999,0,0,0,0,0,0,0,0,0,0
370110,4,1,1999,0,0,0,0,0,0,0,0,0,0
370111,1,1,1999,0,0,0,0,0,0,0,0,0,0
370111,2,1,1999,0,0,0,0,0,0,0,0,0,0
370112,1,1,1999,0,0,0,0,0,0,0,0,0,0
370112,2,1,1999,0,0,0,0,0,0,0,0,0,0
370113,1,1,1999,0,0,0,0,0,0,0,0,0,0
370114,0,1,1999,0,0,0,0,0,0,0,0,0,0
370114,1,1,1999,0,0,0,0,0,0,0,0,0,0
370115,0,1,1999,26,26,26,26,26,26,26,26,26,26
370115,1,1,1999,0,0,0,0,0,0,0,0,0,0
370116,0,1,1999,19,19,19,19,19,19,19,19,19,19
370116,1,1,1999,0,0,0,0,0,0,0,0,0,0
370117,1,1,1999,0,0,0,0,0,0,0,0,0,0
370117,2,1,1999,0,0,0,0,0,0,0,0,0,0
370118,1,1,1999,0,0,0,0,0,0,0,0,0,0
370118,2,1,1999,0,0,0,0,0,0,0,0,0,0
370119,1,1,1999,0,0,0,0,0,0,0,0,0,0
370119,2,1,1999,0,0,0,0,0,0,0,0,0,0
370120,1,1,1999,4,20,12,15,21,27,25,14,33,28
370121,1,1,1999,14,14,14,14,14,14,14,14,14,14
370122,1,1,1999,0,0,0,0,0,0,0,0,0,0
370122,2,1,1999,0,0,0,0,0,0,0,0,0,0
370123,1,1,1999,16,0,12,34,0,13,0,22,0,0
370124,1,1,1999,0,0,0,0,0,0,0,0,0,0
370124,2,1,1999,0,0,0,0,0,0,0,0,0,0
370125,1,1,1999,0,0,0,0,0,0,0,0,0,0
370125,2,1,1999,0,0,0,0,0,0,0,0,0,0
370126,1,1,1999,0,0,0,0,0,9,0,0,0,0
370127,1,1,1999,0,0,0,0,0,0,0,0,0,0
370127,2,1,1999,0,0,0,0,0,0,0,0,0,0
370127,3,1,1999,0,0,0,0,0,0,0,0,0,0
370128,0,1,1999,19,19,19,19,19,19,19,19,19,19
370128,1,1,1999,0,0,0,0,0,0,0,0,0,0
370129,1,1,1999,0,0,0,0,0,0,0,0,0,0
370130,1,1,1999,27,27,27,27,27,27,27,27,27,27
370131,1,1,1999,0,0,0,0,0,0,0,0,0,0
370132,1,1,1999,0,0,15,0,21,10,31,22,0,0
370133,1,1,1999,19,19,19,19,19,19,19,19,19,19
370134,1,1,1999,0,0,0,0,0,0,0,0,0,0
370134,2,1,1999,0,0,0,0,0,0,0,0,0,0
370134,3,1,1999,0,0,3,0,0,0,0,0,0,0
370134,4,1,1999,0,0,0,0,0,0,0,0,0,0
370134,5,1,1999,0,0,0,0,0,0,0,0,0,0
370135,1,1,1999,0,0,0,0,0,0,0,0,0,0
370135,2,1,1999,0,0,6,0,0,0,0,0,0,0
370136,1,1,1999,0,0,0,0,0,0,0,0,0,0
370136,2,1,1999,0,10,0,0,0,0,0,0,0,0
370137,1,1,1999,0,0,0,0,0,0,0,0,0,0
370137,2,1,1999,0,0,0,0,0,0,0,0,0,0
370138,1,1,1999,0,0,0,0,0,0,0,0,0,0
370138,2,1,1999,0,14,0,0,0,0,0,0,20,35
370139,1,1,1999,15,8,0,0,0,17,0,27,0,0
370139,2,1,1999,0,0,0,14,0,0,0,26,0,0
370140,1,1,1999,5,5,5,5,5,5,5,5,5,5
370141,1,1,1999,0,0,0,0,0,0,0,0,0,0
370141,2,1,1999,0,0,0,0,0,0,0,0,0,0
370142,1,1,1999,0,0,0,0,0,0,0,0,0,0
370142,2,1,1999,0,0,0,0,0,0,0,0,0,0
370143,1,1,1999,30,30,30,30,30,30,30,30,30,30
370143,2,1,1999,0,0,0,0,0,0,0,0,0,0
370144,1,1,1999,0,0,0,0,0,0,0,0,0,0
370144,2,1,1999,0,0,0,0,0,0,0,0,0,0
370144,3,1,1999,0,0,0,0,0,0,0,0,0,0
370145,1,1,1999,0,0,0,0,0,0,0,0,0,0
370146,1,1,1999,0,0,0,0,0,0,0,0,0,0
370146,2,1,1999,2,2,2,2,2,2,2,2,2,2
370147,1,1,1999,14,18,17,3,7,3,15,13,15,7
370147,2,1,1999,0,0,0,0,0,0,0,0,0,0
370148,1,1,1999,0,15,14,12,5,13,12,13,9,18
370148,2,1,1999,0,0,0,0,0,0,0,0,0,0
370149,1,1,1999,0,0,0,0,0,0,0,0,0,0
370149,2,1,1999,0,0,0,0,0,0,0,0,0,0
370150,1,1,1999,0,0,0,0,0,0,0,0,0,0
370151,1,1,1999,21,21,21,21,21,21,21,21,21,21
370152,1,1,1999,0,0,0,0,0,0,0,0,0,0
370152,2,1,1999,0,0,0,0,0,0,0,0,0,0
370153,1,1,1999,0,0,0,0,0,0,0,0,0,0
370153,2,1,1999,0,0,0,0,0,0,0,0,0,0
370154,0,1,1999,11,11,11,11,11,11,11,11,11,11
370154,1,1,1999,0,0,0,0,0,0,0,0,0,0
370155,1,1,1999,0,0,0,0,0,0,0,0,0,0
370155,2,1,1999,0,0,0,0,0,0,0,14,0,0
370156,1,1,1999,0,0,0,0,0,0,0,0,10,0
370156,2,1,1999,0,0,0,0,0,0,0,0,0,0
370157,1,1,1999,0,0,0,0,0,0,0,0,0,0
370157,2,1,1999,0,0,0,0,0,0,0,0,0,0
370158,1,1,1999,0,0,0,0,0,0,0,0,0,0
370159,1,1,1999,0,0,0,0,0,0,0,0,0,0
370160,1,1,1999,0,0,0,0,0,0,0,0,0,0
370161,0,1,1999,0,0,0,0,0,0,0,0,0,0
370161,1,1,1999,0,0,0,0,0,0,0,0,0,0
370162,1,1,1999,15,15,15,15,15,15,15,15,15,15
370163,1,1,1999,0,0,0,0,0,0,0,0,0,0
370163,2,1,1999,0,0,0,0,0,0,0,0,0,0
370164,1,1,1999,0,0,0,0,0,0,0,0,0,0
370164,2,1,1999,0,0,0,0,0,0,0,0,0,0
370165,1,1,1999,0,0,0,0,0,0,0,0,0,0
370166,1,1,1999,0,11,0,0,0,0,0,0,0,0
370166,2,1,1999,11,0,0,9,0,0,0,0,0,0
370167,1,1,1999,0,0,0,0,0,0,11,0,0,0
370167,2,1,1999,0,0,0,0,0,0,0,0,0,0
370168,1,1,1999,0,0,0,0,0,0,0,0,0,0
370168,2,1,1999,0,0,0,0,0,0,0,0,0,0
370169,1,1,1999,0,0,0,0,0,0,0,0,0,0
370169,2,1,1999,0,0,0,0,0,0,0,0,0,0
370170,1,1,1999,26,26,26,26,26,26,26,26,26,26
370170,2,1,1999,0,0,0,0,0,0,0,0,0,0
370171,0,1,1999,0,0,0,0,0,0,0,0,0,0
370171,1,1,1999,0,0,0,0,0,0,0,0,0,0
370172,0,1,1999,0,0,0,0,0,0,0,0,0,0