ST_CASE,VEH_NO,PER_NO,YEAR,P1,P2,P3,P4,P5,P6,P7,P8,P9,P10
370172,1,1,1999,0,0,9,0,0,0,0,0,15,0
370173,1,1,1999,0,0,0,0,0,0,0,0,0,0
370174,1,1,1999,0,0,0,0,0,0,0,0,0,0
370174,2,1,1999,0,0,0,0,0,0,0,0,0,0
370175,1,1,1999,0,0,0,0,0,0,0,0,0,0
370175,2,1,1999,0,0,0,0,0,0,0,0,0,0
370176,1,1,1999,0,0,0,0,0,0,0,0,0,0
370177,1,1,1999,0,0,0,0,0,0,0,0,0,0
370177,2,1,1999,0,0,0,0,0,9,0,0,11,0
370178,1,1,1999,0,0,0,0,0,0,0,0,0,0
370178,2,1,1999,0,0,0,0,0,0,0,0,0,0
370179,1,1,1999,0,0,0,0,0,0,0,0,0,0
370179,2,1,1999,0,0,0,0,0,0,0,0,0,0
370180,1,1,1999,0,0,0,0,0,6,0,0,0,0
370180,2,1,1999,0,0,0,0,0,0,0,0,0,0
370181,0,1,1999,27,27,27,27,27,27,27,27,27,27
370181,1,1,1999,0,0,0,0,0,0,0,0,0,0
370182,1,1,1999,0,0,0,0,0,0,0,0,0,0
370182,2,1,1999,0,0,0,0,0,0,0,0,0,0
370183,1,1,1999,0,0,0,0,0,0,0,0,0,0
370183,2,1,1999,0,0,0,0,0,0,0,0,0,0
370184,1,1,1999,0,0,0,0,0,0,0,7,0,10
370185,1,1,1999,16,16,16,16,16,16,16,16,16,16
370186,1,1,1999,4,10,7,0,0,0,0,0,20,9
370187,1,1,1999,0,0,0,0,0,0,0,0,0,0
370187,2,1,1999,0,0,0,0,0,0,0,0,0,0
370188,0,1,1999,6,23,19,22,11,10,24,40,0,29
370188,1,1,1999,0,0,0,0,0,0,0,10,0,0
370189,0,1,1999,31,23,0,18,30,0,0,27,24,34
370189,1,1,1999,0,0,0,0,0,0,0,0,0,0
370190,1,1,1999,0,0,0,25,0,0,0,0,0,28
370191,1,1,1999,0,0,0,0,0,0,0,0,0,0
370191,2,1,1999,0,0,0,0,0,0,0,0,0,0
370192,1,1,1999,0,0,0,0,0,0,0,0,0,0
370192,2,1,1999,0,0,0,0,0,0,0,0,0,0
370193,0,1,1999,0,0,0,0,0,0,0,0,14,18
370193,1,1,1999,0,0,0,0,0,0,0,0,0,0
370194,1,1,1999,0,0,0,0,0,0,0,0,0,0
370194,2,1,1999,0,0,0,0,15,0,0,0,0,6
370194,3,1,1999,0,0,0,0,0,0,0,0,0,0
370195,1,1,1999,0,0,0,0,0,0,0,0,0,0
370196,1,1,1999,0,0,0,0,0,0,0,0,0,0
370196,2,1,1999,0,0,0,0,0,0,0,0,0,0
370197,1,1,1999,0,0,0,0,0,0,0,0,0,0
370197,2,1,1999,0,0,12,0,0,0,0,0,0,0
370197,3,1,1999,0,0,0,0,0,0,0,0,0,0
370199,1,1,1999,18,18,18,18,18,18,18,18,18,18
370200,1,1,1999,0,0,0,0,0,0,7,0,0,0
370200,2,1,1999,0,0,0,0,0,0,0,0,0,0
370201,1,1,1999,0,0,0,0,0,0,0,0,0,0
370201,2,1,1999,0,0,0,0,0,0,0,0,0,0
370202,1,1,1999,18,18,18,18,18,18,18,18,18,18
370202,2,1,1999,17,0,0,0,0,0,0,0,0,0
370203,1,1,1999,12,28,7,11,19,21,0,0,20,21
370204,1,1,1999,0,0,0,0,0,15,0,0,0,0
370205,1,1,1999,11,11,11,11,11,11,11,11,11,11
370206,1,1,1999,15,15,10,18,13,25,17,12,13,20
370206,2,1,1999,0,0,0,0,0,3,0,0,0,0
370207,1,1,1999,0,0,0,0,0,0,0,0,0,0
370208,0,1,1999,29,18,28,2,32,41,16,9,22,27
370208,1,1,1999,5,14,12,0,0,0,19,0,0,0
370209,1,1,1999,15,0,0,0,0,0,0,0,0,0
370209,2,1,1999,0,0,0,0,0,0,0,0,0,0
370210,0,1,1999,0,0,0,0,0,0,0,0,0,0
370210,1,1,1999,0,0,0,0,0,0,0,0,0,0
370211,1,1,1999,21,21,21,21,21,21,21,21,21,21
370212,1,1,1999,0,0,0,0,0,0,0,0,0,0
370212,2,1,1999,0,0,0,0,0,0,0,14,0,0
370212,3,1,1999,0,0,0,0,0,0,0,0,0,0
370213,1,1,1999,0,0,0,0,0,0,0,0,0,0
370213,2,1,1999,0,0,0,0,0,0,0,0,0,0
370214,1,1,1999,16,16,16,16,16,16,16,16,16,16
370215,0,1,1999,32,32,32,32,32,32,32,32,32,32
370215,1,1,1999,0,0,0,2,0,0,0,0,0,6
370216,1,1,1999,0,0,0,0,0,0,0,0,0,0
370216,2,1,1999,0,0,0,0,0,0,0,0,0,0
370217,1,1,1999,0,0,0,0,0,0,0,0,0,0
370217,2,1,1999,0,0,0,0,0,0,0,0,0,0
370218,1,1,1999,0,0,0,0,0,0,0,0,0,0
370218,2,1,1999,0,0,0,0,0,0,0,0,0,0
370219,1,1,1999,13,20,12,24,16,6,18,13,24,15
370220,1,1,1999,0,0,0,0,0,0,0,0,0,0
370220,2,1,1999,0,0,0,4,0,0,0,0,0,0
370221,1,1,1999,13,0,12,15,9,8,7,14,7,12
370221,2,1,1999,0,0,0,0,0,0,0,0,0,0
370221,3,1,1999,0,0,0,0,0,0,0,0,0,0
370222,1,1,1999,0,0,0,0,0,0,0,0,0,0
370222,2,1,1999,4,0,0,0,0,0,0,0,0,0
370223,1,1,1999,11,11,11,11,11,11,11,11,11,11
370224,1,1,1999,26,26,26,26,26,26,26,26,26,26
370225,0,1,1999,0,0,0,0,0,0,0,0,0,0
370225,1,1,1999,0,0,0,0,0,0,0,0,0,0
370226,1,1,1999,0,0,0,0,0,0,0,0,0,0
370226,2,1,1999,0,25,0,13,0,0,0,0,0,0
370227,1,1,1999,10,38,9,12,21,8,23,23,9,14
370227,2,1,1999,0,0,0,0,0,0,0,0,0,0
370228,1,1,1999,0,0,0,0,0,0,0,0,0,0
370228,2,1,1999,0,0,0,0,0,0,0,0,0,0
370229,1,1,1999,0,0,0,0,0,0,0,0,0,0
370229,2,1,1999,0,0,0,0,0,0,0,0,0,0
370230,1,1,1999,13,6,19,19,11,17,6,13,21,14
370230,2,1,1999,0,0,0,0,0,0,0,0,0,0
370231,1,1,1999,0,0,0,0,0,0,0,0,0,0
370232,1,1,1999,10,10,10,10,10,10,10,10,10,10
370233,1,1,1999,7,15,10,5,24,5,12,12,6,4
370233,2,1,1999,0,0,0,0,0,0,0,0,0,0
370234,1,1,1999,0,0,0,0,0,0,0,0,0,0
370235,1,1,1999,0,0,0,0,0,14,16,0,0,0
370236,1,1,1999,0,0,0,0,0,0,0,0,0,0
370237,1,1,1999,24,24,24,24,24,24,24,24,24,24
370237,2,1,1999,0,0,0,0,0,0,0,0,0,0
370238,1,1,1999,0,0,0,0,0,0,0,0,0,0
370238,2,1,1999,0,0,0,0,0,0,0,0,0,0
370239,1,1,1999,0,0,0,0,0,0,0,9,0,0
370239,2,1,1999,0,0,0,0,0,0,0,0,0,0
370239,3,1,1999,0,0,0,0,0,0,0,0,0,0
370241,1,1,1999,0,0,0,0,0,0,0,0,0,0
370241,2,1,1999,0,0,0,0,0,0,0,0,0,0
370241,3,1,1999,0,0,0,0,0,0,0,0,0,0
370242,1,1,1999,0,0,0,0,0,0,0,0,0,0
370242,2,1,1999,0,0,0,0,0,0,0,0,0,0
370242,3,1,1999,0,0,0,0,0,0,0,0,0,0
370243,0,1,1999,0,0,0,0,0,0,0,0,0,0
370243,1,1,1999,0,0,0,0,0,0,0,0,0,0
370244,0,1,1999,26,26,26,26,26,26,26,26,26,26
370244,1,1,1999,0,0,0,0,0,0,0,0,0,0
370245,1,1,1999,22,8,9,21,7,7,10,7,8,20
370245,2,1,1999,0,0,0,0,0,0,0,0,0,0
370246,0,1,1999,4,4,4,4,4,4,4,4,4,4
370246,1,1,1999,0,0,11,9,0,15,0,29,0,0
370247,1,1,1999,15,0,0,14,0,25,0,18,0,0
370247,2,1,1999,0,0,0,18,0,0,0,0,0,0
370248,1,1,1999,0,0,0,0,0,0,0,0,0,0
370249,1,1,1999,0,0,0,0,0,0,0,0,0,0
370249,2,1,1999,0,0,0,0,0,0,0,0,0,0
370250,1,1,1999,0,0,0,0,0,0,0,0,0,0
370250,2,1,1999,0,0,0,0,0,0,0,0,0,0
370250,3,1,1999,0,0,0,0,0,0,0,0,0,0
370251,1,1,1999,15,15,15,15,15,15,15,15,15,15
370252,1,1,1999,0,0,0,0,0,0,0,0,0,0
370252,2,1,1999,0,0,0,0,0,0,0,0,0,0
370253,1,1,1999,0,0,0,0,0,0,0,0,0,0
370253,2,1,1999,0,0,0,0,0,0,0,0,0,0
370254,1,1,1999,21,26,11,16,6,12,15,22,12,19
370254,2,1,1999,0,0,0,0,0,0,0,0,0,0
370255,1,1,1999,0,0,0,0,0,0,0,0,0,0
370255,2,1,1999,0,0,0,0,0,0,0,0,0,0
370256,1,1,1999,0,0,0,0,0,0,0,0,0,0
370256,2,1,1999,0,0,0,0,0,0,0,0,0,0
370257,1,1,1999,0,0,0,0,0,0,0,0,26,0
370258,1,1,1999,24,24,24,24,24,24,24,24,24,24
370259,1,1,1999,0,0,0,0,0,0,0,0,0,0
370260,1,1,1999,1,1,1,1,1,1,1,1,1,1
370260,2,1,1999,0,0,0,0,0,0,0,0,0,0
370260,3,1,1999,0,0,0,0,0,0,0,0,0,0
370261,0,1,1999,0,0,0,0,0,0,0,0,0,0
370261,1,1,1999,0,8,20,19,0,17,11,9,10,31
370262,1,1,1999,0,0,0,0,31,0,0,0,0,0
370262,2,1,1999,0,0,0,0,0,0,0,11,0,0
370263,1,1,1999,0,0,0,0,0,0,0,0,0,0
370263,2,1,1999,0,0,0,0,0,0,0,0,0,0
370264,1,1,1999,0,0,0,0,0,0,0,0,0,0
370264,2,1,1999,0,0,0,0,0,0,0,0,0,0
370265,1,1,1999,0,0,0,0,0,0,0,0,0,0
370265,2,1,1999,0,0,0,0,0,0,0,0,0,0
370266,1,1,1999,0,0,0,0,0,0,0,0,0,0
370266,2,1,1999,5,5,5,5,5,5,5,5,5,5
370267,1,1,1999,10,0,5,11,4,12,15,13,13,19
370268,1,1,1999,25,25,25,25,25,25,25,25,25,25
370269,1,1,1999,0,0,0,0,0,0,0,0,0,0
370269,2,1,1999,0,0,0,0,0,0,11,0,0,0
370270,1,1,1999,10,14,20,7,20,26,15,33,7,22
370271,1,1,1999,23,23,23,23,23,23,23,23,23,23
370272,0,1,1999,0,0,0,0,0,0,0,0,0,0
370272,1,1,1999,0,0,0,0,0,0,0,0,0,0
370273,1,1,1999,21,21,21,21,21,21,21,21,21,21
370274,1,1,1999,0,0,0,0,0,0,0,0,0,0
370275,1,1,1999,0,0,0,0,0,0,0,0,0,0
370276,1,1,1999,0,0,0,0,0,0,0,0,0,0
370276,2,1,1999,0,0,0,0,0,0,0,0,0,0
370277,1,1,1999,0,0,0,0,0,0,0,0,0,0
370278,1,1,1999,0,0,0,0,0,0,26,0,0,0
370278,2,1,1999,0,0,0,0,0,0,0,0,0,0
370279,0,1,1999,0,25,7,13,30,22,20,45,26,8
370279,1,1,1999,0,0,0,0,0,0,0,0,0,0
370280,1,1,1999,0,0,0,0,0,0,0,0,0,0
370281,0,1,1999,0,0,0,0,0,0,0,0,0,0
370281,1,1,1999,13,0,17,0,0,0,0,0,0,0
370282,1,1,1999,0,0,0,0,0,0,0,14,38,0
370283,1,1,1999,0,0,0,0,0,0,0,0,0,0
370284,1,1,1999,9,27,13,27,42,45,17,19,3,10
370284,2,1,1999,0,0,0,0,0,0,0,0,0,0
370285,1,1,1999,18,18,18,18,18,18,18,18,18,18
370286,1,1,1999,14,14,14,14,14,14,14,14,14,14
370287,1,1,1999,0,0,0,0,0,0,0,0,0,0
370287,2,1,1999,0,9,6,13,0,0,0,15,0,25
370288,1,1,1999,0,0,0,0,0,0,0,0,0,0
370288,2,1,1999,0,0,0,0,18,0,0,0,11,0
370288,3,1,1999,0,0,0,0,0,0,0,0,0,0
370289,1,1,1999,0,0,0,0,0,0,0,0,0,0
370289,2,1,1999,0,0,0,0,0,0,0,0,0,0
370290,1,1,1999,10,16,36,25,24,18,17,5,17,13
370291,1,1,1999,0,0,0,0,0,0,0,0,0,0
370292,1,1,1999,0,0,13,0,0,0,13,19,0,6
370293,1,1,1999,0,0,0,0,0,0,0,0,0,0
370293,2,1,1999,0,0,0,0,0,0,0,0,0,0
370294,1,1,1999,0,0,0,0,0,0,21,0,0,0
370294,2,1,1999,0,0,0,0,0,0,0,0,0,0
370295,1,1,1999,0,0,0,0,0,0,0,0,0,0
370295,2,1,1999,0,0,0,0,0,0,0,0,0,0
370296,1,1,1999,0,0,0,0,0,0,0,0,0,0
370296,2,1,1999,0,0,0,0,0,0,0,0,0,0
370297,0,1,1999,0,0,0,0,0,0,34,0,0,32
370297,1,1,1999,27,6,16,0,20,46,10,11,14,22
370298,1,1,1999,0,0,0,0,0,0,0,0,0,0
370299,1,1,1999,0,0,0,0,0,0,0,0,0,0
370300,1,1,1999,0,0,0,0,0,0,0,0,0,0
370301,1,1,1999,0,0,0,0,0,0,0,0,0,0
370301,2,1,1999,0,0,0,0,0,0,0,0,0,0
370302,1,1,1999,37,37,37,37,37,37,37,37,37,37
370303,1,1,1999,0,0,0,0,0,0,0,0,0,0
370304,1,1,1999,19,7,9,0,6,16,8,14,2,10
370305,1,1,1999,16,17,26,14,15,11,23,0,17,23
370306,1,1,1999,15,9,24,18,10,41,23,17,16,12
370307,1,1,1999,0,0,0,0,0,0,0,0,0,0
370307,2,1,1999,13,8,0,8,0,0,0,0,0,6
370308,1,1,1999,0,0,0,0,0,0,0,0,0,0
370309,0,1,1999,0,0,0,0,0,0,0,0,0,0
370309,1,1,1999,14,4,10,17,28,26,12,26,18,19
370310,1,1,1999,0,0,0,0,0,0,0,0,0,0
370310,2,1,1999,26,0,0,0,0,0,0,0,0,0
370311,1,1,1999,11,11,11,11,11,11,11,11,11,11
370312,1,1,1999,0,0,0,0,0,0,0,0,0,0
370312,2,1,1999,0,0,0,0,0,0,0,0,0,0
370312,3,1,1999,0,0,0,0,0,0,0,0,0,0
370313,1,1,1999,0,0,0,0,0,0,0,0,0,0
370313,2,1,1999,0,0,7,0,0,0,0,23,14,0
370314,1,1,1999,0,0,0,0,0,0,0,0,0,0
370314,2,1,1999,0,0,0,0,0,0,0,0,0,0
370315,0,1,1999,23,23,23,23,23,23,23,23,23,23
370315,1,1,1999,0,16,8,0,0,11,0,0,0,0
370316,1,1,1999,26,26,26,26,26,26,26,26,26,26
370317,1,1,1999,36,36,36,36,36,36,36,36,36,36
370318,1,1,1999,12,12,12,12,12,12,12,12,12,12
370319,1,1,1999,0,0,0,0,0,0,0,0,0,0
370319,2,1,1999,0,0,0,0,0,0,0,0,0,0
370319,3,1,1999,0,0,0,0,0,0,0,0,0,0
370320,0,1,1999,2,11,0,0,20,0,0,0,15,0
370321,1,1,1999,24,24,24,24,24,24,24,24,24,24
370322,1,1,1999,17,10,0,20,12,11,24,28,20,16
370322,2,1,1999,0,0,0,0,0,0,5,0,0,0
370322,3,1,1999,0,0,0,0,0,0,0,0,0,0
370323,1,1,1999,0,0,0,0,0,0,0,0,0,0
370324,1,1,1999,0,0,0,0,0,0,0,0,0,0
370325,1,1,1999,0,0,0,0,0,0,0,0,0,0
370325,2,1,1999,0,0,0,0,0,0,0,0,0,16
370326,1,1,1999,0,0,0,0,0,0,0,0,0,0
370326,2,1,1999,0,0,0,0,0,0,0,0,0,0
370326,3,1,1999,0,0,0,0,0,0,0,0,0,0
370327,1,1,1999,31,19,19,20,17,19,10,0,17,19
370328,1,1,1999,0,0,0,0,0,0,0,0,0,0
370328,2,1,1999,0,0,0,0,0,0,0,0,0,0
370329,1,1,1999,0,0,12,0,0,0,20,0,0,0
370330,1,1,1999,10,10,10,10,10,10,10,10,10,10
370331,1,1,1999,11,0,21,21,14,0,27,9,0,13
370332,1,1,1999,18,0,4,26,18,8,17,17,20,16
370333,0,1,1999,15,0,0,0,50,0,0,0,9,0
370333,1,1,1999,0,0,0,0,0,0,0,0,0,0
370334,1,1,1999,0,0,0,0,0,0,0,0,0,0
370334,2,1,1999,0,0,0,0,0,0,0,0,0,0
370335,1,1,1999,0,0,0,0,0,0,0,0,0,0
370335,2,1,1999,0,0,0,0,0,0,0,0,0,0
370336,1,1,1999,0,0,0,0,0,0,0,0,0,0
370336,2,1,1999,0,0,0,0,0,0,0,0,0,0
370336,3,1,1999,0,0,0,0,0,0,0,0,0,0
370337,1,1,1999,14,11,17,26,10,29,5,3,11,5
370338,1,1,1999,9,18,7,2,20,19,18,9,6,21
370339,1,1,1999,15,0,0,0,0,0,0,0,0,0
370339,2,1,1999,0,0,0,0,0,0,0,0,0,0
370340,1,1,1999,0,0,0,0,0,0,0,0,0,0
370340,2,1,1999,0,0,0,0,0,0,0,0,0,0
370341,1,1,1999,0,0,0,0,0,0,0,0,0,0
370341,2,1,1999,0,0,0,0,0,0,0,0,0,0
370341,3,1,1999,0,0,0,0,0,0,0,0,0,0
370341,4,1,1999,0,0,0,0,0,0,0,0,0,0
370342,1,1,1999,0,0,0,0,0,0,0,0,10,0
370342,2,1,1999,0,0,0,0,0,0,0,0,0,14
370343,1,1,1999,0,0,0,0,0,0,0,0,0,0
370343,2,1,1999,0,0,0,0,0,0,0,0,0,0
370343,3,1,1999,0,0,0,0,0,0,0,0,0,0
370343,4,1,1999,0,0,0,0,0,0,0,0,0,0
370344,0,1,1999,0,0,18,0,0,0,20,0,8,0
370344,0,2,1999,0,0,0,0,0,0,0,0,0,0
370344,1,1,1999,0,0,0,0,0,0,8,0,0,0
370344,2,1,1999,0,0,0,0,0,0,0,12,0,0
370345,1,1,1999,0,0,0,0,0,0,0,0,0,0
370345,2,1,1999,0,0,0,0,0,0,0,0,0,0
370345,3,1,1999,0,0,0,0,0,0,0,0,0,0
370346,1,1,1999,0,0,0,0,0,0,0,0,0,0
370347,0,1,1999,13,13,13,13,13,13,13,13,13,13
370347,1,1,1999,0,0,0,0,34,0,0,0,0,0
370348,0,1,1999,0,0,0,0,0,0,0,0,0,0
370348,1,1,1999,18,11,14,21,13,10,4,9,0,3
370349,1,1,1999,0,0,0,0,0,0,0,0,0,0
370349,2,1,1999,0,0,0,0,0,0,0,0,0,0
370350,1,1,1999,0,10,7,10,2,10,10,24,0,14
370350,2,1,1999,0,0,0,0,0,0,0,0,0,0
370351,0,1,1999,17,17,17,17,17,17,17,17,17,17
370351,0,2,1999,24,0,0,23,10,28,0,30,11,30
370351,1,1,1999,0,0,0,0,0,0,0,0,0,0
370352,0,1,1999,0,0,0,0,0,0,0,0,0,0
370352,1,1,1999,0,0,0,0,0,0,0,0,0,0
370353,1,1,1999,0,0,6,0,0,0,0,0,0,0
370353,2,1,1999,0,0,0,0,0,0,0,0,0,0
370354,1,1,1999,0,0,0,0,0,0,0,0,0,0
370354,2,1,1999,0,0,0,0,0,0,0,0,0,0
370354,3,1,1999,0,0,0,0,0,0,0,0,0,0
370355,1,1,1999,0,0,0,0,0,0,0,0,0,0
370355,2,1,1999,0,0,0,0,0,0,0,0,0,0
370356,1,1,1999,26,26,26,26,26,26,26,26,26,26
370357,1,1,1999,27,27,27,27,27,27,27,27,27,27
370358,1,1,1999,0,0,0,0,0,0,0,0,0,0
370358,2,1,1999,0,0,0,0,0,0,0,0,0,0
370358,3,1,1999,0,0,0,0,0,0,0,0,0,0
370358,4,1,1999,0,0,0,0,0,0,0,0,0,0
370358,5,1,1999,0,0,0,0,0,0,0,0,0,0
370358,6,1,1999,0,0,0,0,0,0,0,0,0,0
370358,7,1,1999,0,0,0,0,0,0,0,0,0,0
370359,1,1,1999,0,0,0,0,0,0,0,0,0,0
370359,2,1,1999,0,0,0,0,0,0,0,0,0,0
370361,1,1,1999,0,0,0,0,0,0,0,0,0,0
370361,2,1,1999,0,0,0,0,0,0,0,0,0,0
370362,1,1,1999,0,0,0,0,0,0,0,0,0,0
370362,2,1,1999,0,0,0,0,0,0,0,0,0,0
370363,1,1,1999,0,0,0,0,0,0,0,0,0,0
370363,2,1,1999,0,0,0,0,0,0,0,0,0,0
370364,1,1,1999,0,0,0,0,0,0,0,0,0,0
370365,1,1,1999,0,0,0,0,0,0,0,0,0,0
370365,2,1,1999,0,0,0,0,0,0,0,0,0,0
370366,1,1,1999,0,0,0,0,0,0,0,0,0,0
370366,2,1,1999,0,0,0,0,0,0,0,0,0,0
370367,1,1,1999,0,0,18,29,0,0,10,23,18,0
370368,1,1,1999,37,22,10,18,34,5,9,25,14,15
370369,0,1,1999,0,0,0,0,0,0,0,0,0,0
370369,1,1,1999,15,0,0,0,0,0,0,0,0,0
370370,1,1,1999,0,0,0,0,0,0,0,0,0,0
370371,1,1,1999,0,0,0,0,0,0,0,0,0,0
370371,2,1,1999,0,0,0,0,0,0,0,0,0,0
370372,1,1,1999,5,5,5,5,5,5,5,5,5,5
370373,1,1,1999,0,0,0,0,0,0,0,0,0,0
370373,2,1,1999,0,0,0,0,0,0,0,0,0,0
370374,1,1,1999,0,0,0,0,0,0,0,0,0,0
370374,2,1,1999,0,0,0,0,0,0,0,0,0,0
370375,1,1,1999,0,0,0,0,0,0,0,0,0,0
370376,1,1,1999,0,0,0,0,0,0,0,0,0,0
370376,2,1,1999,0,0,0,0,0,0,0,0,0,0
370377,0,1,1999,11,11,11,11,11,11,11,11,11,11
370377,1,1,1999,0,0,0,0,0,0,0,0,0,0
370378,1,1,1999,0,0,0,0,0,0,0,0,0,0
370378,2,1,1999,0,0,0,0,0,0,0,0,0,22
370379,0,1,1999,0,0,0,0,0,0,0,0,0,0
370379,1,1,1999,0,0,0,0,0,0,0,0,0,3
370380,0,1,1999,0,0,0,0,0,0,0,0,0,0
370380,1,1,1999,0,0,0,0,0,0,0,0,0,0
370381,1,1,1999,0,0,0,0,0,0,0,0,0,0
370381,2,1,1999,0,0,0,0,0,0,0,0,0,0
370382,1,1,1999,0,0,0,0,0,0,0,0,0,0
370383,1,1,1999,11,11,11,11,11,11,11,11,11,11
370384,1,1,1999,0,0,0,0,0,0,0,0,0,0
370385,1,1,1999,0,0,0,0,0,0,0,0,0,0
370385,2,1,1999,0,0,0,0,0,0,0,0,0,0
370386,1,1,1999,0,0,0,0,0,0,0,0,0,0
370387,1,1,1999,0,0,0,0,0,0,0,0,0,0
370387,2,1,1999,0,0,0,0,0,0,0,0,0,0
370388,1,1,1999,19,19,19,19,19,19,19,19,19,19
370389,1,1,1999,20,20,20,20,20,20,20,20,20,20
370390,1,1,1999,0,0,0,0,0,0,0,0,0,0
370390,2,1,1999,35,17,8,22,29,0,25,17,12,17
370391,1,1,1999,16,7,16,9,7,9,27,22,19,19
370392,1,1,1999,0,0,0,0,0,0,0,0,0,0
370392,2,1,1999,0,0,0,0,0,0,0,0,0,0
370393,1,1,1999,0,0,0,0,0,0,0,0,0,0
370394,1,1,1999,0,0,0,0,0,0,0,0,0,0
370394,2,1,1999,0,0,0,0,0,0,0,0,0,0
370395,1,1,1999,0,0,0,0,0,0,0,0,0,0
370395,2,1,1999,0,0,0,0,0,0,0,0,0,0
370396,1,1,1999,0,11,0,0,5,0,0,0,0,0
370397,1,1,1999,0,0,0,0,0,0,0,0,0,0
370397,2,1,1999,0,0,0,0,0,0,0,0,0,0
370398,1,1,1999,0,0,0,0,0,0,0,0,0,0
370398,2,1,1999,0,0,0,0,0,0,0,0,0,0
370399,1,1,1999,0,6,0,0,0,0,0,0,0,0
370400,1,1,1999,0,0,0,0,0,0,0,0,0,0
370400,2,1,1999,0,0,0,0,0,0,0,0,0,0
370401,1,1,1999,0,0,0,0,0,0,0,0,0,0
370402,1,1,1999,0,0,0,0,0,0,0,0,0,0
370402,2,1,1999,0,0,11,0,0,0,0,0,0,0
370403,1,1,1999,0,0,0,0,0,0,0,0,0,0
370403,2,1,1999,0,0,0,0,0,0,0,0,4,0
370404,1,1,1999,0,0,0,0,0,0,0,0,0,0
370404,2,1,1999,0,0,0,0,0,0,0,0,0,0
370405,1,1,1999,0,0,0,0,0,0,0,0,0,0
370406,1,1,1999,19,19,19,19,19,19,19,19,19,19
370407,1,1,1999,0,0,0,0,0,0,0,0,0,0
370408,1,1,1999,0,0,0,0,0,0,0,0,0,0
370408,2,1,1999,0,0,0,0,0,0,0,0,0,0
370409,1,1,1999,0,0,0,0,0,0,0,0,0,0
370410,1,1,1999,0,0,0,0,0,0,0,0,0,0
370410,2,1,1999,22,22,22,22,22,22,22,22,22,22
370411,1,1,1999,0,0,0,0,0,0,0,0,0,0
370412,1,1,1999,0,0,0,0,0,0,0,0,0,0
370412,2,1,1999,1,1,1,1,1,1,1,1,1,1
370413,0,1,1999,0,0,0,0,0,0,0,0,0,0
370413,1,1,1999,3,0,0,0,0,0,0,0,5,0
370414,0,1,1999,0,0,0,0,0,0,0,0,0,0
370414,1,1,1999,0,0,0,0,0,0,0,0,0,19
370415,1,1,1999,0,0,0,0,0,0,0,0,0,0
370416,1,1,1999,0,0,0,0,0,0,0,0,0,0
370416,2,1,1999,0,0,0,0,0,0,0,0,0,0
370417,0,1,1999,37,37,37,37,37,37,37,37,37,37
370417,1,1,1999,0,0,0,0,18,0,0,0,0,17
370418,1,1,1999,0,0,0,0,0,0,0,0,0,0
370418,2,1,1999,0,0,0,0,0,0,0,0,0,0
370419,1,1,1999,12,0,0,0,0,0,0,0,0,0
370419,2,1,1999,0,0,0,0,0,0,0,0,0,0
370420,1,1,1999,0,0,0,0,0,0,0,0,0,0
370420,2,1,1999,0,0,0,0,0,0,0,0,0,0
370421,1,1,1999,0,0,0,0,0,0,0,0,0,0
370421,2,1,1999,0,0,0,0,0,0,0,0,0,0
370422,1,1,1999,0,0,0,0,0,0,0,0,0,0
370423,1,1,1999,0,0,0,0,0,0,0,0,0,0
370423,2,1,1999,0,0,0,0,0,0,0,0,0,0
370423,3,1,1999,0,0,0,0,0,0,0,0,0,0
370424,1,1,1999,0,0,0,0,0,0,0,0,0,0
370424,2,1,1999,0,0,0,0,0,0,0,0,0,0
370425,1,1,1999,8,8,8,8,8,8,8,8,8,8
370426,1,1,1999,0,0,0,0,0,0,0,0,0,0
370427,1,1,1999,3,3,3,3,3,3,3,3,3,3
370428,1,1,1999,0,0,0,0,0,0,0,0,0,0
370428,2,1,1999,0,0,0,0,0,0,0,0,0,0
370429,1,1,1999,0,0,0,0,0,0,0,0,0,0
370430,1,1,1999,0,0,0,0,0,0,0,0,0,0
370430,2,1,1999,0,0,0,0,0,0,0,0,0,0
370431,1,1,1999,0,0,0,0,0,0,0,0,0,0
370432,1,1,1999,0,0,2,0,9,0,0,0,0,0
370432,2,1,1999,18,18,18,18,18,18,18,18,18,18
370433,1,1,1999,0,0,0,0,0,0,0,0,0,0
370433,2,1,1999,0,0,0,0,0,0,0,0,0,0
370433,3,1,1999,0,0,0,0,19,0,0,0,0,0
370434,1,1,1999,28,28,28,28,28,28,28,28,28,28
370435,1,1,1999,0,0,0,0,0,0,0,0,0,0
370436,1,1,1999,21,21,21,21,21,21,21,21,21,21
370437,1,1,1999,0,0,0,0,0,0,0,0,0,0
370437,2,1,1999,0,0,0,0,0,0,0,0,0,0
370437,3,1,1999,0,0,0,0,0,0,0,0,0,0
370438,1,1,1999,0,0,0,0,0,0,0,0,0,0
370439,1,1,1999,0,0,0,0,0,0,0,0,0,0
370439,2,1,1999,0,0,0,0,0,0,0,0,0,0
370440,1,1,1999,8,8,8,8,8,8,8,8,8,8
370441,1,1,1999,20,8,21,22,12,14,7,18,6,14
370442,1,1,1999,0,0,0,0,0,0,0,0,0,0
370442,2,1,1999,0,0,0,0,0,0,0,0,0,0
370443,1,1,1999,0,0,0,0,0,0,0,6,0,0
370444,1,1,1999,0,0,0,0,0,0,0,0,0,0
370444,2,1,1999,0,0,0,0,0,0,0,0,0,0