ST_CASE,VEH_NO,PER_NO,YEAR,P1,P2,P3,P4,P5,P6,P7,P8,P9,P10
370445,1,1,1999,22,21,23,20,24,23,14,13,21,12
370446,1,1,1999,0,0,0,0,0,0,0,0,0,0
370446,2,1,1999,0,0,0,0,0,0,0,0,0,0
370447,1,1,1999,0,0,0,0,0,0,0,0,0,0
370447,2,1,1999,0,0,0,0,0,0,0,0,0,0
370448,1,1,1999,0,0,0,0,0,0,0,0,0,0
370449,1,1,1999,0,0,0,0,0,0,0,0,0,0
370450,1,1,1999,9,11,14,5,3,8,0,18,19,14
370451,1,1,1999,17,17,17,17,17,17,17,17,17,17
370452,1,1,1999,16,0,15,0,0,0,0,0,0,0
370453,1,1,1999,0,13,0,0,33,20,26,13,20,22
370454,1,1,1999,0,23,14,0,0,0,0,0,0,0
370454,2,1,1999,0,0,0,0,0,0,0,0,0,0
370455,1,1,1999,11,11,11,11,11,11,11,11,11,11
370456,1,1,1999,0,0,0,0,0,0,0,0,0,0
370457,1,1,1999,0,0,0,0,0,0,0,0,0,0
370457,2,1,1999,0,0,0,0,0,0,0,0,0,0
370457,3,1,1999,0,0,0,0,0,0,0,0,0,0
370458,1,1,1999,0,0,0,0,0,0,0,0,0,0
370458,2,1,1999,0,0,0,0,0,0,0,0,0,0
370459,1,1,1999,17,17,17,17,17,17,17,17,17,17
370460,1,1,1999,23,23,23,23,23,23,23,23,23,23
370461,1,1,1999,7,12,2,7,0,6,4,9,18,17
370461,2,1,1999,0,18,0,0,0,0,0,0,0,0
370462,1,1,1999,9,9,9,9,9,9,9,9,9,9
370463,0,1,1999,0,0,21,0,0,0,0,0,0,0
370463,0,2,1999,0,0,33,0,0,15,0,0,0,0
370463,1,1,1999,0,0,0,0,0,0,0,0,0,0
370464,1,1,1999,0,0,0,0,0,0,0,0,0,0
370465,1,1,1999,20,20,20,20,20,20,20,20,20,20
370466,1,1,1999,26,26,26,26,26,26,26,26,26,26
370467,1,1,1999,0,0,0,0,0,0,0,0,0,0
370468,0,1,1999,0,0,0,0,0,0,0,0,0,0
370468,1,1,1999,0,18,0,0,0,0,0,0,0,0
370469,1,1,1999,4,14,0,10,5,12,26,7,6,10
370470,1,1,1999,0,0,11,0,12,15,0,19,4,10
370470,2,1,1999,0,0,0,0,0,0,0,0,0,0
370471,1,1,1999,10,0,4,6,0,0,5,0,12,0
370471,2,1,1999,0,0,0,0,0,0,0,0,0,0
370472,1,1,1999,0,0,0,0,0,0,0,0,0,0
370472,2,1,1999,0,0,0,0,0,0,0,0,0,0
370473,0,1,1999,0,0,0,3,0,23,22,14,32,0
370473,1,1,1999,0,0,0,0,0,0,0,0,0,0
370474,0,1,1999,0,0,0,0,0,0,0,0,0,0
370474,1,1,1999,0,0,0,0,0,0,0,0,0,0
370475,0,1,1999,21,21,21,21,21,21,21,21,21,21
370475,1,1,1999,0,0,11,19,0,3,11,0,0,3
370476,0,1,1999,0,0,0,0,0,0,0,0,0,0
370476,1,1,1999,0,0,0,0,0,0,0,0,0,0
370477,1,1,1999,0,0,0,0,0,0,0,0,0,0
370478,1,1,1999,0,0,0,0,0,0,0,8,0,0
370479,1,1,1999,0,0,0,0,0,0,0,0,0,0
370480,1,1,1999,17,0,0,0,13,0,0,0,0,12
370481,1,1,1999,10,6,35,10,14,18,3,15,6,15
370482,1,1,1999,0,0,0,0,0,0,10,0,0,0
370482,2,1,1999,0,0,0,0,0,0,0,0,0,0
370483,1,1,1999,0,0,0,0,0,0,0,0,0,0
370484,1,1,1999,12,12,14,20,21,0,15,20,21,11
370484,2,1,1999,0,6,0,0,6,0,0,0,0,0
370485,1,1,1999,0,0,0,0,0,0,0,0,0,0
370486,1,1,1999,0,0,0,0,0,0,0,0,0,0
370486,2,1,1999,0,0,0,0,0,0,0,0,0,0
370487,1,1,1999,7,13,15,7,26,18,2,5,25,14
370488,1,1,1999,0,0,0,0,0,0,0,0,0,0
370489,0,1,1999,0,0,0,0,0,0,0,0,0,0
370489,1,1,1999,0,0,0,0,0,0,0,0,0,0
370490,1,1,1999,0,0,0,0,0,0,0,0,0,0
370491,1,1,1999,18,0,0,0,12,0,0,0,0,0
370492,1,1,1999,25,25,25,25,25,25,25,25,25,25
370492,2,1,1999,0,0,0,0,0,0,0,0,0,0
370493,1,1,1999,0,0,0,0,0,0,0,0,0,0
370493,2,1,1999,0,0,0,50,4,0,0,0,0,15
370494,0,1,1999,0,0,0,0,0,0,0,0,0,0
370494,1,1,1999,0,0,0,0,0,0,0,0,0,0
370495,1,1,1999,18,18,18,18,18,18,18,18,18,18
370496,1,1,1999,0,11,0,0,0,0,9,18,0,9
370497,1,1,1999,18,7,9,22,13,10,11,8,9,16
370498,1,1,1999,0,7,0,0,9,0,0,0,0,0
370499,1,1,1999,21,17,27,17,0,15,0,19,11,9
370500,1,1,1999,0,0,0,0,0,0,0,0,0,0
370500,2,1,1999,0,0,0,0,0,0,0,0,0,0
370501,1,1,1999,0,0,0,0,0,0,0,0,0,0
370501,2,1,1999,0,0,0,0,0,0,0,0,0,0
370502,1,1,1999,0,0,0,0,0,0,0,0,0,0
370503,1,1,1999,0,0,0,0,0,9,4,0,0,0
370504,1,1,1999,0,0,0,0,0,0,0,0,0,0
370504,2,1,1999,0,0,0,0,0,0,0,0,0,0
370505,1,1,1999,0,15,0,0,28,0,11,12,5,0
370506,1,1,1999,0,15,49,22,19,35,31,0,27,30
370507,1,1,1999,11,0,22,0,0,5,0,0,0,0
370507,2,1,1999,9,14,14,14,9,20,23,7,12,17
370508,1,1,1999,8,0,0,0,12,23,0,28,14,0
370509,1,1,1999,0,0,0,0,0,0,0,0,0,0
370509,2,1,1999,0,0,0,0,0,0,0,0,0,0
370510,1,1,1999,10,17,22,12,18,12,11,5,9,17
370511,1,1,1999,0,0,0,0,0,0,0,0,9,0
370512,1,1,1999,0,0,0,0,0,0,0,0,0,0
370512,2,1,1999,0,0,0,0,0,0,0,0,0,0
370513,1,1,1999,0,0,0,0,0,0,0,0,0,0
370513,2,1,1999,0,0,0,0,0,0,0,0,0,0
370513,3,1,1999,0,0,0,0,0,0,0,0,0,0
370513,4,1,1999,0,0,0,0,0,0,0,0,0,0
370513,5,1,1999,0,0,0,0,0,0,0,0,0,0
370514,1,1,1999,14,13,19,12,0,24,0,17,18,19
370515,1,1,1999,0,0,0,0,0,0,0,0,0,0
370515,2,1,1999,0,0,0,0,0,0,0,0,0,0
370516,1,1,1999,0,0,0,0,6,0,0,0,0,0
370516,2,1,1999,0,0,0,0,0,0,0,0,0,0
370517,1,1,1999,0,0,0,0,0,0,0,0,0,0
370517,2,1,1999,0,0,0,0,0,0,8,0,0,0
370518,1,1,1999,0,0,0,0,0,0,0,0,0,0
370518,2,1,1999,0,0,0,0,0,0,0,0,0,0
370518,3,1,1999,0,0,0,0,0,0,0,0,0,0
370519,1,1,1999,9,0,0,0,18,0,0,0,0,0
370519,2,1,1999,0,0,0,0,0,0,0,0,0,0
370520,1,1,1999,0,0,0,0,0,0,0,0,0,0
370520,2,1,1999,0,0,0,0,0,3,0,0,0,0
370521,1,1,1999,0,0,0,0,0,0,0,0,0,0
370521,2,1,1999,0,0,0,0,0,0,0,0,0,0
370522,1,1,1999,26,46,20,12,12,0,18,0,20,16
370523,1,1,1999,13,0,0,0,0,0,0,0,0,0
370523,2,1,1999,0,0,0,0,0,0,0,0,0,18
370524,0,1,1999,0,5,28,0,34,3,20,20,25,0
370524,1,1,1999,0,15,0,0,0,0,0,0,0,0
370525,1,1,1999,24,25,25,10,20,28,29,23,7,24
370526,1,1,1999,0,0,0,0,0,0,0,0,0,0
370526,2,1,1999,0,0,0,0,0,0,0,0,0,0
370527,1,1,1999,0,0,0,0,0,0,0,0,0,0
370528,1,1,1999,16,24,13,16,32,16,20,7,14,36
370529,1,1,1999,9,9,9,9,9,9,9,9,9,9
370529,2,1,1999,0,0,0,9,0,0,13,0,0,0
370530,1,1,1999,16,23,0,9,10,8,25,16,19,24
370530,2,1,1999,15,19,22,17,20,10,21,16,23,15
370531,1,1,1999,0,0,0,6,0,0,0,0,0,0
370532,1,1,1999,7,0,0,28,0,28,0,8,25,24
370533,1,1,1999,0,11,8,4,0,0,0,13,7,0
370534,1,1,1999,0,0,0,0,0,0,0,0,0,0
370534,2,1,1999,0,0,0,0,0,0,0,0,0,0
370534,3,1,1999,0,0,0,0,0,0,0,0,0,0
370535,1,1,1999,0,0,0,0,0,0,0,0,0,0
370536,1,1,1999,0,0,0,0,0,0,0,0,0,0
370536,2,1,1999,0,0,0,0,0,0,0,0,0,0
370537,0,1,1999,0,0,0,0,0,0,0,0,0,0
370537,1,1,1999,0,0,0,0,0,0,0,0,0,0
370538,1,1,1999,26,18,15,13,7,13,18,14,37,16
370539,1,1,1999,0,0,0,0,0,8,0,0,0,0
370539,2,1,1999,0,0,14,0,0,0,0,0,0,0
370540,1,1,1999,14,0,0,0,0,0,0,0,0,0
370540,2,1,1999,0,0,0,0,0,0,0,0,0,0
370540,3,1,1999,0,0,0,0,0,0,0,0,0,0
370541,1,1,1999,0,0,0,0,0,0,0,0,0,0
370541,2,1,1999,0,0,0,0,0,0,0,0,0,41
370541,3,1,1999,0,0,0,0,0,0,0,0,0,0
370542,1,1,1999,0,0,0,0,0,0,0,0,0,0
370543,1,1,1999,0,7,0,0,0,0,0,28,0,0
370544,1,1,1999,0,0,0,0,0,0,0,0,0,0
370544,2,1,1999,0,0,0,0,0,0,0,0,0,0
370545,1,1,1999,0,0,0,0,13,0,0,0,0,0
370545,2,1,1999,0,0,0,0,0,0,0,0,0,0
370546,1,1,1999,0,0,0,0,0,0,0,0,0,0
370546,2,1,1999,0,0,0,0,0,0,0,0,0,0
370547,1,1,1999,0,0,0,0,0,0,0,0,0,0
370547,2,1,1999,0,0,0,0,0,0,0,0,0,0
370548,1,1,1999,0,0,0,0,0,0,0,0,0,0
370548,2,1,1999,0,0,0,0,0,0,0,0,0,0
370548,3,1,1999,0,0,0,0,0,0,0,0,0,0
370549,1,1,1999,0,16,16,24,17,11,18,4,17,18
370550,1,1,1999,17,25,27,9,21,9,44,26,15,2
370551,1,1,1999,0,0,3,0,0,0,0,0,0,0
370552,1,1,1999,0,14,0,0,0,0,0,0,19,0
370553,1,1,1999,0,0,0,0,0,0,10,0,0,0
370553,2,1,1999,0,0,0,0,0,0,0,0,0,0
370554,1,1,1999,13,0,0,0,5,14,9,0,0,0
370555,0,1,1999,28,23,17,16,21,0,25,12,22,8
370555,1,1,1999,0,16,0,0,0,0,0,0,0,0
370556,1,1,1999,0,0,0,22,17,0,0,0,0,0
370556,2,1,1999,0,0,0,0,0,0,0,0,0,0
370557,1,1,1999,0,0,0,0,0,0,0,0,0,0
370557,2,1,1999,5,11,0,17,0,19,7,20,8,4
370558,1,1,1999,0,20,0,29,0,0,0,0,15,24
370559,1,1,1999,0,0,0,0,0,0,0,0,0,0
370560,1,1,1999,0,0,12,0,0,0,0,0,0,0
370561,1,1,1999,0,0,0,0,0,0,0,0,0,0
370561,2,1,1999,0,35,0,0,0,0,22,0,0,0
370562,1,1,1999,0,0,0,0,0,0,0,0,0,0
370562,2,1,1999,0,0,0,0,0,0,0,0,0,0
370563,1,1,1999,16,4,13,23,11,15,19,10,4,15
370564,1,1,1999,0,0,0,0,0,0,0,0,15,0
370564,2,1,1999,0,0,0,0,0,0,0,0,0,0
370565,1,1,1999,0,0,0,0,0,0,0,0,0,0
370566,1,1,1999,0,0,0,0,0,0,0,0,0,0
370566,2,1,1999,0,0,0,0,0,0,0,0,0,0
370567,1,1,1999,0,0,0,0,0,0,0,0,0,0
370567,2,1,1999,0,0,22,0,0,0,0,0,0,0
370567,3,1,1999,0,0,0,0,0,0,0,0,0,0
370568,1,1,1999,2,2,2,2,2,2,2,2,2,2
370569,1,1,1999,0,0,0,0,0,0,0,0,0,0
370569,2,1,1999,0,4,0,0,0,0,0,0,0,0
370570,1,1,1999,0,0,0,0,0,0,0,0,0,0
370570,2,1,1999,0,0,0,0,0,0,0,0,0,0
370571,1,1,1999,19,25,13,22,18,25,19,27,0,30
370572,1,1,1999,0,0,0,0,0,0,0,0,0,0
370573,1,1,1999,0,0,10,0,10,7,0,16,11,11
370573,2,1,1999,10,15,15,17,17,4,11,15,12,0
370574,1,1,1999,0,0,0,0,0,0,0,0,0,26
370574,2,1,1999,0,0,0,0,0,0,0,0,0,0
370575,1,1,1999,0,0,0,0,0,0,23,0,0,0
370575,2,1,1999,0,0,0,0,0,0,0,0,0,0
370576,1,1,1999,0,0,0,0,0,0,0,0,0,0
370576,2,1,1999,0,0,0,0,0,0,0,0,0,0
370577,1,1,1999,0,27,14,15,11,0,0,29,0,0
370577,2,1,1999,0,0,0,0,0,0,0,0,0,0
370578,1,1,1999,0,0,0,0,0,0,0,0,8,0
370579,1,1,1999,0,0,0,0,0,0,0,0,0,0
370579,2,1,1999,0,9,0,0,22,0,0,30,17,0
370580,1,1,1999,0,0,0,0,0,0,0,9,0,16
370580,2,1,1999,0,0,0,0,0,0,0,0,0,0
370581,1,1,1999,0,0,0,0,0,0,0,0,0,0
370581,2,1,1999,5,0,0,11,0,0,0,9,0,0
370582,1,1,1999,0,0,0,6,7,10,0,30,18,14
370583,1,1,1999,15,18,19,25,21,10,0,0,6,0
370584,1,1,1999,0,0,0,0,0,0,0,0,0,0
370584,2,1,1999,0,0,0,0,0,0,0,0,0,0
370584,3,1,1999,0,0,0,0,0,0,0,0,0,0
370585,1,1,1999,0,0,0,0,0,0,0,0,0,0
370585,2,1,1999,0,0,0,0,0,0,0,0,0,0
370586,1,1,1999,17,0,0,0,0,0,0,0,0,0
370586,2,1,1999,0,0,0,0,0,0,0,0,0,0
370586,3,1,1999,0,0,0,0,0,0,0,0,0,0
370586,4,1,1999,0,0,0,0,0,0,0,0,0,0
370587,1,1,1999,0,0,0,0,0,0,0,0,0,0
370587,2,1,1999,0,0,0,0,0,0,0,0,0,0
370588,1,1,1999,0,0,0,0,0,0,0,0,0,0
370589,0,1,1999,0,0,0,0,0,0,0,0,0,0
370589,1,1,1999,0,0,0,0,0,0,0,0,0,0
370590,1,1,1999,0,0,0,0,0,0,0,0,0,0
370590,2,1,1999,0,0,0,0,0,0,0,0,0,0
370591,1,1,1999,0,0,7,0,0,0,0,0,0,0
370592,1,1,1999,0,0,0,0,0,0,0,0,0,0
370592,2,1,1999,0,0,0,0,0,0,0,0,0,0
370593,1,1,1999,0,0,0,0,0,0,0,0,0,0
370593,2,1,1999,0,0,0,0,0,0,0,0,0,0
370593,3,1,1999,0,0,0,0,0,0,0,0,0,0
370594,1,1,1999,10,0,12,0,0,0,0,0,0,10
370594,2,1,1999,0,0,0,0,0,0,0,0,0,0
370595,1,1,1999,0,0,0,0,0,0,0,0,0,0
370596,1,1,1999,0,0,0,8,0,14,0,5,0,0
370597,1,1,1999,0,0,0,0,0,0,0,0,0,0
370597,2,1,1999,0,23,0,0,0,0,0,13,0,0
370598,0,1,1999,0,0,28,32,15,15,11,0,0,0
370598,1,1,1999,0,0,0,0,0,0,0,0,0,0
370599,1,1,1999,0,0,0,0,0,15,0,0,11,0
370600,1,1,1999,12,19,22,41,16,16,24,25,23,26
370601,0,1,1999,15,0,0,5,14,14,0,28,11,19
370601,1,1,1999,0,0,0,0,0,0,0,0,0,0
370602,1,1,1999,0,0,0,0,0,0,0,0,0,0
370602,2,1,1999,0,0,19,0,0,5,13,13,0,0
370603,1,1,1999,6,36,16,21,15,25,19,11,17,12
370604,1,1,1999,0,0,0,0,0,0,0,0,0,10
370604,2,1,1999,0,0,0,0,0,0,0,0,0,0
370605,1,1,1999,12,0,0,10,0,0,0,0,0,0
370606,1,1,1999,0,0,0,0,0,0,0,0,0,0
370606,2,1,1999,0,0,0,0,0,0,0,0,0,0
370607,0,1,1999,30,30,30,30,30,30,30,30,30,30
370607,1,1,1999,0,0,0,0,0,0,0,0,0,0
370608,1,1,1999,0,0,0,0,0,0,0,0,0,0
370608,2,1,1999,0,0,0,0,0,0,0,0,0,0
370608,3,1,1999,0,0,0,0,0,0,0,0,0,0
370609,1,1,1999,0,0,0,0,0,0,0,0,0,0
370610,0,1,1999,25,25,25,25,25,25,25,25,25,25
370610,1,1,1999,0,0,0,0,0,0,0,0,0,0
370611,1,1,1999,0,13,0,23,20,0,20,11,17,22
370612,1,1,1999,0,0,0,0,0,0,0,0,0,0
370612,2,1,1999,0,0,0,0,0,0,0,0,0,0
370613,1,1,1999,0,0,0,13,0,0,0,0,0,0
370613,2,1,1999,0,0,0,0,0,0,0,0,0,0
370614,1,1,1999,8,21,22,14,0,19,15,4,0,16
370615,1,1,1999,0,0,0,0,0,0,0,0,0,0
370615,2,1,1999,0,0,0,0,0,0,0,0,0,0
370616,1,1,1999,0,0,0,0,0,0,0,0,0,0
370616,2,1,1999,0,0,0,0,0,0,0,0,0,0
370617,1,1,1999,0,0,0,0,0,0,0,0,0,0
370617,2,1,1999,0,0,0,0,0,0,0,0,0,0
370618,1,1,1999,17,23,0,14,22,24,11,3,12,10
370620,1,1,1999,15,15,15,15,15,15,15,15,15,15
370621,1,1,1999,0,5,10,18,31,10,41,21,8,0
370621,2,1,1999,0,9,0,0,0,0,0,0,0,0
370622,1,1,1999,0,0,0,5,0,0,0,0,0,0
370623,1,1,1999,0,0,0,0,0,0,0,0,0,0
370624,1,1,1999,0,0,0,0,0,0,0,0,0,0
370624,2,1,1999,0,0,0,0,0,0,0,0,0,0
370624,3,1,1999,0,0,0,0,0,0,0,0,0,0
370624,4,1,1999,0,0,0,0,0,0,0,0,0,0
370625,0,1,1999,0,0,0,0,0,0,0,0,0,0
370625,1,1,1999,0,0,20,11,0,0,0,0,22,0
370626,1,1,1999,0,0,0,0,0,0,0,0,0,21
370626,2,1,1999,0,0,0,0,0,0,0,0,0,0
370627,1,1,1999,11,3,7,7,19,22,12,16,13,12
370627,2,1,1999,0,0,0,0,0,0,0,20,0,0
370628,1,1,1999,26,3,0,0,16,0,14,0,21,14
370629,1,1,1999,0,0,0,0,0,0,0,0,0,0
370629,2,1,1999,0,0,0,0,0,0,0,0,0,0
370630,1,1,1999,0,0,0,0,0,0,0,0,0,0
370630,2,1,1999,0,0,0,0,0,0,0,0,0,0
370631,0,1,1999,0,0,0,0,0,0,0,0,0,32
370631,1,1,1999,0,0,0,0,0,0,0,0,0,0
370632,1,1,1999,0,0,14,0,0,0,0,0,0,0
370633,1,1,1999,0,0,0,0,0,0,0,0,0,0
370634,0,1,1999,30,15,12,11,0,0,33,36,0,0
370634,1,1,1999,0,0,0,0,0,0,0,0,0,0
370635,1,1,1999,0,0,0,8,0,0,0,0,0,0
370635,2,1,1999,0,15,0,0,0,0,0,9,0,0
370636,1,1,1999,0,0,0,0,0,0,0,0,0,0
370636,2,1,1999,0,0,0,0,0,0,0,0,0,0
370636,3,1,1999,0,0,0,0,0,0,0,0,0,0
370637,1,1,1999,15,15,15,15,15,15,15,15,15,15
370637,2,1,1999,0,0,0,0,0,0,0,0,0,0
370638,1,1,1999,17,17,17,17,17,17,17,17,17,17
370639,1,1,1999,0,0,0,0,0,0,0,0,0,0
370640,1,1,1999,13,0,0,0,0,0,0,0,0,0
370640,2,1,1999,0,0,4,4,0,0,0,0,0,0
370641,1,1,1999,2,5,13,9,6,21,0,20,0,18
370641,2,1,1999,0,0,0,0,0,0,0,0,0,0
370641,3,1,1999,0,0,0,0,0,0,0,0,10,0
370641,4,1,1999,0,0,0,0,0,0,0,0,0,0
370642,1,1,1999,0,0,0,0,0,0,0,0,0,0
370642,2,1,1999,0,0,0,0,0,0,0,0,0,0
370643,1,1,1999,0,0,0,0,0,0,0,8,0,0
370643,2,1,1999,0,0,0,0,0,0,0,0,0,0
370644,1,1,1999,0,0,0,0,0,0,0,0,0,0
370644,2,1,1999,0,0,0,0,0,0,0,0,0,0
370645,1,1,1999,0,14,17,0,0,14,0,0,13,0
370645,2,1,1999,0,0,0,0,0,0,0,0,0,0
370646,1,1,1999,0,0,0,0,0,0,0,0,0,0
370646,2,1,1999,0,8,0,0,0,0,0,0,0,0
370647,1,1,1999,0,0,0,0,0,0,0,0,0,0
370647,2,1,1999,0,0,0,0,0,0,0,0,0,0
370648,1,1,1999,0,0,0,0,0,0,0,0,0,0
370650,1,1,1999,0,0,0,0,0,0,0,0,0,0
370650,2,1,1999,0,0,0,0,0,0,0,0,0,0
370651,1,1,1999,0,0,4,0,0,0,0,0,0,0
370651,2,1,1999,0,0,0,0,0,0,0,0,0,0
370652,1,1,1999,25,23,18,15,20,8,18,0,9,0
370653,1,1,1999,10,10,10,10,10,10,10,10,10,10
370653,2,1,1999,0,0,0,0,0,0,0,0,0,0
370654,1,1,1999,4,4,4,4,4,4,4,4,4,4
370655,1,1,1999,10,10,10,10,10,10,10,10,10,10
370656,1,1,1999,26,26,26,26,26,26,26,26,26,26
370656,2,1,1999,0,0,0,0,15,12,0,0,0,10
370657,1,1,1999,7,0,0,0,0,0,0,0,10,8
370658,1,1,1999,18,18,18,18,18,18,18,18,18,18
370659,1,1,1999,0,0,0,0,0,0,0,0,0,0
370659,2,1,1999,0,0,0,0,0,0,0,0,15,0
370660,1,1,1999,0,0,0,25,0,0,0,0,0,0
370660,2,1,1999,8,21,9,11,7,14,17,0,12,12
370660,3,1,1999,0,0,16,0,0,0,0,0,0,0
370661,1,1,1999,0,0,0,0,25,0,0,0,7,7
370661,2,1,1999,0,0,0,0,0,0,0,0,0,0
370662,1,1,1999,0,0,0,0,0,0,0,0,0,0
370662,2,1,1999,0,0,0,0,0,0,0,0,0,0
370663,1,1,1999,7,7,7,7,7,7,7,7,7,7
370664,0,1,1999,35,17,23,18,20,10,41,14,15,20
370664,1,1,1999,0,0,0,0,0,0,0,0,0,0
370665,1,1,1999,0,0,0,0,0,0,0,0,0,0
370665,2,1,1999,0,0,0,0,0,0,0,0,0,0
370665,3,1,1999,0,0,0,0,0,0,0,0,0,0
370666,1,1,1999,0,0,0,0,0,0,0,0,0,0
370666,2,1,1999,0,0,0,0,0,0,0,0,0,0
370667,1,1,1999,9,9,9,9,9,9,9,9,9,9
370668,1,1,1999,0,0,0,0,0,0,0,0,0,0
370668,2,1,1999,0,0,0,0,0,0,0,0,0,0
370669,1,1,1999,0,0,0,0,0,0,0,0,0,0
370670,1,1,1999,0,0,0,0,0,0,0,0,0,0
370671,1,1,1999,20,13,4,15,7,13,12,9,3,12
370672,1,1,1999,0,0,0,0,0,0,0,9,0,0
370672,2,1,1999,0,0,0,0,0,0,0,0,13,0
370673,1,1,1999,0,0,0,0,0,0,0,0,0,0
370674,1,1,1999,0,0,0,0,0,0,0,0,0,0
370675,1,1,1999,0,0,0,0,0,0,0,0,0,0
370675,2,1,1999,0,0,0,0,0,0,0,0,0,0
370675,3,1,1999,0,0,0,0,0,0,0,0,0,0
370676,1,1,1999,0,25,23,0,11,18,6,0,0,0
370677,1,1,1999,0,0,0,0,0,0,0,0,0,0
370677,2,1,1999,0,0,0,0,0,0,0,0,0,0
370677,3,1,1999,0,0,0,0,0,0,0,0,0,0
370678,1,1,1999,0,0,0,0,25,11,5,0,0,0
370678,2,1,1999,15,0,0,0,0,0,0,0,15,0
370679,1,1,1999,0,0,0,0,0,0,0,0,12,0
370679,2,1,1999,20,20,10,19,16,12,26,3,23,12
370680,1,1,1999,0,0,0,0,0,0,12,0,0,0
370680,2,1,1999,0,0,0,0,0,0,0,0,0,0
370681,1,1,1999,0,0,0,0,8,0,0,0,0,0
370682,1,1,1999,12,20,21,0,16,16,18,25,30,0
370683,1,1,1999,0,0,0,0,0,0,0,0,0,0
370683,2,1,1999,0,11,0,0,0,0,0,0,0,0
370684,1,1,1999,12,11,12,0,0,0,20,13,0,16
370685,0,1,1999,20,17,19,21,15,26,41,11,13,26
370685,1,1,1999,0,0,3,13,0,0,26,7,14,15
370686,1,1,1999,0,0,0,0,0,0,0,0,0,0
370687,0,1,1999,22,4,22,21,8,16,34,0,43,14
370687,1,1,1999,0,0,0,0,0,0,0,0,0,0
370688,1,1,1999,0,0,26,20,0,0,0,0,0,9
370689,1,1,1999,0,0,0,0,0,0,0,0,0,0
370689,2,1,1999,0,0,0,0,0,0,0,0,0,0
370690,1,1,1999,0,0,0,0,0,0,0,0,0,0
370690,2,1,1999,0,0,0,0,0,0,0,0,0,0
370691,1,1,1999,0,12,0,0,0,0,0,0,0,0
370691,2,1,1999,0,7,0,26,0,0,32,0,21,0
370692,1,1,1999,0,6,0,0,0,0,0,0,0,0
370692,2,1,1999,0,0,0,0,0,0,0,0,0,0
370693,1,1,1999,0,0,0,0,0,0,11,0,0,0
370693,2,1,1999,0,0,0,0,0,0,9,0,12,3
370693,3,1,1999,0,0,0,0,0,0,0,0,0,0
370694,1,1,1999,0,0,0,0,0,0,0,0,0,0
370694,2,1,1999,0,0,0,0,0,0,0,0,0,0
370694,3,1,1999,0,0,0,0,0,0,0,0,0,0
370694,4,1,1999,0,0,0,0,0,0,0,0,0,0
370695,1,1,1999,0,0,0,0,0,0,0,0,0,0
370696,1,1,1999,0,0,0,0,0,0,0,0,0,0
370696,2,1,1999,0,0,0,0,0,0,0,0,0,0
370697,1,1,1999,0,0,0,0,0,0,0,0,0,0
370698,1,1,1999,15,15,15,10,22,15,26,17,24,7
370699,1,1,1999,0,0,0,0,0,0,0,0,0,0
370699,2,1,1999,0,0,0,0,0,0,0,0,0,0
370700,1,1,1999,12,12,12,12,12,12,12,12,12,12
370701,1,1,1999,0,0,0,0,0,0,0,0,0,0
370701,2,1,1999,0,0,0,0,0,0,0,0,0,0
370702,1,1,1999,2,2,2,2,2,2,2,2,2,2
370702,2,1,1999,0,0,0,0,0,0,0,0,0,0
370702,3,1,1999,0,0,0,0,0,0,0,0,0,0
370703,0,1,1999,10,10,10,10,10,10,10,10,10,10
370703,1,1,1999,21,0,0,19,0,0,0,0,0,0
370704,1,1,1999,0,0,0,0,0,0,0,0,10,0
370705,1,1,1999,0,0,10,0,0,7,0,20,7,0
370706,1,1,1999,11,11,11,11,11,11,11,11,11,11
370707,1,1,1999,12,0,18,20,22,11,15,18,11,5
370708,1,1,1999,6,19,23,15,20,19,10,17,0,17
370709,1,1,1999,0,0,0,0,0,0,0,0,0,0
370709,2,1,1999,0,0,0,0,0,0,0,0,0,0
370710,0,1,1999,0,0,0,0,0,0,0,0,0,0
370710,1,1,1999,0,0,0,0,0,0,0,0,0,0
370711,1,1,1999,0,0,0,0,0,0,0,0,0,0
370711,2,1,1999,0,0,0,0,0,0,0,0,0,0
370712,1,1,1999,23,0,0,0,0,0,0,0,0,0
370713,1,1,1999,0,12,0,0,0,0,0,0,0,0
370713,2,1,1999,0,0,0,0,0,0,0,0,0,0
370714,1,1,1999,11,10,14,16,16,4,16,33,11,14
370715,1,1,1999,0,0,0,0,0,0,0,0,0,0
370715,2,1,1999,0,0,0,0,0,0,0,0,0,0
370716,1,1,1999,0,26,28,0,18,0,6,0,10,18
370717,1,1,1999,0,0,0,0,0,0,0,0,0,8
370717,2,1,1999,0,0,0,0,0,0,0,0,0,20
370718,1,1,1999,0,0,0,0,0,0,0,0,0,0
370718,2,1,1999,0,0,0,0,0,0,0,0,0,0
370719,1,1,1999,0,0,0,0,0,0,0,0,0,0
370719,2,1,1999,0,0,0,0,0,0,0,0,24,0
370720,1,1,1999,0,0,0,0,0,0,0,0,0,0
370721,1,1,1999,0,0,0,24,0,0,0,0,0,0
370722,1,1,1999,9,10,17,0,25,0,25,0,10,0
370723,1,1,1999,0,0,0,0,0,0,0,0,0,0
370724,1,1,1999,4,0,0,0,0,0,0,0,0,0
370724,2,1,1999,27,0,24,3,0,2,8,14,16,19
370725,1,1,1999,0,0,0,0,0,0,0,0,0,0
370725,2,1,1999,0,0,0,0,0,0,0,0,0,0
370726,1,1,1999,0,0,0,0,0,0,0,0,27,0
370726,2,1,1999,0,0,0,0,0,0,0,0,0,0