ST_CASE,VEH_NO,PER_NO,YEAR,P1,P2,P3,P4,P5,P6,P7,P8,P9,P10
371269,2,1,1999,0,0,0,0,0,0,9,0,0,0
371270,1,1,1999,12,12,12,12,12,12,12,12,12,12
371271,1,1,1999,0,0,0,0,0,0,0,0,0,0
371271,2,1,1999,0,0,0,0,0,0,0,0,0,0
371272,1,1,1999,6,0,14,23,16,4,0,0,17,10
371272,2,1,1999,0,0,0,0,0,0,0,0,0,0
371273,1,1,1999,12,0,0,0,0,0,0,0,0,0
371274,0,1,1999,28,28,28,28,28,28,28,28,28,28
371274,1,1,1999,0,0,0,0,0,0,0,0,0,0
371275,1,1,1999,0,23,0,0,0,0,0,0,0,0
371275,2,1,1999,0,0,0,0,0,0,0,0,0,0
371276,1,1,1999,0,0,0,0,0,0,0,0,0,0
371277,1,1,1999,25,25,25,25,25,25,25,25,25,25
371278,0,1,1999,0,0,0,0,0,0,0,0,0,0
371278,1,1,1999,0,0,0,0,0,0,0,0,0,0
371279,1,1,1999,0,0,0,0,0,0,0,0,0,0
371280,1,1,1999,0,0,0,0,0,0,0,0,0,0
371280,2,1,1999,27,16,0,0,34,12,0,16,11,11
371281,1,1,1999,0,0,0,0,0,0,0,0,0,0
371281,2,1,1999,0,0,0,0,0,0,0,0,0,0
371282,1,1,1999,0,0,0,0,0,0,0,0,0,0
371282,2,1,1999,0,0,0,0,0,0,0,0,0,0
371283,1,1,1999,0,0,0,0,0,0,0,0,0,0
371283,2,1,1999,0,0,0,0,0,0,0,0,0,0
371284,1,1,1999,0,0,0,0,0,11,0,0,0,0
371285,1,1,1999,14,14,14,14,14,14,14,14,14,14
371286,1,1,1999,0,0,0,0,0,0,0,0,0,0
371286,2,1,1999,0,0,0,0,10,0,0,0,0,0
371287,1,1,1999,0,0,0,11,0,0,0,0,0,0
371287,2,1,1999,0,0,0,0,0,0,0,0,0,0
371288,1,1,1999,9,0,0,0,0,0,10,0,0,0
371288,2,1,1999,0,0,0,0,0,0,0,0,0,0
371289,1,1,1999,18,18,18,18,18,18,18,18,18,18
371289,2,1,1999,0,6,0,0,0,0,0,0,0,0
371290,1,1,1999,0,0,0,0,0,0,0,0,0,0
371290,2,1,1999,0,0,0,0,0,0,0,0,0,0
371291,1,1,1999,0,0,0,0,0,0,0,0,0,0
371291,2,1,1999,0,0,0,0,0,0,0,0,0,0
371292,1,1,1999,0,30,0,20,41,6,22,22,22,28
371293,0,1,1999,32,32,32,32,32,32,32,32,32,32
371293,1,1,1999,0,0,0,0,0,0,0,0,0,0
371294,1,1,1999,23,23,23,23,23,23,23,23,23,23
371294,2,1,1999,0,0,0,0,0,0,0,0,0,0
371295,0,1,1999,19,19,19,19,19,19,19,19,19,19
371295,1,1,1999,0,0,0,0,8,13,0,0,0,0
371296,1,1,1999,19,0,26,30,0,16,0,6,13,11
371297,1,1,1999,0,10,19,0,0,0,0,18,10,18
371298,1,1,1999,1,0,0,0,0,0,0,0,0,0
371298,2,1,1999,0,0,21,33,5,0,0,0,4,0
371299,1,1,1999,0,0,0,0,0,0,0,0,0,0
371300,1,1,1999,0,0,0,0,32,0,0,0,37,0
371301,1,1,1999,33,0,12,0,16,12,14,32,0,0
371301,2,1,1999,0,0,0,0,0,0,0,0,0,0
371302,1,1,1999,3,3,3,3,3,3,3,3,3,3
371302,2,1,1999,27,0,0,13,0,0,0,0,0,0
371302,3,1,1999,0,0,0,0,0,0,0,0,0,0
371303,1,1,1999,9,0,0,0,0,0,0,0,0,0
371303,2,1,1999,0,0,0,0,0,0,0,0,0,0
371303,3,1,1999,3,0,0,0,0,0,0,0,0,0
371304,0,1,1999,27,27,27,27,27,27,27,27,27,27
371304,1,1,1999,0,0,0,0,0,0,0,0,0,17
371305,1,1,1999,0,0,0,0,0,0,0,0,0,0
371305,2,1,1999,0,0,0,0,0,0,0,0,4,0
371305,3,1,1999,0,0,16,0,0,0,0,0,0,0
371306,1,1,1999,0,0,0,0,0,0,0,0,0,0
371307,1,1,1999,0,0,0,0,0,0,0,0,0,0
371307,2,1,1999,26,0,12,0,0,0,0,0,0,0
371308,1,1,1999,26,26,26,26,26,26,26,26,26,26
371309,1,1,1999,0,0,17,0,0,3,15,0,0,0
371310,0,1,1999,4,24,14,17,14,0,0,0,19,12
371310,1,1,1999,0,0,0,0,0,0,0,0,0,0
371311,1,1,1999,15,7,19,10,9,22,17,13,19,21
371312,0,1,1999,14,28,0,0,38,21,23,46,11,11
371312,1,1,1999,0,0,0,0,0,14,0,9,0,0
371313,1,1,1999,0,0,0,0,0,0,0,0,0,0
371314,1,1,1999,0,0,0,0,0,0,0,0,0,0
371315,1,1,1999,0,0,0,0,0,0,0,0,0,0
371315,2,1,1999,0,0,0,0,0,0,0,0,0,0
371316,1,1,1999,0,0,0,0,0,0,0,0,0,0
371316,2,1,1999,0,0,0,0,0,0,0,0,0,0
371316,3,1,1999,0,0,0,0,0,0,0,0,0,0
371317,1,1,1999,0,0,0,0,0,0,0,0,0,0
371318,1,1,1999,7,7,7,7,7,7,7,7,7,7
371319,0,1,1999,21,21,21,21,21,21,21,21,21,21
371319,1,1,1999,0,0,0,0,0,0,0,0,0,0
371320,1,1,1999,20,20,20,20,20,20,20,20,20,20
371321,1,1,1999,19,19,19,19,19,19,19,19,19,19
371322,1,1,1999,21,21,21,21,21,21,21,21,21,21
371323,1,1,1999,18,18,18,18,18,18,18,18,18,18
371324,1,1,1999,0,0,10,11,11,3,13,6,6,3
371324,2,1,1999,0,0,0,0,0,0,0,0,0,0
371325,1,1,1999,0,0,27,0,0,19,0,0,0,0
371327,1,1,1999,0,0,0,0,0,0,0,0,0,0
371327,2,1,1999,0,0,0,0,0,0,0,0,0,0
371328,1,1,1999,0,0,0,0,0,0,0,0,0,0
371328,2,1,1999,0,0,0,0,0,0,0,0,0,0
371329,1,1,1999,27,22,22,0,0,0,30,28,22,29
371330,1,1,1999,0,0,0,0,16,0,0,0,0,0
371330,2,1,1999,0,0,0,0,0,0,0,0,0,0
371331,1,1,1999,0,0,0,0,0,0,0,0,0,0
371331,2,1,1999,0,0,0,0,0,0,0,0,0,0
371332,0,1,1999,0,0,0,0,0,0,0,0,0,0
371332,1,1,1999,0,0,0,0,0,0,0,0,0,0
371333,1,1,1999,0,16,10,4,8,9,25,8,12,12
371334,0,1,1999,26,22,0,0,0,18,0,0,0,0
371334,1,1,1999,0,0,0,0,0,0,0,0,0,0
371335,1,1,1999,21,0,0,0,0,0,0,0,0,0
371335,2,1,1999,0,0,0,0,0,0,0,0,0,0
371336,1,1,1999,0,0,0,0,0,0,0,0,0,0
371336,2,1,1999,0,0,0,0,0,0,0,0,0,0
371337,0,1,1999,0,12,34,0,0,18,0,13,20,0
371337,1,1,1999,9,9,0,0,0,0,13,0,0,0
371338,1,1,1999,0,0,0,0,0,0,0,0,0,0
371339,1,1,1999,0,0,0,0,0,0,0,0,10,0
371339,2,1,1999,0,0,0,0,0,0,0,0,0,0
371340,1,1,1999,0,0,0,0,0,0,0,0,0,0
371340,2,1,1999,0,0,0,0,0,0,0,0,0,0
371340,3,1,1999,0,0,0,0,0,0,0,0,0,0
371341,1,1,1999,0,0,0,0,0,0,0,0,0,0
371341,2,1,1999,0,0,0,0,0,0,0,0,0,0
371342,1,1,1999,0,0,0,0,0,0,0,0,0,0
371342,2,1,1999,0,0,0,0,5,0,0,0,0,0
371343,1,1,1999,18,5,27,3,17,0,32,27,0,27
371344,1,1,1999,19,25,0,13,15,14,0,9,8,0
371345,1,1,1999,0,0,0,0,0,0,0,0,0,0
371347,1,1,1999,0,0,0,0,0,0,0,0,0,0
371348,1,1,1999,0,0,0,0,0,0,0,0,0,0
371348,2,1,1999,0,0,0,0,0,0,0,0,0,0
371348,3,1,1999,0,0,0,0,0,0,0,0,0,0
371349,1,1,1999,0,0,0,0,0,0,0,0,0,0
371349,2,1,1999,0,0,0,0,0,0,0,0,0,0
371349,3,1,1999,0,0,0,0,0,0,0,0,0,0
371350,1,1,1999,0,0,0,0,0,0,0,0,0,2
371350,2,1,1999,0,0,36,0,0,0,0,0,0,0
371351,0,1,1999,0,20,0,0,0,21,0,0,0,0
371351,1,1,1999,0,0,0,0,0,0,3,0,0,0
371352,1,1,1999,38,22,21,10,0,21,22,0,17,10
371353,1,1,1999,0,0,0,0,0,0,0,0,0,0
371353,2,1,1999,0,0,0,0,0,0,0,0,0,0
371354,1,1,1999,0,0,0,17,5,0,5,0,26,20
371355,1,1,1999,0,0,0,0,19,0,0,0,0,0
371356,0,1,1999,25,0,0,14,0,0,0,28,0,25
371356,1,1,1999,0,0,0,0,0,0,0,0,0,0
371357,1,1,1999,21,14,23,22,26,13,0,10,29,28
371358,1,1,1999,0,30,0,16,21,19,13,27,25,25
371359,0,1,1999,19,14,7,13,14,0,23,0,28,5
371359,1,1,1999,0,0,0,0,0,0,0,0,0,0
371360,1,1,1999,0,0,0,0,0,0,0,0,0,0
371360,2,1,1999,0,0,0,0,0,0,0,0,0,0
371360,3,1,1999,0,0,0,0,0,0,0,0,0,0
371360,4,1,1999,0,0,0,0,0,0,0,0,0,0
371361,1,1,1999,0,0,0,0,0,0,0,0,0,0
371361,2,1,1999,0,0,0,0,0,0,0,0,0,0
371362,1,1,1999,0,20,4,13,0,18,12,23,14,17
371363,1,1,1999,30,17,5,32,10,8,25,16,20,21
371364,0,1,1999,10,4,10,20,25,21,12,7,14,39
371364,1,1,1999,0,0,0,0,0,0,0,0,0,0
371365,1,1,1999,0,0,0,0,0,0,0,0,0,0
371365,2,1,1999,0,0,0,0,0,0,0,0,10,8
371365,3,1,1999,0,0,0,0,0,0,0,0,0,0
371366,1,1,1999,0,0,0,0,0,0,0,0,0,0
371366,2,1,1999,0,0,0,0,0,0,0,0,0,0
371366,3,1,1999,8,0,0,0,0,0,0,5,0,0
371367,0,1,1999,20,17,44,28,23,24,10,15,11,31
371367,1,1,1999,0,0,0,0,0,0,0,0,0,0
371368,1,1,1999,0,0,0,0,0,0,0,0,0,0
371368,2,1,1999,0,0,0,0,0,0,0,0,0,0
380001,1,1,1999,0,15,0,0,0,0,0,15,0,0
380001,2,1,1999,0,0,0,0,0,0,0,0,0,0
380002,1,1,1999,0,0,0,0,0,0,0,0,0,0
380002,2,1,1999,0,0,0,0,0,0,0,0,0,0
380003,1,1,1999,15,15,15,15,15,15,15,15,15,15
380004,1,1,1999,24,24,24,24,24,24,24,24,24,24
380005,1,1,1999,0,10,0,0,0,0,0,0,0,0
380005,2,1,1999,0,0,0,0,0,0,0,0,0,0
380006,1,1,1999,0,0,0,0,0,0,0,0,0,0
380006,2,1,1999,0,0,0,0,0,0,0,0,0,0
380007,1,1,1999,13,13,13,13,13,13,13,13,13,13
380007,2,1,1999,0,0,0,0,0,0,0,0,0,0
380008,1,1,1999,0,0,0,0,0,0,0,0,0,0
380009,1,1,1999,0,0,0,0,0,0,0,0,0,0
380009,2,1,1999,0,0,0,0,0,0,0,0,0,0
380010,1,1,1999,0,0,0,0,0,0,0,0,0,0
380010,2,1,1999,0,0,0,0,0,0,0,0,0,0
380011,1,1,1999,0,0,0,0,0,0,0,0,0,0
380011,2,1,1999,0,0,0,0,0,0,0,0,0,0
380012,1,1,1999,2,2,2,2,2,2,2,2,2,2
380013,1,1,1999,2,2,2,2,2,2,2,2,2,2
380013,2,1,1999,0,0,0,0,0,0,0,0,0,0
380014,1,1,1999,21,21,21,21,21,21,21,21,21,21
380014,2,1,1999,0,0,0,0,0,0,0,0,0,0
380015,1,1,1999,0,0,0,0,0,0,0,0,0,0
380016,1,1,1999,0,0,0,0,0,0,0,0,0,0
380016,2,1,1999,0,0,0,0,0,0,0,0,0,0
380017,1,1,1999,0,0,0,0,0,0,0,0,0,0
380017,2,1,1999,0,0,0,0,14,0,0,0,0,0
380018,1,1,1999,0,0,0,0,0,0,0,0,0,0
380018,2,1,1999,0,0,0,0,0,0,0,0,0,0
380019,1,1,1999,24,24,24,24,24,24,24,24,24,24
380019,2,1,1999,20,20,20,20,20,20,20,20,20,20
380020,1,1,1999,23,23,23,23,23,23,23,23,23,23
380021,1,1,1999,20,20,20,20,20,20,20,20,20,20
380022,1,1,1999,17,17,17,17,17,17,17,17,17,17
380023,1,1,1999,20,20,20,20,20,20,20,20,20,20
380024,1,1,1999,0,0,0,0,0,0,0,0,0,0
380024,2,1,1999,0,0,0,0,0,0,0,0,0,0
380025,1,1,1999,0,0,0,0,0,0,0,0,0,0
380025,2,1,1999,0,0,0,0,0,0,0,0,0,0
380026,1,1,1999,0,0,0,0,0,0,0,0,0,0
380027,1,1,1999,0,0,0,0,0,0,0,0,0,0
380027,2,1,1999,0,0,0,0,0,0,0,0,0,0
380028,1,1,1999,15,15,15,15,15,15,15,15,15,15
380029,1,1,1999,0,0,0,0,0,0,0,0,0,0
380029,2,1,1999,0,0,0,0,0,0,0,0,0,0
380030,1,1,1999,20,20,20,20,20,20,20,20,20,20
380031,1,1,1999,0,0,0,0,0,0,0,0,0,0
380031,2,1,1999,0,0,0,0,0,0,0,0,0,0
380032,1,1,1999,0,0,0,0,0,0,0,0,0,0
380032,2,1,1999,0,6,0,0,0,0,0,0,0,0
380032,3,1,1999,0,0,0,0,8,0,0,0,0,26
380033,1,1,1999,16,16,16,16,16,16,16,16,16,16
380033,2,1,1999,0,0,0,0,0,0,0,0,0,0
380034,1,1,1999,20,20,20,20,20,20,20,20,20,20
380035,0,1,1999,21,21,21,21,21,21,21,21,21,21
380035,1,1,1999,0,0,0,0,0,0,0,0,0,0
380036,1,1,1999,26,26,26,26,26,26,26,26,26,26
380037,1,1,1999,16,16,16,16,16,16,16,16,16,16
380038,1,1,1999,0,0,0,0,0,0,10,17,8,0
380039,1,1,1999,0,0,0,0,0,13,0,0,0,0
380039,2,1,1999,0,0,0,0,0,0,0,0,0,0
380040,0,1,1999,19,19,19,19,19,19,19,19,19,19
380040,1,1,1999,23,23,23,23,23,23,23,23,23,23
380041,1,1,1999,0,0,21,0,0,0,0,0,0,0
380041,2,1,1999,0,0,0,0,0,0,0,0,0,0
380042,1,1,1999,14,14,14,14,14,14,14,14,14,14
380043,1,1,1999,0,0,0,0,0,0,0,0,0,0
380043,2,1,1999,0,0,0,0,0,0,0,0,0,0
380044,1,1,1999,0,0,0,0,0,0,0,0,0,0
380044,2,1,1999,0,0,0,0,0,0,0,26,0,0
380045,1,1,1999,15,15,15,15,15,15,15,15,15,15
380046,1,1,1999,0,0,0,0,0,0,0,0,0,0
380046,2,1,1999,0,0,0,0,0,0,0,0,0,0
380047,1,1,1999,0,0,0,0,0,0,0,0,0,0
380047,2,1,1999,0,0,0,0,0,0,0,0,0,0
380048,1,1,1999,0,0,0,0,0,0,0,0,0,0
380048,2,1,1999,0,0,0,0,0,0,0,0,0,0
380049,1,1,1999,0,0,0,0,0,0,0,0,0,0
380050,1,1,1999,11,11,11,11,11,11,11,11,11,11
380051,1,1,1999,0,0,0,0,0,0,0,0,0,0
380052,1,1,1999,11,11,11,11,11,11,11,11,11,11
380052,2,1,1999,18,18,18,18,18,18,18,18,18,18
380053,1,1,1999,0,0,0,0,0,0,0,0,0,0
380053,2,1,1999,0,30,12,15,7,17,18,21,21,9
380054,1,1,1999,25,4,30,5,9,5,3,29,12,6
380054,2,1,1999,0,0,0,0,0,0,0,0,0,0
380055,1,1,1999,0,0,0,0,0,0,0,0,0,0
380055,2,1,1999,0,11,0,0,0,0,16,16,0,0
380056,1,1,1999,9,9,9,9,9,9,9,9,9,9
380057,1,1,1999,9,9,9,9,9,9,9,9,9,9
380058,1,1,1999,0,0,14,0,0,0,0,0,0,0
380058,2,1,1999,0,0,0,0,0,0,0,0,0,0
380059,1,1,1999,25,25,25,25,25,25,25,25,25,25
380060,1,1,1999,9,9,9,9,9,9,9,9,9,9
380060,2,1,1999,0,0,0,0,0,0,0,0,0,0
380061,1,1,1999,0,0,0,0,0,0,0,0,0,0
380061,2,1,1999,0,0,0,0,0,0,0,0,0,0
380062,1,1,1999,0,0,0,0,0,0,0,0,0,0
380062,2,1,1999,0,0,0,0,0,0,0,0,0,0
380063,1,1,1999,0,0,0,0,0,0,0,0,0,0
380063,2,1,1999,0,0,0,0,0,0,0,0,0,0
380064,1,1,1999,0,0,0,0,0,0,0,0,0,0
380064,2,1,1999,0,0,0,0,0,0,0,0,0,0
380065,1,1,1999,0,0,0,0,0,0,0,0,0,0
380066,1,1,1999,0,0,0,0,0,0,0,0,0,0
380067,1,1,1999,0,0,0,0,0,0,0,0,0,0
380067,2,1,1999,0,0,0,0,0,0,0,0,0,0
380067,3,1,1999,0,0,0,0,0,0,0,0,0,0
380067,4,1,1999,0,0,0,0,0,0,0,0,0,0
380068,1,1,1999,0,0,0,0,0,0,14,0,12,0
380069,1,1,1999,0,0,0,0,0,0,0,0,0,0
380069,2,1,1999,0,0,0,0,0,0,0,0,0,0
380070,1,1,1999,17,17,17,17,17,17,17,17,17,17
380070,2,1,1999,13,0,13,13,18,27,21,22,17,9
380071,1,1,1999,0,0,0,0,0,0,0,0,0,0
380071,2,1,1999,0,0,0,0,0,0,0,0,0,0
380072,1,1,1999,25,25,25,25,25,25,25,25,25,25
380072,2,1,1999,0,0,0,0,0,0,0,0,0,0
380073,1,1,1999,29,29,29,29,29,29,29,29,29,29
380074,0,1,1999,0,16,15,0,0,0,0,0,0,0
380074,1,1,1999,0,0,0,0,0,0,0,0,0,0
380075,1,1,1999,22,16,23,19,28,23,5,16,16,21
380075,2,1,1999,8,8,8,8,8,8,8,8,8,8
380076,1,1,1999,0,0,0,0,0,0,0,0,0,0
380076,2,1,1999,0,0,0,0,0,0,0,0,0,0
380077,1,1,1999,0,0,0,0,0,0,0,0,0,0
380077,2,1,1999,0,0,0,0,0,0,0,0,0,0
380078,1,1,1999,8,8,8,8,8,8,8,8,8,8
380079,1,1,1999,32,32,32,32,32,32,32,32,32,32
380080,1,1,1999,16,16,16,16,16,16,16,16,16,16
380081,1,1,1999,26,26,26,26,26,26,26,26,26,26
380082,1,1,1999,31,31,31,31,31,31,31,31,31,31
380083,1,1,1999,17,21,16,17,23,19,18,6,34,17
380084,1,1,1999,0,0,0,0,0,0,0,0,0,0
380084,2,1,1999,0,0,0,0,0,0,0,0,0,0
380085,1,1,1999,0,0,0,0,0,0,0,0,0,0
380086,1,1,1999,0,0,0,0,0,0,0,0,0,0
380087,0,1,1999,0,0,0,0,0,0,0,0,0,0
380087,1,1,1999,0,0,0,0,0,0,0,0,0,0
380088,1,1,1999,7,7,7,7,7,7,7,7,7,7
380088,2,1,1999,23,23,23,23,23,23,23,23,23,23
380089,1,1,1999,15,15,15,15,15,15,15,15,15,15
380090,1,1,1999,28,28,28,28,28,28,28,28,28,28
380091,1,1,1999,23,20,8,0,10,13,23,14,14,15
380092,2,1,1999,4,4,4,4,4,4,4,4,4,4
390001,1,1,1999,0,0,0,0,0,0,0,0,0,0
390001,2,1,1999,0,24,0,0,0,0,0,9,0,0
390002,1,1,1999,0,0,0,0,0,0,0,0,0,0
390002,2,1,1999,0,0,0,0,0,0,0,0,0,0
390003,1,1,1999,19,19,19,19,19,19,19,19,19,19
390004,1,1,1999,27,27,27,27,27,27,27,27,27,27
390004,2,1,1999,26,26,26,26,26,26,26,26,26,26
390005,1,1,1999,0,0,0,0,0,0,0,0,0,0
390005,2,1,1999,0,0,0,0,0,0,0,0,0,0
390006,1,1,1999,0,0,0,0,0,0,0,0,0,0
390007,1,1,1999,0,0,0,0,0,0,0,0,0,0
390008,1,1,1999,0,0,0,0,0,0,0,0,0,0
390008,2,1,1999,0,0,0,0,10,0,0,0,0,0
390009,1,1,1999,0,0,0,0,0,0,0,0,0,0
390010,1,1,1999,0,0,0,0,0,0,0,0,0,0
390011,1,1,1999,0,0,0,0,0,0,0,0,0,0
390011,2,1,1999,0,0,0,0,0,0,0,0,5,0
390011,3,1,1999,0,0,0,0,0,0,0,0,0,0
390012,1,1,1999,0,0,0,0,16,0,0,0,0,0
390013,1,1,1999,13,13,13,13,13,13,13,13,13,13
390014,1,1,1999,0,0,0,0,0,0,0,0,0,0
390014,2,1,1999,0,0,0,0,0,0,0,0,0,0
390015,1,1,1999,24,24,24,24,24,24,24,24,24,24
390016,1,1,1999,0,0,0,0,0,0,0,0,0,0
390016,2,1,1999,0,0,0,0,0,0,0,0,0,0
390017,1,1,1999,0,0,0,0,0,0,0,0,0,0
390017,2,1,1999,0,0,0,0,0,0,0,0,0,0
390018,1,1,1999,0,0,0,0,0,0,0,0,0,0
390018,2,1,1999,0,0,0,0,0,0,0,0,0,0
390019,1,1,1999,0,0,0,0,0,0,0,0,0,0
390019,2,1,1999,0,0,0,0,0,0,0,0,0,0
390020,1,1,1999,0,0,0,0,0,0,0,0,0,0
390020,2,1,1999,0,2,3,0,0,0,21,0,0,0
390021,1,1,1999,0,0,0,0,0,0,0,0,0,0
390021,2,1,1999,13,13,13,13,13,13,13,13,13,13
390022,1,1,1999,0,0,0,0,0,0,0,0,0,0
390023,0,1,1999,0,27,0,0,0,0,0,0,0,0
390023,1,1,1999,0,0,0,0,0,0,0,0,0,0
390024,1,1,1999,0,0,0,0,0,0,0,0,0,0
390025,1,1,1999,0,0,0,0,0,0,0,0,0,0
390026,1,1,1999,0,0,0,0,0,0,0,0,0,0
390026,2,1,1999,0,0,0,0,0,0,0,0,0,0
390027,1,1,1999,0,0,0,0,0,0,0,0,0,0
390027,2,1,1999,8,8,8,8,8,8,8,8,8,8
390028,1,1,1999,15,15,15,15,15,15,15,15,15,15
390029,1,1,1999,0,0,0,0,0,0,0,0,0,0
390029,2,1,1999,0,0,0,0,0,0,0,0,0,0
390030,1,1,1999,0,0,0,0,0,0,0,0,0,0
390030,2,1,1999,0,0,0,0,0,0,0,0,0,0
390031,0,1,1999,34,34,34,34,34,34,34,34,34,34
390031,1,1,1999,0,0,0,0,0,0,0,0,0,0
390032,1,1,1999,0,0,0,0,0,0,0,0,0,0
390033,1,1,1999,20,20,20,20,20,20,20,20,20,20
390034,1,1,1999,15,15,15,15,15,15,15,15,15,15
390035,0,1,1999,14,14,14,14,14,14,14,14,14,14
390035,1,1,1999,0,0,0,0,0,0,0,0,0,0
390036,1,1,1999,0,0,0,0,0,0,0,0,0,0
390037,1,1,1999,0,0,0,0,0,0,0,0,0,0
390037,2,1,1999,0,0,0,0,0,0,0,0,0,0
390038,1,1,1999,0,0,0,0,0,0,0,0,0,0
390038,2,1,1999,0,0,0,0,0,0,0,0,0,0
390039,1,1,1999,0,0,0,0,0,0,0,0,0,0
390039,2,1,1999,0,0,0,0,0,0,0,0,0,0
390040,1,1,1999,0,0,0,0,0,0,0,0,0,0
390040,2,1,1999,22,22,22,22,22,22,22,22,22,22
390041,1,1,1999,14,0,11,21,0,19,11,0,6,27
390042,0,1,1999,0,0,0,0,0,0,0,0,0,0
390042,1,1,1999,0,0,0,0,0,0,0,0,0,0
390043,1,1,1999,0,0,0,0,0,0,0,0,0,0
390043,2,1,1999,0,0,0,0,0,0,0,0,0,0
390044,1,1,1999,12,12,12,12,12,12,12,12,12,12
390045,0,1,1999,0,24,0,0,0,0,0,0,0,0
390045,2,1,1999,0,0,0,0,0,0,0,0,0,0
390046,0,1,1999,0,0,0,0,0,0,0,0,0,0
390046,1,1,1999,0,0,0,0,0,0,0,0,0,0
390047,1,1,1999,0,0,0,0,0,0,0,0,0,0
390047,2,1,1999,0,0,0,0,0,0,0,0,0,0
390048,1,1,1999,4,4,4,4,4,4,4,4,4,4
390049,1,1,1999,12,12,12,12,12,12,12,12,12,12
390049,2,1,1999,0,0,0,0,28,0,0,0,0,0
390050,1,1,1999,0,0,0,0,0,0,0,0,0,0
390050,2,1,1999,0,0,0,0,11,0,0,0,0,0
390051,1,1,1999,0,0,0,0,0,0,0,0,0,0
390052,0,1,1999,0,0,0,0,0,0,0,0,25,0
390052,1,1,1999,0,0,0,0,0,0,0,0,0,0
390053,1,1,1999,0,0,0,0,0,0,0,0,0,0
390053,2,1,1999,0,0,0,0,0,0,0,0,0,0
390054,1,1,1999,0,0,0,0,0,0,0,0,0,32
390055,0,1,1999,28,28,28,28,28,28,28,28,28,28
390055,1,1,1999,0,0,0,0,0,0,0,0,0,0
390056,1,1,1999,0,0,0,0,0,0,0,0,0,0
390056,2,1,1999,0,0,0,0,0,0,0,0,0,0
390057,1,1,1999,20,20,20,20,20,20,20,20,20,20
390058,1,1,1999,0,0,0,0,0,0,0,0,0,0
390058,2,1,1999,0,0,0,0,0,0,0,0,0,0
390058,3,1,1999,0,0,0,0,0,0,0,0,0,0
390059,0,1,1999,0,0,0,29,0,0,0,11,0,0
390059,0,2,1999,0,5,0,17,0,0,13,0,22,0
390059,2,1,1999,21,34,9,7,10,27,18,4,14,18
390060,0,1,1999,0,0,0,0,0,0,0,0,0,0
390060,1,1,1999,0,0,0,0,0,0,0,0,0,0
390061,1,1,1999,0,0,0,0,0,0,0,0,0,0
390061,2,1,1999,16,16,16,16,16,16,16,16,16,16
390062,1,1,1999,22,22,22,22,22,22,22,22,22,22
390063,1,1,1999,0,0,0,0,0,0,0,0,0,0
390064,1,1,1999,0,0,0,0,0,0,0,0,0,0
390064,2,1,1999,0,0,0,0,0,0,0,0,0,0
390064,3,1,1999,0,0,0,0,0,0,0,0,0,0
390065,1,1,1999,0,0,0,0,0,0,17,0,0,0
390065,2,1,1999,0,0,0,0,0,0,0,0,0,0
390066,1,1,1999,0,0,0,0,0,0,0,0,0,0
390066,2,1,1999,0,0,0,0,0,0,0,0,0,0
390067,1,1,1999,0,0,0,0,0,0,0,0,0,0
390067,2,1,1999,0,0,0,0,0,0,0,0,0,0
390068,1,1,1999,0,0,0,0,0,0,0,0,0,0
390069,1,1,1999,29,29,29,29,29,29,29,29,29,29
390070,1,1,1999,0,0,0,0,0,0,0,0,0,0
390070,2,1,1999,0,0,0,0,0,0,0,0,0,0
390071,1,1,1999,0,0,0,0,0,0,0,0,0,0
390071,2,1,1999,0,0,0,0,0,0,0,0,0,0
390072,0,1,1999,14,47,8,21,16,0,36,0,19,16
390072,1,1,1999,16,16,16,16,16,16,16,16,16,16
390073,1,1,1999,0,0,3,15,0,0,0,0,0,0
390073,2,1,1999,10,10,10,10,10,10,10,10,10,10
390074,0,1,1999,16,23,22,0,0,9,0,10,0,34
390074,1,1,1999,0,0,0,0,0,17,0,0,0,0
390075,1,1,1999,0,0,0,0,8,27,9,0,20,0
390076,1,1,1999,0,0,0,0,0,0,0,0,0,0
390076,2,1,1999,0,0,0,0,0,0,0,0,6,0
390077,0,1,1999,0,13,7,38,11,19,19,0,17,25
390077,1,1,1999,0,15,0,14,0,0,0,0,0,0
390078,1,1,1999,0,0,0,0,0,0,0,0,0,0
390079,1,1,1999,0,0,0,0,0,0,0,0,0,0
390079,2,1,1999,0,0,0,0,0,0,0,0,0,0
390080,1,1,1999,0,0,0,0,0,0,0,0,0,0
390081,1,1,1999,0,0,0,0,0,0,0,0,0,0
390081,2,1,1999,0,0,0,0,0,0,0,0,0,0
390082,1,1,1999,19,19,19,19,19,19,19,19,19,19
390083,1,1,1999,0,0,0,0,0,0,0,0,0,0
390084,0,1,1999,0,0,0,0,0,0,0,0,0,0
390084,1,1,1999,0,0,0,0,0,0,0,0,0,0
390085,1,1,1999,10,10,10,10,10,10,10,10,10,10
390085,2,1,1999,1,1,1,1,1,1,1,1,1,1
390086,1,1,1999,18,18,18,18,18,18,18,18,18,18