ST_CASE,VEH_NO,PER_NO,YEAR,P1,P2,P3,P4,P5,P6,P7,P8,P9,P10
390358,2,1,1999,17,17,17,17,17,17,17,17,17,17
390359,1,1,1999,0,0,0,0,0,0,0,0,0,0
390360,1,1,1999,6,6,6,6,6,6,6,6,6,6
390361,1,1,1999,0,0,0,0,0,0,0,0,0,0
390362,0,1,1999,0,0,0,0,0,0,0,0,0,0
390362,1,1,1999,10,0,0,0,0,0,0,0,0,0
390363,1,1,1999,0,0,0,0,0,0,0,0,0,0
390364,1,1,1999,0,0,0,0,0,0,0,0,0,0
390364,2,1,1999,0,0,0,0,0,0,0,0,0,0
390365,1,1,1999,24,24,24,24,24,24,24,24,24,24
390366,1,1,1999,0,0,0,0,0,0,0,0,0,0
390366,2,1,1999,0,0,0,0,0,0,0,0,0,0
390367,1,1,1999,14,14,14,14,14,14,14,14,14,14
390368,1,1,1999,0,0,0,0,0,0,0,0,0,0
390369,1,1,1999,10,10,10,10,10,10,10,10,10,10
390370,1,1,1999,13,13,13,13,13,13,13,13,13,13
390371,1,1,1999,16,16,16,16,16,16,16,16,16,16
390372,1,1,1999,0,0,0,0,0,0,0,0,0,0
390373,1,1,1999,0,0,0,0,0,0,0,0,15,0
390373,2,1,1999,0,0,0,0,0,0,0,0,0,0
390374,0,1,1999,0,0,6,0,0,0,0,0,17,21
390374,1,1,1999,27,27,27,27,27,27,27,27,27,27
390375,1,1,1999,0,0,0,0,0,0,0,0,0,0
390375,2,1,1999,0,0,0,0,0,0,0,0,0,0
390376,1,1,1999,24,24,24,24,24,24,24,24,24,24
390376,2,1,1999,0,0,0,0,0,0,15,0,0,0
390377,1,1,1999,18,18,18,18,18,18,18,18,18,18
390378,1,1,1999,22,22,22,22,22,22,22,22,22,22
390378,2,1,1999,0,0,0,0,0,0,0,0,0,0
390379,1,1,1999,0,0,0,0,0,0,0,0,0,0
390379,2,1,1999,0,0,0,0,0,0,0,0,0,0
390380,1,1,1999,16,16,16,16,16,16,16,16,16,16
390381,1,1,1999,0,0,0,0,0,0,0,0,0,0
390381,2,1,1999,23,23,23,23,23,23,23,23,23,23
390382,1,1,1999,21,21,21,21,21,21,21,21,21,21
390383,1,1,1999,0,0,0,0,0,0,0,0,0,0
390383,2,1,1999,0,0,0,0,0,0,0,0,0,0
390384,0,1,1999,36,36,36,36,36,36,36,36,36,36
390384,1,1,1999,0,0,0,0,0,0,0,0,0,0
390385,1,1,1999,11,11,11,11,11,11,11,11,11,11
390386,1,1,1999,0,0,0,0,0,0,0,0,0,0
390386,2,1,1999,0,0,0,0,5,0,0,0,0,0
390387,1,1,1999,0,0,0,0,0,0,0,0,0,0
390387,2,1,1999,0,0,0,0,0,0,0,0,0,0
390388,1,1,1999,14,14,14,14,14,14,14,14,14,14
390388,2,1,1999,0,0,0,0,0,0,0,0,0,0
390389,1,1,1999,24,24,24,24,24,24,24,24,24,24
390389,2,1,1999,0,0,0,0,0,0,14,0,0,0
390390,1,1,1999,0,0,0,0,0,0,0,0,0,0
390390,2,1,1999,0,0,0,0,0,0,0,0,0,0
390390,3,1,1999,0,0,0,0,0,0,0,0,0,0
390390,4,1,1999,0,0,0,0,0,0,0,0,0,0
390391,1,1,1999,0,0,0,0,0,0,0,0,0,0
390391,2,1,1999,17,17,17,17,17,17,17,17,17,17
390392,1,1,1999,0,0,0,0,0,0,0,0,13,0
390392,2,1,1999,0,0,0,0,0,0,0,0,0,0
390393,1,1,1999,0,0,0,0,0,0,0,0,0,10
390394,1,1,1999,0,0,0,0,0,0,0,0,0,0
390395,1,1,1999,18,18,18,18,18,18,18,18,18,18
390396,1,1,1999,0,0,0,0,0,0,0,0,0,0
390396,2,1,1999,0,0,0,0,0,0,0,0,0,0
390397,1,1,1999,0,0,0,0,0,0,0,0,0,0
390398,1,1,1999,0,0,0,0,0,0,0,0,0,0
390399,1,1,1999,10,10,10,10,10,10,10,10,10,10
390400,1,1,1999,0,0,0,0,0,0,0,0,0,0
390400,2,1,1999,0,0,0,0,0,0,0,0,0,0
390401,1,1,1999,0,0,0,0,0,0,0,0,0,0
390401,2,1,1999,24,24,24,24,24,24,24,24,24,24
390402,1,1,1999,27,27,27,27,27,27,27,27,27,27
390403,1,1,1999,21,21,21,21,21,21,21,21,21,21
390404,1,1,1999,0,0,0,0,0,0,0,0,0,0
390405,1,1,1999,18,29,22,16,12,10,30,17,21,32
390406,0,1,1999,0,0,0,0,0,0,15,0,0,0
390406,0,2,1999,0,0,0,31,0,0,0,0,0,0
390406,1,1,1999,10,12,11,17,18,7,17,13,28,12
390407,1,1,1999,37,37,37,37,37,37,37,37,37,37
390407,2,1,1999,0,0,0,0,0,0,0,0,0,0
390407,3,1,1999,0,0,0,0,0,0,0,0,0,0
390408,1,1,1999,0,0,0,0,0,0,0,0,0,0
390408,2,1,1999,0,0,0,0,0,0,0,0,0,0
390408,3,1,1999,0,0,0,0,0,0,0,0,0,0
390409,0,1,1999,0,13,0,0,9,0,0,0,0,0
390409,1,1,1999,14,0,25,0,5,0,0,0,0,0
390410,1,1,1999,0,0,0,0,0,0,0,0,0,0
390410,2,1,1999,0,0,0,0,0,0,0,0,0,0
390411,1,1,1999,0,0,0,0,0,0,0,0,0,0
390411,2,1,1999,0,0,0,0,0,0,0,0,0,0
390412,1,1,1999,0,0,0,0,0,0,0,0,0,0
390412,2,1,1999,0,0,0,0,0,0,0,0,0,0
390413,1,1,1999,17,17,17,17,17,17,17,17,17,17
390414,1,1,1999,0,0,0,0,0,0,0,0,0,0
390414,2,1,1999,0,0,0,0,0,0,0,0,0,0
390415,1,1,1999,0,0,0,0,0,0,0,0,0,0
390415,2,1,1999,0,0,0,0,0,0,0,0,0,0
390416,1,1,1999,15,15,15,15,15,15,15,15,15,15
390416,2,1,1999,0,0,0,0,0,0,0,28,0,0
390417,1,1,1999,10,10,10,10,10,10,10,10,10,10
390418,1,1,1999,25,16,7,0,7,15,16,9,11,7
390419,1,1,1999,0,0,0,0,0,0,0,0,0,0
390419,2,1,1999,0,0,0,0,0,0,0,0,0,0
390420,1,1,1999,0,0,0,0,0,0,0,0,0,0
390421,1,1,1999,0,0,0,0,0,0,0,0,0,0
390421,2,1,1999,0,0,0,0,0,0,0,0,0,0
390422,1,1,1999,17,17,17,17,17,17,17,17,17,17
390422,2,1,1999,1,1,1,1,1,1,1,1,1,1
390422,3,1,1999,0,0,9,0,10,0,0,10,2,0
390422,4,1,1999,0,0,8,0,0,0,0,0,0,0
390423,1,1,1999,0,0,0,0,0,0,0,0,0,0
390423,2,1,1999,1,1,1,1,1,1,1,1,1,1
390424,1,1,1999,11,11,11,11,11,11,11,11,11,11
390425,1,1,1999,0,0,0,0,0,0,0,0,0,0
390426,1,1,1999,0,0,0,3,0,0,0,0,0,0
390426,2,1,1999,21,15,0,0,0,0,0,0,0,0
390427,0,1,1999,63,12,11,19,42,14,15,20,28,41
390427,1,1,1999,0,0,0,0,0,0,0,0,0,0
390428,1,1,1999,40,40,40,40,40,40,40,40,40,40
390429,1,1,1999,0,0,0,0,0,0,0,0,0,0
390430,1,1,1999,0,0,0,0,0,0,0,0,0,0
390431,1,1,1999,9,9,9,9,9,9,9,9,9,9
390431,2,1,1999,0,0,0,0,0,0,0,0,0,0
390432,1,1,1999,0,0,0,0,0,0,0,0,0,0
390432,2,1,1999,0,0,0,0,0,0,0,0,0,0
390433,0,1,1999,0,0,0,0,0,0,0,0,0,0
390433,1,1,1999,0,0,0,0,0,0,0,0,0,0
390434,1,1,1999,0,0,0,0,0,0,0,0,0,0
390434,2,1,1999,0,0,0,0,0,0,0,0,0,0
390434,3,1,1999,0,0,0,0,0,0,0,0,0,0
390435,1,1,1999,0,0,0,0,0,0,0,0,0,0
390436,1,1,1999,0,0,0,0,0,0,0,0,0,0
390436,2,1,1999,0,0,0,0,0,0,0,0,0,0
390437,1,1,1999,0,0,0,0,0,0,0,0,0,0
390437,2,1,1999,0,0,0,0,0,0,0,0,0,0
390438,1,1,1999,12,12,12,12,12,12,12,12,12,12
390439,1,1,1999,0,0,0,0,0,0,0,0,0,0
390440,1,1,1999,9,9,9,9,9,9,9,9,9,9
390441,1,1,1999,16,16,16,16,16,16,16,16,16,16
390442,1,1,1999,17,17,17,17,17,17,17,17,17,17
390443,1,1,1999,0,0,0,0,0,0,0,0,0,0
390443,2,1,1999,0,0,0,0,0,0,0,0,0,0
390444,1,1,1999,0,0,0,0,0,0,0,0,0,0
390444,2,1,1999,0,0,0,0,0,0,0,0,0,0
390444,3,1,1999,0,0,0,0,0,0,0,0,0,0
390445,1,1,1999,0,0,0,0,0,0,0,0,0,0
390445,2,1,1999,8,0,0,17,14,0,0,18,0,11
390446,1,1,1999,28,11,18,8,42,28,0,0,27,30
390447,1,1,1999,2,2,2,2,2,2,2,2,2,2
390447,2,1,1999,0,0,0,0,0,0,0,0,0,0
390448,1,1,1999,12,12,12,12,12,12,12,12,12,12
390449,1,1,1999,0,0,0,0,0,0,0,0,0,0
390450,1,1,1999,20,20,20,20,20,20,20,20,20,20
390451,1,1,1999,0,0,0,13,0,0,0,0,0,0
390451,2,1,1999,0,0,0,0,0,0,0,0,0,0
390452,1,1,1999,13,13,13,13,13,13,13,13,13,13
390453,1,1,1999,0,0,0,0,0,0,0,0,0,0
390454,1,1,1999,19,19,19,19,19,19,19,19,19,19
390455,1,1,1999,20,20,20,20,20,20,20,20,20,20
390456,1,1,1999,0,0,0,0,0,0,0,0,0,0
390456,2,1,1999,0,0,0,0,0,0,0,0,0,0
390457,1,1,1999,0,0,0,0,0,0,0,0,0,0
390457,2,1,1999,0,0,0,0,0,0,0,0,0,0
390458,1,1,1999,0,0,0,0,0,0,0,0,0,0
390459,1,1,1999,0,0,0,0,0,0,0,0,0,0
390459,2,1,1999,0,0,0,0,0,0,0,0,0,0
390460,1,1,1999,0,0,0,0,0,0,0,0,0,0
390460,2,1,1999,0,0,0,0,0,0,0,0,0,0
390461,0,1,1999,0,0,0,0,0,0,0,0,0,0
390461,1,1,1999,24,24,24,24,24,24,24,24,24,24
390462,1,1,1999,0,0,0,0,0,0,0,0,0,0
390463,1,1,1999,0,0,0,0,0,0,0,0,0,0
390464,1,1,1999,0,0,0,0,0,0,0,0,0,0
390464,2,1,1999,0,0,0,0,0,0,0,0,0,0
390464,3,1,1999,0,0,0,0,0,0,0,0,0,0
390465,1,1,1999,0,0,0,0,0,0,0,0,0,0
390465,2,1,1999,0,0,0,0,0,0,0,0,0,0
390466,1,1,1999,0,0,0,0,0,0,0,0,0,0
390466,2,1,1999,0,0,0,0,0,0,0,0,0,0
390467,1,1,1999,0,0,0,0,0,0,14,0,0,0
390467,2,1,1999,0,0,0,0,0,0,0,0,0,0
390469,0,1,1999,33,33,33,33,33,33,33,33,33,33
390469,1,1,1999,0,0,0,0,10,0,0,0,0,0
390470,1,1,1999,0,0,0,0,0,0,0,0,0,0
390470,2,1,1999,0,0,0,0,0,0,0,0,0,0
390471,1,1,1999,0,0,0,0,0,0,0,0,0,0
390471,2,1,1999,13,13,13,13,13,13,13,13,13,13
390472,1,1,1999,0,0,0,0,0,0,0,18,0,0
390473,1,1,1999,0,0,0,7,0,0,0,0,0,0
390474,1,1,1999,0,0,0,0,0,0,0,0,0,0
390474,2,1,1999,9,32,0,0,20,0,15,13,26,29
390475,1,1,1999,0,0,0,0,0,0,0,0,0,0
390475,2,1,1999,1,1,1,1,1,1,1,1,1,1
390476,1,1,1999,0,0,0,0,0,0,0,0,0,0
390476,2,1,1999,0,0,8,0,0,0,0,0,0,20
390477,0,1,1999,31,31,31,31,31,31,31,31,31,31
390477,1,1,1999,0,0,0,0,0,0,0,0,0,0
390478,1,1,1999,0,0,0,0,0,0,0,0,0,0
390478,2,1,1999,0,0,0,0,0,0,0,0,0,0
390479,0,1,1999,0,0,0,0,0,0,0,0,0,0
390479,1,1,1999,0,0,0,0,0,0,0,0,0,0
390480,1,1,1999,0,0,0,0,0,0,6,0,0,0
390480,2,1,1999,0,0,0,0,0,0,0,0,0,0
390481,1,1,1999,9,9,9,9,9,9,9,9,9,9
390481,2,1,1999,9,14,21,16,16,14,18,28,25,10
390483,1,1,1999,0,0,0,0,0,0,0,0,0,0
390484,1,1,1999,0,0,0,0,0,0,0,0,0,0
390484,2,1,1999,0,0,0,0,0,0,0,0,0,0
390485,0,1,1999,0,0,0,0,0,0,0,0,0,0
390485,1,1,1999,0,0,30,0,0,0,0,0,0,0
390486,1,1,1999,0,0,0,0,0,0,0,0,0,0
390486,2,1,1999,0,0,0,0,0,0,0,0,0,0
390487,1,1,1999,0,0,0,0,0,0,0,0,0,0
390488,1,1,1999,19,19,19,19,19,19,19,19,19,19
390488,2,1,1999,0,10,4,0,0,0,0,0,0,0
390489,1,1,1999,4,4,4,4,4,4,4,4,4,4
390489,2,1,1999,0,0,0,0,0,0,0,0,0,0
390490,1,1,1999,24,24,24,24,24,24,24,24,24,24
390491,1,1,1999,31,30,27,15,13,28,17,7,3,11
390492,1,1,1999,0,0,0,0,0,0,0,0,0,0
390492,2,1,1999,0,11,0,0,0,0,0,0,0,0
390493,1,1,1999,32,32,32,32,32,32,32,32,32,32
390494,1,1,1999,0,0,0,0,0,0,0,0,0,0
390494,2,1,1999,0,0,21,0,0,0,5,0,0,10
390495,1,1,1999,0,0,0,0,0,0,0,0,0,0
390495,2,1,1999,0,0,0,0,0,0,0,0,0,0
390495,3,1,1999,0,0,0,0,19,0,0,0,0,0
390496,1,1,1999,0,0,0,0,0,0,0,0,0,0
390497,1,1,1999,0,0,0,0,0,0,0,0,0,0
390498,1,1,1999,0,0,0,0,0,0,0,0,0,0
390498,2,1,1999,0,0,0,0,0,0,0,0,0,0
390499,1,1,1999,0,0,0,0,0,0,0,0,0,0
390499,2,1,1999,0,0,0,0,0,0,0,0,0,0
390499,3,1,1999,0,0,0,0,0,0,0,0,0,0
390499,4,1,1999,0,0,0,0,0,0,0,0,0,0
390499,5,1,1999,0,0,0,0,0,0,0,0,0,0
390500,1,1,1999,0,0,0,0,14,0,0,0,0,0
390500,2,1,1999,0,0,0,0,0,0,0,0,0,0
390501,1,1,1999,0,0,0,0,0,0,0,0,0,0
390502,1,1,1999,0,0,0,0,0,0,0,0,0,0
390502,2,1,1999,0,0,0,0,0,0,0,0,0,0
390502,3,1,1999,0,0,0,0,0,0,0,0,0,0
390503,1,1,1999,15,15,15,15,15,15,15,15,15,15
390504,1,1,1999,0,0,0,0,0,0,0,0,0,0
390505,1,1,1999,0,0,0,0,0,0,0,0,0,0
390505,2,1,1999,0,0,0,0,0,0,0,0,0,0
390506,1,1,1999,0,0,0,0,0,0,0,0,0,0
390506,2,1,1999,0,0,0,0,0,0,0,0,0,0
390507,1,1,1999,26,26,26,26,26,26,26,26,26,26
390508,1,1,1999,0,0,0,0,0,0,0,0,0,0
390508,2,1,1999,16,16,16,16,16,16,16,16,16,16
390509,1,1,1999,0,0,13,0,0,0,0,0,0,0
390509,2,1,1999,0,0,0,0,0,0,0,0,0,0
390510,1,1,1999,20,20,20,20,20,20,20,20,20,20
390510,2,1,1999,0,0,0,0,0,0,0,0,0,0
390511,1,1,1999,0,14,0,0,0,0,0,0,0,0
390512,1,1,1999,0,0,0,0,0,0,0,0,0,0
390512,2,1,1999,0,0,0,0,0,0,0,0,0,0
390513,1,1,1999,19,19,19,19,19,19,19,19,19,19
390514,1,1,1999,0,0,0,0,0,0,0,0,0,0
390514,2,1,1999,0,0,0,0,0,0,0,0,0,0
390515,1,1,1999,0,0,0,0,0,0,0,0,0,0
390515,2,1,1999,0,0,0,0,0,0,0,0,0,0
390516,1,1,1999,0,0,0,0,0,0,0,0,0,0
390516,2,1,1999,0,0,0,0,0,0,0,0,0,0
390517,1,1,1999,0,0,0,0,0,0,0,0,0,0
390517,2,1,1999,9,9,9,9,9,9,9,9,9,9
390518,1,1,1999,0,0,0,0,0,0,0,0,0,0
390518,2,1,1999,0,0,0,0,0,0,0,0,0,0
390518,3,1,1999,0,0,0,0,0,0,0,0,0,0
390520,1,1,1999,0,0,0,0,0,0,0,0,0,0
390520,2,1,1999,0,0,0,0,0,0,0,0,0,0
390521,1,1,1999,0,0,0,0,0,0,0,0,0,0
390522,1,1,1999,0,0,0,0,0,0,0,0,0,0
390522,2,1,1999,0,0,0,0,0,0,0,0,0,0
390523,1,1,1999,2,2,2,2,2,2,2,2,2,2
390524,1,1,1999,18,18,18,18,18,18,18,18,18,18
390525,0,1,1999,0,0,0,0,0,0,0,0,0,0
390525,1,1,1999,0,0,0,0,0,0,0,0,0,0
390525,2,1,1999,0,0,0,0,0,0,0,0,0,0
390526,1,1,1999,0,0,0,0,0,0,0,0,0,0
390526,2,1,1999,14,0,0,0,0,0,0,0,0,0
390527,1,1,1999,0,0,0,0,0,0,0,0,0,0
390527,2,1,1999,0,1,0,0,0,0,0,0,0,0
390528,1,1,1999,19,19,19,19,19,19,19,19,19,19
390529,1,1,1999,30,30,30,30,30,30,30,30,30,30
390529,2,1,1999,0,0,0,0,0,0,0,0,0,0
390529,3,1,1999,0,0,0,0,0,0,0,0,0,0
390530,1,1,1999,1,1,1,1,1,1,1,1,1,1
390531,1,1,1999,16,16,16,16,16,16,16,16,16,16
390532,1,1,1999,16,16,16,16,16,16,16,16,16,16
390533,1,1,1999,0,0,0,0,0,0,0,0,0,0
390534,1,1,1999,18,18,18,18,18,18,18,18,18,18
390535,1,1,1999,0,0,0,0,0,0,0,0,0,0
390536,1,1,1999,0,0,0,0,0,0,0,0,0,0
390536,2,1,1999,0,0,0,0,0,0,0,0,0,0
390537,1,1,1999,0,0,0,0,0,0,0,0,0,0
390537,2,1,1999,0,0,22,0,0,0,0,0,0,0
390538,1,1,1999,0,10,0,0,0,0,0,0,0,0
390539,1,1,1999,0,0,0,0,0,0,0,0,0,0
390539,2,1,1999,0,0,0,0,0,0,0,0,0,0
390540,1,1,1999,21,21,21,21,21,21,21,21,21,21
390541,1,1,1999,0,0,0,0,0,0,0,0,0,0
390541,2,1,1999,0,0,0,0,0,0,0,0,0,0
390542,1,1,1999,0,0,0,0,0,0,0,0,8,0
390542,2,1,1999,0,0,11,0,0,0,0,0,0,0
390542,3,1,1999,8,0,0,0,0,14,0,0,0,0
390543,1,1,1999,0,0,0,0,0,0,0,0,0,0
390544,1,1,1999,17,17,17,17,17,17,17,17,17,17
390544,2,1,1999,0,0,0,0,0,0,0,0,0,0
390545,1,1,1999,0,0,0,0,0,0,0,0,0,6
390546,1,1,1999,0,0,0,0,0,0,0,0,0,0
390547,1,1,1999,0,0,0,0,0,0,0,0,0,0
390548,1,1,1999,0,0,0,0,0,0,0,0,0,0
390548,2,1,1999,0,0,0,0,0,0,0,0,0,0
390549,1,1,1999,4,4,4,4,4,4,4,4,4,4
390550,1,1,1999,0,0,0,0,0,0,0,0,0,0
390550,2,1,1999,9,9,9,9,9,9,9,9,9,9
390551,1,1,1999,11,11,11,11,11,11,11,11,11,11
390552,1,1,1999,0,0,0,0,0,0,0,0,0,0
390553,0,1,1999,12,12,12,12,12,12,12,12,12,12
390553,1,1,1999,0,0,0,0,0,0,0,0,0,0
390554,1,1,1999,7,7,7,7,7,7,7,7,7,7
390555,1,1,1999,0,0,0,0,0,0,0,0,19,15
390556,1,1,1999,0,0,0,0,0,0,0,0,0,0
390556,2,1,1999,0,0,0,0,0,0,0,0,0,0
390557,1,1,1999,0,0,0,0,0,0,0,0,0,0
390557,2,1,1999,0,0,0,0,0,0,0,0,23,0
390558,1,1,1999,0,0,0,0,0,0,0,0,0,0
390558,2,1,1999,0,0,0,0,0,0,0,0,0,0
390559,1,1,1999,0,0,0,0,0,0,0,0,0,0
390560,1,1,1999,0,0,0,0,0,0,0,0,0,0
390560,2,1,1999,17,17,17,17,17,17,17,17,17,17
390561,0,1,1999,28,28,28,28,28,28,28,28,28,28
390561,1,1,1999,0,0,0,15,0,12,0,0,0,0
390562,1,1,1999,0,0,0,0,0,0,0,0,0,0
390563,1,1,1999,0,0,0,0,0,0,0,0,0,0
390563,2,1,1999,0,0,0,0,0,0,0,0,0,0
390564,1,1,1999,21,21,21,21,21,21,21,21,21,21
390565,0,1,1999,0,27,13,14,13,27,12,28,15,0
390565,1,1,1999,0,0,0,0,0,0,0,0,0,0
390566,1,1,1999,0,0,0,0,0,0,0,0,0,0
390566,2,1,1999,0,0,0,0,0,0,0,0,0,0
390566,3,1,1999,0,0,0,0,0,0,0,0,0,0
390567,1,1,1999,0,0,0,0,0,0,0,0,0,0
390567,2,1,1999,0,0,0,0,0,0,0,0,0,0
390568,1,1,1999,0,0,0,0,0,0,0,0,0,0
390568,2,1,1999,0,0,0,0,0,0,0,0,0,0
390569,1,1,1999,13,13,13,13,13,13,13,13,13,13
390570,1,1,1999,0,0,0,0,0,0,0,0,0,0
390571,1,1,1999,0,0,0,0,0,0,0,0,0,0
390571,2,1,1999,0,0,0,11,0,0,0,0,0,0
390572,1,1,1999,0,0,0,0,0,0,0,0,0,0
390572,2,1,1999,0,0,0,0,0,0,0,0,0,0
390573,1,1,1999,0,0,0,0,0,0,0,0,0,0
390573,2,1,1999,0,0,0,0,0,0,0,0,0,0
390574,1,1,1999,0,0,0,0,0,0,0,0,0,0
390575,1,1,1999,18,18,18,18,18,18,18,18,18,18
390576,1,1,1999,15,15,15,15,15,15,15,15,15,15
390577,1,1,1999,0,0,0,0,0,0,0,0,0,0
390578,1,1,1999,0,0,0,0,0,0,0,0,0,0
390578,2,1,1999,0,0,0,0,0,0,0,0,0,0
390579,1,1,1999,0,0,0,0,0,0,0,0,0,0
390579,2,1,1999,0,0,0,0,0,0,0,0,0,0
390579,3,1,1999,0,0,0,0,0,0,0,0,0,0
390579,4,1,1999,0,0,0,0,0,0,0,0,0,0
390580,1,1,1999,27,27,27,27,27,27,27,27,27,27
390581,1,1,1999,0,0,0,0,0,0,0,0,0,0
390581,2,1,1999,0,0,0,0,0,0,0,0,0,0
390582,1,1,1999,16,16,16,16,16,16,16,16,16,16
390583,1,1,1999,15,15,15,15,15,15,15,15,15,15
390583,2,1,1999,0,0,0,0,0,0,22,0,0,9
390584,1,1,1999,0,0,0,0,0,0,0,0,0,0
390584,2,1,1999,0,0,0,0,0,0,0,0,0,0
390585,0,1,1999,0,0,0,0,0,0,0,0,0,0
390585,1,1,1999,0,0,0,0,0,0,0,0,0,0
390586,1,1,1999,0,0,0,0,0,0,0,0,0,0
390586,2,1,1999,0,0,0,0,0,0,0,0,0,0
390587,1,1,1999,0,0,0,0,0,0,0,0,0,0
390587,2,1,1999,0,0,0,0,0,0,0,0,0,0
390588,1,1,1999,23,23,23,23,23,23,23,23,23,23
390589,0,1,1999,0,0,0,7,0,0,0,0,0,0
390589,1,1,1999,0,0,0,0,0,0,0,0,0,0
390590,1,1,1999,0,0,0,0,0,0,0,0,0,0
390590,2,1,1999,0,0,0,0,0,0,0,0,0,0
390591,1,1,1999,0,0,0,0,0,0,0,0,0,0
390591,2,1,1999,27,14,27,0,0,6,0,0,29,0
390592,1,1,1999,0,0,0,0,0,0,0,0,0,0
390592,2,1,1999,0,0,0,0,0,0,0,0,0,0
390593,0,1,1999,0,0,0,0,0,0,0,0,0,0
390593,1,1,1999,0,0,0,0,0,0,0,0,0,0
390594,1,1,1999,0,4,0,0,0,0,0,0,27,0
390595,1,1,1999,0,0,0,0,0,0,0,0,0,0
390595,2,1,1999,0,0,0,0,0,0,0,0,0,0
390596,1,1,1999,0,0,0,0,0,0,0,0,0,10
390597,1,1,1999,0,0,0,0,0,0,0,0,0,0
390597,2,1,1999,0,0,0,0,0,0,0,0,0,0
390598,1,1,1999,0,0,0,0,0,0,0,0,0,0
390600,1,1,1999,12,12,12,12,12,12,12,12,12,12
390601,1,1,1999,0,0,0,0,0,0,0,0,0,0
390601,2,1,1999,0,0,0,0,0,0,0,0,0,0
390602,1,1,1999,0,0,0,0,0,0,0,0,0,0
390602,2,1,1999,0,0,0,0,0,0,0,0,0,0
390603,1,1,1999,0,0,0,11,0,0,18,0,20,0
390604,1,1,1999,0,0,0,0,0,0,0,0,0,0
390605,1,1,1999,25,25,25,25,25,25,25,25,25,25
390606,1,1,1999,0,0,0,0,0,0,0,0,0,0
390607,1,1,1999,16,16,16,16,16,16,16,16,16,16
390608,1,1,1999,0,0,0,0,0,0,0,0,0,0
390608,2,1,1999,0,0,0,0,0,33,0,0,0,0
390608,3,1,1999,0,0,0,0,0,0,0,0,0,0
390609,1,1,1999,0,0,0,0,0,0,0,0,0,0
390609,2,1,1999,0,0,0,0,0,0,0,0,0,0
390609,3,1,1999,0,0,0,0,0,4,0,0,0,0
390609,4,1,1999,0,0,0,0,0,0,0,0,0,0
390610,1,1,1999,0,0,0,0,0,0,0,0,0,0
390610,2,1,1999,0,0,0,0,0,0,0,0,0,0
390610,3,1,1999,0,0,0,0,0,0,0,0,0,0
390611,1,1,1999,0,0,0,0,0,0,0,0,0,0
390611,2,1,1999,0,0,0,0,0,0,0,0,0,0
390612,1,1,1999,26,26,26,26,26,26,26,26,26,26
390613,1,1,1999,0,0,0,0,0,0,0,0,0,0
390613,2,1,1999,0,0,0,0,0,0,0,0,0,0
390613,3,1,1999,0,0,0,0,0,0,0,0,0,0
390614,1,1,1999,0,0,0,0,0,0,0,0,0,0
390615,0,1,1999,15,15,15,15,15,15,15,15,15,15
390615,1,1,1999,0,0,0,0,0,0,0,0,0,0
390616,1,1,1999,0,0,0,0,0,0,0,0,0,0
390617,1,1,1999,0,0,0,0,0,0,0,0,0,0
390617,2,1,1999,0,0,0,0,0,0,0,0,0,0
390618,1,1,1999,0,0,0,0,0,0,0,0,0,0
390618,2,1,1999,0,0,0,0,0,0,0,0,0,0
390619,1,1,1999,22,21,23,15,6,16,11,16,22,13
390620,1,1,1999,9,9,9,9,9,9,9,9,9,9
390621,1,1,1999,15,6,26,20,31,15,15,6,24,3
390622,1,1,1999,0,0,0,0,0,0,0,0,0,0
390622,2,1,1999,0,0,0,0,0,0,0,0,0,0
390623,1,1,1999,0,0,0,0,0,0,0,0,0,0
390623,2,1,1999,0,0,0,0,0,8,0,0,0,0
390624,1,1,1999,18,18,18,18,18,18,18,18,18,18
390625,1,1,1999,0,0,0,0,0,0,0,0,0,0
390625,2,1,1999,0,0,0,0,0,0,0,0,0,0
390626,1,1,1999,13,13,13,13,13,13,13,13,13,13
390626,2,1,1999,0,0,0,0,0,0,0,0,0,0
390627,1,1,1999,16,16,16,16,16,16,16,16,16,16
390627,2,1,1999,0,0,0,0,0,0,0,0,0,0
390628,1,1,1999,3,3,3,3,3,3,3,3,3,3
390628,2,1,1999,0,0,0,0,0,0,0,0,0,0
390629,1,1,1999,0,0,0,0,0,0,0,0,0,0
390629,2,1,1999,0,0,0,0,0,10,0,0,0,0
390630,1,1,1999,0,0,0,22,0,0,0,0,0,0
390630,2,1,1999,0,0,0,0,0,0,0,0,0,0
390631,1,1,1999,8,8,8,8,8,8,8,8,8,8
390632,1,1,1999,16,16,16,16,16,16,16,16,16,16
390633,1,1,1999,0,0,0,0,0,0,0,0,0,0
390633,2,1,1999,0,0,0,0,0,0,0,0,0,0
390634,1,1,1999,0,0,0,0,0,0,0,0,0,0
390634,2,1,1999,0,0,0,0,0,0,0,0,0,0
390635,1,1,1999,0,0,0,0,0,0,0,0,0,0
390635,2,1,1999,0,0,0,0,0,0,0,0,0,0
390636,1,1,1999,0,0,0,0,0,0,0,0,0,0
390636,2,1,1999,0,0,0,0,0,0,0,0,0,0
390637,0,1,1999,16,0,13,8,0,11,28,22,15,20