ST_CASE,VEH_NO,PER_NO,YEAR,P1,P2,P3,P4,P5,P6,P7,P8,P9,P10
390917,1,1,1999,0,0,0,0,0,0,0,0,0,0
390918,1,1,1999,12,12,12,12,12,12,12,12,12,12
390918,2,1,1999,0,0,0,0,0,0,0,0,0,0
390919,0,1,1999,0,0,0,0,0,0,0,0,0,0
390919,1,1,1999,0,0,0,0,0,0,0,0,0,0
390920,1,1,1999,0,0,0,0,0,0,0,0,0,0
390920,2,1,1999,0,0,0,8,13,0,0,0,0,0
390921,1,1,1999,0,0,0,0,0,0,0,0,0,0
390922,1,1,1999,0,0,0,0,0,0,0,0,0,0
390923,1,1,1999,22,22,22,22,22,22,22,22,22,22
390923,2,1,1999,0,0,0,0,0,0,0,0,0,0
390924,1,1,1999,5,5,5,5,5,5,5,5,5,5
390925,1,1,1999,11,11,11,11,11,11,11,11,11,11
390926,1,1,1999,17,17,17,17,17,17,17,17,17,17
390927,1,1,1999,0,0,0,0,0,0,0,0,0,0
390927,2,1,1999,0,0,0,0,0,0,0,0,0,14
390928,1,1,1999,0,0,0,0,0,0,0,0,0,1
390928,2,1,1999,0,0,0,0,5,0,0,0,0,0
390928,3,1,1999,0,0,0,0,0,0,0,0,0,0
390929,1,1,1999,0,0,0,0,0,0,0,0,0,0
390929,2,1,1999,0,33,0,0,0,0,0,0,0,0
390929,3,1,1999,0,0,0,0,0,0,0,0,0,0
390930,1,1,1999,6,0,0,0,0,0,0,12,0,0
390930,2,1,1999,0,0,0,0,0,0,0,0,0,0
390931,1,1,1999,0,11,0,0,0,0,0,0,0,0
390931,2,1,1999,0,0,0,0,0,0,0,0,0,0
390932,1,1,1999,0,0,0,0,15,0,0,0,0,0
390933,1,1,1999,15,15,15,15,15,15,15,15,15,15
390934,1,1,1999,22,22,22,22,22,22,22,22,22,22
390935,1,1,1999,0,0,0,0,0,3,0,0,0,0
390935,2,1,1999,0,0,0,0,0,0,0,0,0,0
390936,1,1,1999,0,0,0,0,0,0,0,0,0,0
390937,1,1,1999,0,0,0,0,0,0,0,0,0,0
390937,2,1,1999,0,0,0,0,0,0,0,0,9,0
390938,1,1,1999,0,0,0,0,0,0,0,0,0,0
390938,2,1,1999,0,0,0,0,0,0,0,0,0,0
390939,0,1,1999,0,0,0,0,0,0,0,0,0,0
390939,1,1,1999,0,0,0,0,0,0,0,0,0,0
390940,1,1,1999,0,0,0,0,0,0,0,0,0,0
390940,2,1,1999,0,0,0,0,0,0,0,0,0,0
390941,1,1,1999,23,23,23,23,23,23,23,23,23,23
390942,1,1,1999,16,0,0,30,0,14,0,0,15,21
390943,1,1,1999,0,0,0,0,19,0,0,24,15,26
390944,1,1,1999,0,0,0,0,0,0,0,0,0,0
390945,1,1,1999,0,0,0,0,0,0,0,0,0,0
390946,1,1,1999,25,25,25,25,25,25,25,25,25,25
390947,1,1,1999,0,0,0,0,0,0,0,0,0,0
390947,2,1,1999,0,0,0,0,0,0,0,0,0,0
390948,1,1,1999,0,0,0,0,0,0,0,0,0,0
390948,2,1,1999,0,0,0,0,0,0,0,0,0,0
390949,1,1,1999,0,0,0,0,0,0,0,0,0,0
390949,2,1,1999,0,0,0,0,0,0,0,0,0,0
390950,1,1,1999,0,0,0,0,0,0,0,0,0,0
390950,2,1,1999,21,21,21,21,21,21,21,21,21,21
390951,1,1,1999,0,0,0,0,0,0,10,26,0,0
390951,2,1,1999,0,0,0,0,0,0,0,0,0,0
390952,1,1,1999,0,0,0,0,0,0,0,0,0,0
390953,1,1,1999,0,0,0,0,0,0,0,0,0,0
390953,2,1,1999,0,0,0,0,0,0,0,0,0,0
390954,1,1,1999,0,0,0,0,0,0,0,0,0,0
390954,2,1,1999,26,26,26,26,26,26,26,26,26,26
390955,1,1,1999,22,22,22,22,22,22,22,22,22,22
390956,1,1,1999,10,10,10,10,10,10,10,10,10,10
390957,1,1,1999,24,24,24,24,24,24,24,24,24,24
390958,1,1,1999,0,0,0,0,0,0,0,0,0,0
390958,2,1,1999,0,0,6,0,0,24,0,0,0,0
390959,1,1,1999,0,0,0,0,0,0,0,0,0,0
390959,2,1,1999,0,0,0,0,0,0,0,0,0,0
390960,1,1,1999,0,0,0,0,0,0,0,0,0,0
390961,1,1,1999,0,0,0,0,0,0,0,0,0,0
390961,2,1,1999,0,0,0,0,0,0,0,0,0,0
390962,1,1,1999,0,0,0,0,0,0,0,0,0,0
390963,1,1,1999,12,12,12,12,12,12,12,12,12,12
390964,1,1,1999,18,18,18,18,18,18,18,18,18,18
390964,2,1,1999,0,0,0,0,0,0,0,0,0,0
390965,1,1,1999,0,0,0,0,0,0,13,0,0,0
390965,2,1,1999,0,0,0,0,0,0,0,0,0,0
390966,1,1,1999,2,0,0,0,0,0,0,0,0,0
390967,1,1,1999,13,13,13,13,13,13,13,13,13,13
390968,1,1,1999,0,0,0,0,0,0,0,0,0,0
390969,1,1,1999,0,0,0,0,0,0,0,21,0,0
390969,2,1,1999,0,0,0,0,0,0,0,0,0,0
390970,1,1,1999,0,0,0,0,0,0,0,0,0,0
390971,1,1,1999,0,0,0,0,18,0,0,0,0,8
390971,2,1,1999,0,0,0,0,0,0,0,0,0,0
390972,1,1,1999,0,0,0,0,0,0,0,0,0,0
390972,2,1,1999,0,0,0,0,0,0,0,0,0,0
390973,1,1,1999,17,17,17,17,17,17,17,17,17,17
390974,1,1,1999,0,0,0,0,0,0,0,0,0,0
390975,1,1,1999,0,19,0,7,28,0,0,11,0,0
390975,2,1,1999,0,0,0,0,0,0,0,0,0,0
390976,1,1,1999,19,19,19,19,19,19,19,19,19,19
390976,2,1,1999,0,0,0,0,0,0,0,0,0,0
390977,1,1,1999,0,0,0,0,0,16,0,0,0,0
390977,2,1,1999,0,0,0,0,0,0,0,0,0,0
390978,0,1,1999,0,0,0,0,0,0,0,0,0,0
390978,1,1,1999,0,0,0,0,0,0,0,0,0,0
390979,0,1,1999,23,23,23,23,23,23,23,23,23,23
390979,1,1,1999,13,13,13,13,13,13,13,13,13,13
390980,1,1,1999,0,0,0,0,0,0,0,0,0,0
390980,2,1,1999,0,0,0,0,0,0,0,0,0,0
390981,1,1,1999,8,8,8,8,8,8,8,8,8,8
390982,1,1,1999,0,0,0,0,0,0,0,0,0,0
390982,2,1,1999,0,0,0,0,0,0,0,0,0,0
390983,1,1,1999,0,0,0,0,0,0,0,0,0,0
390983,2,1,1999,0,0,0,0,0,0,0,0,0,0
390983,3,1,1999,0,0,0,0,0,0,0,0,0,0
390984,1,1,1999,34,34,34,34,34,34,34,34,34,34
390985,1,1,1999,0,0,0,0,0,0,0,0,0,0
390985,2,1,1999,0,0,0,0,0,0,0,0,0,0
390986,0,1,1999,0,0,0,0,0,0,0,0,0,0
390986,1,1,1999,0,0,0,0,0,0,0,0,0,0
390987,1,1,1999,0,0,0,0,0,0,0,0,0,0
390987,2,1,1999,0,0,0,0,0,0,0,0,0,0
390988,1,1,1999,0,0,0,0,0,0,0,0,0,0
390989,1,1,1999,0,0,0,0,0,0,0,0,0,0
390989,2,1,1999,0,0,0,0,0,0,0,0,0,0
390990,1,1,1999,0,0,0,0,0,0,0,0,0,0
390991,1,1,1999,16,16,16,16,16,16,16,16,16,16
390992,1,1,1999,0,0,0,0,0,0,0,0,0,0
390992,2,1,1999,0,0,0,0,0,0,0,0,0,0
390993,1,1,1999,0,0,0,0,0,0,0,0,0,0
390994,1,1,1999,0,0,0,0,0,0,0,0,0,0
390994,2,1,1999,0,0,0,0,0,0,0,0,0,0
390995,0,1,1999,0,25,29,12,0,23,30,38,0,7
390995,1,1,1999,0,0,0,0,0,0,0,0,10,0
390995,2,1,1999,22,0,0,0,0,0,0,0,0,0
390995,3,1,1999,0,0,0,0,0,0,0,0,0,0
390996,1,1,1999,0,0,0,0,0,0,0,0,0,0
390996,2,1,1999,0,0,0,15,0,0,0,0,0,6
390997,1,1,1999,0,0,0,0,0,0,0,0,0,0
390997,2,1,1999,0,0,0,0,0,0,0,0,0,0
390998,1,1,1999,2,2,2,2,2,2,2,2,2,2
390999,1,1,1999,20,0,0,0,0,12,0,0,0,0
390999,2,1,1999,0,7,0,0,0,0,0,0,0,0
391000,1,1,1999,0,0,0,0,0,0,0,0,0,0
391000,2,1,1999,0,4,0,0,0,0,0,0,0,0
391001,0,1,1999,34,0,18,0,21,0,15,34,32,0
391001,1,1,1999,13,13,13,13,13,13,13,13,13,13
391002,1,1,1999,13,13,13,13,13,13,13,13,13,13
391003,1,1,1999,12,0,9,0,0,0,0,0,12,0
391004,1,1,1999,0,0,0,0,0,0,0,0,0,0
391005,1,1,1999,13,13,13,13,13,13,13,13,13,13
391006,1,1,1999,0,0,0,0,0,0,0,0,0,0
391006,2,1,1999,0,0,0,0,0,0,0,0,0,0
391006,3,1,1999,0,0,0,0,0,0,0,0,0,0
391007,1,1,1999,0,0,0,0,0,0,0,0,0,0
391007,2,1,1999,0,0,0,0,0,0,0,0,0,0
391008,1,1,1999,15,15,15,15,15,15,15,15,15,15
391009,1,1,1999,0,0,0,0,0,0,0,0,0,0
391010,1,1,1999,21,21,21,21,21,21,21,21,21,21
391011,1,1,1999,0,0,0,0,0,0,0,0,15,0
391011,2,1,1999,13,25,0,0,11,0,9,0,0,0
391012,1,1,1999,0,0,0,0,0,0,0,0,0,0
391012,2,1,1999,0,0,0,0,0,0,0,0,0,0
391013,1,1,1999,0,0,0,0,0,0,0,0,0,0
391013,2,1,1999,0,0,0,0,0,0,0,6,0,0
391014,1,1,1999,0,0,0,0,0,0,0,0,0,0
391014,2,1,1999,0,0,0,0,0,0,0,0,0,0
391015,0,1,1999,0,0,1,0,0,0,0,0,0,0
391015,1,1,1999,0,0,0,0,0,0,0,0,0,0
391016,1,1,1999,16,0,14,13,0,0,0,0,21,17
391017,1,1,1999,27,27,27,27,27,27,27,27,27,27
391018,1,1,1999,0,0,0,0,0,0,0,0,0,0
391018,2,1,1999,0,0,0,0,0,0,0,0,0,0
391019,1,1,1999,23,23,23,23,23,23,23,23,23,23
391020,0,1,1999,0,0,0,0,0,0,0,0,0,0
391020,1,1,1999,0,0,0,0,0,0,0,0,0,0
391021,1,1,1999,0,0,0,0,0,0,0,0,0,0
391022,0,1,1999,25,25,25,25,25,25,25,25,25,25
391022,0,2,1999,28,27,17,0,29,26,17,9,0,9
391022,1,1,1999,0,0,0,0,0,0,0,0,0,0
391023,0,1,1999,0,0,10,0,0,0,0,0,42,0
391023,0,2,1999,0,0,26,0,0,11,4,0,0,23
391023,1,1,1999,0,0,0,0,0,0,0,0,0,0
391024,1,1,1999,21,21,21,21,21,21,21,21,21,21
391025,1,1,1999,0,0,0,0,0,0,0,0,0,0
391025,2,1,1999,0,0,0,0,0,0,0,0,0,0
391025,3,1,1999,0,0,0,0,0,0,0,0,0,0
391026,1,1,1999,0,0,0,0,0,0,0,0,0,0
391026,2,1,1999,0,0,0,0,0,0,0,0,0,0
391026,3,1,1999,0,0,0,0,0,0,0,0,0,0
391027,0,1,1999,25,25,25,25,25,25,25,25,25,25
391027,1,1,1999,0,0,0,0,0,0,0,0,0,0
391028,1,1,1999,32,32,32,32,32,32,32,32,32,32
391029,1,1,1999,9,8,6,30,16,19,16,0,0,17
391030,1,1,1999,0,0,0,0,0,0,0,0,0,0
391030,2,1,1999,0,0,0,0,0,0,0,0,0,0
391031,1,1,1999,9,9,9,9,9,9,9,9,9,9
391032,1,1,1999,0,0,0,0,0,0,0,0,0,0
391032,2,1,1999,0,0,0,0,0,0,0,0,0,0
391033,1,1,1999,0,0,0,0,0,0,0,0,0,0
391033,2,1,1999,0,0,0,0,0,14,0,0,0,0
391033,3,1,1999,0,0,0,0,0,0,0,0,0,0
391034,1,1,1999,11,0,0,0,0,0,0,0,0,0
391034,2,1,1999,0,0,0,0,0,0,0,0,0,0
391035,1,1,1999,0,0,0,0,0,0,0,0,0,0
391035,2,1,1999,0,0,0,0,0,0,0,0,0,0
391036,1,1,1999,16,16,16,16,16,16,16,16,16,16
391037,1,1,1999,21,0,15,0,18,0,0,0,0,13
391038,1,1,1999,0,0,0,0,13,0,0,0,0,0
391038,2,1,1999,0,0,0,0,0,0,0,0,0,0
391039,1,1,1999,0,0,0,0,0,0,0,0,0,0
391039,2,1,1999,0,0,0,0,0,0,0,0,0,0
391040,1,1,1999,0,0,0,0,0,0,0,0,0,0
391041,1,1,1999,0,0,0,0,0,0,0,0,0,0
391041,2,1,1999,0,0,0,0,0,0,0,0,0,0
391042,1,1,1999,4,4,4,4,4,4,4,4,4,4
391043,1,1,1999,13,13,13,13,13,13,13,13,13,13
391043,2,1,1999,0,0,0,0,0,0,0,0,0,0
391044,1,1,1999,0,0,0,0,0,0,0,0,0,0
391044,2,1,1999,0,0,0,0,0,0,0,0,9,0
391044,3,1,1999,0,0,35,0,0,0,17,0,25,12
391045,1,1,1999,0,0,0,0,0,0,0,0,0,0
391046,1,1,1999,37,37,37,37,37,37,37,37,37,37
391047,0,1,1999,5,5,5,5,5,5,5,5,5,5
391047,1,1,1999,13,0,0,0,14,0,0,10,0,0
391048,1,1,1999,0,0,0,0,0,0,0,0,0,0
391048,2,1,1999,0,0,18,0,0,0,0,0,0,0
391049,1,1,1999,0,0,0,0,0,0,0,0,0,0
391049,2,1,1999,0,0,0,0,25,0,0,0,16,0
391050,1,1,1999,0,0,0,0,0,0,0,0,0,0
391050,2,1,1999,0,0,0,0,0,0,0,0,0,5
391050,3,1,1999,0,0,0,0,0,0,0,0,0,0
391050,4,1,1999,0,0,0,0,0,0,0,0,0,0
391050,5,1,1999,36,0,14,0,0,0,0,0,0,0
391050,6,1,1999,0,0,0,0,0,0,0,0,0,0
391050,7,1,1999,0,0,0,0,0,0,0,0,0,0
391050,8,1,1999,0,0,0,0,0,0,0,0,0,0
391050,9,1,1999,0,0,0,0,0,0,0,0,0,0
391051,1,1,1999,0,0,0,0,0,0,0,0,0,0
391052,1,1,1999,0,0,21,12,0,0,0,0,0,0
391053,1,1,1999,0,0,0,0,0,0,0,0,0,0
391053,2,1,1999,0,0,0,0,0,17,11,0,0,0
391054,0,1,1999,0,0,0,0,0,0,0,0,0,0
391054,1,1,1999,9,20,11,7,12,18,4,6,4,10
391055,1,1,1999,0,0,0,0,0,0,0,0,0,0
391055,2,1,1999,0,0,0,0,0,0,0,0,0,0
391056,0,1,1999,0,0,0,0,0,0,0,0,0,0
391056,1,1,1999,0,0,0,0,0,0,0,0,0,0
391057,1,1,1999,0,0,0,0,0,0,0,0,0,0
391057,2,1,1999,0,0,0,0,0,0,0,0,0,0
391058,0,1,1999,0,32,0,29,0,0,10,24,17,0
391058,1,1,1999,5,7,13,8,16,13,16,8,20,5
391059,1,1,1999,0,0,0,0,0,0,0,0,0,0
391059,2,1,1999,0,0,15,0,0,12,0,0,0,0
391059,3,1,1999,0,0,0,7,0,0,0,0,0,0
391059,4,1,1999,0,39,0,0,0,0,0,0,0,0
391060,1,1,1999,18,18,18,18,18,18,18,18,18,18
391061,1,1,1999,0,0,0,0,0,0,0,0,0,0
391061,2,1,1999,11,0,0,0,0,0,0,0,0,0
391061,3,1,1999,0,0,0,0,0,0,0,0,0,0
391061,4,1,1999,0,0,0,0,0,0,0,0,0,0
391062,1,1,1999,0,0,0,0,0,0,0,0,0,0
391063,1,1,1999,12,15,0,0,21,11,12,0,22,0
391064,1,1,1999,0,0,0,0,0,0,0,0,0,0
391064,2,1,1999,0,0,0,0,0,0,0,0,0,0
391065,1,1,1999,0,0,0,0,0,0,0,0,0,0
391065,2,1,1999,0,0,0,0,0,0,0,0,0,0
391066,0,1,1999,0,0,0,16,22,0,0,0,0,0
391066,0,2,1999,18,0,0,28,16,14,11,0,0,25
391066,1,1,1999,0,0,0,0,0,0,0,0,0,0
391067,1,1,1999,36,36,36,36,36,36,36,36,36,36
391068,1,1,1999,11,11,11,11,11,11,11,11,11,11
391069,1,1,1999,0,0,0,0,0,0,0,0,0,0
391069,2,1,1999,0,0,0,0,0,0,0,0,0,0
391070,1,1,1999,0,0,0,0,0,0,0,0,0,0
391071,1,1,1999,0,0,0,0,0,0,0,0,0,0
391072,1,1,1999,0,0,0,0,0,0,0,0,0,0
391073,1,1,1999,26,0,13,34,0,0,0,30,0,16
391074,1,1,1999,29,29,29,29,29,29,29,29,29,29
391075,1,1,1999,0,0,0,0,0,0,0,0,0,0
391076,0,1,1999,25,0,11,0,0,11,12,12,18,0
391076,1,1,1999,0,0,0,0,0,0,0,0,0,0
391077,1,1,1999,8,0,0,0,0,0,20,0,0,0
391077,2,1,1999,0,0,0,0,16,0,0,0,0,0
391078,1,1,1999,0,0,0,0,0,0,0,0,0,0
391078,2,1,1999,0,0,0,0,0,0,0,0,0,0
391079,1,1,1999,16,16,16,16,16,16,16,16,16,16
391079,2,1,1999,0,0,0,0,0,0,0,0,0,0
391080,0,1,1999,0,0,0,0,0,0,0,0,0,0
391080,1,1,1999,0,0,0,0,0,0,0,0,0,0
391081,0,1,1999,11,0,0,0,0,0,0,0,0,0
391081,1,1,1999,0,0,0,0,0,0,0,0,0,0
391082,1,1,1999,18,18,18,18,18,18,18,18,18,18
391083,0,1,1999,40,21,25,0,0,0,0,41,0,0
391083,1,1,1999,0,0,0,0,0,0,0,0,0,0
391084,1,1,1999,0,0,0,0,0,0,0,0,0,0
391084,2,1,1999,0,0,0,0,0,0,0,0,0,0
391085,0,1,1999,0,0,0,0,0,0,0,0,0,0
391085,1,1,1999,7,0,0,0,0,12,0,0,15,8
391086,0,1,1999,0,0,0,0,0,0,0,0,0,0
391086,1,1,1999,0,0,0,0,0,0,0,0,0,0
391087,1,1,1999,0,0,0,0,0,0,0,0,0,0
391088,1,1,1999,0,0,0,0,0,0,0,0,0,0
391088,2,1,1999,0,0,0,0,0,0,0,0,0,0
391089,1,1,1999,0,0,0,0,0,0,0,24,0,0
391090,0,1,1999,15,15,15,15,15,15,15,15,15,15
391090,1,1,1999,0,0,0,0,0,0,0,0,0,0
391091,1,1,1999,0,0,15,0,0,0,0,0,0,0
391092,1,1,1999,0,0,0,0,0,0,0,0,0,0
391093,1,1,1999,0,0,0,0,0,0,0,0,0,0
391094,1,1,1999,25,25,25,25,25,25,25,25,25,25
391095,0,1,1999,32,6,0,24,0,0,19,18,27,0
391095,1,1,1999,13,13,13,13,13,13,13,13,13,13
391096,1,1,1999,0,0,0,0,0,0,0,0,0,0
391096,2,1,1999,0,0,0,0,0,20,8,0,0,0
391097,1,1,1999,0,0,0,0,0,0,0,0,0,0
391097,2,1,1999,0,0,0,0,0,0,0,0,0,0
391098,1,1,1999,0,0,0,0,0,13,0,0,0,0
391098,2,1,1999,0,0,0,0,0,0,0,0,0,0
391099,1,1,1999,0,0,0,0,0,0,0,0,0,0
391100,1,1,1999,24,24,24,24,24,24,24,24,24,24
391100,2,1,1999,0,0,0,0,0,7,0,0,0,0
391101,1,1,1999,0,0,0,0,0,0,0,0,0,0
391101,2,1,1999,0,0,0,0,0,0,0,0,0,0
391102,1,1,1999,0,0,0,0,0,0,0,0,0,0
391103,1,1,1999,0,0,0,0,0,0,0,0,0,0
391103,2,1,1999,0,0,0,0,0,0,0,0,0,0
391104,1,1,1999,0,0,0,0,0,0,0,0,0,0
391105,1,1,1999,25,25,25,25,25,25,25,25,25,25
391106,1,1,1999,0,0,0,0,0,0,0,0,0,0
391106,2,1,1999,0,0,0,0,0,0,0,0,0,0
391107,1,1,1999,0,0,0,0,0,0,0,0,6,0
391108,0,1,1999,24,0,0,22,0,0,0,12,27,24
391108,1,1,1999,0,0,0,0,0,0,29,0,0,0
391109,0,1,1999,27,27,27,27,27,27,27,27,27,27
391109,1,1,1999,0,0,0,0,0,0,0,0,0,0
391110,1,1,1999,0,0,0,0,0,0,0,0,0,0
391110,2,1,1999,18,18,18,18,18,18,18,18,18,18
391111,0,1,1999,0,0,0,0,0,0,0,0,0,0
391112,1,1,1999,0,0,0,0,0,0,0,0,0,0
391113,1,1,1999,0,0,0,0,0,0,0,0,0,0
391113,2,1,1999,0,0,0,0,0,0,0,0,0,0
391114,1,1,1999,0,0,0,0,0,0,0,0,0,0
391115,1,1,1999,0,0,0,0,0,0,0,0,0,0
391115,2,1,1999,0,0,0,0,0,0,0,0,0,0
391116,1,1,1999,27,27,27,27,27,27,27,27,27,27
391117,1,1,1999,0,0,0,0,0,0,0,0,0,0
391118,1,1,1999,0,0,0,0,0,0,0,0,0,0
391118,2,1,1999,0,0,0,0,0,0,0,0,0,0
391118,3,1,1999,0,0,0,0,0,0,0,0,0,0
391119,1,1,1999,8,0,0,0,0,9,0,0,0,0
391119,2,1,1999,24,24,24,24,24,24,24,24,24,24
391120,1,1,1999,18,18,18,18,18,18,18,18,18,18
391121,1,1,1999,0,0,0,0,0,0,0,14,0,0
391121,2,1,1999,0,0,0,0,0,0,0,0,0,0
391122,1,1,1999,20,20,20,20,20,20,20,20,20,20
391123,1,1,1999,0,0,0,0,0,0,0,0,0,0
391124,1,1,1999,16,16,16,16,16,16,16,16,16,16
391125,1,1,1999,0,0,0,0,0,0,0,0,0,0
391126,1,1,1999,0,0,0,0,0,0,0,0,0,0
391127,0,1,1999,14,0,0,0,0,0,0,0,0,0
391127,1,1,1999,0,0,0,0,0,0,0,0,0,0
391128,1,1,1999,7,7,7,7,7,7,7,7,7,7
391129,1,1,1999,0,0,0,0,0,0,0,0,0,0
391129,2,1,1999,0,0,0,0,0,0,0,0,0,0
391130,1,1,1999,0,0,0,0,0,0,0,0,0,0
391130,2,1,1999,0,0,0,0,0,0,0,0,0,0
391131,1,1,1999,0,0,0,0,0,0,0,0,0,0
391131,2,1,1999,0,0,0,0,0,0,0,0,0,0
391131,3,1,1999,0,0,0,0,0,0,0,0,0,0
391132,1,1,1999,13,13,13,13,13,13,13,13,13,13
391132,2,1,1999,0,0,0,0,0,0,0,0,0,0
391133,1,1,1999,8,0,0,0,0,0,0,0,0,0
391133,2,1,1999,0,0,0,0,0,0,0,0,0,0
391134,1,1,1999,21,21,21,21,21,21,21,21,21,21
391135,1,1,1999,0,0,0,0,0,0,0,0,0,0
391135,2,1,1999,0,0,0,0,0,0,0,0,0,0
391136,1,1,1999,0,0,0,0,0,0,0,9,0,0
391137,1,1,1999,14,14,14,14,14,14,14,14,14,14
391138,1,1,1999,0,0,0,0,0,0,0,0,0,0
391139,1,1,1999,0,0,0,0,0,0,0,0,0,11
391139,2,1,1999,0,0,0,0,0,0,0,0,0,0
391139,3,1,1999,0,0,0,0,0,0,0,0,0,0
391139,4,1,1999,0,0,0,0,0,0,0,0,0,0
391139,5,1,1999,0,0,0,0,0,0,0,0,0,0
391139,6,1,1999,0,0,0,0,0,0,0,0,0,0
391139,7,1,1999,0,0,0,0,0,0,0,0,0,0
391139,8,1,1999,0,0,0,0,0,0,0,0,0,0
391139,9,1,1999,0,0,0,0,0,0,0,0,0,0
391139,10,1,1999,0,0,0,0,0,0,0,0,0,0
391139,11,1,1999,0,0,0,0,0,0,0,0,0,8
391139,12,1,1999,0,0,0,0,0,0,0,0,0,0
391139,13,1,1999,0,0,0,0,0,0,0,0,0,0
391139,14,1,1999,0,0,0,0,0,0,0,0,0,0
391139,15,1,1999,0,0,0,0,0,0,0,0,0,0
391139,16,1,1999,0,0,0,0,0,0,0,0,0,0
391139,17,1,1999,0,0,0,0,0,0,0,0,0,0
391139,18,1,1999,0,0,0,0,0,0,0,0,0,0
391139,19,1,1999,0,0,0,0,0,0,0,0,0,0
391139,20,1,1999,0,0,0,0,0,0,0,0,0,0
391140,0,1,1999,0,0,0,0,0,0,0,0,0,0
391140,1,1,1999,0,0,0,0,0,0,0,0,0,0
391141,1,1,1999,0,0,0,0,0,0,0,0,0,0
391141,2,1,1999,19,19,19,19,19,19,19,19,19,19
391142,1,1,1999,0,0,0,0,0,0,0,0,0,0
391142,2,1,1999,19,19,19,19,19,19,19,19,19,19
391143,0,1,1999,0,14,10,28,20,20,35,0,17,21
391143,1,1,1999,0,0,0,0,0,0,0,0,0,0
391144,1,1,1999,0,0,0,0,0,0,0,0,0,0
391144,2,1,1999,18,18,18,18,18,18,18,18,18,18
391145,1,1,1999,0,0,0,0,16,0,0,0,0,0
391146,0,1,1999,0,0,0,0,0,0,0,0,0,0
391146,1,1,1999,0,0,0,0,0,0,0,0,0,0
391147,1,1,1999,15,15,15,15,15,15,15,15,15,15
391148,1,1,1999,0,0,0,0,0,0,0,0,0,0
391149,1,1,1999,23,23,23,23,23,23,23,23,23,23
391150,1,1,1999,1,1,1,1,1,1,1,1,1,1
391151,1,1,1999,0,0,0,0,0,0,0,0,0,0
391152,1,1,1999,0,0,0,0,0,0,0,0,0,0
391153,1,1,1999,0,0,0,0,0,0,0,0,0,0
391153,2,1,1999,0,0,0,0,0,0,0,0,0,0
391154,1,1,1999,0,0,0,0,0,0,0,0,0,0
391155,1,1,1999,0,0,0,0,0,0,0,0,0,0
391155,2,1,1999,0,0,0,0,0,0,0,0,0,0
391156,1,1,1999,0,0,0,0,0,0,0,0,0,0
391157,1,1,1999,0,22,0,10,0,0,12,0,6,15
391158,1,1,1999,29,29,29,29,29,29,29,29,29,29
391159,1,1,1999,20,20,20,20,20,20,20,20,20,20
391160,1,1,1999,0,0,0,0,0,0,0,0,0,0
391160,2,1,1999,0,0,0,0,0,0,0,0,0,0
391161,1,1,1999,0,0,0,0,0,0,0,0,0,0
391162,1,1,1999,17,17,17,17,17,17,17,17,17,17
391163,1,1,1999,0,0,0,0,0,0,0,0,0,0
391164,1,1,1999,16,16,16,16,16,16,16,16,16,16
391165,1,1,1999,0,0,0,0,0,0,0,0,0,0
391165,2,1,1999,0,0,0,0,0,0,0,0,0,0
391166,1,1,1999,0,0,0,0,0,0,0,0,0,0
391167,1,1,1999,0,0,0,0,0,0,0,0,0,0
391167,2,1,1999,0,0,0,0,0,0,0,0,0,0
391168,1,1,1999,0,0,0,0,0,0,0,0,0,0
391168,2,1,1999,0,0,0,0,0,0,0,0,0,0
391169,1,1,1999,0,0,0,0,0,0,0,0,0,0
391170,0,1,1999,0,0,0,0,0,0,0,0,0,0
391170,1,1,1999,0,0,0,0,0,0,0,0,0,0
391171,1,1,1999,0,0,0,0,0,0,0,0,0,0
391171,2,1,1999,24,0,0,0,0,0,0,0,10,0
391172,1,1,1999,0,0,0,0,0,0,0,0,0,0
391172,2,1,1999,0,0,0,0,0,0,0,0,0,0
391173,1,1,1999,0,0,0,11,0,0,0,0,0,0
391173,2,1,1999,0,0,0,0,0,0,0,20,0,0
391174,0,1,1999,16,18,22,18,26,0,0,0,17,24
391174,1,1,1999,0,0,0,0,0,0,0,0,0,0
391175,1,1,1999,0,0,0,0,0,0,0,0,0,0
391176,1,1,1999,0,0,0,0,0,0,0,0,0,0
391177,1,1,1999,0,0,0,0,0,0,0,0,0,0
391177,2,1,1999,0,0,0,0,0,0,0,0,0,0
391178,0,1,1999,0,0,0,0,0,0,0,0,0,0
391178,1,1,1999,0,0,0,0,0,0,0,0,0,0
391179,1,1,1999,0,0,0,0,0,0,0,0,0,0
391180,1,1,1999,0,5,0,0,0,0,0,0,0,0
391181,1,1,1999,0,0,0,0,19,0,9,0,0,0
391182,1,1,1999,13,13,13,13,13,13,13,13,13,13
391183,1,1,1999,0,0,0,0,0,0,0,0,0,0
391183,2,1,1999,0,0,0,0,0,0,0,0,0,0
391184,1,1,1999,0,0,0,0,0,0,0,0,0,0
391185,1,1,1999,0,0,0,0,0,0,0,0,0,0
391185,2,1,1999,0,0,0,0,0,0,0,0,0,0
391185,3,1,1999,0,0,0,0,0,0,0,0,0,0
391186,1,1,1999,0,0,0,0,0,0,0,0,0,0
391187,1,1,1999,7,7,7,7,7,7,7,7,7,7
391188,0,1,1999,18,18,18,18,18,18,18,18,18,18