ST_CASE,VEH_NO,PER_NO,YEAR,P1,P2,P3,P4,P5,P6,P7,P8,P9,P10
391188,1,1,1999,0,0,0,0,0,0,0,0,0,0
391189,1,1,1999,18,18,18,18,18,18,18,18,18,18
391190,1,1,1999,0,0,0,0,0,0,0,0,0,0
391190,2,1,1999,0,2,0,0,0,0,0,0,0,0
391191,1,1,1999,0,0,0,0,0,0,0,0,0,0
391191,2,1,1999,0,0,0,17,0,0,0,0,0,0
391192,1,1,1999,16,16,16,16,16,16,16,16,16,16
391193,1,1,1999,0,0,0,0,0,0,0,0,0,0
391193,2,1,1999,0,0,0,0,0,0,0,0,0,0
391194,1,1,1999,0,0,0,0,0,0,0,0,0,0
391195,1,1,1999,0,0,0,0,0,0,0,0,0,0
391195,2,1,1999,0,0,0,0,0,0,0,0,0,0
391196,0,1,1999,0,0,0,0,0,0,0,0,0,0
391196,1,1,1999,0,0,0,0,0,0,0,0,0,0
391197,1,1,1999,0,36,0,0,0,0,0,0,0,0
391197,2,1,1999,0,0,0,0,0,0,0,0,0,0
391197,3,1,1999,0,0,0,0,0,0,0,0,0,0
391198,1,1,1999,0,0,0,0,0,0,0,0,0,0
391199,1,1,1999,27,27,27,27,27,27,27,27,27,27
391200,1,1,1999,14,14,14,14,14,14,14,14,14,14
391201,1,1,1999,0,0,0,3,0,0,0,0,0,0
391201,2,1,1999,16,0,0,0,12,0,0,0,0,0
391202,1,1,1999,10,10,10,10,10,10,10,10,10,10
391203,1,1,1999,0,0,0,0,0,0,0,0,0,0
391203,2,1,1999,0,0,0,0,0,0,0,0,0,0
391203,3,1,1999,0,0,0,0,0,0,0,0,0,0
391203,4,1,1999,0,0,0,0,0,0,0,0,0,0
391203,5,1,1999,0,0,0,0,0,0,0,0,0,0
391204,1,1,1999,17,17,17,17,17,17,17,17,17,17
391205,1,1,1999,12,12,12,12,12,12,12,12,12,12
391206,1,1,1999,0,0,0,0,0,0,0,0,0,0
391206,2,1,1999,0,0,0,0,0,0,0,0,0,0
391207,1,1,1999,0,0,0,0,0,0,0,0,0,0
391208,0,1,1999,0,0,0,0,0,0,0,0,0,0
391208,1,1,1999,0,0,0,0,0,0,0,0,0,0
391209,1,1,1999,0,0,0,0,0,0,0,0,0,0
391209,2,1,1999,0,0,0,0,0,0,0,0,0,0
391210,1,1,1999,0,0,0,0,0,0,0,0,0,0
391211,1,1,1999,22,22,22,22,22,22,22,22,22,22
391212,1,1,1999,0,0,0,0,0,0,0,0,0,0
391213,1,1,1999,0,0,0,0,0,0,0,0,0,0
391213,2,1,1999,0,0,0,0,0,0,0,0,0,0
391214,1,1,1999,0,15,11,0,0,12,0,0,0,0
391215,0,1,1999,0,0,0,0,0,0,0,0,0,0
391215,1,1,1999,0,0,0,0,0,0,0,0,0,0
391216,1,1,1999,10,0,0,0,0,0,0,0,0,0
391216,2,1,1999,3,3,3,3,3,3,3,3,3,3
391217,1,1,1999,0,0,0,0,0,0,0,0,0,0
391217,2,1,1999,0,0,0,0,0,0,0,0,0,0
391218,1,1,1999,20,0,0,0,0,0,0,0,28,0
391219,1,1,1999,13,13,13,13,13,13,13,13,13,13
391220,1,1,1999,0,0,0,9,0,0,0,0,0,0
391220,2,1,1999,0,0,0,0,0,0,0,0,0,0
391221,1,1,1999,28,28,28,28,28,28,28,28,28,28
391222,1,1,1999,0,0,0,0,0,0,0,0,0,0
391223,1,1,1999,20,0,0,0,18,14,0,0,0,0
391223,2,1,1999,0,0,0,0,0,0,0,0,12,0
391223,3,1,1999,0,0,0,0,0,13,0,0,0,0
391223,4,1,1999,0,11,0,12,0,0,0,7,17,0
391224,1,1,1999,0,0,0,0,0,15,0,0,0,0
391224,2,1,1999,0,0,0,0,0,0,0,0,0,0
391225,1,1,1999,0,0,0,0,0,0,0,0,0,0
391225,2,1,1999,0,0,0,0,0,0,0,0,0,0
391226,0,1,1999,0,0,0,0,28,0,0,50,0,0
391226,1,1,1999,0,0,0,0,0,0,0,0,0,0
391227,1,1,1999,4,4,4,4,4,4,4,4,4,4
391228,1,1,1999,25,25,25,25,25,25,25,25,25,25
391229,1,1,1999,6,14,10,0,0,11,0,3,0,0
391229,2,1,1999,0,0,0,12,0,0,0,0,17,0
391230,1,1,1999,19,19,19,19,19,19,19,19,19,19
391231,1,1,1999,0,0,0,0,0,0,0,0,0,0
391232,1,1,1999,0,0,0,0,0,0,0,0,0,0
391232,2,1,1999,0,0,0,0,0,0,0,0,0,0
391233,1,1,1999,0,0,0,0,0,0,0,0,0,0
391234,1,1,1999,0,0,0,0,0,0,0,0,0,0
391234,2,1,1999,0,0,0,0,0,0,0,0,0,0
391235,1,1,1999,0,0,0,0,0,0,0,0,0,0
391235,2,1,1999,0,0,0,19,0,0,0,0,0,0
391236,1,1,1999,14,14,14,14,14,14,14,14,14,14
391237,1,1,1999,0,0,0,0,12,16,0,0,0,0
391238,1,1,1999,0,0,0,0,0,0,0,0,0,0
391238,2,1,1999,0,0,0,0,0,0,0,0,0,0
391238,3,1,1999,0,0,0,0,0,13,0,0,0,0
391239,0,1,1999,0,55,0,0,0,13,0,15,17,20
391239,1,1,1999,0,0,0,0,0,0,0,0,0,0
391240,1,1,1999,0,0,0,0,0,0,0,0,0,0
391240,2,1,1999,0,0,0,0,0,0,0,0,0,0
391240,3,1,1999,0,0,0,0,0,0,0,0,0,0
391241,1,1,1999,0,0,0,0,0,0,0,0,0,0
391241,2,1,1999,6,6,6,6,6,6,6,6,6,6
391242,1,1,1999,14,14,14,14,14,14,14,14,14,14
391243,1,1,1999,9,0,0,0,0,0,0,0,0,0
391244,1,1,1999,0,0,0,0,0,0,0,0,0,0
391244,2,1,1999,0,0,0,0,0,0,0,0,0,0
391245,1,1,1999,0,0,0,0,0,0,0,0,0,0
391246,1,1,1999,20,20,20,20,20,20,20,20,20,20
391246,2,1,1999,0,0,0,0,0,0,0,0,0,0
391247,1,1,1999,19,19,19,19,19,19,19,19,19,19
391248,1,1,1999,0,0,0,0,0,0,0,0,0,0
391248,2,1,1999,0,0,0,0,0,0,0,0,0,0
391249,1,1,1999,10,10,10,10,10,10,10,10,10,10
391250,1,1,1999,0,0,0,0,0,0,0,0,0,0
391250,2,1,1999,0,0,0,0,0,0,0,0,0,0
391251,1,1,1999,18,18,18,18,18,18,18,18,18,18
391252,1,1,1999,0,0,0,0,0,0,0,0,0,0
391252,2,1,1999,0,0,0,0,0,0,0,0,0,0
391253,1,1,1999,0,0,0,0,0,0,0,0,0,0
391253,2,1,1999,0,0,0,0,0,0,0,0,0,0
391254,1,1,1999,12,12,12,12,12,12,12,12,12,12
391255,1,1,1999,0,0,0,0,0,0,0,0,0,0
391255,2,1,1999,0,0,0,0,0,0,0,0,0,0
391256,1,1,1999,0,0,0,0,0,0,0,0,0,0
391257,1,1,1999,0,0,0,0,0,0,0,0,0,0
391258,1,1,1999,25,25,25,25,25,25,25,25,25,25
391259,1,1,1999,0,0,0,0,0,0,0,0,0,0
391259,2,1,1999,0,0,0,0,0,0,0,0,0,0
391260,1,1,1999,0,0,0,0,0,0,0,0,0,0
391260,2,1,1999,0,0,0,0,0,0,0,0,0,0
391261,1,1,1999,0,0,0,0,0,0,0,0,0,0
391261,2,1,1999,0,0,0,0,0,0,0,0,0,0
391262,1,1,1999,0,13,0,32,21,0,13,0,0,0
391262,2,1,1999,0,0,0,0,0,0,0,0,0,0
391263,1,1,1999,0,0,0,0,9,14,0,0,3,0
391263,2,1,1999,0,0,0,0,0,0,0,9,0,0
391264,1,1,1999,0,0,0,0,0,0,0,0,0,12
391265,1,1,1999,0,0,0,0,0,0,0,0,8,0
391265,2,1,1999,0,0,0,0,0,0,0,0,0,0
391266,1,1,1999,0,0,0,0,0,0,0,0,0,0
391266,2,1,1999,0,0,0,0,0,0,0,0,0,0
391267,1,1,1999,0,0,0,0,0,0,0,0,0,0
391268,1,1,1999,10,10,10,10,10,10,10,10,10,10
391269,1,1,1999,0,0,0,0,0,0,0,17,0,0
391270,1,1,1999,0,0,0,0,0,0,0,0,0,0
391270,2,1,1999,0,0,0,0,0,0,0,0,0,0
391271,1,1,1999,0,0,0,0,0,0,0,0,0,0
391272,1,1,1999,0,0,0,0,0,0,0,0,0,0
391272,2,1,1999,0,0,0,0,0,0,0,0,0,0
391273,1,1,1999,0,0,0,0,0,0,0,0,0,0
391274,1,1,1999,7,7,7,7,7,7,7,7,7,7
391274,2,1,1999,7,7,7,7,7,7,7,7,7,7
391275,1,1,1999,0,0,0,0,0,0,0,0,0,0
391276,1,1,1999,0,38,0,0,0,0,0,0,0,0
391277,1,1,1999,0,0,0,0,0,0,0,0,0,0
391278,1,1,1999,0,0,0,0,0,0,0,0,0,0
391278,2,1,1999,0,0,0,0,0,0,0,0,0,0
391279,0,1,1999,18,20,26,20,6,17,0,30,16,29
391279,1,1,1999,14,0,0,0,0,0,11,7,0,3
391280,1,1,1999,0,0,0,0,0,0,0,0,0,0
391281,1,1,1999,0,0,0,0,0,0,0,0,0,0
391281,2,1,1999,0,0,0,0,0,0,0,0,0,0
391281,3,1,1999,0,0,0,0,0,0,0,0,0,0
391282,1,1,1999,0,0,0,0,0,0,0,0,0,0
391283,1,1,1999,0,0,0,0,0,0,0,0,0,0
391283,2,1,1999,0,0,0,0,0,0,0,0,0,0
391284,1,1,1999,0,0,0,0,0,0,0,0,0,0
391285,1,1,1999,24,24,24,24,24,24,24,24,24,24
391286,1,1,1999,25,25,25,25,25,25,25,25,25,25
391287,1,1,1999,0,0,0,0,0,0,0,0,0,0
391287,2,1,1999,0,0,0,0,0,0,0,0,0,0
391288,1,1,1999,25,25,25,25,25,25,25,25,25,25
391289,0,1,1999,0,0,0,0,0,0,6,0,0,0
391289,0,2,1999,0,27,0,12,0,0,0,0,0,0
391289,1,1,1999,0,0,0,0,0,0,0,0,0,0
391290,1,1,1999,0,0,0,0,0,0,0,0,0,0
391291,1,1,1999,0,0,0,0,0,12,0,0,0,0
391292,1,1,1999,0,0,0,0,0,0,0,0,0,0
391292,2,1,1999,0,6,0,0,0,0,0,0,11,0
391293,1,1,1999,0,0,0,0,0,0,0,0,0,0
391293,2,1,1999,0,0,0,0,0,0,13,9,14,0
391293,3,1,1999,0,0,0,0,0,0,0,0,0,0
391294,1,1,1999,0,0,0,0,0,0,0,0,0,0
391295,1,1,1999,22,0,0,0,0,0,0,0,0,0
391295,2,1,1999,21,0,0,0,0,0,27,0,17,0
391295,3,1,1999,0,0,0,15,0,14,0,0,0,0
400001,1,1,1999,11,12,14,8,12,23,19,2,13,15
400002,1,1,1999,10,10,10,10,10,10,10,10,10,10
400003,1,1,1999,3,3,3,3,3,3,3,3,3,3
400004,1,1,1999,0,16,22,0,20,23,26,0,53,26
400005,1,1,1999,0,0,0,0,0,0,0,0,6,0
400005,2,1,1999,0,0,0,0,0,0,0,0,0,0
400006,1,1,1999,0,22,0,0,0,0,0,0,0,0
400007,1,1,1999,0,0,0,0,0,0,0,0,0,0
400007,2,1,1999,0,0,0,0,0,0,0,0,0,0
400008,1,1,1999,0,0,0,0,0,0,0,0,0,0
400008,2,1,1999,0,0,0,0,0,0,0,0,0,0
400009,1,1,1999,0,0,0,0,0,0,0,0,0,0
400009,2,1,1999,0,0,0,0,0,0,0,0,0,0
400010,1,1,1999,0,0,0,0,0,0,0,0,0,0
400011,1,1,1999,0,0,0,0,0,0,0,0,0,0
400011,2,1,1999,0,0,0,0,0,0,0,0,0,0
400012,1,1,1999,15,15,15,15,15,15,15,15,15,15
400013,1,1,1999,0,0,0,0,0,0,0,0,0,0
400014,1,1,1999,0,0,0,0,0,0,0,0,0,0
400015,1,1,1999,23,12,0,0,28,18,0,0,8,0
400016,1,1,1999,19,19,19,19,19,19,19,19,19,19
400017,1,1,1999,0,0,0,0,0,0,0,0,0,0
400017,2,1,1999,0,0,0,0,0,0,0,0,0,0
400018,1,1,1999,12,12,12,12,12,12,12,12,12,12
400019,1,1,1999,0,0,0,0,0,0,0,0,0,0
400020,1,1,1999,0,0,0,0,0,0,0,0,0,0
400020,2,1,1999,0,0,0,0,0,0,0,0,0,0
400021,1,1,1999,16,16,16,16,16,16,16,16,16,16
400022,1,1,1999,0,0,0,0,0,0,0,0,0,0
400022,2,1,1999,0,0,0,0,0,0,0,0,0,0
400023,1,1,1999,0,0,0,0,0,0,0,0,0,0
400024,1,1,1999,0,0,0,0,0,0,0,0,0,0
400024,2,1,1999,0,0,0,0,0,0,0,0,0,0
400025,0,1,1999,28,28,28,28,28,28,28,28,28,28
400025,1,1,1999,0,0,0,0,0,0,19,0,0,0
400026,1,1,1999,0,0,0,0,0,0,0,0,0,0
400026,2,1,1999,0,0,0,0,0,0,0,0,0,0
400027,0,1,1999,0,0,0,0,0,0,0,0,0,0
400027,1,1,1999,0,0,0,0,0,0,0,0,0,0
400028,1,1,1999,23,23,23,23,23,23,23,23,23,23
400029,1,1,1999,0,0,0,0,0,0,0,0,0,0
400030,1,1,1999,0,0,0,0,14,0,0,0,0,0
400031,1,1,1999,0,0,0,0,0,0,0,0,0,0
400032,1,1,1999,0,0,0,0,0,0,0,0,0,0
400032,2,1,1999,0,0,0,0,0,0,0,0,0,0
400032,3,1,1999,0,0,0,0,0,0,0,0,0,0
400033,1,1,1999,0,0,0,0,0,0,0,0,0,0
400033,2,1,1999,0,0,0,0,0,0,0,0,0,0
400034,1,1,1999,18,18,18,18,18,18,18,18,18,18
400035,1,1,1999,0,0,0,0,0,0,0,0,0,0
400035,2,1,1999,0,16,0,0,21,12,0,0,41,28
400036,1,1,1999,0,0,0,0,0,0,0,0,0,0
400037,1,1,1999,0,0,0,0,0,0,0,0,0,0
400038,0,1,1999,23,23,23,23,23,23,23,23,23,23
400038,1,1,1999,9,1,9,19,12,3,3,15,5,9
400039,1,1,1999,10,10,10,10,10,10,10,10,10,10
400040,1,1,1999,0,0,0,0,0,0,0,0,0,0
400042,0,1,1999,0,0,0,0,0,0,0,0,0,0
400042,0,2,1999,0,0,0,0,0,0,0,0,0,0
400042,0,3,1999,0,0,0,0,0,0,0,0,0,0
400042,0,4,1999,0,0,0,0,0,0,0,0,0,0
400042,1,1,1999,21,0,0,0,0,0,0,15,0,0
400043,1,1,1999,0,0,0,0,0,0,0,0,0,0
400043,2,1,1999,0,0,0,0,0,0,0,0,0,0
400043,3,1,1999,0,0,0,0,0,0,0,0,0,0
400044,1,1,1999,0,0,0,0,0,0,0,0,0,0
400044,2,1,1999,0,0,0,0,0,0,0,0,0,0
400045,1,1,1999,0,0,0,0,0,0,0,0,0,0
400045,2,1,1999,0,0,4,0,0,0,0,0,0,0
400045,3,1,1999,0,0,0,0,0,0,0,0,0,0
400046,1,1,1999,28,28,28,28,28,28,28,28,28,28
400046,2,1,1999,0,0,0,0,0,0,0,0,0,0
400047,1,1,1999,0,0,0,0,0,0,0,0,0,0
400047,2,1,1999,0,0,0,0,0,0,0,0,0,0
400048,1,1,1999,5,5,5,5,5,5,5,5,5,5
400048,2,1,1999,0,0,0,0,0,0,0,0,0,3
400049,1,1,1999,0,0,0,0,0,0,0,0,0,0
400049,2,1,1999,0,0,0,0,0,0,0,0,0,0
400050,1,1,1999,20,20,20,20,20,20,20,20,20,20
400051,1,1,1999,20,20,20,20,20,20,20,20,20,20
400051,2,1,1999,0,0,0,0,0,0,0,0,0,0
400053,1,1,1999,0,0,0,0,0,0,0,0,0,0
400053,2,1,1999,0,0,0,0,0,0,0,0,0,0
400054,1,1,1999,14,0,0,23,0,12,0,0,0,15
400055,1,1,1999,0,15,0,0,5,22,0,9,0,0
400056,1,1,1999,0,0,0,0,0,0,0,0,0,0
400056,2,1,1999,0,0,0,0,0,0,0,0,0,15
400057,1,1,1999,5,24,32,9,11,12,22,12,0,13
400058,1,1,1999,0,0,0,0,0,0,0,0,0,0
400058,2,1,1999,0,0,0,0,0,0,0,0,0,0
400059,1,1,1999,0,0,0,0,0,0,0,0,0,0
400060,1,1,1999,36,36,36,36,36,36,36,36,36,36
400061,1,1,1999,0,0,0,0,0,0,0,0,0,0
400061,2,1,1999,0,0,0,0,0,0,0,0,0,0
400062,1,1,1999,35,35,35,35,35,35,35,35,35,35
400062,2,1,1999,11,0,0,0,0,0,0,0,0,0
400063,0,1,1999,25,25,25,25,25,25,25,25,25,25
400063,1,1,1999,0,0,0,0,0,0,0,0,0,0
400064,1,1,1999,0,0,0,0,5,0,0,0,9,0
400064,2,1,1999,0,0,0,0,0,0,0,0,0,0
400065,1,1,1999,0,0,0,0,0,0,0,0,0,0
400065,2,1,1999,24,24,24,24,24,24,24,24,24,24
400066,1,1,1999,0,0,0,0,0,0,0,0,0,0
400066,2,1,1999,0,0,0,0,0,0,0,0,0,0
400067,1,1,1999,0,0,0,0,0,0,7,0,0,0
400068,1,1,1999,5,19,16,0,5,16,29,8,20,6
400068,2,1,1999,0,0,0,0,0,0,0,0,0,0
400069,1,1,1999,0,0,14,12,11,0,0,0,9,0
400070,1,1,1999,0,0,0,0,0,0,0,0,0,0
400070,2,1,1999,0,0,0,0,0,0,0,0,0,0
400071,1,1,1999,3,3,3,3,3,3,3,3,3,3
400072,0,1,1999,0,0,0,0,0,0,0,0,0,0
400072,1,1,1999,0,6,0,0,0,0,0,0,0,0
400073,1,1,1999,0,0,0,0,0,0,0,0,0,0
400074,1,1,1999,0,0,0,26,0,5,0,0,0,31
400075,0,1,1999,0,0,0,0,0,0,0,0,0,0
400075,0,2,1999,0,0,0,0,0,0,0,0,0,0
400075,1,1,1999,0,0,0,0,0,0,0,0,0,0
400076,1,1,1999,0,27,0,0,0,0,0,0,0,0
400076,2,1,1999,0,0,0,0,0,0,0,0,0,0
400077,1,1,1999,21,26,22,19,14,0,18,6,0,0
400077,2,1,1999,0,0,0,0,0,0,0,0,0,0
400078,1,1,1999,33,33,33,33,33,33,33,33,33,33
400078,2,1,1999,19,19,19,19,19,19,19,19,19,19
400079,1,1,1999,0,0,0,0,0,0,0,0,0,0
400079,2,1,1999,0,0,0,0,0,0,0,0,0,0
400080,0,1,1999,0,0,0,0,0,0,0,0,0,0
400080,1,1,1999,0,0,0,0,0,0,0,0,0,0
400081,1,1,1999,0,0,0,0,0,0,0,0,0,0
400081,2,1,1999,0,0,0,0,0,0,0,0,0,0
400082,1,1,1999,9,0,7,20,24,12,7,0,14,0
400082,2,1,1999,0,0,0,0,0,0,0,0,0,0
400082,3,1,1999,0,0,0,0,0,0,0,0,0,0
400083,1,1,1999,17,18,10,16,9,8,2,5,22,0
400084,1,1,1999,0,0,0,0,0,0,0,0,0,0
400084,2,1,1999,0,0,0,0,0,0,0,0,0,0
400085,1,1,1999,0,10,38,0,0,0,0,0,17,0
400086,1,1,1999,0,0,0,0,0,0,0,0,0,0
400086,2,1,1999,0,0,0,0,0,0,0,0,0,0
400087,1,1,1999,31,22,21,18,18,10,16,26,25,27
400088,1,1,1999,0,0,0,0,0,0,0,0,0,0
400089,1,1,1999,11,15,13,27,10,19,6,13,13,23
400090,1,1,1999,0,0,0,0,0,0,0,0,0,0
400090,2,1,1999,0,0,0,0,0,0,0,0,0,0
400091,1,1,1999,0,0,0,0,0,0,0,0,0,0
400091,2,1,1999,0,0,0,0,0,0,0,0,0,0
400092,1,1,1999,0,0,0,0,0,0,0,0,0,0
400093,1,1,1999,25,0,14,0,20,6,14,6,19,0
400094,1,1,1999,0,0,0,0,0,0,0,0,0,0
400095,1,1,1999,0,0,0,0,0,0,0,0,0,0
400095,2,1,1999,0,0,0,0,0,0,0,0,0,0
400096,1,1,1999,0,0,0,0,0,0,0,0,0,0
400096,2,1,1999,0,0,0,5,0,0,0,0,0,0
400097,1,1,1999,21,7,16,31,10,12,17,12,22,20
400098,1,1,1999,11,39,6,0,0,17,21,14,38,0
400099,1,1,1999,0,0,0,0,0,0,0,0,0,0
400100,1,1,1999,0,0,0,0,0,0,0,0,0,0
400100,2,1,1999,0,0,0,0,0,0,0,0,0,0
400101,1,1,1999,0,0,0,0,0,20,0,0,13,0
400101,2,1,1999,0,0,0,0,0,0,22,0,0,0
400102,1,1,1999,0,0,0,0,0,0,0,0,0,0
400102,2,1,1999,0,0,0,0,0,0,0,0,0,0
400103,1,1,1999,0,0,0,0,0,0,0,0,0,0
400103,2,1,1999,0,0,0,0,0,0,0,0,0,0
400104,1,1,1999,9,19,16,7,25,17,28,8,7,17
400104,2,1,1999,0,0,0,0,0,0,0,0,0,0
400105,1,1,1999,0,0,0,0,0,0,0,0,0,0
400105,2,1,1999,0,0,0,0,0,0,0,0,0,0
400106,1,1,1999,0,0,0,0,0,0,0,0,0,0
400107,1,1,1999,0,0,0,0,0,0,0,0,0,0
400108,1,1,1999,0,0,0,0,0,0,0,0,0,0
400109,1,1,1999,0,0,0,0,0,0,0,0,0,0
400109,2,1,1999,0,0,0,0,0,0,0,0,0,0
400110,1,1,1999,29,16,23,21,37,13,22,29,12,0
400111,1,1,1999,17,17,17,17,17,17,17,17,17,17
400112,0,1,1999,0,0,0,0,0,0,0,0,0,0
400112,1,1,1999,0,0,0,0,0,0,0,0,0,0
400113,1,1,1999,0,0,0,0,0,0,0,0,2,0
400114,1,1,1999,0,0,0,0,0,0,0,0,0,0
400115,1,1,1999,0,0,0,0,0,24,0,0,0,0
400115,2,1,1999,0,0,0,0,0,0,0,0,0,0
400115,3,1,1999,0,0,0,0,0,0,0,0,0,0
400116,1,1,1999,9,7,12,6,8,26,5,13,15,6
400116,2,1,1999,0,0,0,0,0,0,0,0,0,0
400117,1,1,1999,15,19,29,12,2,7,8,16,11,2
400117,2,1,1999,25,25,25,25,25,25,25,25,25,25
400118,1,1,1999,0,0,0,0,0,0,0,0,0,0
400118,2,1,1999,0,0,0,0,0,0,0,0,0,0
400119,1,1,1999,0,0,0,0,0,0,0,0,0,0
400119,2,1,1999,0,0,0,0,0,0,0,0,0,0
400120,1,1,1999,0,0,0,0,0,0,0,0,0,0
400121,1,1,1999,27,27,27,27,27,27,27,27,27,27
400122,1,1,1999,24,24,24,24,24,24,24,24,24,24
400123,1,1,1999,0,0,0,0,0,0,0,0,0,0
400123,2,1,1999,0,0,0,0,0,0,0,0,0,0
400124,1,1,1999,14,14,14,14,14,14,14,14,14,14
400125,1,1,1999,0,0,0,0,0,0,0,0,0,0
400125,2,1,1999,0,0,0,0,0,0,0,0,0,0
400126,1,1,1999,0,0,0,0,0,0,0,0,0,0
400127,1,1,1999,2,2,2,2,2,2,2,2,2,2
400128,1,1,1999,0,0,0,0,0,0,0,0,0,0
400128,2,1,1999,0,0,0,23,0,5,0,0,0,0
400129,1,1,1999,0,0,0,0,0,0,0,0,0,0
400129,2,1,1999,0,0,0,0,0,0,0,0,0,0
400130,1,1,1999,0,0,0,0,0,0,0,0,0,0
400131,1,1,1999,0,0,0,0,0,0,8,0,0,0
400132,1,1,1999,0,0,0,0,0,14,0,6,0,0
400133,1,1,1999,0,0,0,0,0,0,0,0,0,0
400134,1,1,1999,0,0,0,0,0,0,0,0,0,0
400135,0,1,1999,0,0,0,0,0,0,0,0,0,0
400135,1,1,1999,0,18,13,13,33,16,18,2,10,22
400136,1,1,1999,0,0,0,0,0,0,0,0,0,0
400136,2,1,1999,0,0,0,0,0,0,0,0,0,0
400137,1,1,1999,0,0,0,0,0,0,0,0,0,0
400137,2,1,1999,0,0,0,0,0,0,0,0,0,0
400138,1,1,1999,0,0,0,0,0,0,0,0,0,0
400139,1,1,1999,0,0,0,0,0,0,0,0,0,0
400139,2,1,1999,0,0,0,0,0,0,0,0,0,0
400140,1,1,1999,23,10,23,13,16,9,20,22,18,7
400140,2,1,1999,0,0,0,0,0,0,0,0,0,0
400141,1,1,1999,0,0,0,0,0,0,0,0,0,0
400141,2,1,1999,0,0,0,0,0,15,0,0,0,0
400142,1,1,1999,0,0,0,0,0,0,0,0,0,0
400142,2,1,1999,0,0,0,0,0,0,0,0,0,0
400143,1,1,1999,15,15,15,15,15,15,15,15,15,15
400144,1,1,1999,17,9,30,10,0,0,7,19,19,12
400145,1,1,1999,0,0,0,0,0,0,0,9,0,0
400145,2,1,1999,0,0,0,0,0,0,0,0,0,0
400146,1,1,1999,0,0,0,0,0,0,0,0,0,0
400147,1,1,1999,0,0,0,0,0,0,0,0,0,0
400148,1,1,1999,18,18,18,18,18,18,18,18,18,18
400149,1,1,1999,2,2,2,2,2,2,2,2,2,2
400149,2,1,1999,0,0,0,0,0,0,0,0,0,0
400150,1,1,1999,0,0,0,0,0,0,0,0,0,0
400150,2,1,1999,0,0,0,0,0,0,0,0,0,0
400151,1,1,1999,0,0,0,0,0,0,0,0,12,0
400151,2,1,1999,0,0,0,0,0,0,0,0,0,0
400152,1,1,1999,0,0,0,0,0,0,0,14,0,0
400152,2,1,1999,0,0,0,0,0,0,0,0,0,0
400153,0,1,1999,0,0,0,0,0,0,0,0,0,0
400153,1,1,1999,0,0,0,0,0,0,0,0,0,0
400154,1,1,1999,18,30,12,18,15,23,8,20,27,39
400155,1,1,1999,20,20,20,20,20,20,20,20,20,20
400156,0,1,1999,0,0,0,0,0,0,0,0,0,0
400156,1,1,1999,0,0,0,13,18,5,0,0,14,0
400157,1,1,1999,0,0,0,0,0,0,0,0,0,0
400158,0,1,1999,0,0,0,0,0,0,0,0,0,0
400158,1,1,1999,0,0,0,0,0,0,0,0,0,0
400159,1,1,1999,24,24,24,24,24,24,24,24,24,24
400160,1,1,1999,0,0,0,0,0,0,0,0,0,0
400161,1,1,1999,27,27,27,27,27,27,27,27,27,27
400161,2,1,1999,0,0,0,0,0,0,0,0,0,0
400162,1,1,1999,0,0,0,0,0,0,0,0,0,0
400162,2,1,1999,0,0,0,0,0,0,0,0,0,0
400163,1,1,1999,0,0,0,0,0,0,0,0,0,0
400163,2,1,1999,0,0,0,0,0,0,0,0,0,0
400164,1,1,1999,0,0,0,0,0,0,0,0,0,0
400164,2,1,1999,0,0,0,0,0,0,0,0,0,0
400165,1,1,1999,25,0,0,0,0,0,0,0,0,0
400165,2,1,1999,0,0,0,0,0,0,0,0,0,0
400165,3,1,1999,23,23,23,23,23,23,23,23,23,23
400166,1,1,1999,0,0,0,0,0,0,0,0,0,0
400166,2,1,1999,0,0,0,0,0,0,0,0,0,0
400167,1,1,1999,0,0,0,0,0,0,0,0,0,0
400167,2,1,1999,3,3,3,3,3,3,3,3,3,3
400168,1,1,1999,0,0,0,0,0,0,0,0,0,0
400168,2,1,1999,0,0,0,0,0,0,0,0,0,0
400169,1,1,1999,0,0,0,0,0,0,0,0,0,0
400169,2,1,1999,0,0,0,0,0,0,0,7,0,0
400169,3,1,1999,0,0,0,0,0,0,15,0,0,0
400170,1,1,1999,0,0,0,0,0,0,0,0,0,0
400170,2,1,1999,0,0,0,0,0,0,0,0,0,0
400171,1,1,1999,0,0,0,0,0,0,0,0,0,0
400171,2,1,1999,0,0,0,0,0,0,0,0,0,0
400172,1,1,1999,29,18,22,12,11,22,15,26,14,10
400172,2,1,1999,0,0,0,0,0,0,0,0,0,0
400173,1,1,1999,0,0,0,0,0,0,0,0,0,0
400173,2,1,1999,0,0,0,0,0,0,0,0,0,0
400174,1,1,1999,0,0,0,0,0,0,0,0,0,0
400174,2,1,1999,0,0,0,0,0,0,0,0,0,0
400175,1,1,1999,0,0,0,0,0,0,0,0,0,0
400175,2,1,1999,0,0,0,0,0,0,0,0,0,0
400176,1,1,1999,0,0,0,0,0,0,0,0,0,0
400176,2,1,1999,5,32,15,8,37,18,5,11,14,12
400177,1,1,1999,15,15,15,15,15,15,15,15,15,15
400177,2,1,1999,0,0,0,0,0,17,0,0,0,0
400177,3,1,1999,0,0,0,0,0,0,0,0,0,0
400178,1,1,1999,0,0,0,0,0,0,0,0,0,0
400178,2,1,1999,0,0,0,0,0,0,0,0,0,0
400179,1,1,1999,0,0,0,0,0,0,0,0,0,13