ST_CASE,VEH_NO,PER_NO,YEAR,P1,P2,P3,P4,P5,P6,P7,P8,P9,P10
400179,2,1,1999,0,0,0,0,0,0,0,0,0,0
400180,1,1,1999,0,0,0,0,7,0,0,0,0,0
400180,2,1,1999,0,0,0,0,0,0,0,0,0,0
400181,1,1,1999,9,28,16,8,8,15,27,11,13,17
400181,2,1,1999,0,0,0,0,0,0,0,0,0,0
400181,3,1,1999,0,0,0,0,0,0,0,0,0,0
400182,1,1,1999,11,23,25,0,8,29,19,0,20,15
400182,2,1,1999,8,8,8,8,8,8,8,8,8,8
400183,1,1,1999,15,15,15,15,15,15,15,15,15,15
400184,1,1,1999,0,0,0,0,0,0,0,0,0,0
400185,1,1,1999,0,0,0,0,0,0,0,0,0,0
400185,2,1,1999,0,0,0,0,0,0,0,0,0,0
400186,1,1,1999,0,0,0,0,0,0,0,0,0,0
400186,2,1,1999,0,0,0,0,0,0,0,0,0,0
400187,1,1,1999,24,24,24,24,24,24,24,24,24,24
400188,1,1,1999,0,0,0,0,0,0,0,0,0,0
400188,2,1,1999,0,0,0,0,0,0,0,0,0,0
400189,1,1,1999,18,18,18,18,18,18,18,18,18,18
400189,2,1,1999,0,0,0,0,0,0,0,0,0,0
400189,3,1,1999,0,0,0,0,0,0,0,0,0,0
400190,1,1,1999,0,0,0,0,0,0,0,0,0,0
400191,1,1,1999,0,0,0,0,0,0,0,0,0,0
400191,2,1,1999,0,0,0,0,0,0,0,0,0,0
400192,1,1,1999,0,0,0,0,0,0,0,0,0,0
400192,2,1,1999,0,0,0,0,0,0,0,0,0,0
400193,1,1,1999,0,0,0,12,0,22,0,0,0,0
400193,2,1,1999,0,0,0,0,0,0,0,0,0,0
400194,1,1,1999,0,0,0,0,0,0,0,0,0,0
400194,2,1,1999,0,0,0,0,0,0,0,0,0,0
400195,1,1,1999,0,0,0,0,0,0,0,0,0,0
400195,2,1,1999,0,0,0,0,0,0,0,0,0,0
400196,1,1,1999,14,15,14,12,28,0,7,19,16,17
400196,2,1,1999,0,0,0,0,0,0,0,0,0,0
400197,1,1,1999,23,23,23,23,23,23,23,23,23,23
400198,1,1,1999,0,0,0,0,0,0,11,0,0,0
400199,1,1,1999,0,0,0,0,0,0,0,0,0,0
400199,2,1,1999,0,0,0,0,0,0,0,0,0,0
400200,1,1,1999,0,0,0,0,0,0,0,0,0,0
400201,1,1,1999,12,16,15,11,22,14,19,37,16,0
400201,2,1,1999,0,0,0,0,0,0,0,0,0,0
400202,1,1,1999,0,0,0,0,0,0,0,0,0,0
400202,2,1,1999,6,0,0,0,0,0,0,0,0,0
400203,1,1,1999,0,0,0,0,0,0,0,0,0,0
400203,2,1,1999,0,0,0,0,0,0,0,0,0,0
400203,3,1,1999,8,0,0,0,0,0,0,0,0,0
400204,1,1,1999,0,0,0,0,0,0,0,0,0,0
400204,2,1,1999,0,0,0,0,0,0,0,0,0,0
400205,1,1,1999,0,0,0,0,0,0,0,0,0,0
400205,2,1,1999,0,0,0,0,0,0,0,0,26,13
400206,1,1,1999,28,28,28,28,28,28,28,28,28,28
400206,2,1,1999,0,0,0,0,0,0,0,0,0,0
400207,1,1,1999,0,0,0,0,0,0,0,0,0,0
400208,0,1,1999,0,0,0,0,0,0,0,0,25,0
400208,0,2,1999,41,41,41,41,41,41,41,41,41,41
400208,1,1,1999,0,0,0,0,0,0,0,0,0,0
400209,1,1,1999,0,0,0,0,0,0,0,0,0,0
400210,1,1,1999,0,0,0,0,0,0,0,0,0,0
400211,1,1,1999,4,17,4,6,21,9,13,28,29,17
400212,1,1,1999,0,0,0,0,0,0,0,0,0,0
400212,2,1,1999,0,0,0,0,0,0,0,0,0,0
400213,1,1,1999,0,0,0,0,0,0,0,0,0,0
400213,2,1,1999,0,0,0,0,0,0,0,0,0,15
400214,0,1,1999,0,0,0,0,0,0,0,0,0,0
400214,1,1,1999,0,0,0,0,0,0,0,0,0,0
400215,1,1,1999,14,15,19,11,0,0,10,0,10,10
400215,2,1,1999,0,0,0,0,0,0,0,0,0,0
400215,3,1,1999,0,0,0,0,0,0,0,0,0,0
400216,1,1,1999,0,0,0,0,0,0,0,0,0,0
400216,2,1,1999,0,0,0,0,8,0,0,0,0,0
400217,1,1,1999,6,31,21,11,20,16,8,7,6,23
400217,2,1,1999,0,0,0,0,0,0,0,0,0,0
400218,1,1,1999,0,0,0,0,0,0,0,0,0,0
400219,0,1,1999,0,0,0,0,0,0,0,0,0,0
400219,1,1,1999,0,0,0,0,0,0,0,0,0,0
400220,1,1,1999,0,0,0,0,0,0,0,0,0,0
400221,1,1,1999,0,0,0,0,0,0,0,0,0,0
400221,2,1,1999,15,0,0,0,0,0,0,0,0,0
400222,1,1,1999,21,0,18,21,25,20,14,18,0,17
400223,1,1,1999,25,25,25,25,25,25,25,25,25,25
400224,1,1,1999,0,0,0,0,0,0,0,0,0,0
400224,2,1,1999,19,19,19,19,19,19,19,19,19,19
400225,1,1,1999,0,0,0,0,0,0,0,0,0,0
400226,1,1,1999,0,0,9,0,0,0,0,0,0,0
400227,1,1,1999,25,25,25,25,25,25,25,25,25,25
400228,1,1,1999,18,18,18,18,18,18,18,18,18,18
400228,2,1,1999,0,0,0,0,0,0,0,0,0,0
400229,0,1,1999,0,0,0,0,0,0,0,0,0,0
400229,1,1,1999,0,0,0,0,0,0,0,0,0,0
400230,1,1,1999,0,0,0,0,0,0,0,0,0,0
400231,1,1,1999,0,0,0,0,0,0,0,0,0,0
400232,1,1,1999,15,13,8,21,20,17,15,14,11,18
400232,2,1,1999,0,0,0,0,0,0,0,0,0,0
400233,1,1,1999,12,12,12,12,12,12,12,12,12,12
400234,1,1,1999,12,0,0,0,0,0,5,14,0,8
400234,2,1,1999,0,0,0,0,0,0,0,0,0,0
400235,1,1,1999,7,7,7,7,7,7,7,7,7,7
400235,2,1,1999,0,0,0,0,0,0,0,0,0,0
400236,1,1,1999,0,0,0,0,0,0,0,0,0,0
400236,2,1,1999,0,0,0,0,0,0,0,0,0,0
400237,0,1,1999,0,0,0,0,0,0,0,0,0,0
400237,1,1,1999,0,0,0,0,0,0,0,0,0,0
400238,1,1,1999,0,0,0,0,0,0,0,0,0,0
400238,2,1,1999,0,0,0,0,0,0,0,0,0,0
400239,1,1,1999,0,0,0,0,0,0,0,0,0,0
400239,2,1,1999,0,0,0,0,0,0,0,19,0,0
400240,1,1,1999,0,0,0,0,0,0,0,0,0,0
400240,2,1,1999,0,0,0,0,0,0,0,0,0,0
400241,1,1,1999,0,0,0,0,0,0,0,0,0,0
400241,2,1,1999,0,0,9,0,0,0,0,0,0,0
400242,1,1,1999,0,0,0,0,0,0,0,0,0,0
400242,2,1,1999,0,0,0,0,0,0,0,0,0,0
400243,0,1,1999,0,0,0,0,34,0,23,0,0,0
400243,1,1,1999,0,0,0,0,0,0,0,0,0,0
400244,1,1,1999,0,0,0,0,0,0,0,0,0,0
400244,2,1,1999,0,0,0,0,0,0,0,0,0,0
400244,3,1,1999,0,0,0,0,0,0,0,0,0,0
400244,4,1,1999,0,0,0,0,0,0,0,0,0,0
400244,5,1,1999,0,0,0,0,0,0,0,0,0,0
400244,6,1,1999,0,0,0,0,0,0,0,0,0,0
400244,7,1,1999,0,0,0,0,0,0,0,0,0,0
400245,1,1,1999,0,12,0,0,0,13,13,0,0,0
400246,1,1,1999,0,0,0,0,0,0,0,0,0,0
400246,2,1,1999,0,0,0,0,0,0,0,0,0,0
400247,1,1,1999,16,16,16,16,16,16,16,16,16,16
400248,1,1,1999,26,26,26,26,26,26,26,26,26,26
400249,1,1,1999,0,0,0,0,0,0,0,0,0,0
400250,1,1,1999,23,23,23,23,23,23,23,23,23,23
400251,0,1,1999,0,0,0,0,0,0,0,0,0,0
400251,1,1,1999,16,0,0,0,0,0,0,0,0,0
400252,1,1,1999,0,0,0,0,0,0,0,0,0,0
400252,2,1,1999,0,0,0,0,0,0,0,0,0,0
400252,3,1,1999,0,0,0,0,0,0,0,0,0,0
400253,1,1,1999,0,0,21,0,0,0,0,0,0,0
400254,1,1,1999,0,0,0,0,0,0,0,0,0,0
400254,2,1,1999,0,0,0,0,0,0,0,0,0,0
400255,1,1,1999,0,0,0,0,0,0,0,0,0,0
400255,2,1,1999,0,0,0,0,0,0,0,0,0,0
400256,1,1,1999,9,0,0,0,0,0,0,0,0,0
400256,2,1,1999,9,9,9,9,9,9,9,9,9,9
400257,0,1,1999,25,0,0,0,0,28,0,10,30,13
400257,1,1,1999,0,0,0,0,0,0,0,0,0,0
400258,1,1,1999,0,16,0,40,0,0,0,0,0,0
400258,2,1,1999,0,0,0,0,0,0,0,11,0,0
400259,1,1,1999,0,0,0,0,0,0,0,0,0,0
400259,2,1,1999,0,0,0,0,0,0,0,0,0,0
400260,0,1,1999,0,0,0,0,0,0,0,0,0,0
400260,1,1,1999,0,0,0,0,0,0,0,0,0,0
400261,1,1,1999,0,0,0,0,0,0,0,0,0,0
400261,2,1,1999,0,0,0,0,0,0,0,0,0,0
400262,0,1,1999,26,26,26,26,26,26,26,26,26,26
400262,1,1,1999,0,0,0,0,0,0,0,0,0,0
400263,1,1,1999,0,0,0,0,0,0,0,0,0,0
400264,0,1,1999,0,0,0,0,0,0,0,0,0,0
400264,1,1,1999,0,0,0,0,0,0,0,0,0,0
400265,1,1,1999,0,0,0,0,0,0,0,0,0,0
400266,1,1,1999,0,0,0,0,0,0,0,0,0,0
400267,1,1,1999,23,23,23,23,23,23,23,23,23,23
400268,1,1,1999,0,0,0,0,0,0,0,0,0,0
400269,1,1,1999,0,0,0,0,0,0,0,0,0,0
400270,1,1,1999,0,0,0,0,0,0,0,0,0,0
400270,2,1,1999,0,0,0,0,0,0,0,0,0,0
400271,1,1,1999,2,2,2,2,2,2,2,2,2,2
400271,2,1,1999,0,0,0,0,0,0,0,0,0,0
400272,0,1,1999,5,5,5,5,5,5,5,5,5,5
400272,0,2,1999,0,0,0,0,0,0,0,0,0,0
400272,1,1,1999,0,0,0,0,0,0,0,0,0,0
400273,1,1,1999,0,0,0,0,0,0,0,0,0,0
400273,2,1,1999,0,0,0,0,0,0,0,0,0,0
400274,1,1,1999,0,0,0,0,0,0,0,0,0,0
400274,2,1,1999,2,0,0,0,0,0,0,0,0,5
400275,1,1,1999,0,0,0,0,0,0,0,0,0,0
400275,2,1,1999,0,0,0,0,0,0,0,0,0,0
400276,1,1,1999,0,0,0,0,0,0,0,0,0,0
400276,2,1,1999,0,0,0,0,0,0,0,9,0,0
400277,1,1,1999,0,0,0,9,0,0,0,0,0,0
400277,2,1,1999,25,25,25,25,25,25,25,25,25,25
400278,1,1,1999,0,0,0,3,0,0,0,0,0,0
400278,2,1,1999,0,0,0,0,0,0,0,0,0,0
400279,1,1,1999,14,10,6,9,5,18,6,13,10,7
400279,2,1,1999,0,0,0,0,0,0,0,0,0,0
400280,1,1,1999,0,0,0,0,0,0,0,0,0,0
400280,2,1,1999,0,0,0,0,0,0,0,0,25,0
400281,1,1,1999,0,0,0,0,0,0,0,0,0,0
400281,2,1,1999,0,0,0,0,0,21,0,0,0,0
400282,0,1,1999,0,0,0,0,0,0,0,0,0,0
400282,1,1,1999,0,0,0,0,0,0,0,0,0,11
400283,1,1,1999,0,0,0,0,0,0,0,0,0,0
400284,1,1,1999,0,0,0,0,0,0,0,0,0,0
400284,2,1,1999,0,0,0,0,0,0,0,0,0,0
400285,1,1,1999,0,0,0,0,0,0,0,0,0,0
400285,2,1,1999,0,0,0,0,0,0,0,0,0,0
400286,1,1,1999,15,3,0,0,25,5,8,0,11,9
400287,1,1,1999,0,0,0,0,0,0,0,0,0,0
400288,1,1,1999,0,0,0,0,0,0,0,39,8,0
400289,1,1,1999,0,0,0,0,0,0,0,0,0,0
400290,1,1,1999,19,19,19,19,19,19,19,19,19,19
400290,2,1,1999,14,0,0,0,0,0,0,0,0,0
400290,3,1,1999,0,0,0,0,0,0,0,0,0,0
400291,1,1,1999,24,24,24,24,24,24,24,24,24,24
400291,2,1,1999,0,13,0,0,0,15,0,13,13,11
400292,1,1,1999,8,8,8,8,8,8,8,8,8,8
400292,2,1,1999,0,0,0,0,0,0,0,0,0,0
400292,3,1,1999,0,0,0,0,0,0,0,0,0,0
400293,0,1,1999,0,0,0,0,0,0,0,0,0,0
400293,1,1,1999,0,0,0,0,0,0,0,0,0,0
400294,0,1,1999,0,0,0,0,0,0,0,0,0,0
400294,1,1,1999,0,0,0,0,0,0,0,0,0,0
400295,1,1,1999,0,0,0,0,0,0,0,0,0,0
400295,2,1,1999,0,0,0,0,0,0,0,0,0,0
400296,0,1,1999,35,19,20,0,0,24,20,0,28,0
400296,1,1,1999,4,0,13,20,0,0,0,0,0,0
400297,1,1,1999,22,22,22,22,22,22,22,22,22,22
400298,1,1,1999,0,0,0,0,0,0,0,0,0,0
400298,2,1,1999,0,0,0,0,0,0,0,0,0,0
400299,1,1,1999,18,11,12,23,42,3,16,9,11,9
400299,2,1,1999,0,0,0,0,0,0,0,0,0,0
400300,1,1,1999,0,0,0,0,0,0,0,0,0,0
400300,2,1,1999,0,0,0,0,0,0,0,0,0,0
400301,1,1,1999,20,20,20,20,20,20,20,20,20,20
400301,2,1,1999,0,0,0,0,0,0,0,0,0,0
400302,1,1,1999,6,31,19,13,34,11,7,12,13,19
400303,1,1,1999,25,25,25,25,25,25,25,25,25,25
400303,2,1,1999,0,0,0,0,6,0,0,0,0,0
400304,1,1,1999,14,4,6,16,14,9,7,34,0,22
400304,2,1,1999,0,0,0,0,0,0,0,0,0,0
400305,1,1,1999,0,0,0,0,0,0,0,0,0,0
400305,2,1,1999,0,0,0,0,0,0,0,0,0,0
400306,0,1,1999,0,0,0,0,0,0,0,0,0,0
400306,1,1,1999,0,0,0,0,0,0,0,0,0,0
400307,0,1,1999,17,29,36,6,13,0,0,25,33,7
400307,1,1,1999,0,0,0,0,0,0,24,0,0,0
400308,1,1,1999,0,0,0,0,0,0,0,0,0,0
400309,1,1,1999,7,7,7,7,7,7,7,7,7,7
400310,1,1,1999,14,26,22,15,28,6,34,11,8,8
400311,1,1,1999,0,0,0,0,0,0,0,0,0,0
400311,2,1,1999,0,0,0,0,0,0,0,0,0,0
400311,3,1,1999,0,0,0,0,0,0,0,0,0,0
400312,1,1,1999,0,0,0,0,0,0,0,0,0,0
400313,0,1,1999,0,0,0,0,0,0,0,0,0,0
400313,1,1,1999,0,0,0,0,0,0,0,0,0,0
400314,0,1,1999,0,0,0,0,0,0,0,0,0,0
400314,1,1,1999,0,0,0,0,0,0,0,0,0,0
400315,1,1,1999,0,0,0,0,0,0,0,0,0,0
400316,1,1,1999,0,0,0,0,0,0,0,3,0,0
400317,1,1,1999,0,0,0,0,0,0,0,0,0,0
400317,2,1,1999,16,18,10,13,9,28,21,26,26,11
400318,1,1,1999,9,9,9,9,9,9,9,9,9,9
400319,1,1,1999,0,0,0,0,0,0,0,0,0,0
400319,2,1,1999,0,0,0,0,0,9,0,0,0,0
400320,1,1,1999,0,0,0,0,0,0,0,0,0,0
400320,2,1,1999,0,0,0,0,0,0,0,0,0,0
400321,1,1,1999,0,0,0,0,0,0,0,0,0,0
400321,2,1,1999,0,0,0,0,0,0,0,0,0,0
400322,1,1,1999,0,0,0,0,0,0,0,0,0,11
400322,2,1,1999,0,0,0,0,0,0,0,0,0,0
400323,1,1,1999,10,10,10,10,10,10,10,10,10,10
400323,2,1,1999,0,0,0,0,0,0,0,0,0,0
400324,1,1,1999,0,0,0,0,0,0,0,0,0,0
400325,1,1,1999,0,0,3,0,0,0,0,0,0,0
400325,2,1,1999,0,0,0,0,0,0,0,0,0,0
400326,0,1,1999,0,0,0,0,0,0,0,0,0,0
400326,0,2,1999,0,0,0,0,0,0,0,0,0,0
400326,1,1,1999,0,0,0,0,0,0,0,0,0,0
400327,1,1,1999,19,19,19,19,19,19,19,19,19,19
400328,1,1,1999,15,15,15,15,15,15,15,15,15,15
400329,1,1,1999,0,0,0,0,0,0,0,0,0,0
400329,2,1,1999,0,0,0,0,0,0,0,0,0,0
400330,1,1,1999,24,24,24,24,24,24,24,24,24,24
400331,1,1,1999,17,17,17,17,17,17,17,17,17,17
400332,1,1,1999,19,19,19,19,19,19,19,19,19,19
400333,1,1,1999,0,0,0,0,0,0,0,0,0,0
400334,1,1,1999,5,0,4,0,0,0,0,0,4,7
400335,1,1,1999,18,22,0,21,25,15,0,31,14,22
400336,1,1,1999,0,0,0,0,0,0,0,0,0,0
400337,1,1,1999,0,0,0,0,0,0,0,0,0,0
400338,1,1,1999,0,0,0,0,0,0,0,0,0,0
400338,2,1,1999,0,0,0,0,0,0,0,0,0,0
400339,1,1,1999,0,0,0,0,0,0,0,0,0,0
400339,2,1,1999,0,0,0,0,0,7,0,0,0,0
400339,3,1,1999,0,0,0,0,0,0,0,0,0,0
400340,1,1,1999,0,0,0,0,0,0,0,0,0,0
400340,2,1,1999,0,0,0,0,0,0,0,0,0,0
400341,1,1,1999,0,0,0,0,0,0,0,0,0,0
400342,1,1,1999,16,24,12,14,25,17,17,16,11,16
400343,1,1,1999,19,19,19,19,19,19,19,19,19,19
400344,1,1,1999,19,19,19,19,19,19,19,19,19,19
400345,1,1,1999,0,0,0,0,0,0,0,0,0,0
400345,2,1,1999,0,0,0,0,0,0,0,0,0,0
400346,1,1,1999,4,14,0,5,0,18,4,21,21,13
400347,1,1,1999,0,0,0,0,0,0,0,0,0,0
400347,2,1,1999,16,0,0,0,0,0,0,0,0,0
400348,0,1,1999,0,0,0,0,0,0,0,0,0,0
400348,1,1,1999,12,12,12,12,12,12,12,12,12,12
400349,1,1,1999,0,0,0,0,0,0,0,0,0,0
400350,1,1,1999,0,0,0,0,0,0,0,0,0,0
400350,2,1,1999,0,0,0,0,0,0,0,0,0,0
400350,3,1,1999,0,0,0,0,0,0,0,0,0,0
400351,0,1,1999,0,0,0,0,0,0,0,0,0,0
400351,1,1,1999,0,0,0,0,0,0,0,0,0,0
400352,1,1,1999,0,0,0,0,0,0,0,0,0,0
400353,1,1,1999,12,12,12,12,12,12,12,12,12,12
400353,2,1,1999,0,0,0,0,0,0,0,0,0,0
400354,1,1,1999,0,0,0,0,0,0,0,0,0,0
400354,2,1,1999,0,0,0,0,0,0,0,0,0,0
400355,1,1,1999,8,8,8,8,8,8,8,8,8,8
400356,1,1,1999,0,0,0,0,0,0,0,18,15,0
400356,2,1,1999,0,0,0,0,0,0,5,0,0,19
400357,1,1,1999,0,0,0,0,0,0,0,0,0,0
400358,1,1,1999,0,0,0,0,0,0,0,0,0,0
400358,2,1,1999,0,0,0,0,0,0,0,0,0,0
400359,1,1,1999,0,0,0,0,0,0,0,0,0,0
400360,1,1,1999,0,0,0,0,0,0,0,0,0,0
400360,2,1,1999,0,0,0,0,0,0,0,0,0,0
400361,1,1,1999,0,0,0,0,0,0,0,0,0,0
400361,2,1,1999,0,0,0,0,0,0,0,0,0,0
400362,1,1,1999,0,0,0,0,0,0,0,0,0,0
400362,2,1,1999,0,0,0,0,0,0,0,0,0,0
400363,1,1,1999,27,0,14,16,16,18,3,4,20,26
400363,2,1,1999,24,0,0,0,0,0,0,0,0,0
400364,1,1,1999,0,9,0,34,0,0,15,0,0,11
400365,0,1,1999,32,32,32,32,32,32,32,32,32,32
400365,1,1,1999,0,0,0,0,0,0,0,0,0,0
400366,1,1,1999,0,0,13,0,0,0,0,0,0,0
400366,2,1,1999,0,0,0,0,0,0,0,0,0,0
400367,0,1,1999,13,24,0,0,0,25,31,0,0,0
400367,0,2,1999,0,0,31,0,7,0,22,9,0,0
400367,0,3,1999,0,0,0,0,0,0,0,0,0,0
400367,0,4,1999,0,0,0,0,0,12,0,0,31,9
400367,2,1,1999,0,0,0,0,0,0,0,0,0,0
400368,1,1,1999,0,0,0,0,0,0,0,0,0,0
400368,2,1,1999,0,0,0,0,0,0,0,0,8,0
400369,1,1,1999,0,0,0,0,0,0,0,0,0,0
400369,2,1,1999,0,0,0,0,0,0,0,0,0,0
400370,1,1,1999,10,15,15,0,16,11,16,18,20,16
400371,1,1,1999,8,19,16,21,5,4,22,14,7,12
400371,2,1,1999,0,7,13,0,0,0,0,0,0,5
400372,1,1,1999,0,0,0,0,0,0,0,0,0,0
400372,2,1,1999,0,0,0,0,0,0,0,0,0,0
400373,0,1,1999,0,0,0,0,0,0,0,0,0,0
400373,1,1,1999,0,0,0,0,0,0,0,0,0,0
400374,1,1,1999,0,0,0,0,0,0,0,0,0,0
400374,2,1,1999,0,0,0,0,0,0,0,0,0,0
400375,1,1,1999,0,9,0,0,0,0,0,0,0,0
400376,1,1,1999,0,0,0,0,0,0,0,0,0,0
400376,2,1,1999,0,0,0,0,0,0,0,0,0,0
400377,1,1,1999,0,0,0,0,0,0,0,0,0,0
400377,2,1,1999,0,0,0,0,0,0,0,0,0,0
400378,0,1,1999,0,0,0,0,0,0,0,0,0,0
400378,1,1,1999,24,34,6,0,12,12,0,4,3,16
400379,1,1,1999,0,0,0,0,0,0,0,0,0,0
400379,2,1,1999,0,0,0,0,0,0,0,0,0,0
400380,1,1,1999,0,0,0,0,0,0,0,0,0,0
400380,2,1,1999,0,0,0,0,0,0,0,0,0,0
400381,1,1,1999,28,28,28,28,28,28,28,28,28,28
400382,1,1,1999,33,33,33,33,33,33,33,33,33,33
400382,2,1,1999,0,0,0,0,0,0,0,0,0,0
400383,1,1,1999,16,16,16,16,16,16,16,16,16,16
400383,2,1,1999,0,0,0,0,0,0,0,0,0,0
400384,1,1,1999,0,0,0,0,0,0,0,0,0,0
400385,1,1,1999,0,0,0,0,0,0,0,0,0,0
400386,1,1,1999,14,14,14,14,14,14,14,14,14,14
400387,1,1,1999,0,0,11,0,0,14,0,0,26,0
400387,2,1,1999,0,0,13,0,19,7,16,0,20,0
400388,1,1,1999,0,0,0,0,0,0,0,0,0,0
400388,2,1,1999,0,0,0,0,0,0,7,0,0,0
400388,3,1,1999,0,0,0,0,0,0,0,0,0,0
400388,4,1,1999,0,0,0,0,0,0,0,0,0,0
400388,5,1,1999,0,0,0,0,0,0,0,0,0,0
400389,0,1,1999,16,16,16,16,16,16,16,16,16,16
400389,1,1,1999,0,0,0,0,0,0,0,0,0,17
400390,1,1,1999,0,0,0,0,0,0,0,0,0,0
400390,2,1,1999,0,0,0,0,0,0,0,0,0,0
400391,1,1,1999,0,18,0,0,0,0,0,0,0,0
400392,1,1,1999,14,14,14,14,14,14,14,14,14,14
400393,1,1,1999,0,0,0,0,0,0,0,0,0,0
400394,1,1,1999,23,23,23,23,23,23,23,23,23,23
400395,1,1,1999,0,0,0,0,0,0,0,0,0,0
400396,1,1,1999,0,0,0,0,0,0,0,0,0,0
400397,1,1,1999,18,18,18,18,18,18,18,18,18,18
400398,1,1,1999,0,4,0,0,0,0,0,0,0,0
400399,1,1,1999,16,16,16,16,16,16,16,16,16,16
400400,1,1,1999,0,13,0,13,0,5,14,22,16,11
400401,1,1,1999,0,0,0,0,0,0,0,0,0,0
400401,2,1,1999,23,23,23,23,23,23,23,23,23,23
400402,1,1,1999,0,0,0,0,0,0,0,0,0,0
400402,2,1,1999,0,0,0,0,0,0,0,0,0,0
400402,3,1,1999,0,0,0,0,0,0,0,0,0,0
400402,4,1,1999,0,0,0,0,0,0,0,0,0,0
400402,5,1,1999,0,0,0,0,0,0,0,0,0,0
400403,1,1,1999,0,0,0,0,0,0,0,0,0,0
400404,1,1,1999,0,0,0,0,0,0,0,0,0,0
400404,2,1,1999,0,0,0,0,0,0,0,0,0,0
400404,3,1,1999,0,0,0,0,0,0,0,0,0,0
400404,4,1,1999,0,0,0,0,0,0,0,0,0,0
400405,1,1,1999,17,14,9,9,13,6,16,15,14,6
400406,1,1,1999,0,0,0,0,0,0,0,0,0,0
400407,1,1,1999,16,16,16,16,16,16,16,16,16,16
400408,1,1,1999,32,0,0,17,0,0,0,0,41,0
400408,2,1,1999,0,0,0,0,0,0,0,0,0,0
400409,1,1,1999,0,0,0,0,0,0,0,0,0,0
400409,2,1,1999,0,0,0,0,0,0,0,0,0,0
400410,1,1,1999,0,0,0,0,0,0,0,0,0,0
400411,1,1,1999,0,0,0,0,0,0,0,0,0,0
400411,2,1,1999,0,0,0,0,0,0,0,0,0,0
400412,1,1,1999,20,20,20,20,20,20,20,20,20,20
400412,2,1,1999,0,0,0,0,0,0,0,0,0,0
400413,1,1,1999,14,14,14,14,14,14,14,14,14,14
400414,1,1,1999,16,16,16,16,16,16,16,16,16,16
400415,1,1,1999,3,3,3,3,3,3,3,3,3,3
400416,1,1,1999,0,0,0,0,0,2,0,0,0,0
400417,1,1,1999,0,0,0,0,0,0,0,0,0,0
400417,2,1,1999,0,0,0,0,0,0,0,0,0,0
400418,1,1,1999,0,0,0,0,0,0,0,0,0,0
400418,2,1,1999,0,0,0,0,0,0,0,0,0,0
400419,1,1,1999,0,0,0,0,0,0,0,0,0,0
400420,0,1,1999,22,22,22,22,22,22,22,22,22,22
400420,1,1,1999,0,0,0,0,0,0,0,0,0,0
400421,1,1,1999,0,0,0,0,0,0,0,0,0,0
400421,2,1,1999,0,0,0,0,0,0,0,0,0,0
400422,1,1,1999,20,20,20,20,20,20,20,20,20,20
400423,0,1,1999,19,19,19,19,19,19,19,19,19,19
400423,1,1,1999,0,0,0,0,0,0,0,0,0,0
400424,1,1,1999,0,0,0,0,0,0,0,0,0,0
400424,2,1,1999,0,0,0,0,0,0,0,0,0,0
400425,1,1,1999,0,0,0,0,0,0,0,0,0,0
400425,2,1,1999,0,0,0,0,0,0,0,0,0,0
400426,1,1,1999,0,0,0,0,0,0,0,0,0,0
400427,1,1,1999,0,0,0,0,0,0,0,0,0,0
400428,1,1,1999,0,0,0,0,0,0,0,0,0,0
400429,1,1,1999,0,0,0,0,0,0,0,0,0,0
400429,2,1,1999,0,0,0,0,0,0,0,0,0,0
400430,0,1,1999,0,0,0,0,0,0,0,0,0,0
400430,1,1,1999,0,0,0,0,0,0,0,0,0,0
400431,1,1,1999,0,0,0,0,0,0,0,0,0,0
400431,2,1,1999,0,0,0,0,0,0,0,0,0,0
400432,1,1,1999,18,22,0,0,19,24,0,36,0,16
400433,1,1,1999,24,24,24,24,24,24,24,24,24,24
400434,1,1,1999,14,14,19,11,20,12,7,0,24,9
400435,1,1,1999,0,0,0,0,0,0,0,0,10,0
400435,2,1,1999,0,0,0,0,0,0,0,0,0,0
400436,1,1,1999,0,0,0,0,0,0,0,0,0,0
400436,2,1,1999,0,0,0,0,0,0,0,0,0,0
400437,1,1,1999,0,0,0,0,0,0,0,0,0,0
400437,2,1,1999,0,0,0,0,0,0,0,0,0,0
400438,1,1,1999,11,11,11,11,11,11,11,11,11,11
400438,2,1,1999,0,12,0,0,0,0,0,20,0,0
400439,1,1,1999,25,17,17,15,26,13,12,27,19,37
400440,1,1,1999,0,0,0,0,0,0,0,0,0,0
400440,2,1,1999,0,0,0,0,0,0,0,0,0,0
400441,1,1,1999,0,0,0,0,0,0,0,0,0,0
400441,2,1,1999,0,0,0,0,0,0,0,0,0,0
400442,1,1,1999,11,11,11,11,11,11,11,11,11,11
400442,2,1,1999,0,0,0,0,0,0,0,0,0,0
400443,1,1,1999,0,0,0,0,0,0,0,0,0,0
400444,1,1,1999,25,25,25,25,25,25,25,25,25,25
400444,2,1,1999,0,0,0,0,0,0,0,0,0,0
400445,1,1,1999,0,0,0,0,0,0,0,0,0,0
400445,2,1,1999,0,0,0,0,0,0,0,0,0,0
400446,1,1,1999,16,16,16,16,16,16,16,16,16,16
400446,2,1,1999,0,0,0,0,0,0,0,0,0,0
400448,0,1,1999,0,0,0,0,0,0,0,0,0,0
400448,0,2,1999,0,0,0,0,0,0,0,0,0,0
400448,0,3,1999,0,0,0,0,0,0,0,0,0,0
400448,1,1,1999,0,0,0,0,0,0,0,0,0,0