ST_CASE,VEH_NO,PER_NO,YEAR,P1,P2,P3,P4,P5,P6,P7,P8,P9,P10
400449,1,1,1999,0,0,0,0,0,0,0,0,0,0
400449,2,1,1999,0,0,0,0,0,0,0,0,0,0
400450,0,1,1999,0,0,0,0,0,0,0,0,0,0
400450,1,1,1999,0,0,0,0,0,0,0,0,0,0
400451,1,1,1999,0,0,0,0,0,0,0,0,0,0
400451,2,1,1999,0,0,0,0,0,0,0,2,0,0
400452,1,1,1999,14,14,14,14,14,14,14,14,14,14
400453,0,1,1999,0,0,0,0,0,0,0,0,0,0
400453,1,1,1999,0,0,0,0,0,0,0,0,0,0
400454,1,1,1999,0,0,0,0,0,8,0,0,9,0
400454,2,1,1999,0,0,0,0,0,0,0,0,0,0
400455,1,1,1999,0,0,0,0,0,0,0,0,0,0
400455,2,1,1999,20,6,0,4,10,32,12,0,8,0
400456,1,1,1999,0,0,0,0,0,0,0,0,0,0
400457,1,1,1999,0,0,0,0,0,0,0,0,0,0
400457,2,1,1999,0,0,20,0,5,0,0,17,0,0
400458,1,1,1999,0,0,0,0,0,0,0,0,0,0
400458,2,1,1999,0,0,0,0,0,0,0,0,0,0
400459,1,1,1999,0,0,0,0,8,0,0,0,0,0
400460,1,1,1999,0,0,0,0,0,0,0,0,0,0
400460,2,1,1999,0,0,0,0,0,0,0,0,0,0
400461,1,1,1999,0,0,0,0,0,0,0,0,0,0
400461,2,1,1999,25,25,25,25,25,25,25,25,25,25
400462,1,1,1999,2,2,2,2,2,2,2,2,2,2
400463,1,1,1999,10,10,10,10,10,10,10,10,10,10
400464,1,1,1999,0,0,0,0,0,0,0,0,0,0
400464,2,1,1999,0,0,0,0,0,0,0,0,0,0
400465,1,1,1999,0,0,0,0,0,0,0,0,0,0
400466,1,1,1999,0,0,0,17,0,0,0,0,10,0
400467,1,1,1999,0,0,0,0,0,0,0,0,0,0
400467,2,1,1999,24,24,24,24,24,24,24,24,24,24
400468,1,1,1999,0,0,0,0,0,0,0,0,0,0
400468,2,1,1999,0,0,0,0,0,0,0,0,0,0
400469,0,1,1999,19,19,19,19,19,19,19,19,19,19
400469,1,1,1999,22,0,11,15,14,0,13,14,22,11
400470,1,1,1999,0,0,0,0,0,0,0,0,0,0
400470,2,1,1999,0,0,0,0,0,0,0,0,0,4
400471,0,1,1999,31,31,31,31,31,31,31,31,31,31
400471,1,1,1999,0,0,0,0,0,0,0,0,0,0
400472,1,1,1999,0,0,0,30,0,0,0,0,0,0
400473,1,1,1999,0,0,0,17,10,34,12,0,0,0
400474,1,1,1999,0,0,0,0,0,0,0,0,0,0
400475,1,1,1999,0,8,0,0,32,0,13,0,0,15
400475,2,1,1999,0,0,0,0,0,0,0,0,0,0
400476,1,1,1999,0,0,0,0,0,0,0,0,0,0
400476,2,1,1999,0,0,0,0,0,0,0,0,0,0
400476,3,1,1999,0,0,0,0,0,0,0,0,0,0
400477,1,1,1999,0,0,0,0,0,0,0,0,0,0
400478,1,1,1999,0,0,0,0,0,0,0,0,0,0
400478,2,1,1999,14,0,0,0,0,0,0,0,0,0
400478,3,1,1999,0,0,0,0,0,0,0,0,0,0
400479,1,1,1999,0,0,0,0,16,0,0,0,0,0
400479,2,1,1999,18,18,18,18,18,18,18,18,18,18
400480,0,1,1999,0,0,0,0,0,0,0,0,0,0
400480,1,1,1999,0,0,0,0,0,0,0,0,0,0
400481,1,1,1999,18,18,18,18,18,18,18,18,18,18
400482,1,1,1999,0,0,0,0,0,0,0,0,0,0
400482,2,1,1999,0,0,0,0,0,0,0,0,0,0
400483,1,1,1999,0,0,0,0,0,0,0,0,0,0
400483,2,1,1999,0,0,0,0,0,0,0,0,0,0
400484,0,1,1999,0,0,0,0,0,0,0,0,0,0
400484,1,1,1999,0,0,0,0,0,0,0,0,0,0
400485,1,1,1999,0,0,0,0,0,0,0,0,0,0
400486,1,1,1999,13,13,13,13,13,13,13,13,13,13
400487,1,1,1999,12,2,14,9,12,4,11,9,25,19
400487,2,1,1999,0,0,17,0,0,0,0,0,0,0
400487,3,1,1999,0,0,0,0,0,0,0,0,0,0
400487,4,1,1999,0,0,0,0,0,0,0,0,0,0
400488,1,1,1999,0,0,0,0,0,0,0,0,0,0
400488,2,1,1999,0,0,0,0,0,0,0,0,0,0
400488,3,1,1999,0,0,0,0,0,0,0,0,0,0
400488,4,1,1999,0,0,0,0,0,0,0,0,0,0
400489,0,1,1999,0,0,0,0,0,0,0,0,0,0
400489,1,1,1999,0,0,0,0,0,0,0,0,0,0
400490,1,1,1999,0,0,0,0,0,0,0,0,0,0
400490,2,1,1999,0,0,0,0,0,0,0,0,0,0
400491,1,1,1999,0,0,0,0,0,0,0,0,0,0
400491,2,1,1999,0,0,0,0,0,0,0,0,0,0
400492,0,1,1999,16,16,16,16,16,16,16,16,16,16
400492,1,1,1999,0,0,0,0,0,0,0,0,0,0
400493,1,1,1999,0,0,0,0,0,0,0,0,0,0
400493,2,1,1999,0,0,0,0,0,0,0,0,0,0
400494,0,1,1999,0,0,0,0,0,0,0,24,0,27
400494,1,1,1999,0,0,0,0,0,0,0,0,0,0
400495,1,1,1999,0,0,0,0,0,0,0,0,0,0
400496,1,1,1999,0,0,0,0,0,0,0,0,0,0
400497,1,1,1999,28,28,28,28,28,28,28,28,28,28
400498,1,1,1999,0,0,18,0,18,0,0,0,14,0
400499,0,1,1999,0,0,0,0,0,0,0,0,0,0
400499,1,1,1999,0,0,0,0,0,0,0,0,0,0
400499,2,1,1999,18,0,0,0,0,0,0,0,0,0
400499,3,1,1999,0,0,0,0,0,16,0,0,0,0
400500,1,1,1999,0,0,0,0,0,0,0,0,0,0
400501,1,1,1999,0,0,0,0,0,0,0,0,0,0
400502,1,1,1999,19,19,19,19,19,19,19,19,19,19
400503,1,1,1999,0,0,0,0,0,0,0,0,0,0
400503,2,1,1999,0,0,0,0,0,0,0,0,0,0
400504,1,1,1999,0,0,0,0,0,0,0,0,0,0
400504,2,1,1999,0,0,0,10,0,0,0,0,0,0
400505,1,1,1999,0,0,0,0,0,8,0,0,0,0
400505,2,1,1999,0,0,0,0,0,0,0,0,0,0
400506,1,1,1999,14,10,15,4,5,16,15,15,24,9
400506,2,1,1999,7,7,7,7,7,7,7,7,7,7
400507,1,1,1999,15,12,19,23,0,0,33,13,15,11
400508,1,1,1999,23,23,23,23,23,23,23,23,23,23
400509,1,1,1999,0,0,0,0,0,0,0,0,0,0
400509,2,1,1999,0,0,0,0,0,0,0,0,0,0
400510,1,1,1999,29,29,29,29,29,29,29,29,29,29
400511,1,1,1999,30,30,30,30,30,30,30,30,30,30
400512,1,1,1999,4,22,18,0,13,27,23,17,5,18
400512,2,1,1999,0,0,0,0,0,0,0,0,0,0
400513,1,1,1999,0,0,0,0,0,0,0,0,0,0
400513,2,1,1999,0,0,0,0,0,0,0,0,0,0
400514,1,1,1999,0,0,0,0,0,0,0,0,0,0
400515,1,1,1999,0,0,0,0,0,0,0,0,0,0
400516,1,1,1999,18,18,18,18,18,18,18,18,18,18
400517,1,1,1999,0,0,13,29,0,9,0,0,15,0
400518,1,1,1999,18,8,22,23,21,14,29,7,12,5
400519,1,1,1999,25,25,25,25,25,25,25,25,25,25
400520,1,1,1999,0,0,0,0,0,0,0,0,0,0
400521,1,1,1999,0,0,0,0,0,0,0,0,0,0
400521,2,1,1999,0,0,0,0,0,0,0,0,0,0
400522,0,1,1999,0,0,0,0,0,0,0,0,0,0
400522,1,1,1999,0,0,0,0,0,0,0,0,0,0
400523,1,1,1999,0,0,0,0,0,0,0,0,0,0
400524,1,1,1999,0,0,0,0,0,0,0,0,0,0
400524,2,1,1999,0,0,0,0,0,0,0,0,0,0
400525,1,1,1999,0,0,0,0,0,0,0,0,0,0
400525,2,1,1999,4,0,0,0,0,0,0,0,0,0
400526,1,1,1999,0,37,27,0,0,30,0,16,0,15
400527,1,1,1999,0,0,0,0,0,0,0,0,0,0
400528,1,1,1999,0,0,0,0,0,0,0,0,0,0
400528,2,1,1999,0,0,0,0,0,0,0,0,0,0
400529,1,1,1999,29,0,3,0,0,0,0,0,0,0
400529,2,1,1999,0,0,0,0,0,0,0,0,0,0
400530,1,1,1999,2,2,2,2,2,2,2,2,2,2
400531,1,1,1999,16,0,0,7,5,30,7,0,12,0
400531,2,1,1999,0,0,0,0,0,0,0,0,0,0
400532,1,1,1999,11,12,20,13,29,15,18,14,4,14
400533,1,1,1999,14,15,28,8,9,13,22,0,10,27
400534,1,1,1999,9,10,0,0,8,8,13,20,17,16
400534,2,1,1999,0,0,0,0,0,0,0,0,0,0
400535,1,1,1999,0,0,0,0,0,0,0,0,0,0
400535,2,1,1999,0,0,0,0,0,0,0,0,0,0
400536,1,1,1999,0,0,0,0,0,0,0,0,0,0
400537,2,1,1999,0,0,0,0,0,0,0,0,0,0
400538,1,1,1999,0,0,0,0,0,4,0,15,0,0
400539,1,1,1999,0,0,0,0,0,0,0,0,0,0
400539,2,1,1999,4,4,4,4,4,4,4,4,4,4
400540,1,1,1999,0,0,0,0,0,0,0,0,0,0
400541,0,1,1999,10,10,10,10,10,10,10,10,10,10
400541,1,1,1999,18,18,18,18,18,18,18,18,18,18
400541,2,1,1999,0,12,0,0,0,0,0,0,0,0
400542,1,1,1999,17,17,17,17,17,17,17,17,17,17
400543,1,1,1999,3,3,3,3,3,3,3,3,3,3
400544,1,1,1999,0,0,0,0,0,0,0,0,0,0
400544,2,1,1999,25,8,0,0,0,23,0,0,0,11
400545,1,1,1999,0,0,0,0,0,0,0,0,0,0
400545,2,1,1999,0,0,0,0,0,0,0,0,0,0
400546,1,1,1999,0,0,0,0,0,0,0,0,0,0
400547,1,1,1999,0,0,0,0,0,0,0,0,0,0
400547,2,1,1999,0,0,0,0,0,0,0,0,0,0
400548,1,1,1999,0,0,0,0,0,0,0,10,0,0
400548,2,1,1999,0,0,0,0,0,0,0,0,0,0
400548,3,1,1999,0,0,0,0,0,0,0,0,0,0
400549,1,1,1999,4,5,7,7,8,19,0,14,19,10
400550,1,1,1999,0,0,0,0,0,0,0,0,0,0
400551,1,1,1999,38,38,38,38,38,38,38,38,38,38
400551,2,1,1999,0,0,0,0,0,0,0,0,0,12
400552,1,1,1999,0,0,0,0,0,0,0,0,0,0
400552,2,1,1999,0,0,0,0,0,0,0,0,0,0
400553,1,1,1999,0,0,0,0,0,0,0,0,0,0
400553,2,1,1999,0,0,0,0,0,0,0,0,0,0
400554,1,1,1999,0,0,0,0,0,12,0,0,11,0
400554,2,1,1999,0,0,0,0,0,0,0,0,0,0
400555,1,1,1999,0,0,0,0,0,0,0,0,0,0
400555,2,1,1999,0,0,0,0,0,0,0,0,0,0
400556,1,1,1999,19,19,19,19,19,19,19,19,19,19
400557,1,1,1999,0,0,0,0,0,0,0,0,0,0
400558,0,1,1999,26,26,26,26,26,26,26,26,26,26
400558,1,1,1999,0,0,0,0,0,0,0,0,0,24
400558,2,1,1999,0,0,0,0,0,0,0,0,0,0
400559,0,1,1999,0,0,0,0,0,0,0,0,0,31
400559,1,1,1999,0,0,0,0,0,0,0,0,0,0
400560,1,1,1999,13,13,13,13,13,13,13,13,13,13
400560,2,1,1999,0,0,0,0,0,0,0,0,0,0
400561,0,1,1999,8,8,8,8,8,8,8,8,8,8
400561,1,1,1999,0,0,0,0,0,0,0,0,0,0
400562,1,1,1999,0,8,0,0,0,0,7,0,0,10
400562,2,1,1999,0,0,0,0,0,0,0,0,0,0
400563,1,1,1999,0,0,0,0,0,0,0,0,0,0
400563,2,1,1999,0,0,0,0,0,0,0,0,0,0
400564,1,1,1999,0,0,0,0,0,0,0,0,0,0
400565,1,1,1999,0,0,0,0,0,0,0,0,0,0
400565,2,1,1999,0,0,0,0,0,0,0,0,0,0
400566,1,1,1999,0,0,0,0,0,0,0,0,0,0
400566,2,1,1999,0,0,0,0,0,0,0,0,0,0
400567,0,1,1999,0,0,0,0,0,0,0,0,0,0
400567,1,1,1999,0,5,0,0,0,0,0,0,0,0
400568,0,1,1999,0,0,0,0,0,0,0,0,0,0
400568,1,1,1999,0,0,0,0,0,0,0,0,0,0
400569,1,1,1999,20,32,16,0,14,39,25,30,19,17
400570,0,1,1999,0,0,0,0,0,0,0,0,0,0
400570,0,2,1999,0,0,0,0,0,0,0,0,0,0
400570,1,1,1999,0,0,0,0,0,0,0,0,0,0
400571,1,1,1999,19,10,31,9,11,31,15,22,8,8
400572,1,1,1999,27,19,8,25,15,20,13,11,24,11
400573,1,1,1999,0,0,0,0,0,0,0,0,0,0
400574,1,1,1999,0,0,0,0,0,0,0,0,0,5
400575,1,1,1999,0,0,0,0,0,0,0,0,0,0
400575,2,1,1999,0,0,0,0,0,0,0,0,0,0
400576,1,1,1999,5,10,0,0,0,0,0,22,0,0
400577,1,1,1999,0,0,0,0,0,0,0,0,0,0
400578,1,1,1999,0,0,0,0,0,0,0,0,0,0
400579,1,1,1999,0,0,0,0,0,0,0,0,0,0
400579,2,1,1999,0,0,0,0,0,0,0,0,0,0
400580,1,1,1999,0,0,0,0,0,0,0,0,0,0
400580,2,1,1999,0,0,0,13,0,0,0,6,25,0
400581,1,1,1999,0,0,0,0,0,0,0,0,24,0
400581,2,1,1999,0,0,0,0,0,0,0,0,0,0
400582,1,1,1999,0,0,0,0,0,0,0,0,0,0
400583,0,1,1999,22,22,22,22,22,22,22,22,22,22
400583,1,1,1999,0,0,0,0,0,0,0,0,0,0
400584,1,1,1999,19,0,0,0,0,0,0,0,0,0
400585,1,1,1999,25,18,0,18,29,0,0,20,14,17
400586,1,1,1999,0,0,0,0,0,0,0,0,0,0
400587,1,1,1999,0,0,0,0,0,0,0,0,0,0
400587,2,1,1999,0,0,0,0,0,0,0,0,0,3
400588,1,1,1999,0,6,0,25,0,0,0,13,13,0
400588,2,1,1999,0,0,0,0,0,0,0,0,0,0
400588,3,1,1999,0,0,0,0,0,0,0,0,0,0
400589,1,1,1999,11,22,2,5,15,6,13,3,8,15
400590,1,1,1999,0,0,0,0,0,0,0,0,0,0
400590,2,1,1999,0,0,0,0,0,0,0,0,0,0
400591,1,1,1999,0,12,0,11,6,0,18,23,6,9
400591,2,1,1999,0,0,0,0,0,0,0,0,0,0
400592,1,1,1999,0,0,0,0,0,0,0,0,0,0
400592,2,1,1999,0,0,0,0,0,0,0,0,0,0
400593,1,1,1999,0,0,0,0,0,0,0,0,0,0
400593,2,1,1999,0,0,0,0,0,0,0,0,0,0
400594,1,1,1999,0,0,0,0,9,0,0,0,0,0
400594,2,1,1999,0,0,0,0,0,0,0,0,0,0
400595,0,1,1999,0,0,0,0,0,0,0,0,0,0
400595,1,1,1999,0,0,0,0,0,0,0,0,0,0
400596,1,1,1999,0,0,0,0,0,0,0,0,0,0
400597,1,1,1999,0,0,0,0,0,0,0,0,0,0
400597,2,1,1999,0,0,0,0,0,0,0,0,0,0
400598,1,1,1999,0,0,0,0,0,0,0,0,0,0
400599,1,1,1999,0,0,0,0,0,0,0,0,0,0
400600,1,1,1999,18,28,16,26,7,23,31,18,35,27
400601,1,1,1999,0,0,0,0,0,0,0,0,0,0
400602,1,1,1999,0,0,0,0,0,0,0,0,0,0
400603,1,1,1999,0,0,0,0,0,0,0,0,0,0
400603,2,1,1999,0,0,0,0,0,0,0,0,0,0
400604,1,1,1999,0,0,0,0,0,0,0,0,0,0
400604,2,1,1999,6,0,27,29,23,6,0,7,14,15
400605,1,1,1999,0,11,0,0,0,10,0,12,0,0
400606,1,1,1999,0,0,0,0,0,0,0,0,0,0
400606,2,1,1999,0,0,0,0,0,0,0,0,0,0
400607,1,1,1999,26,26,26,26,26,26,26,26,26,26
400608,1,1,1999,0,0,0,0,0,0,0,0,0,17
400608,2,1,1999,0,0,0,0,0,0,0,0,0,0
400609,1,1,1999,0,0,0,0,0,0,0,0,0,0
400609,2,1,1999,0,0,0,0,0,0,0,0,0,0
400610,1,1,1999,0,0,0,0,0,0,0,0,0,0
400611,1,1,1999,13,15,0,16,22,10,9,15,16,11
400612,1,1,1999,0,4,15,6,17,31,13,14,9,0
400612,2,1,1999,0,0,0,0,0,0,0,0,0,0
400613,1,1,1999,0,0,0,0,0,0,0,0,0,0
400613,2,1,1999,0,0,0,0,0,0,0,0,0,0
400614,1,1,1999,22,0,26,14,38,11,13,0,3,0
400615,1,1,1999,0,0,0,0,0,0,0,7,0,0
400615,2,1,1999,0,0,0,0,0,0,0,0,0,0
400616,1,1,1999,0,0,0,0,0,0,0,0,0,0
400616,2,1,1999,0,0,0,0,0,0,0,0,0,0
400616,3,1,1999,0,0,0,0,0,0,0,0,0,0
400616,4,1,1999,0,0,0,0,0,0,0,0,0,0
400616,5,1,1999,0,0,0,0,0,0,0,0,0,0
400617,1,1,1999,0,0,0,0,0,0,0,0,0,0
400618,1,1,1999,0,0,10,0,0,0,0,0,0,0
400618,2,1,1999,0,0,0,0,0,0,0,0,0,0
400619,1,1,1999,0,0,0,0,0,0,0,0,0,0
400619,2,1,1999,0,0,0,0,0,0,0,0,0,0
400620,1,1,1999,13,16,12,32,18,0,20,24,19,7
400620,2,1,1999,0,0,0,0,0,0,0,0,0,0
400621,0,1,1999,22,22,22,22,22,22,22,22,22,22
400621,1,1,1999,0,38,0,0,0,3,0,0,0,12
400622,1,1,1999,0,0,0,0,0,0,0,0,0,0
400622,2,1,1999,0,0,0,0,0,0,0,0,0,0
410001,1,1,1999,0,0,0,0,0,0,0,0,0,0
410001,2,1,1999,0,0,0,0,0,0,0,0,0,0
410002,1,1,1999,0,0,0,0,0,0,0,0,0,0
410002,2,1,1999,0,0,0,0,0,0,15,0,0,0
410003,1,1,1999,0,0,0,0,0,0,0,0,0,0
410004,1,1,1999,25,25,25,25,25,25,25,25,25,25
410005,1,1,1999,19,19,19,19,19,19,19,19,19,19
410006,1,1,1999,0,0,0,0,0,0,0,0,0,0
410006,2,1,1999,0,0,0,0,0,0,0,0,0,0
410007,1,1,1999,0,0,0,0,0,0,0,0,0,0
410007,2,1,1999,0,0,0,0,0,0,0,0,0,0
410007,3,1,1999,9,0,0,0,0,0,0,0,0,9
410008,1,1,1999,20,20,20,20,20,20,20,20,20,20
410008,2,1,1999,0,0,0,0,0,0,0,0,0,0
410008,3,1,1999,0,0,0,0,0,0,0,0,0,18
410009,1,1,1999,0,0,0,0,0,0,31,0,0,0
410010,1,1,1999,0,0,0,0,0,0,0,0,0,0
410010,2,1,1999,0,0,9,0,0,19,0,0,3,0
410011,1,1,1999,0,0,0,0,0,0,0,0,0,0
410011,2,1,1999,0,0,0,0,0,0,0,0,0,0
410012,1,1,1999,8,8,8,8,8,8,8,8,8,8
410013,1,1,1999,0,0,0,0,0,0,0,0,0,0
410013,2,1,1999,0,0,0,0,0,0,0,0,0,0
410014,1,1,1999,22,22,22,22,22,22,22,22,22,22
410014,2,1,1999,0,15,0,0,0,0,0,0,0,0
410015,0,1,1999,28,28,28,28,28,28,28,28,28,28
410015,1,1,1999,0,0,0,0,0,0,0,0,0,0
410016,1,1,1999,20,20,20,20,20,20,20,20,20,20
410017,1,1,1999,0,0,0,0,0,0,0,0,0,0
410017,2,1,1999,0,0,0,0,0,0,0,0,0,0
410018,0,5,1999,0,0,0,0,18,20,0,0,0,0
410018,0,6,1999,0,8,0,0,27,0,7,0,0,0
410018,1,1,1999,0,0,0,0,0,0,0,0,0,0
410019,0,1,1999,26,32,29,11,10,11,9,35,21,26
410019,1,1,1999,0,0,0,0,0,0,0,0,0,0
410020,1,1,1999,34,34,34,34,34,34,34,34,34,34
410020,2,1,1999,0,0,0,0,0,0,0,0,19,0
410021,1,1,1999,0,0,0,0,0,0,0,0,0,0
410021,2,1,1999,0,0,0,0,0,0,0,0,0,0
410021,3,1,1999,11,0,0,0,0,0,0,0,0,0
410022,1,1,1999,0,0,0,0,0,0,0,0,0,0
410023,1,1,1999,0,0,0,0,0,0,0,0,0,0
410023,2,1,1999,0,0,0,0,0,0,0,0,0,0
410024,1,1,1999,0,0,0,0,0,0,0,0,0,0
410025,1,1,1999,12,12,12,12,12,12,12,12,12,12
410025,2,1,1999,0,0,19,0,0,0,0,21,0,0
410026,1,1,1999,0,0,0,0,0,0,0,0,0,0
410026,2,1,1999,0,0,0,0,0,0,0,0,0,0
410027,1,1,1999,0,0,0,0,0,0,0,0,0,0
410027,2,1,1999,0,0,0,0,0,0,0,0,0,0
410028,1,1,1999,4,4,4,4,4,4,4,4,4,4
410029,1,1,1999,0,0,0,0,0,0,0,0,0,0
410029,2,1,1999,0,0,0,0,0,0,0,0,0,0
410031,1,1,1999,0,0,0,0,0,0,0,0,0,0
410031,2,1,1999,22,22,22,22,22,22,22,22,22,22
410032,1,1,1999,0,0,0,0,0,0,0,0,0,0
410032,2,1,1999,29,29,29,29,29,29,29,29,29,29
410033,1,1,1999,0,0,0,0,0,0,0,0,0,0
410034,1,1,1999,10,10,10,10,10,10,10,10,10,10
410035,1,1,1999,0,0,0,0,0,0,0,0,0,0
410035,2,1,1999,0,0,0,0,0,0,0,0,0,0
410036,1,1,1999,20,20,20,20,20,20,20,20,20,20
410037,0,1,1999,0,0,0,0,0,0,0,0,0,0
410037,1,1,1999,0,0,0,0,0,0,0,0,0,0
410038,1,1,1999,0,0,0,0,0,0,0,0,0,0
410038,2,1,1999,0,0,0,0,0,0,0,0,0,0
410039,1,1,1999,0,0,0,0,0,0,0,0,0,0
410039,2,1,1999,0,0,0,0,0,0,0,0,0,0
410040,1,1,1999,27,27,27,27,27,27,27,27,27,27
410041,0,1,1999,0,0,0,0,0,0,0,0,0,0
410041,1,1,1999,0,0,0,0,0,0,0,0,0,0
410042,1,1,1999,0,0,0,0,0,0,0,0,0,0
410043,1,1,1999,0,0,0,0,0,0,0,0,0,0
410043,2,1,1999,0,0,0,0,0,0,0,0,0,0
410043,3,1,1999,0,0,0,0,0,0,0,0,0,0
410044,1,1,1999,16,16,16,16,16,16,16,16,16,16
410045,1,1,1999,28,28,28,28,28,28,28,28,28,28
410046,1,1,1999,18,18,18,18,18,18,18,18,18,18
410046,2,1,1999,5,5,5,5,5,5,5,5,5,5
410046,3,1,1999,0,0,0,0,0,0,0,0,0,0
410047,1,1,1999,0,0,0,0,0,0,0,0,0,0
410048,1,1,1999,0,0,0,0,0,0,0,0,0,0
410048,2,1,1999,0,0,0,0,0,0,0,0,0,0
410049,0,1,1999,0,0,0,0,0,0,0,0,0,0
410049,1,1,1999,0,0,0,0,0,0,0,0,0,0
410050,1,1,1999,0,0,0,0,0,0,0,0,0,0
410051,0,1,1999,27,27,27,27,27,27,27,27,27,27
410051,1,1,1999,0,0,0,0,0,0,0,0,0,0
410051,2,1,1999,0,0,0,0,0,0,0,0,0,0
410052,0,1,1999,31,31,31,31,31,31,31,31,31,31
410052,1,1,1999,0,0,0,0,0,0,0,0,0,0
410053,0,1,1999,0,0,0,0,0,0,0,0,0,0
410053,1,1,1999,0,0,0,0,0,0,0,0,0,0
410054,1,1,1999,0,0,0,0,0,0,0,0,0,0
410054,2,1,1999,0,0,0,0,0,0,0,0,0,0
410055,1,1,1999,19,19,19,19,19,19,19,19,19,19
410056,1,1,1999,0,0,0,0,0,0,0,0,0,0
410056,2,1,1999,0,0,0,0,0,0,0,0,0,0
410057,1,1,1999,45,45,45,45,45,45,45,45,45,45
410058,1,1,1999,0,0,0,0,0,0,0,0,0,0
410058,2,1,1999,0,0,0,0,0,0,0,0,0,0
410059,1,1,1999,0,0,0,0,0,0,0,0,0,0
410060,1,1,1999,24,24,24,24,24,24,24,24,24,24
410061,1,1,1999,0,0,0,0,0,0,0,0,0,0
410062,1,1,1999,0,0,0,0,0,0,0,0,0,0
410063,1,1,1999,25,25,25,25,25,25,25,25,25,25
410064,1,1,1999,0,0,0,0,0,0,0,0,0,0
410064,2,1,1999,0,0,0,0,0,0,0,0,0,0
410064,3,1,1999,0,0,0,0,0,0,0,0,0,0
410064,4,1,1999,0,0,0,0,0,0,0,0,0,0
410064,5,1,1999,0,0,0,0,0,0,0,0,13,0
410065,1,1,1999,0,0,0,0,0,0,0,0,7,0
410065,2,1,1999,0,0,0,0,0,0,0,0,0,0
410066,1,1,1999,0,0,0,0,0,0,0,0,0,0
410067,1,1,1999,30,30,30,30,30,30,30,30,30,30
410068,0,1,1999,16,16,16,16,16,16,16,16,16,16
410068,1,1,1999,9,9,9,9,9,9,9,9,9,9
410069,1,1,1999,0,0,0,0,0,0,0,0,0,0
410069,2,1,1999,0,0,0,0,0,0,0,0,0,0
410070,1,1,1999,14,14,14,14,14,14,14,14,14,14
410070,2,1,1999,0,0,0,0,0,0,0,0,0,0
410071,1,1,1999,22,22,22,22,22,22,22,22,22,22
410071,2,1,1999,9,0,0,0,0,0,0,0,0,0
410072,1,1,1999,0,0,0,0,0,0,0,0,0,0
410073,0,1,1999,0,0,0,0,0,0,0,0,0,0
410073,1,1,1999,0,0,0,0,0,0,0,0,0,0
410075,1,1,1999,17,17,17,17,17,17,17,17,17,17
410076,0,1,1999,0,0,0,0,0,0,0,0,0,0
410076,1,1,1999,0,0,0,0,0,0,0,0,0,0
410077,1,1,1999,20,20,20,20,20,20,20,20,20,20
410077,2,1,1999,0,0,0,0,0,0,0,0,0,0
410078,1,1,1999,7,0,0,0,0,0,0,0,0,0
410078,2,1,1999,0,0,0,0,0,0,0,0,0,0
410079,1,1,1999,23,23,23,23,23,23,23,23,23,23
410080,1,1,1999,9,9,9,9,9,9,9,9,9,9
410081,1,1,1999,0,0,0,0,0,0,0,0,0,0
410081,2,1,1999,0,0,0,0,0,0,0,0,0,0
410082,1,1,1999,13,13,13,13,13,13,13,13,13,13
410083,1,1,1999,0,0,0,0,0,0,0,0,0,0
410083,2,1,1999,10,10,10,10,10,10,10,10,10,10
410084,1,1,1999,0,0,0,0,0,0,0,0,0,0
410084,2,1,1999,0,0,0,0,0,0,0,0,0,0
410085,1,1,1999,12,12,12,12,12,12,12,12,12,12
410086,1,1,1999,18,18,18,18,18,18,18,18,18,18
410088,1,1,1999,0,0,0,0,0,0,0,0,0,0
410089,1,1,1999,0,0,0,0,0,0,0,0,0,0
410090,1,1,1999,0,0,0,0,0,27,0,0,0,0
410091,1,1,1999,0,0,0,0,0,0,0,0,0,0
410091,2,1,1999,0,0,0,0,0,0,0,0,0,0
410092,0,1,1999,0,0,0,0,0,0,0,0,0,0
410092,1,1,1999,0,0,0,0,0,0,0,0,0,0
410093,1,1,1999,0,0,0,0,0,0,0,7,0,0
410094,1,1,1999,9,9,9,9,9,9,9,9,9,9
410094,2,1,1999,0,0,0,0,0,0,0,0,0,0
410095,1,1,1999,0,8,0,18,0,16,0,15,0,0
410096,0,1,1999,0,0,0,0,0,0,0,0,0,0
410096,1,1,1999,0,0,0,0,0,0,0,0,0,0
410097,1,1,1999,24,24,24,24,24,24,24,24,24,24
410098,1,1,1999,9,9,9,9,9,9,9,9,9,9
410099,1,1,1999,0,0,0,0,0,0,0,0,0,0
410099,2,1,1999,0,0,0,0,0,0,0,0,0,0
410099,3,1,1999,0,0,0,0,0,0,0,0,0,0
410100,1,1,1999,42,42,42,42,42,42,42,42,42,42
410101,0,1,1999,0,0,0,0,0,0,0,0,0,0
410103,1,1,1999,0,0,0,0,0,0,0,0,0,0
410103,2,1,1999,0,0,0,0,0,0,0,0,0,0
410104,1,1,1999,0,0,0,0,0,0,0,0,0,0
410105,1,1,1999,0,0,0,0,0,0,0,0,0,0
410105,2,1,1999,0,0,0,0,0,0,0,0,0,0
410105,3,1,1999,0,0,0,0,0,9,0,9,0,0
410106,1,1,1999,23,23,23,23,23,23,23,23,23,23
410107,1,1,1999,0,0,0,0,0,0,0,0,0,0
410107,2,1,1999,0,0,0,0,0,0,0,0,0,0
410107,3,1,1999,0,0,0,5,17,0,0,0,0,0