ST_CASE,VEH_NO,PER_NO,YEAR,P1,P2,P3,P4,P5,P6,P7,P8,P9,P10
410108,1,1,1999,0,0,0,0,0,0,0,0,0,0
410109,1,1,1999,0,0,0,0,0,0,0,0,0,0
410109,2,1,1999,0,0,0,0,0,0,0,0,0,0
410110,1,1,1999,0,0,0,0,0,0,0,0,0,0
410111,1,1,1999,0,0,0,0,0,0,0,0,0,0
410111,2,1,1999,0,0,0,0,0,0,0,0,0,0
410112,1,1,1999,0,0,0,0,0,0,0,0,0,0
410112,2,1,1999,0,0,0,0,0,0,0,0,0,0
410113,1,1,1999,7,7,7,7,7,7,7,7,7,7
410114,0,1,1999,0,0,0,0,0,0,0,0,0,0
410114,0,2,1999,0,0,0,6,24,0,0,16,0,0
410114,1,1,1999,22,22,22,22,22,22,22,22,22,22
410115,1,1,1999,1,1,1,1,1,1,1,1,1,1
410115,2,1,1999,0,0,0,0,0,0,0,0,0,0
410116,1,1,1999,16,16,16,16,16,16,16,16,16,16
410117,1,1,1999,27,27,27,27,27,27,27,27,27,27
410118,1,1,1999,0,0,0,0,0,0,0,0,0,0
410119,1,1,1999,0,0,0,0,0,0,0,0,0,0
410120,1,1,1999,22,22,22,22,22,22,22,22,22,22
410121,1,1,1999,0,0,0,0,0,0,0,0,0,0
410121,2,1,1999,0,0,0,0,0,0,0,0,0,0
410122,1,1,1999,0,0,0,0,0,0,0,0,0,0
410122,2,1,1999,0,0,0,0,0,0,0,0,0,0
410123,0,1,1999,0,0,0,0,0,0,0,0,0,0
410123,1,1,1999,0,0,0,0,0,0,0,0,0,0
410124,1,1,1999,18,18,18,18,18,18,18,18,18,18
410125,1,1,1999,0,0,0,0,0,0,0,0,0,0
410125,2,1,1999,0,0,0,0,0,0,0,0,0,0
410126,1,1,1999,0,0,0,0,0,0,0,0,0,0
410127,1,1,1999,0,0,0,0,0,0,0,0,0,0
410128,1,1,1999,0,0,0,0,0,0,0,0,0,0
410128,2,1,1999,0,0,0,0,0,0,0,0,0,0
410129,1,1,1999,16,16,16,16,16,16,16,16,16,16
410130,1,1,1999,30,30,30,30,30,30,30,30,30,30
410131,1,1,1999,17,17,17,17,17,17,17,17,17,17
410132,1,1,1999,0,0,0,0,0,0,0,0,0,0
410132,2,1,1999,0,0,0,0,0,0,0,0,0,0
410133,1,1,1999,0,0,0,0,0,0,0,0,0,0
410134,1,1,1999,11,11,11,11,11,11,11,11,11,11
410135,1,1,1999,0,0,0,0,0,0,0,0,0,0
410136,1,1,1999,15,15,15,15,15,15,15,15,15,15
410136,2,1,1999,0,0,0,0,0,0,0,0,0,0
410136,3,1,1999,0,0,0,0,0,21,0,0,0,0
410137,1,1,1999,0,0,0,0,0,0,0,0,0,0
410137,2,1,1999,0,0,0,0,0,0,0,0,0,0
410138,1,1,1999,0,0,0,0,0,0,0,0,0,0
410139,1,1,1999,17,17,17,17,17,17,17,17,17,17
410140,1,1,1999,0,0,0,0,0,0,0,0,0,0
410140,2,1,1999,0,0,0,0,0,0,0,0,0,0
410141,1,1,1999,0,0,7,0,0,0,0,0,0,0
410141,2,1,1999,0,0,0,0,0,0,0,0,0,0
410143,1,1,1999,0,0,0,0,0,0,0,0,0,0
410144,0,1,1999,26,26,26,26,26,26,26,26,26,26
410144,1,1,1999,0,0,0,0,0,0,0,0,0,0
410144,2,1,1999,0,0,0,0,0,0,0,0,0,0
410144,3,1,1999,0,0,0,0,0,12,0,0,0,23
410145,0,1,1999,20,20,20,20,20,20,20,20,20,20
410145,1,1,1999,18,0,0,10,19,13,11,13,0,11
410145,2,1,1999,14,14,14,14,14,14,14,14,14,14
410146,1,1,1999,12,12,12,12,12,12,12,12,12,12
410147,1,1,1999,9,9,9,9,9,9,9,9,9,9
410148,1,1,1999,0,0,0,0,0,0,0,0,0,0
410149,1,1,1999,0,0,0,0,0,0,0,0,0,0
410149,2,1,1999,9,9,9,9,9,9,9,9,9,9
410150,0,1,1999,0,0,0,0,0,0,0,0,0,0
410150,1,1,1999,0,0,0,0,0,0,0,0,0,0
410151,1,1,1999,0,0,0,0,0,0,0,0,0,0
410152,1,1,1999,0,0,0,0,0,0,0,0,0,0
410153,1,1,1999,0,0,0,0,0,0,0,0,0,0
410153,2,1,1999,0,0,0,0,2,0,0,0,0,0
410154,1,1,1999,0,0,0,0,0,0,0,0,0,0
410155,1,1,1999,0,0,0,0,0,0,0,0,0,0
410156,1,1,1999,0,0,0,0,0,0,0,0,0,0
410157,1,1,1999,0,0,0,0,0,0,7,0,0,0
410157,2,1,1999,0,0,0,0,0,0,0,0,0,0
410158,1,1,1999,0,0,0,0,0,0,0,0,0,0
410158,2,1,1999,0,0,0,0,0,0,0,0,0,0
410159,1,1,1999,13,13,13,13,13,13,13,13,13,13
410160,1,1,1999,0,0,0,0,0,0,0,0,0,0
410161,0,1,1999,0,0,0,0,0,0,0,0,0,0
410161,1,1,1999,0,0,0,0,0,0,0,0,0,0
410162,1,1,1999,0,0,0,0,0,0,0,0,0,0
410162,2,1,1999,0,0,0,0,0,0,0,0,0,0
410163,1,1,1999,0,0,0,0,0,0,0,0,0,0
410163,2,1,1999,0,0,0,0,0,0,0,0,0,0
410163,3,1,1999,0,13,0,0,0,0,0,0,0,0
410164,1,1,1999,11,11,11,11,11,11,11,11,11,11
410164,2,1,1999,0,0,0,0,0,17,3,0,14,0
410164,3,1,1999,0,0,0,0,0,0,0,0,0,0
410165,1,1,1999,0,0,0,0,0,0,0,0,0,0
410166,1,1,1999,0,0,0,0,0,0,0,0,0,0
410166,2,1,1999,0,0,0,0,0,0,0,0,0,0
410168,1,1,1999,12,12,12,12,12,12,12,12,12,12
410168,2,1,1999,8,7,4,4,14,6,0,12,12,7
410169,0,1,1999,0,0,0,0,0,0,0,0,0,0
410169,1,1,1999,0,0,0,0,0,0,0,0,0,0
410170,1,1,1999,20,20,20,20,20,20,20,20,20,20
410171,1,1,1999,0,0,0,0,0,0,0,0,0,0
410171,2,1,1999,0,0,0,0,0,0,0,0,0,0
410172,1,1,1999,0,0,0,0,0,0,0,0,0,0
410173,0,1,1999,0,0,0,0,0,24,0,0,0,0
410173,1,1,1999,0,0,0,0,0,0,0,0,0,0
410174,1,1,1999,0,0,0,0,0,0,0,0,0,0
410175,1,1,1999,3,3,3,3,3,3,3,3,3,3
410176,1,1,1999,0,0,0,0,0,0,0,0,0,0
410176,2,1,1999,0,0,0,0,0,0,0,0,0,0
410177,1,1,1999,12,12,12,12,12,12,12,12,12,12
410178,1,1,1999,0,9,9,20,0,0,0,0,0,0
410179,0,1,1999,8,8,8,8,8,8,8,8,8,8
410179,1,1,1999,2,2,2,2,2,2,2,2,2,2
410180,1,1,1999,0,0,0,0,0,0,0,0,0,0
410180,2,1,1999,0,0,0,0,0,0,0,0,0,0
410181,1,1,1999,0,0,0,0,0,0,0,0,0,0
410182,1,1,1999,0,0,0,0,0,0,0,0,0,0
410182,2,1,1999,0,0,0,0,0,0,0,0,0,0
410182,3,1,1999,0,0,0,0,0,0,0,0,0,0
410182,4,1,1999,0,0,0,0,0,0,0,0,0,0
410182,5,1,1999,0,0,0,0,0,0,0,0,0,0
410182,6,1,1999,0,0,0,0,0,0,0,0,0,0
410182,7,1,1999,0,0,0,0,0,0,0,0,0,0
410183,1,1,1999,25,25,25,25,25,25,25,25,25,25
410184,1,1,1999,32,0,0,0,0,0,0,13,0,0
410184,2,1,1999,0,0,0,0,0,0,0,0,0,0
410185,1,1,1999,0,0,0,0,0,0,0,0,0,0
410186,1,1,1999,13,13,13,13,13,13,13,13,13,13
410186,2,1,1999,0,0,0,0,0,0,0,0,0,0
410186,3,1,1999,0,0,0,0,0,0,0,0,0,0
410186,4,1,1999,0,0,0,0,0,0,0,0,0,0
410187,1,1,1999,0,0,0,0,0,0,0,0,0,0
410188,1,1,1999,15,34,20,17,19,26,22,0,24,15
410189,1,1,1999,0,0,0,0,0,0,0,0,0,0
410189,2,1,1999,0,0,0,0,0,0,0,0,0,0
410190,1,1,1999,0,0,0,0,0,0,0,0,0,0
410190,2,1,1999,0,0,0,0,0,0,0,0,0,0
410190,3,1,1999,0,0,7,0,0,0,0,0,0,0
410190,4,1,1999,0,0,0,0,0,0,0,0,0,0
410190,5,1,1999,0,0,0,0,0,0,0,0,0,0
410190,6,1,1999,0,0,0,0,0,0,0,0,0,0
410190,7,1,1999,0,25,0,0,0,0,0,0,0,0
410191,1,1,1999,0,0,0,0,0,0,0,0,0,0
410191,2,1,1999,0,0,0,0,0,0,0,0,0,0
410192,1,1,1999,0,0,0,0,0,0,0,0,0,0
410192,2,1,1999,0,0,0,0,0,0,0,0,0,0
410193,1,1,1999,0,0,0,0,0,0,0,0,0,0
410194,1,1,1999,0,0,0,0,0,0,0,0,0,0
410195,0,1,1999,0,0,0,0,0,0,0,0,0,0
410195,1,1,1999,0,0,0,0,0,0,0,0,0,0
410196,0,1,1999,0,0,0,0,0,0,0,0,0,0
410196,1,1,1999,0,0,0,0,0,0,0,0,0,0
410197,1,1,1999,0,0,0,0,0,0,0,0,0,0
410198,1,1,1999,0,0,0,0,0,0,0,0,0,0
410198,2,1,1999,0,0,0,0,0,0,0,0,0,0
410199,1,1,1999,0,0,0,0,0,0,0,0,0,0
410199,2,1,1999,0,0,0,0,0,0,0,0,0,0
410200,1,1,1999,0,0,0,0,0,0,0,0,0,0
410201,1,1,1999,27,27,27,27,27,27,27,27,27,27
410202,0,1,1999,0,0,0,0,0,0,0,0,0,0
410203,1,1,1999,0,20,0,0,0,0,0,0,0,0
410203,2,1,1999,0,0,0,0,0,0,0,0,0,0
410204,1,1,1999,38,38,38,38,38,38,38,38,38,38
410205,1,1,1999,0,0,0,0,0,0,0,0,0,0
410205,2,1,1999,0,0,0,0,0,0,0,0,0,0
410206,1,1,1999,0,0,0,0,0,0,0,0,0,0
410206,2,1,1999,0,0,0,0,0,0,0,0,0,0
410207,1,1,1999,0,0,0,0,0,0,0,0,0,0
410208,1,1,1999,0,0,0,0,0,0,0,0,0,0
410208,2,1,1999,0,0,0,0,0,0,0,0,0,0
410208,3,1,1999,0,0,0,0,0,0,0,0,0,0
410209,1,1,1999,1,1,1,1,1,1,1,1,1,1
410209,2,1,1999,0,0,0,0,0,0,9,0,0,0
410210,1,1,1999,7,7,7,7,7,7,7,7,7,7
410210,2,1,1999,0,0,0,0,0,0,0,0,0,0
410211,0,1,1999,0,0,0,0,0,0,0,0,0,0
410211,0,2,1999,0,0,0,0,26,25,0,29,0,4
410211,1,1,1999,0,0,0,0,0,0,0,0,0,0
410212,0,1,1999,33,33,33,33,33,33,33,33,33,33
410212,1,1,1999,0,0,0,0,0,0,0,0,0,0
410213,1,1,1999,22,22,22,22,22,22,22,22,22,22
410214,1,1,1999,24,24,24,24,24,24,24,24,24,24
410215,1,1,1999,0,0,0,0,0,0,0,0,0,0
410216,1,1,1999,0,0,0,0,0,0,0,0,0,0
410217,1,1,1999,25,25,25,25,25,25,25,25,25,25
410217,2,1,1999,0,0,21,0,0,0,0,0,0,0
410218,1,1,1999,0,0,10,5,0,16,0,0,7,0
410219,1,1,1999,27,27,27,27,27,27,27,27,27,27
410220,1,1,1999,0,0,0,0,0,0,0,0,0,0
410221,1,1,1999,0,0,0,0,0,0,0,0,0,0
410221,2,1,1999,0,0,0,0,0,0,0,0,0,0
410222,1,1,1999,18,18,18,18,18,18,18,18,18,18
410223,1,1,1999,6,6,6,6,6,6,6,6,6,6
410223,2,1,1999,1,1,1,1,1,1,1,1,1,1
410223,3,1,1999,0,0,0,0,0,0,0,0,0,0
410224,1,1,1999,0,0,0,0,0,0,0,0,0,0
410225,1,1,1999,22,11,23,30,15,7,6,23,0,12
410226,1,1,1999,12,12,12,12,12,12,12,12,12,12
410227,1,1,1999,0,0,0,0,0,0,0,0,0,0
410227,2,1,1999,0,0,0,0,0,0,0,0,0,0
410228,1,1,1999,25,25,25,25,25,25,25,25,25,25
410229,1,1,1999,28,28,28,28,28,28,28,28,28,28
410230,1,1,1999,3,3,3,3,3,3,3,3,3,3
410230,2,1,1999,0,0,0,0,0,0,0,0,0,0
410231,1,1,1999,6,6,6,6,6,6,6,6,6,6
410232,1,1,1999,0,0,0,0,0,0,0,0,0,0
410232,2,1,1999,0,0,0,0,0,0,0,0,0,0
410233,1,1,1999,18,18,18,18,18,18,18,18,18,18
410234,1,1,1999,24,24,24,24,24,24,24,24,24,24
410236,1,1,1999,0,0,0,0,0,0,0,0,0,0
410236,2,1,1999,0,0,0,0,0,0,0,0,0,0
410237,1,1,1999,0,0,0,0,0,0,0,0,0,0
410237,2,1,1999,0,0,0,0,0,0,0,0,0,0
410238,1,1,1999,12,12,12,12,12,12,12,12,12,12
410239,1,1,1999,0,0,0,0,0,0,0,0,0,0
410240,0,1,1999,0,0,0,0,0,0,0,0,0,0
410240,1,1,1999,8,14,0,0,0,0,30,3,0,22
410241,1,1,1999,0,0,0,0,0,0,0,0,0,0
410242,1,1,1999,0,0,0,0,0,0,0,0,0,0
410242,2,1,1999,0,0,0,0,0,0,0,0,0,0
410243,1,1,1999,0,0,0,0,0,0,0,0,0,0
410243,2,1,1999,0,0,0,0,0,0,0,0,0,0
410244,1,1,1999,11,11,11,11,11,11,11,11,11,11
410244,2,1,1999,0,0,0,0,0,0,0,0,0,0
410245,0,1,1999,0,0,0,0,0,0,0,0,0,0
410245,1,1,1999,0,0,0,0,0,0,0,0,0,0
410246,1,1,1999,0,0,0,0,0,0,0,0,0,0
410246,2,1,1999,0,0,0,0,0,0,0,0,0,0
410247,1,1,1999,8,8,8,8,8,8,8,8,8,8
410248,1,1,1999,13,13,13,13,13,13,13,13,13,13
410249,1,1,1999,0,0,0,0,0,0,0,0,0,0
410250,1,1,1999,0,0,0,0,0,0,0,0,0,0
410250,2,1,1999,0,0,0,0,0,0,0,0,0,0
410251,1,1,1999,0,0,0,0,0,0,0,0,0,0
410252,1,1,1999,0,0,0,0,0,0,0,0,0,0
410253,1,1,1999,10,10,10,10,10,10,10,10,10,10
410254,1,1,1999,2,2,2,2,2,2,2,2,2,2
410255,1,1,1999,0,0,0,0,0,0,0,0,0,0
410255,2,1,1999,0,0,0,0,0,0,0,0,0,0
410256,1,1,1999,0,0,0,0,0,0,0,0,0,0
410256,2,1,1999,0,0,0,0,0,0,0,0,0,0
410257,1,1,1999,0,0,0,0,0,0,0,0,0,0
410257,2,1,1999,0,0,0,0,0,0,0,6,0,0
410258,1,1,1999,0,0,0,0,0,0,0,0,0,0
410259,1,1,1999,0,0,0,0,0,0,0,0,0,0
410260,1,1,1999,0,0,0,0,0,0,0,0,0,0
410260,2,1,1999,0,0,0,0,0,0,0,0,0,0
410261,1,1,1999,0,0,0,0,0,0,0,0,0,0
410261,2,1,1999,0,0,0,0,0,0,0,0,0,0
410262,1,1,1999,19,19,19,19,19,19,19,19,19,19
410262,2,1,1999,0,0,0,0,0,0,0,0,0,0
410263,1,1,1999,0,0,0,0,0,0,0,0,0,0
410263,2,1,1999,0,0,0,0,0,0,0,0,0,0
410264,1,1,1999,9,9,9,9,9,9,9,9,9,9
410264,2,1,1999,0,0,0,0,0,0,0,0,0,10
410264,3,1,1999,0,0,0,0,0,0,0,0,0,0
410265,1,1,1999,0,0,0,0,0,0,0,0,0,0
410266,1,1,1999,11,11,11,11,11,11,11,11,11,11
410267,1,1,1999,10,10,10,10,10,10,10,10,10,10
410268,1,1,1999,13,13,13,13,13,13,13,13,13,13
410269,1,1,1999,12,21,19,0,25,20,12,0,5,26
410271,1,1,1999,0,0,0,0,0,0,0,0,0,0
410271,2,1,1999,0,0,0,0,0,0,0,0,13,0
410271,3,1,1999,0,0,0,0,0,0,0,0,0,0
410272,1,1,1999,21,21,21,21,21,21,21,21,21,21
410273,1,1,1999,6,6,6,6,6,6,6,6,6,6
410274,1,1,1999,0,0,0,0,0,0,0,0,0,0
410274,2,1,1999,0,0,0,0,0,0,0,0,0,0
410274,3,1,1999,0,0,0,0,0,0,0,0,0,0
410274,4,1,1999,0,0,0,0,14,0,0,0,0,0
410274,5,1,1999,0,0,0,0,0,0,0,0,0,0
410274,6,1,1999,0,0,0,0,0,0,0,0,0,8
410274,7,1,1999,0,0,0,0,0,0,0,0,0,0
410274,8,1,1999,19,0,13,0,0,0,0,0,0,0
410274,9,1,1999,0,0,0,0,0,0,0,0,0,0
410274,10,1,1999,0,0,0,0,0,0,0,0,0,0
410274,11,1,1999,0,0,0,0,0,0,0,0,0,0
410274,12,1,1999,0,0,0,0,0,0,0,0,0,0
410274,13,1,1999,0,0,0,0,0,0,0,0,0,0
410274,14,1,1999,0,0,0,30,0,0,25,0,0,0
410274,15,1,1999,22,22,22,22,22,22,22,22,22,22
410274,16,1,1999,0,0,0,3,0,0,0,0,0,0
410274,17,1,1999,0,0,0,0,0,0,0,0,0,0
410274,18,1,1999,0,0,0,0,0,0,0,0,0,0
410274,19,1,1999,0,0,0,0,0,0,0,0,0,0
410274,20,1,1999,0,0,0,0,0,0,0,0,0,0
410275,0,1,1999,19,19,19,19,19,19,19,19,19,19
410275,1,1,1999,0,0,0,12,0,0,0,0,0,0
410277,1,1,1999,0,0,0,0,0,0,0,0,0,0
410278,1,1,1999,0,0,0,0,0,0,0,0,0,0
410279,1,1,1999,0,0,0,0,0,0,0,0,0,0
410280,1,1,1999,0,0,0,0,0,0,0,0,0,0
410280,2,1,1999,0,0,0,0,0,0,0,0,0,0
410280,3,1,1999,0,0,0,0,0,0,0,0,0,0
410280,4,1,1999,0,0,0,0,0,0,0,0,0,0
410280,5,1,1999,0,0,0,0,0,0,0,0,0,0
410281,1,1,1999,3,0,0,15,0,8,0,0,0,0
410281,2,1,1999,0,0,17,0,0,0,0,0,0,0
410281,3,1,1999,0,0,0,0,0,0,0,0,0,0
410281,4,1,1999,0,0,0,0,0,0,0,0,0,0
410282,1,1,1999,17,17,17,17,17,17,17,17,17,17
410283,1,1,1999,21,21,21,21,21,21,21,21,21,21
410284,1,1,1999,0,0,0,0,0,0,0,0,0,0
410285,1,1,1999,0,0,0,0,0,0,0,0,0,0
410285,2,1,1999,0,0,0,0,0,0,0,0,0,0
410286,1,1,1999,0,0,0,0,0,0,0,0,0,0
410286,2,1,1999,0,0,0,0,0,0,0,8,8,0
410287,1,1,1999,0,0,0,0,0,0,0,0,0,0
410287,2,1,1999,0,0,0,0,0,0,0,0,0,0
410288,1,1,1999,0,0,0,0,0,0,0,0,0,0
410288,2,1,1999,0,0,0,0,0,0,0,0,0,0
410289,1,1,1999,22,22,22,22,22,22,22,22,22,22
410290,1,1,1999,0,0,0,0,0,0,0,0,0,0
410290,2,1,1999,0,0,0,0,0,0,0,0,0,0
410291,1,1,1999,0,0,0,0,0,0,0,0,0,0
410292,1,1,1999,17,17,17,17,17,17,17,17,17,17
410293,0,1,1999,45,45,45,45,45,45,45,45,45,45
410293,1,1,1999,0,0,0,0,13,0,0,0,0,0
410294,1,1,1999,0,0,0,0,0,0,0,0,0,0
410295,1,1,1999,12,12,12,12,12,12,12,12,12,12
410296,1,1,1999,0,0,0,0,0,0,0,0,0,0
410296,2,1,1999,0,0,0,0,0,0,0,0,0,0
410297,0,1,1999,32,32,32,32,32,32,32,32,32,32
410297,1,1,1999,0,0,0,0,0,0,0,0,0,0
410298,1,1,1999,0,0,0,0,0,0,0,0,0,0
410298,2,1,1999,0,0,0,0,0,0,0,0,0,0
410299,1,1,1999,0,0,0,0,0,0,0,0,0,0
410299,2,1,1999,0,0,0,0,0,0,0,0,0,0
410300,0,1,1999,0,0,0,0,0,0,0,0,0,0
410300,1,1,1999,0,0,0,0,0,0,0,0,0,0
410301,1,1,1999,0,0,12,3,0,0,0,0,12,0
410302,1,1,1999,0,0,0,0,0,0,0,0,0,0
410303,1,1,1999,14,14,14,14,14,14,14,14,14,14
410304,1,1,1999,1,1,1,1,1,1,1,1,1,1
410305,1,1,1999,18,18,18,18,18,18,18,18,18,18
410306,0,1,1999,20,20,20,20,20,20,20,20,20,20
410306,1,1,1999,0,0,0,0,0,0,0,0,0,0
410306,2,1,1999,0,0,0,0,0,0,0,0,0,0
410307,0,1,1999,18,18,18,18,18,18,18,18,18,18
410307,1,1,1999,0,0,0,0,0,0,0,0,0,0
410308,0,1,1999,0,0,0,0,0,0,0,0,0,0
410308,1,1,1999,17,0,0,0,0,0,0,0,0,0
410309,1,1,1999,21,21,21,21,21,21,21,21,21,21
410310,1,1,1999,0,0,0,0,0,0,0,0,0,0
410310,2,1,1999,0,0,0,0,0,0,0,0,0,0
410311,1,1,1999,8,8,8,8,8,8,8,8,8,8
410312,0,1,1999,0,0,0,0,0,0,0,0,0,0
410312,1,1,1999,0,0,0,0,0,0,0,0,0,0
410313,0,1,1999,8,8,8,8,8,8,8,8,8,8
410313,1,1,1999,22,22,22,22,22,22,22,22,22,22
410314,1,1,1999,0,0,0,0,0,0,0,0,0,0
410314,2,1,1999,0,0,0,0,0,0,0,0,0,0
410315,1,1,1999,0,0,0,0,0,0,0,0,0,0
410316,1,1,1999,0,0,0,0,0,0,0,0,0,0
410316,2,1,1999,0,0,0,0,0,0,0,0,0,0
410317,1,1,1999,0,0,0,0,0,0,0,0,0,0
410318,1,1,1999,12,12,12,12,12,12,12,12,12,12
410318,2,1,1999,0,0,0,0,0,0,0,0,0,0
410319,0,1,1999,0,0,0,0,0,0,0,0,0,0
410319,1,1,1999,0,0,0,0,0,0,0,0,0,0
410320,1,1,1999,0,0,0,0,0,0,0,0,0,0
410320,2,1,1999,0,0,0,0,0,0,0,0,0,0
410321,1,1,1999,37,37,37,37,37,37,37,37,37,37
410322,1,1,1999,0,0,0,0,0,0,0,0,0,0
410322,2,1,1999,0,0,0,0,0,0,0,0,0,0
410323,1,1,1999,20,20,20,20,20,20,20,20,20,20
410324,1,1,1999,13,13,13,13,13,13,13,13,13,13
410325,0,1,1999,17,17,17,17,17,17,17,17,17,17
410325,1,1,1999,0,0,0,0,0,0,0,0,0,0
410326,1,1,1999,15,15,15,15,15,15,15,15,15,15
410327,1,1,1999,0,0,0,0,0,0,0,0,0,0
410327,2,1,1999,0,0,0,0,0,0,0,0,0,0
410328,1,1,1999,0,0,0,0,0,0,0,0,0,0
410328,2,1,1999,0,0,0,0,0,0,0,0,0,0
410329,0,1,1999,15,15,15,15,15,15,15,15,15,15
410329,1,1,1999,0,0,0,0,0,0,0,0,0,0
410330,1,1,1999,16,16,16,16,16,16,16,16,16,16
410330,2,1,1999,0,0,0,0,0,0,0,0,0,0
410331,1,1,1999,0,0,0,0,0,0,0,0,0,0
410332,1,1,1999,0,0,0,0,0,0,0,0,0,0
410333,1,1,1999,0,0,0,0,0,0,0,0,0,0
410334,1,1,1999,0,0,0,0,0,0,0,0,0,0
410334,2,1,1999,9,9,9,9,9,9,9,9,9,9
410335,0,1,1999,0,0,0,0,0,0,5,0,0,0
410335,1,1,1999,0,0,0,0,0,0,0,0,0,0
410336,0,1,1999,33,33,33,33,33,33,33,33,33,33
410336,1,1,1999,0,0,0,0,0,0,0,0,0,0
410337,1,1,1999,0,0,0,0,0,0,0,0,0,0
410337,2,1,1999,0,0,0,0,0,0,0,14,0,0
410338,1,1,1999,0,0,0,0,0,0,0,0,16,0
410338,2,1,1999,0,0,0,0,0,0,0,0,0,0
410338,3,1,1999,0,0,0,0,0,0,0,0,0,0
410339,1,1,1999,24,24,24,24,24,24,24,24,24,24
410339,2,1,1999,0,0,0,0,0,0,0,0,0,0
410340,1,1,1999,0,0,0,0,0,0,0,0,0,0
410340,2,1,1999,0,0,0,0,0,0,0,0,0,0
410341,0,1,1999,0,0,0,27,0,0,0,0,0,0
410341,1,1,1999,0,0,0,0,0,0,0,0,0,0
410342,1,1,1999,16,16,16,16,16,16,16,16,16,16
410342,2,1,1999,0,16,0,0,0,0,0,0,0,0
410343,1,1,1999,0,0,0,0,0,0,0,0,0,0
410343,2,1,1999,0,0,0,0,0,0,0,0,0,0
410344,1,1,1999,0,0,0,0,35,0,0,10,0,0
410345,1,1,1999,12,12,12,12,12,12,12,12,12,12
410345,2,1,1999,0,0,0,0,0,0,0,0,0,0
410346,0,1,1999,0,0,0,0,0,0,0,0,0,0
410346,0,2,1999,0,0,0,0,0,0,0,12,0,0
410346,1,1,1999,0,0,0,0,0,0,0,0,0,0
410347,1,1,1999,0,0,0,0,0,0,0,0,0,0
410347,2,1,1999,0,0,0,0,0,0,0,0,0,0
410348,1,1,1999,0,0,0,0,0,0,0,0,0,0
410349,1,1,1999,0,0,0,0,0,0,0,0,0,0
410350,1,1,1999,15,15,15,15,15,15,15,15,15,15
410351,1,1,1999,26,26,26,26,26,26,26,26,26,26
410352,0,1,1999,0,0,0,0,0,0,0,0,0,0
410352,1,1,1999,0,0,0,0,0,0,0,0,0,0
410353,1,1,1999,1,1,1,1,1,1,1,1,1,1
410354,1,1,1999,0,13,0,0,30,0,0,0,0,0
410355,1,1,1999,0,0,0,0,0,0,0,0,0,0
410355,2,1,1999,0,0,0,0,0,0,0,0,0,0
410356,1,1,1999,0,0,0,0,0,0,0,0,0,0
410357,1,1,1999,15,15,15,15,15,15,15,15,15,15
410358,0,1,1999,0,0,0,0,0,0,0,0,0,18
410359,1,1,1999,0,0,0,0,0,0,0,0,0,0
410359,2,1,1999,0,0,0,0,0,0,0,0,0,0
410360,1,1,1999,0,0,0,0,0,0,0,0,0,0
410361,0,1,1999,0,0,0,0,0,11,0,40,0,0
410361,1,1,1999,0,0,0,0,0,0,0,3,0,0
410362,1,1,1999,17,0,0,0,0,0,0,7,0,0
410363,1,1,1999,0,0,0,0,0,0,0,0,0,0
410363,2,1,1999,0,0,0,0,0,0,0,0,0,0
410364,1,1,1999,19,19,19,19,19,19,19,19,19,19
410365,0,1,1999,0,0,0,0,0,0,0,6,0,0
410366,1,1,1999,23,23,23,23,23,23,23,23,23,23
410366,2,1,1999,0,0,0,0,0,0,0,0,0,0
410367,0,1,1999,0,0,0,0,0,0,0,0,0,0
410367,1,1,1999,0,0,0,0,0,0,0,0,0,0
410368,1,1,1999,0,0,0,0,0,0,0,0,0,0
410368,2,1,1999,0,0,0,0,0,0,0,0,0,0
410369,1,1,1999,0,0,0,0,0,0,0,0,0,0
410369,2,1,1999,0,0,0,0,0,0,0,0,0,0
410369,3,1,1999,0,22,0,0,0,0,0,0,0,0
410370,1,1,1999,0,0,0,0,0,0,0,0,0,0
410370,2,1,1999,0,0,0,0,0,0,0,0,0,0
410371,1,1,1999,16,16,16,16,16,16,16,16,16,16
410372,1,1,1999,15,15,15,15,15,15,15,15,15,15
410372,2,1,1999,0,0,0,0,0,0,0,0,0,0
410372,3,1,1999,0,0,0,0,0,0,0,0,0,0
410373,1,1,1999,0,0,0,0,0,0,0,0,0,0
410373,2,1,1999,0,0,0,0,0,0,0,0,0,0
410374,1,1,1999,10,10,10,10,10,10,10,10,10,10
410375,1,1,1999,13,13,13,13,13,13,13,13,13,13
410376,1,1,1999,0,34,32,0,0,0,10,12,0,0
420001,1,1,1999,0,0,0,0,0,0,0,0,0,0
420001,2,1,1999,0,0,0,0,0,0,0,0,0,0
420002,1,1,1999,0,0,0,0,0,0,0,0,0,0
420002,2,1,1999,0,0,0,0,0,0,0,0,0,0
420003,1,1,1999,0,0,0,0,0,0,0,0,0,0
420004,1,1,1999,0,0,0,0,0,0,0,0,0,0
420005,1,1,1999,23,23,23,23,23,23,23,23,23,23
420006,1,1,1999,0,0,0,0,0,0,0,0,0,0
420006,2,1,1999,0,0,0,0,0,0,0,0,0,0
420007,1,1,1999,0,0,0,0,0,0,0,0,0,0
420007,2,1,1999,0,0,0,0,0,0,0,0,0,0
420008,1,1,1999,0,0,0,0,0,0,0,0,0,0