ST_CASE,VEH_NO,PER_NO,YEAR,P1,P2,P3,P4,P5,P6,P7,P8,P9,P10
420008,2,1,1999,0,6,0,0,0,0,8,0,0,0
420009,1,1,1999,0,15,0,0,0,0,0,0,24,0
420010,1,1,1999,0,0,0,0,0,0,0,0,0,0
420011,1,1,1999,21,21,21,21,21,21,21,21,21,21
420012,0,1,1999,0,0,0,0,0,0,0,0,0,0
420012,1,1,1999,0,0,0,0,0,0,0,0,0,0
420013,1,1,1999,22,22,22,22,22,22,22,22,22,22
420014,1,1,1999,13,13,13,13,13,13,13,13,13,13
420015,1,1,1999,0,0,0,0,0,0,0,0,0,0
420015,2,1,1999,0,0,0,0,0,0,0,0,0,0
420016,1,1,1999,0,0,0,0,18,0,0,0,0,0
420016,2,1,1999,0,0,0,0,0,0,0,0,0,0
420017,1,1,1999,17,17,17,17,17,17,17,17,17,17
420018,1,1,1999,13,13,13,13,13,13,13,13,13,13
420019,1,1,1999,21,21,21,21,21,21,21,21,21,21
420019,2,1,1999,0,0,0,0,0,0,0,0,0,0
420019,3,1,1999,0,0,0,0,0,0,0,0,0,0
420020,1,1,1999,25,25,25,25,25,25,25,25,25,25
420021,1,1,1999,0,0,0,0,0,0,0,0,0,0
420022,1,1,1999,26,26,26,26,26,26,26,26,26,26
420023,0,1,1999,0,0,0,0,0,0,0,0,0,0
420023,1,1,1999,0,0,0,0,0,0,0,0,0,0
420024,1,1,1999,0,0,0,0,0,0,0,0,0,0
420025,1,1,1999,0,0,0,0,0,0,0,0,0,0
420026,0,1,1999,0,0,0,0,0,0,0,0,0,0
420026,1,1,1999,0,0,0,0,0,0,0,0,0,0
420027,1,1,1999,0,0,0,0,0,0,0,0,0,0
420028,1,1,1999,0,0,0,0,0,0,0,0,10,0
420029,1,1,1999,0,0,0,0,0,0,0,0,0,0
420029,2,1,1999,0,0,0,0,0,0,0,0,0,0
420030,0,1,1999,0,0,0,0,0,0,0,0,0,0
420030,1,1,1999,0,0,0,0,0,0,0,0,0,0
420031,1,1,1999,15,15,15,15,15,15,15,15,15,15
420032,1,1,1999,15,15,15,15,15,15,15,15,15,15
420033,1,1,1999,0,0,0,0,0,0,0,0,0,0
420033,2,1,1999,0,0,0,0,0,0,0,0,0,0
420034,1,1,1999,0,0,0,0,0,0,0,0,0,0
420034,2,1,1999,0,0,0,0,0,0,0,0,0,0
420035,1,1,1999,0,0,0,0,0,0,0,0,0,0
420035,2,1,1999,0,0,0,0,0,0,0,0,0,0
420035,3,1,1999,0,0,0,0,0,0,0,0,0,0
420036,0,1,1999,0,0,0,0,0,0,0,0,0,0
420036,1,1,1999,0,0,0,0,0,0,0,0,0,0
420037,0,1,1999,0,0,0,0,0,0,0,0,0,0
420037,1,1,1999,0,0,0,0,0,0,0,0,0,0
420038,1,1,1999,0,0,0,0,0,0,0,0,0,0
420038,2,1,1999,0,0,0,0,0,0,0,0,0,0
420039,1,1,1999,0,0,0,0,0,0,0,0,0,0
420039,2,1,1999,0,0,0,0,0,0,0,0,0,0
420040,1,1,1999,0,0,0,0,0,0,0,0,0,0
420041,1,1,1999,0,0,0,0,0,0,0,0,0,0
420041,2,1,1999,0,0,15,0,38,0,8,0,0,8
420042,1,1,1999,0,0,0,0,0,0,0,0,0,0
420043,1,1,1999,0,0,0,0,0,0,0,0,11,0
420044,1,1,1999,0,0,0,0,0,0,0,0,0,0
420044,2,1,1999,0,0,0,0,0,0,0,0,0,0
420045,1,1,1999,0,0,0,0,0,0,0,0,0,0
420046,1,1,1999,28,28,28,28,28,28,28,28,28,28
420047,1,1,1999,31,0,0,0,24,0,0,0,0,0
420047,2,1,1999,0,0,0,0,0,0,0,0,0,0
420048,1,1,1999,0,0,0,0,0,0,0,0,0,0
420048,2,1,1999,0,0,0,0,0,0,0,0,0,0
420049,0,1,1999,0,24,0,17,26,0,0,0,0,0
420049,1,1,1999,0,0,0,0,0,0,0,0,0,0
420050,0,1,1999,0,0,0,0,0,0,0,0,0,0
420050,0,2,1999,2,0,0,0,0,0,0,0,0,0
420050,1,1,1999,0,0,0,0,0,0,0,0,0,0
420050,2,1,1999,0,0,0,0,0,0,0,0,0,0
420051,1,1,1999,0,0,0,0,0,0,0,0,8,0
420052,1,1,1999,0,0,0,0,0,0,0,0,0,0
420052,2,1,1999,13,13,13,13,13,13,13,13,13,13
420053,1,1,1999,4,4,4,4,4,4,4,4,4,4
420054,1,1,1999,0,12,13,0,0,10,0,11,0,0
420055,0,1,1999,0,0,0,0,0,0,0,0,0,0
420055,1,1,1999,0,0,0,0,0,0,0,0,0,0
420056,1,1,1999,20,20,20,20,20,20,20,20,20,20
420057,1,1,1999,18,18,18,18,18,18,18,18,18,18
420057,2,1,1999,0,0,0,0,0,0,0,0,0,0
420058,1,1,1999,0,0,0,0,0,0,0,0,0,0
420058,2,1,1999,18,18,18,18,18,18,18,18,18,18
420059,1,1,1999,20,20,20,20,20,20,20,20,20,20
420060,1,1,1999,16,16,16,16,16,16,16,16,16,16
420061,1,1,1999,0,0,0,0,0,0,0,0,0,0
420061,2,1,1999,0,0,0,0,0,0,0,0,0,0
420062,0,1,1999,0,0,0,0,0,0,0,0,0,0
420062,1,1,1999,0,0,0,0,0,0,0,0,0,0
420063,1,1,1999,0,0,0,0,0,0,0,0,0,0
420064,1,1,1999,15,15,15,15,15,15,15,15,15,15
420065,1,1,1999,22,22,22,22,22,22,22,22,22,22
420065,2,1,1999,0,0,0,0,0,0,0,0,0,0
420066,0,1,1999,0,0,0,0,0,0,0,0,0,0
420066,1,1,1999,6,6,6,6,6,6,6,6,6,6
420067,1,1,1999,10,10,10,10,10,10,10,10,10,10
420067,2,1,1999,0,0,0,0,0,0,0,0,0,0
420068,1,1,1999,14,14,14,14,14,14,14,14,14,14
420069,1,1,1999,24,0,21,20,0,0,0,24,9,19
420069,2,1,1999,0,0,0,0,7,0,15,0,13,0
420070,0,1,1999,0,0,0,0,0,0,0,0,0,0
420070,1,1,1999,0,0,0,0,0,0,0,0,0,0
420071,1,1,1999,0,0,0,0,0,0,0,0,0,0
420072,1,1,1999,23,23,23,23,23,23,23,23,23,23
420073,1,1,1999,47,47,47,47,47,47,47,47,47,47
420074,1,1,1999,0,0,0,0,0,0,0,0,0,0
420074,2,1,1999,0,0,0,0,0,0,0,0,0,0
420075,0,1,1999,18,18,18,18,18,18,18,18,18,18
420075,1,1,1999,0,0,0,0,0,0,0,0,0,0
420075,2,1,1999,0,0,0,0,0,0,0,0,0,0
420076,1,1,1999,7,7,7,7,7,7,7,7,7,7
420077,0,1,1999,17,17,17,17,17,17,17,17,17,17
420077,1,1,1999,0,0,0,0,0,8,26,0,0,0
420077,2,1,1999,0,0,0,0,0,0,0,0,0,0
420078,1,1,1999,14,14,14,14,14,14,14,14,14,14
420078,2,1,1999,0,0,0,0,0,0,0,0,0,0
420079,1,1,1999,12,12,12,12,12,12,12,12,12,12
420079,2,1,1999,0,0,0,0,0,0,0,0,0,0
420080,1,1,1999,21,21,21,21,21,21,21,21,21,21
420080,2,1,1999,0,0,0,0,0,0,0,0,0,0
420081,1,1,1999,0,0,0,0,0,0,0,0,0,0
420081,2,1,1999,0,0,0,0,0,0,0,0,0,0
420082,1,1,1999,15,15,15,15,15,15,15,15,15,15
420083,1,1,1999,0,0,0,0,0,0,0,0,0,0
420083,2,1,1999,0,0,0,0,0,0,0,0,0,0
420084,1,1,1999,0,0,0,0,0,0,0,0,0,0
420085,1,1,1999,19,19,19,19,19,19,19,19,19,19
420086,1,1,1999,0,0,0,0,0,0,0,0,0,0
420087,1,1,1999,0,0,0,0,0,0,0,0,0,0
420087,2,1,1999,0,0,0,0,0,0,0,0,0,0
420088,1,1,1999,28,28,28,28,28,28,28,28,28,28
420088,2,1,1999,0,0,0,0,0,0,0,0,0,0
420089,1,1,1999,0,0,0,0,0,0,0,0,0,0
420089,2,1,1999,0,0,0,0,0,0,0,0,0,0
420090,1,1,1999,13,13,13,13,13,13,13,13,13,13
420090,2,1,1999,0,0,0,0,0,0,0,0,0,0
420091,1,1,1999,4,4,4,4,4,4,4,4,4,4
420091,2,1,1999,0,0,0,0,0,0,0,0,0,0
420092,1,1,1999,0,0,0,0,0,0,0,0,0,0
420093,1,1,1999,0,0,0,0,0,0,0,0,0,0
420094,1,1,1999,0,0,0,0,0,0,0,0,0,0
420095,1,1,1999,0,0,0,0,0,0,0,0,0,0
420095,2,1,1999,0,0,0,0,10,0,0,0,0,0
420096,1,1,1999,0,0,0,0,0,0,0,0,0,0
420096,2,1,1999,0,0,0,0,0,0,0,0,0,0
420096,3,1,1999,0,0,0,0,0,0,0,0,0,0
420097,1,1,1999,25,25,25,25,25,25,25,25,25,25
420097,2,1,1999,0,0,0,0,0,0,0,0,0,0
420098,1,1,1999,13,13,13,13,13,13,13,13,13,13
420099,1,1,1999,0,0,0,0,0,0,0,0,0,0
420099,2,1,1999,0,0,0,0,0,0,0,0,0,0
420100,1,1,1999,0,0,0,0,0,0,0,0,0,0
420100,2,1,1999,0,0,0,0,0,0,0,0,0,0
420100,3,1,1999,0,0,0,0,0,0,0,0,0,0
420101,1,1,1999,0,9,17,0,0,0,0,0,0,15
420102,1,1,1999,0,29,16,8,16,18,23,14,0,16
420103,1,1,1999,0,0,0,0,0,0,0,0,0,0
420103,2,1,1999,12,12,12,12,12,12,12,12,12,12
420104,1,1,1999,6,6,6,6,6,6,6,6,6,6
420105,1,1,1999,20,20,20,20,20,20,20,20,20,20
420106,1,1,1999,22,0,13,0,0,0,0,23,0,0
420107,1,1,1999,0,0,0,0,0,0,0,0,0,0
420108,1,1,1999,0,0,0,0,0,0,0,0,0,0
420108,2,1,1999,0,0,0,0,0,0,0,0,0,0
420109,1,1,1999,19,19,19,19,19,19,19,19,19,19
420110,1,1,1999,1,1,1,1,1,1,1,1,1,1
420110,2,1,1999,0,0,0,0,0,0,0,0,0,0
420111,0,1,1999,0,0,0,0,0,0,0,0,0,0
420111,1,1,1999,19,19,19,19,19,19,19,19,19,19
420112,1,1,1999,29,29,29,29,29,29,29,29,29,29
420113,1,1,1999,0,0,0,0,0,0,0,0,0,0
420114,1,1,1999,0,0,0,0,0,0,0,0,0,0
420115,1,1,1999,0,0,0,0,0,0,0,0,0,0
420115,2,1,1999,0,0,0,0,0,0,0,0,0,0
420116,1,1,1999,20,0,0,15,0,12,14,7,0,10
420117,1,1,1999,15,15,15,15,15,15,15,15,15,15
420118,1,1,1999,0,16,0,15,0,23,32,17,14,0
420118,2,1,1999,0,0,0,0,0,0,0,0,0,0
420119,1,1,1999,0,0,0,0,0,0,0,0,0,0
420119,2,1,1999,0,0,0,0,0,0,0,0,0,0
420119,3,1,1999,0,0,0,0,0,0,0,0,0,0
420120,0,1,1999,0,22,0,0,0,0,0,0,0,0
420120,1,1,1999,19,19,19,19,19,19,19,19,19,19
420121,1,1,1999,0,0,0,0,0,0,0,0,0,0
420122,0,1,1999,0,0,0,0,0,0,0,0,0,0
420122,1,1,1999,0,0,0,0,0,22,32,0,14,10
420123,1,1,1999,0,0,0,0,0,0,0,0,0,0
420124,1,1,1999,19,19,19,19,19,19,19,19,19,19
420125,1,1,1999,20,20,20,20,20,20,20,20,20,20
420126,1,1,1999,0,0,0,0,0,0,0,0,0,0
420126,2,1,1999,0,0,0,0,0,0,0,0,0,0
420127,1,1,1999,0,0,0,0,0,0,0,0,0,0
420127,2,1,1999,0,0,0,0,0,0,0,0,0,0
420128,1,1,1999,8,0,0,0,0,0,0,0,0,0
420129,1,1,1999,0,0,0,0,0,0,0,0,0,0
420129,2,1,1999,0,0,0,0,0,0,0,0,0,0
420130,1,1,1999,0,0,0,0,0,0,0,0,0,0
420131,1,1,1999,0,0,0,0,0,0,0,0,0,0
420131,2,1,1999,0,0,0,0,0,0,0,0,0,0
420132,1,1,1999,0,0,0,0,0,0,0,0,0,0
420132,2,1,1999,0,0,0,0,0,0,0,0,0,0
420133,1,1,1999,0,0,0,0,0,0,0,0,0,0
420133,2,1,1999,0,0,0,0,11,0,0,0,0,0
420134,1,1,1999,0,0,0,0,0,0,0,0,0,0
420135,1,1,1999,0,0,0,0,0,0,0,0,0,0
420135,2,1,1999,0,0,0,26,0,0,0,0,0,0
420136,1,1,1999,0,0,0,0,0,0,0,0,0,20
420136,2,1,1999,0,0,0,0,0,0,0,0,0,0
420137,1,1,1999,0,0,0,0,0,0,0,0,0,0
420137,2,1,1999,0,0,0,0,0,0,0,0,0,0
420137,3,1,1999,0,0,0,0,0,0,0,0,0,0
420138,1,1,1999,12,12,12,12,12,12,12,12,12,12
420139,1,1,1999,0,0,0,0,0,0,0,0,0,0
420140,1,1,1999,0,0,0,0,0,0,0,0,0,0
420140,2,1,1999,6,0,0,0,0,0,0,0,0,0
420141,1,1,1999,0,0,20,0,0,0,0,0,0,10
420141,2,1,1999,0,0,0,0,0,0,0,0,0,0
420142,1,1,1999,0,0,0,0,0,0,0,0,0,0
420142,2,1,1999,0,0,0,0,0,0,0,0,0,0
420143,1,1,1999,0,0,0,0,0,0,0,0,0,0
420144,1,1,1999,21,21,21,21,21,21,21,21,21,21
420145,1,1,1999,9,9,9,9,9,9,9,9,9,9
420146,1,1,1999,14,18,24,25,29,12,19,0,9,5
420147,0,1,1999,0,0,0,0,0,0,0,0,16,0
420147,1,1,1999,0,0,0,0,0,0,0,0,0,0
420148,1,1,1999,0,0,0,0,0,0,0,0,0,0
420148,2,1,1999,0,0,0,0,0,0,0,0,17,0
420149,1,1,1999,0,0,0,0,0,0,0,0,0,0
420149,2,1,1999,0,0,0,0,0,0,0,0,0,0
420149,3,1,1999,0,0,0,0,0,0,0,0,0,0
420150,1,1,1999,0,0,0,0,0,0,0,0,0,0
420150,2,1,1999,0,0,0,0,0,0,0,0,0,0
420151,1,1,1999,19,19,19,19,19,19,19,19,19,19
420152,1,1,1999,31,31,31,31,31,31,31,31,31,31
420153,1,1,1999,0,0,0,0,0,0,0,0,0,0
420153,2,1,1999,0,0,0,0,0,0,0,0,0,0
420154,0,1,1999,0,0,0,0,0,0,0,0,0,0
420154,1,1,1999,0,0,0,0,0,0,0,0,0,0
420155,1,1,1999,14,14,14,14,14,14,14,14,14,14
420155,2,1,1999,0,0,0,0,0,0,0,0,0,0
420155,3,1,1999,2,2,2,2,2,2,2,2,2,2
420156,1,1,1999,0,0,0,0,0,0,0,0,0,0
420157,1,1,1999,0,0,0,0,0,0,0,0,0,0
420157,2,1,1999,0,0,0,0,0,0,0,0,0,0
420157,3,1,1999,0,0,0,0,0,0,0,0,0,0
420157,4,1,1999,0,0,0,0,0,0,0,0,0,0
420157,5,1,1999,0,0,0,0,0,0,0,0,0,0
420158,0,1,1999,0,0,0,0,0,0,0,0,0,0
420158,1,1,1999,0,0,0,0,0,0,0,0,0,0
420159,1,1,1999,0,0,0,0,0,0,0,0,0,0
420159,2,1,1999,0,0,0,0,0,0,0,0,0,0
420160,1,1,1999,0,0,0,0,0,0,0,0,0,0
420161,1,1,1999,0,17,17,8,9,33,25,17,33,33
420162,1,1,1999,0,0,0,0,0,0,0,0,0,0
420163,1,1,1999,0,0,0,0,0,0,0,4,0,0
420164,1,1,1999,0,0,0,0,0,0,0,0,0,0
420164,2,1,1999,0,0,0,0,0,0,0,0,0,0
420165,0,1,1999,18,18,18,18,18,18,18,18,18,18
420165,1,1,1999,13,0,0,0,0,0,0,0,0,0
420166,0,1,1999,5,5,5,5,5,5,5,5,5,5
420166,1,1,1999,0,0,0,0,0,0,0,0,0,0
420167,0,1,1999,4,4,4,4,4,4,4,4,4,4
420167,1,1,1999,0,0,0,0,0,0,0,0,0,0
420168,1,1,1999,0,0,0,0,0,0,0,0,0,0
420168,2,1,1999,0,0,0,0,0,0,0,0,0,0
420169,1,1,1999,0,0,0,0,0,0,0,0,0,0
420169,2,1,1999,0,0,0,0,0,0,0,0,0,0
420170,1,1,1999,18,28,26,30,22,18,19,20,16,16
420171,1,1,1999,2,2,2,2,2,2,2,2,2,2
420172,1,1,1999,13,13,13,13,13,13,13,13,13,13
420173,1,1,1999,37,37,37,37,37,37,37,37,37,37
420174,1,1,1999,33,33,33,33,33,33,33,33,33,33
420175,0,1,1999,0,0,0,0,0,0,0,0,0,0
420175,1,1,1999,9,0,0,0,0,0,0,0,0,0
420176,1,1,1999,0,0,0,0,0,0,0,0,0,0
420176,2,1,1999,0,0,0,0,0,0,0,0,0,0
420177,0,1,1999,27,27,27,27,27,27,27,27,27,27
420177,1,1,1999,0,0,0,0,0,0,0,0,0,0
420178,0,1,1999,0,0,0,0,0,0,0,0,0,0
420178,1,1,1999,0,0,17,0,6,11,0,0,18,0
420179,1,1,1999,0,0,0,0,0,0,0,0,0,0
420179,2,1,1999,0,0,0,0,0,0,0,0,0,0
420180,1,1,1999,0,0,0,0,21,0,0,0,0,0
420181,1,1,1999,0,0,0,0,0,0,0,0,0,0
420181,2,1,1999,0,0,0,0,0,0,0,0,0,0
420182,1,1,1999,0,0,0,0,0,0,0,0,0,0
420182,2,1,1999,0,0,0,0,0,0,0,0,0,0
420183,1,1,1999,0,0,0,0,0,0,0,0,0,0
420183,2,1,1999,0,0,0,0,0,0,0,0,0,0
420184,1,1,1999,0,0,0,0,0,0,0,0,0,0
420184,2,1,1999,0,0,0,0,0,0,0,0,0,0
420185,1,1,1999,0,0,0,0,0,0,0,0,0,0
420185,2,1,1999,0,0,0,0,0,0,0,0,0,0
420186,1,1,1999,1,1,1,1,1,1,1,1,1,1
420187,1,1,1999,0,0,0,0,0,0,0,0,0,0
420187,2,1,1999,0,0,0,0,0,0,0,0,0,0
420188,1,1,1999,0,0,0,0,0,0,0,0,0,0
420188,2,1,1999,0,0,0,0,0,0,0,2,0,0
420189,0,1,1999,0,0,0,0,0,0,0,0,0,0
420189,1,1,1999,0,0,0,0,0,0,0,0,0,0
420190,1,1,1999,0,0,0,0,0,0,0,0,0,0
420190,2,1,1999,0,0,0,0,0,0,0,0,0,0
420191,1,1,1999,0,0,0,0,0,0,0,0,0,0
420191,2,1,1999,0,0,0,0,0,0,0,0,0,0
420192,1,1,1999,0,0,0,0,0,0,0,0,0,0
420192,2,1,1999,0,0,0,0,0,0,0,0,0,0
420193,1,1,1999,0,0,0,0,0,0,0,0,0,0
420193,2,1,1999,0,0,0,0,0,0,0,0,0,0
420194,1,1,1999,0,0,0,0,0,0,0,0,0,0
420194,2,1,1999,0,0,0,0,0,0,0,0,0,0
420195,1,1,1999,0,0,0,0,0,0,5,0,0,0
420195,2,1,1999,0,0,0,0,0,0,0,0,6,18
420196,1,1,1999,0,0,0,0,0,0,0,0,0,0
420196,2,1,1999,0,0,0,0,0,0,0,0,0,0
420197,1,1,1999,0,0,0,0,0,0,0,0,0,0
420197,2,1,1999,0,0,24,0,0,0,0,0,13,0
420198,1,1,1999,0,0,0,0,0,0,0,0,0,0
420198,2,1,1999,0,0,0,0,0,0,0,21,0,0
420199,1,1,1999,0,0,0,0,0,0,0,0,0,0
420199,2,1,1999,10,10,10,10,10,10,10,10,10,10
420200,1,1,1999,19,19,19,19,19,19,19,19,19,19
420200,2,1,1999,11,11,11,11,11,11,11,11,11,11
420200,3,1,1999,0,0,0,0,0,0,0,0,0,0
420200,4,1,1999,0,0,0,0,0,0,0,0,0,0
420201,1,1,1999,0,0,0,0,0,0,0,0,0,0
420201,2,1,1999,0,0,0,0,0,0,0,0,0,0
420202,0,1,1999,0,0,0,0,0,0,0,0,0,0
420202,1,1,1999,0,0,0,0,0,0,0,0,0,0
420203,0,1,1999,0,0,0,0,0,0,0,0,0,0
420203,1,1,1999,0,0,0,0,0,0,0,0,0,0
420204,1,1,1999,0,0,0,0,0,0,0,0,0,0
420205,0,1,1999,0,0,0,0,0,0,0,0,0,0
420205,1,1,1999,0,0,0,0,0,0,0,0,0,0
420206,1,1,1999,0,0,0,0,0,0,0,0,0,0
420206,2,1,1999,0,0,0,0,0,0,0,0,0,0
420207,1,1,1999,0,0,15,14,0,20,27,9,31,0
420207,2,1,1999,0,0,0,0,0,0,0,0,0,0
420207,3,1,1999,0,0,0,0,0,0,0,0,0,0
420208,0,1,1999,0,7,20,22,0,16,33,24,0,0
420208,1,1,1999,0,0,0,0,0,0,0,0,0,0
420209,1,1,1999,7,7,7,7,7,7,7,7,7,7
420210,1,1,1999,0,0,0,0,0,0,0,0,0,0
420210,2,1,1999,0,0,0,0,0,0,0,0,0,0
420211,1,1,1999,18,18,18,18,18,18,18,18,18,18
420212,1,1,1999,0,0,0,0,0,0,0,0,7,0
420212,2,1,1999,0,0,0,0,0,0,0,0,0,0
420213,1,1,1999,20,20,20,20,20,20,20,20,20,20
420213,2,1,1999,0,0,0,0,0,0,0,0,0,0
420214,0,1,1999,0,0,0,0,0,0,0,0,0,0
420214,1,1,1999,0,0,0,0,0,0,0,0,0,0
420215,1,1,1999,0,0,0,0,0,0,0,0,0,0
420217,1,1,1999,0,0,0,0,0,0,0,0,0,0
420218,1,1,1999,0,0,0,0,0,0,0,11,0,0
420218,2,1,1999,0,0,0,0,0,0,0,0,0,0
420219,1,1,1999,25,25,25,25,25,25,25,25,25,25
420220,1,1,1999,20,24,8,21,20,20,8,18,8,17
420221,1,1,1999,0,0,0,0,0,0,0,0,0,0
420221,2,1,1999,24,24,24,24,24,24,24,24,24,24
420222,1,1,1999,18,18,18,18,18,18,18,18,18,18
420223,1,1,1999,3,3,3,3,3,3,3,3,3,3
420224,1,1,1999,0,0,0,0,0,0,0,0,0,0
420224,2,1,1999,0,0,0,0,0,0,0,0,0,0
420225,1,1,1999,5,5,5,5,5,5,5,5,5,5
420225,2,1,1999,0,0,0,0,0,0,0,0,0,0
420226,1,1,1999,0,0,0,0,0,0,0,0,0,0
420226,2,1,1999,0,0,0,0,0,0,0,0,0,0
420226,3,1,1999,0,0,0,0,0,0,0,0,0,0
420227,1,1,1999,0,0,0,0,0,0,0,0,0,0
420227,2,1,1999,0,0,0,0,0,0,0,0,0,0
420228,1,1,1999,0,0,0,0,0,0,0,0,0,0
420228,2,1,1999,21,0,0,0,0,0,0,10,17,0
420228,3,1,1999,0,0,0,0,0,0,0,0,0,0
420229,1,1,1999,0,0,0,0,0,0,0,0,0,0
420229,2,1,1999,0,0,0,0,0,0,0,0,0,0
420230,1,1,1999,22,22,22,22,22,22,22,22,22,22
420231,1,1,1999,8,8,8,8,8,8,8,8,8,8
420231,2,1,1999,0,0,0,0,0,0,0,0,0,0
420232,1,1,1999,0,0,0,0,0,0,0,0,0,0
420233,1,1,1999,22,22,22,22,22,22,22,22,22,22
420234,1,1,1999,26,26,26,26,26,26,26,26,26,26
420235,1,1,1999,14,20,5,21,0,11,15,16,0,23
420236,1,1,1999,16,16,16,16,16,16,16,16,16,16
420237,1,1,1999,15,15,15,15,15,15,15,15,15,15
420238,1,1,1999,26,26,26,26,26,26,26,26,26,26
420239,1,1,1999,22,22,22,22,22,22,22,22,22,22
420239,2,1,1999,0,0,0,0,0,0,0,0,0,0
420240,1,1,1999,10,34,0,0,0,0,0,0,0,0
420240,2,1,1999,0,0,0,0,0,0,0,0,0,0
420240,3,1,1999,0,0,0,0,0,0,0,0,0,0
420241,1,1,1999,13,13,13,13,13,13,13,13,13,13
420242,1,1,1999,23,23,23,23,23,23,23,23,23,23
420242,2,1,1999,0,0,0,0,0,0,0,0,0,0
420243,1,1,1999,0,0,0,0,0,0,0,0,0,0
420244,0,1,1999,22,22,22,22,22,22,22,22,22,22
420244,1,1,1999,0,0,0,0,0,0,0,0,0,0
420245,0,1,1999,0,6,20,0,0,0,0,0,0,0
420245,1,1,1999,0,0,0,0,0,0,0,0,0,0
420245,2,1,1999,0,0,0,0,22,14,0,0,0,8
420246,1,1,1999,0,0,0,0,0,0,0,0,0,0
420246,2,1,1999,0,0,0,0,0,0,0,0,0,0
420247,1,1,1999,0,0,0,0,0,0,0,0,0,0
420248,1,1,1999,0,0,0,0,0,0,0,0,0,0
420248,2,1,1999,0,0,0,0,0,0,0,0,0,0
420248,3,1,1999,0,0,0,0,0,0,0,0,0,0
420248,4,1,1999,0,0,0,0,0,0,0,0,0,0
420249,1,1,1999,16,16,16,16,16,16,16,16,16,16
420250,1,1,1999,15,15,15,15,15,15,15,15,15,15
420251,1,1,1999,0,0,0,0,0,0,0,0,13,0
420252,1,1,1999,17,17,17,17,17,17,17,17,17,17
420253,1,1,1999,0,0,0,9,0,0,7,0,0,0
420253,2,1,1999,0,0,0,0,0,0,0,0,0,0
420254,1,1,1999,0,0,0,0,15,0,0,0,0,0
420255,1,1,1999,8,8,8,8,8,8,8,8,8,8
420255,2,1,1999,0,0,0,0,0,27,0,0,0,0
420256,1,1,1999,0,0,0,0,0,0,0,0,0,0
420257,1,1,1999,0,0,0,0,0,0,0,0,0,0
420258,1,1,1999,0,0,0,0,0,0,0,10,9,0
420258,2,1,1999,0,0,0,0,0,0,0,0,0,0
420259,1,1,1999,0,0,0,0,0,0,0,0,0,0
420259,2,1,1999,0,0,0,0,0,0,0,0,0,0
420259,3,1,1999,0,0,0,0,0,0,0,0,0,0
420259,4,1,1999,0,0,0,0,0,0,0,0,0,0
420260,1,1,1999,12,15,25,21,12,23,24,26,10,25
420260,2,1,1999,0,0,0,0,0,0,0,0,0,0
420261,0,1,1999,0,0,0,0,0,0,0,0,0,0
420261,1,1,1999,0,0,0,0,0,0,0,0,0,0
420262,1,1,1999,16,19,14,21,25,30,23,33,24,10
420263,1,1,1999,13,13,13,13,13,13,13,13,13,13
420264,1,1,1999,15,15,15,15,15,15,15,15,15,15
420265,1,1,1999,0,0,0,0,0,0,0,0,0,0
420266,1,1,1999,16,16,16,16,16,16,16,16,16,16
420267,1,1,1999,0,0,0,0,0,0,22,0,0,0
420267,2,1,1999,0,0,0,0,0,0,0,0,0,0
420268,1,1,1999,5,0,0,26,25,0,11,0,0,0
420268,2,1,1999,0,0,0,0,0,0,0,0,0,0
420269,1,1,1999,0,0,0,0,0,0,0,0,0,0
420270,1,1,1999,26,26,26,26,26,26,26,26,26,26
420271,1,1,1999,0,0,0,0,0,0,0,0,0,0
420271,2,1,1999,0,0,0,0,8,0,0,0,0,0
420272,1,1,1999,18,18,18,18,18,18,18,18,18,18
420273,1,1,1999,0,0,0,0,0,0,0,0,0,0
420274,1,1,1999,16,16,16,16,16,16,16,16,16,16
420275,1,1,1999,17,0,12,23,0,0,13,0,0,0
420276,1,1,1999,0,0,0,0,0,0,0,0,0,0
420277,1,1,1999,0,0,0,0,0,0,0,0,0,0
420277,2,1,1999,0,0,19,0,0,0,0,0,0,0
420278,0,1,1999,0,0,0,0,0,0,0,0,0,0
420278,1,1,1999,0,0,0,0,0,0,0,0,0,0
420279,1,1,1999,10,0,0,0,6,0,14,13,0,0
420279,2,1,1999,19,19,19,19,19,19,19,19,19,19
420280,1,1,1999,0,0,0,0,0,0,0,0,0,0
420280,2,1,1999,0,0,0,0,0,0,0,0,0,0
420281,1,1,1999,25,25,25,25,25,25,25,25,25,25
420282,1,1,1999,0,0,0,0,0,0,0,0,0,0
420282,2,1,1999,0,0,0,0,0,0,0,0,0,0
420283,1,1,1999,26,26,26,26,26,26,26,26,26,26
420284,1,1,1999,0,0,0,0,0,0,0,0,0,0
420284,2,1,1999,0,0,0,0,0,0,0,0,0,0
420285,0,1,1999,13,13,13,13,13,13,13,13,13,13
420285,0,2,1999,20,20,20,20,20,20,20,20,20,20
420285,1,1,1999,0,0,0,0,0,0,0,0,0,0
420286,1,1,1999,0,0,0,0,0,0,0,0,0,0