ST_CASE,VEH_NO,PER_NO,YEAR,P1,P2,P3,P4,P5,P6,P7,P8,P9,P10
420286,2,1,1999,0,0,0,0,0,0,0,0,0,0
420287,1,1,1999,24,24,24,24,24,24,24,24,24,24
420288,1,1,1999,0,0,0,0,0,0,0,0,0,0
420289,1,1,1999,0,0,0,0,0,0,0,0,0,0
420289,2,1,1999,0,0,0,0,0,0,0,0,0,0
420290,1,1,1999,24,19,12,22,18,10,31,14,20,9
420291,1,1,1999,0,0,0,0,0,0,0,0,0,0
420292,1,1,1999,21,21,21,21,21,21,21,21,21,21
420292,2,1,1999,0,0,0,0,0,0,0,0,0,0
420292,3,1,1999,0,0,0,0,0,0,0,0,0,0
420293,1,1,1999,0,0,0,0,0,0,0,0,0,0
420294,0,1,1999,0,0,0,0,0,0,0,0,0,0
420294,1,1,1999,0,0,0,0,0,2,0,0,0,0
420295,1,1,1999,21,21,21,21,21,21,21,21,21,21
420296,1,1,1999,0,0,0,0,0,0,0,0,0,0
420296,2,1,1999,0,0,0,0,0,0,0,0,0,0
420297,1,1,1999,0,0,0,0,0,0,0,0,0,0
420297,2,1,1999,4,4,4,4,4,4,4,4,4,4
420298,1,1,1999,0,0,0,0,0,0,0,0,0,0
420298,2,1,1999,0,0,0,0,0,0,0,0,0,0
420299,1,1,1999,0,0,0,0,0,0,0,0,0,0
420299,2,1,1999,0,0,0,0,0,0,0,0,0,0
420300,1,1,1999,18,18,18,18,18,18,18,18,18,18
420301,1,1,1999,14,14,14,14,14,14,14,14,14,14
420301,2,1,1999,0,0,8,0,0,10,0,0,0,0
420302,1,1,1999,0,0,0,0,0,0,0,0,0,0
420302,2,1,1999,0,0,0,0,0,0,0,0,0,0
420303,1,1,1999,0,0,0,0,0,0,0,0,0,0
420304,1,1,1999,23,23,23,23,23,23,23,23,23,23
420305,1,1,1999,0,0,11,0,0,0,0,0,0,0
420305,2,1,1999,0,0,0,0,0,0,0,0,0,0
420306,1,1,1999,18,18,18,18,18,18,18,18,18,18
420306,2,1,1999,0,0,11,0,13,0,0,0,0,0
420306,3,1,1999,0,0,7,0,0,0,0,0,12,12
420307,1,1,1999,0,0,0,0,0,0,0,0,0,0
420307,2,1,1999,0,0,0,0,0,0,0,0,0,0
420308,1,1,1999,0,0,0,0,0,0,0,0,0,0
420308,2,1,1999,0,0,0,0,0,0,0,0,0,0
420309,1,1,1999,13,30,18,12,16,11,22,8,14,22
420310,1,1,1999,16,16,16,16,16,16,16,16,16,16
420311,1,1,1999,12,12,12,12,12,12,12,12,12,12
420312,1,1,1999,13,13,13,13,13,13,13,13,13,13
420313,1,1,1999,0,0,0,0,0,0,0,0,0,0
420314,0,1,1999,2,2,2,2,2,2,2,2,2,2
420314,1,1,1999,0,0,0,0,0,0,0,0,0,0
420315,1,1,1999,28,28,28,28,28,28,28,28,28,28
420315,2,1,1999,2,0,0,0,0,0,16,0,0,9
420316,1,1,1999,0,0,0,12,0,0,0,0,0,0
420317,1,1,1999,0,0,0,0,0,0,0,0,0,0
420317,2,1,1999,0,0,0,0,0,0,0,0,0,0
420318,1,1,1999,0,0,0,0,0,0,0,0,0,0
420319,1,1,1999,11,11,11,11,11,11,11,11,11,11
420319,2,1,1999,0,0,0,0,0,0,0,0,11,0
420320,1,1,1999,13,13,13,13,13,13,13,13,13,13
420320,2,1,1999,9,9,9,9,9,9,9,9,9,9
420321,1,1,1999,0,0,0,0,0,0,0,0,0,0
420322,1,1,1999,27,27,27,27,27,27,27,27,27,27
420323,0,1,1999,0,0,0,0,0,0,0,0,0,0
420323,1,1,1999,8,8,8,8,8,8,8,8,8,8
420324,1,1,1999,6,6,6,6,6,6,6,6,6,6
420325,1,1,1999,0,0,0,0,0,0,0,0,0,0
420325,2,1,1999,0,0,0,0,0,0,0,0,0,0
420326,1,1,1999,20,20,20,20,20,20,20,20,20,20
420326,2,1,1999,0,0,0,0,0,0,0,0,0,0
420327,1,1,1999,1,1,1,1,1,1,1,1,1,1
420327,2,1,1999,0,0,0,0,0,0,0,0,0,0
420328,1,1,1999,0,0,0,0,0,0,0,0,0,0
420328,2,1,1999,0,0,0,0,0,0,0,0,0,0
420329,1,1,1999,0,0,0,0,0,0,0,0,0,0
420329,2,1,1999,0,0,0,0,0,0,0,0,0,0
420330,1,1,1999,0,0,0,0,0,0,0,0,0,0
420330,2,1,1999,0,0,0,0,0,0,0,0,0,0
420331,0,1,1999,0,0,0,0,0,0,0,0,0,0
420331,1,1,1999,0,0,0,0,0,0,0,0,0,0
420332,1,1,1999,12,0,0,0,0,0,7,0,0,19
420333,1,1,1999,0,0,0,0,0,0,0,0,0,0
420334,1,1,1999,15,0,0,0,0,0,0,0,0,0
420334,2,1,1999,0,0,0,0,0,0,0,0,0,0
420335,1,1,1999,2,2,2,2,2,2,2,2,2,2
420336,1,1,1999,19,19,19,19,19,19,19,19,19,19
420337,1,1,1999,0,0,0,0,0,0,0,0,0,0
420337,2,1,1999,0,0,0,0,0,0,0,0,0,0
420338,1,1,1999,0,0,0,0,0,0,0,0,0,0
420338,2,1,1999,0,0,0,0,0,0,0,0,0,0
420338,3,1,1999,0,0,0,0,0,0,0,0,0,0
420339,0,1,1999,38,0,17,0,22,0,0,0,6,0
420339,1,1,1999,0,0,0,0,0,0,0,0,0,0
420340,1,1,1999,0,0,0,0,0,0,0,0,0,0
420340,2,1,1999,10,10,10,10,10,10,10,10,10,10
420341,0,1,1999,22,28,15,26,0,0,19,15,0,25
420341,1,1,1999,0,0,0,0,0,0,0,0,0,0
420341,2,1,1999,0,0,0,0,0,8,0,0,0,0
420341,5,1,1999,0,0,18,0,0,0,0,0,0,0
420341,7,1,1999,0,0,0,0,0,0,0,0,0,0
420342,1,1,1999,0,21,29,0,0,0,25,26,31,33
420343,0,1,1999,0,0,0,0,0,0,0,0,0,0
420343,1,1,1999,0,39,22,12,22,18,0,24,24,24
420344,1,1,1999,18,18,18,18,18,18,18,18,18,18
420345,1,1,1999,0,0,0,0,0,0,0,0,0,0
420346,1,1,1999,4,15,27,24,13,21,18,19,28,18
420346,2,1,1999,0,0,0,0,0,0,0,0,9,0
420347,0,1,1999,0,0,0,0,0,0,0,0,0,0
420347,1,1,1999,0,0,0,9,0,0,0,0,0,0
420348,1,1,1999,0,0,0,0,0,0,0,0,0,0
420349,0,1,1999,31,20,18,0,25,36,28,18,20,23
420349,1,1,1999,0,19,6,0,0,0,0,0,0,0
420350,1,1,1999,0,0,0,0,20,0,0,0,0,0
420350,2,1,1999,9,0,0,0,0,0,0,0,0,0
420351,1,1,1999,21,0,12,5,0,4,9,0,12,14
420352,1,1,1999,24,24,24,24,24,24,24,24,24,24
420353,1,1,1999,9,9,9,9,9,9,9,9,9,9
420354,1,1,1999,9,17,12,22,6,1,10,14,7,13
420355,1,1,1999,21,21,21,21,21,21,21,21,21,21
420356,1,1,1999,0,0,0,0,0,0,0,0,0,0
420356,2,1,1999,0,0,0,0,0,0,0,0,0,0
420357,1,1,1999,0,0,0,0,0,0,0,0,0,0
420357,2,1,1999,0,0,0,0,0,0,0,0,0,0
420358,0,1,1999,0,0,0,0,0,0,0,0,0,0
420358,1,1,1999,0,0,0,0,0,0,0,0,0,0
420359,1,1,1999,23,23,23,23,23,23,23,23,23,23
420359,2,1,1999,0,0,0,0,0,0,0,0,0,0
420360,1,1,1999,0,0,0,0,0,0,0,0,0,0
420360,2,1,1999,0,0,0,0,0,0,0,0,0,0
420360,3,1,1999,0,0,0,0,0,0,0,0,0,0
420361,1,1,1999,0,0,0,0,0,0,0,0,0,0
420361,2,1,1999,0,0,0,0,0,0,0,0,0,0
420362,1,1,1999,0,0,0,0,23,0,18,0,0,0
420362,2,1,1999,0,0,0,0,0,0,0,0,0,0
420363,0,1,1999,0,0,0,0,0,0,0,0,0,0
420363,0,2,1999,0,17,0,0,0,0,0,0,0,0
420363,0,3,1999,0,0,0,0,0,0,0,0,0,0
420363,0,4,1999,8,0,12,0,0,22,0,0,13,0
420363,0,5,1999,0,0,0,0,0,0,0,22,0,40
420363,0,6,1999,0,0,0,0,0,0,0,0,0,0
420363,1,1,1999,0,0,0,0,0,0,0,0,33,29
420364,1,1,1999,22,18,21,30,0,0,15,8,0,0
420365,1,1,1999,0,0,18,15,0,0,0,0,0,0
420366,1,1,1999,0,0,0,0,0,0,0,0,0,0
420366,2,1,1999,0,0,0,0,0,0,0,0,0,0
420367,1,1,1999,0,0,0,0,0,0,0,0,0,0
420367,2,1,1999,0,0,0,0,0,0,0,0,0,0
420368,1,1,1999,0,0,0,0,0,0,0,0,0,0
420369,1,1,1999,29,29,29,29,29,29,29,29,29,29
420369,2,1,1999,0,0,0,0,0,0,0,0,0,0
420370,1,1,1999,0,16,16,0,24,0,32,10,0,0
420370,2,1,1999,0,0,0,0,0,0,0,0,0,0
420371,0,1,1999,33,14,0,14,37,16,23,0,23,17
420371,1,1,1999,0,0,13,0,0,0,0,0,0,23
420372,1,1,1999,18,18,18,18,18,18,18,18,18,18
420372,2,1,1999,0,0,0,0,0,0,0,0,0,0
420373,1,1,1999,0,0,0,0,0,0,0,0,0,0
420374,1,1,1999,0,0,0,0,0,0,0,0,0,0
420374,2,1,1999,0,0,0,0,0,0,0,0,0,0
420375,1,1,1999,0,0,0,0,0,0,0,0,0,0
420375,2,1,1999,0,0,0,0,0,0,0,0,0,0
420376,1,1,1999,0,0,0,0,0,0,0,6,0,0
420376,2,1,1999,0,0,0,0,0,0,0,0,0,0
420377,1,1,1999,0,0,0,0,0,0,0,0,0,0
420377,2,1,1999,0,0,0,0,0,15,0,0,0,0
420378,0,1,1999,22,22,22,22,22,22,22,22,22,22
420378,1,1,1999,0,0,0,0,0,0,0,0,0,0
420378,2,1,1999,14,38,9,20,24,30,0,23,15,0
420379,1,1,1999,0,0,0,0,0,0,0,0,0,0
420379,2,1,1999,0,0,0,0,0,0,0,0,0,0
420380,1,1,1999,0,0,0,0,0,0,0,0,0,0
420380,2,1,1999,0,24,18,0,0,0,0,0,0,0
420381,0,1,1999,30,30,30,30,30,30,30,30,30,30
420381,1,1,1999,0,0,0,0,0,0,0,0,17,0
420381,2,1,1999,0,0,0,0,0,0,10,0,20,0
420382,1,1,1999,0,17,0,0,19,0,26,7,0,0
420382,2,1,1999,0,0,0,0,0,0,0,0,0,0
420383,0,1,1999,0,0,0,0,0,18,0,15,0,0
420383,1,1,1999,0,0,0,0,0,0,0,0,0,0
420384,1,1,1999,0,10,0,0,0,0,0,0,0,0
420384,2,1,1999,0,11,0,0,0,0,0,0,0,0
420385,1,1,1999,0,0,0,0,0,0,0,0,0,0
420385,2,1,1999,0,0,0,0,0,0,0,0,0,0
420386,1,1,1999,0,0,0,0,0,0,0,0,0,0
420386,2,1,1999,0,0,0,0,0,0,0,0,0,0
420387,1,1,1999,0,0,0,0,0,0,0,0,0,0
420388,1,1,1999,21,21,21,21,21,21,21,21,21,21
420389,0,1,1999,0,0,0,0,0,0,0,0,0,0
420389,1,1,1999,0,0,0,0,0,0,0,0,0,0
420390,1,1,1999,23,23,23,23,23,23,23,23,23,23
420391,1,1,1999,17,17,17,17,17,17,17,17,17,17
420392,0,1,1999,0,0,0,0,0,0,0,0,0,0
420392,1,1,1999,0,0,0,0,0,0,0,0,0,0
420392,2,1,1999,0,0,0,0,0,0,0,0,0,0
420393,1,1,1999,0,0,0,0,0,0,0,0,0,0
420393,2,1,1999,0,0,0,0,0,0,0,0,0,0
420394,1,1,1999,0,0,0,0,0,0,0,0,0,0
420394,2,1,1999,0,0,0,0,0,0,0,0,0,0
420394,3,1,1999,30,7,10,27,0,0,0,0,0,12
420394,4,1,1999,0,0,0,0,0,0,3,0,0,0
420395,1,1,1999,0,0,0,0,0,0,0,0,0,0
420395,2,1,1999,0,0,0,0,0,0,0,0,0,0
420396,1,1,1999,0,0,0,17,15,21,14,0,34,12
420397,0,1,1999,0,0,0,0,0,0,0,0,0,0
420397,1,1,1999,0,0,0,0,0,0,0,0,0,0
420398,1,1,1999,25,25,25,25,25,25,25,25,25,25
420399,1,1,1999,0,0,0,0,0,0,0,0,0,0
420400,0,1,1999,0,0,0,0,0,0,0,0,0,0
420400,1,1,1999,0,7,19,19,0,13,18,0,21,19
420401,1,1,1999,7,7,7,7,7,7,7,7,7,7
420402,1,1,1999,0,0,0,0,0,0,0,0,0,0
420402,2,1,1999,0,0,0,0,0,0,0,0,0,0
420403,1,1,1999,25,25,25,25,25,25,25,25,25,25
420404,1,1,1999,0,0,0,0,0,0,0,0,0,0
420404,2,1,1999,0,0,0,0,0,0,0,0,0,0
420405,1,1,1999,0,0,0,0,0,0,0,0,0,0
420406,1,1,1999,0,0,0,0,0,0,0,0,31,0
420407,1,1,1999,11,11,11,11,11,11,11,11,11,11
420407,2,1,1999,0,0,0,0,0,0,0,0,0,0
420408,1,1,1999,0,0,0,0,0,0,0,0,0,0
420408,2,1,1999,0,0,0,0,0,0,0,0,0,0
420408,3,1,1999,0,0,0,0,0,0,0,0,0,0
420408,4,1,1999,0,0,0,0,0,0,0,0,0,0
420408,5,1,1999,0,0,0,0,0,0,0,0,0,0
420408,6,1,1999,0,0,0,0,0,0,0,0,0,0
420408,7,1,1999,0,0,0,0,0,0,0,0,0,0
420409,1,1,1999,3,3,3,3,3,3,3,3,3,3
420409,2,1,1999,0,0,6,0,0,0,0,0,0,0
420410,1,1,1999,0,0,0,15,0,0,0,0,0,0
420411,1,1,1999,0,0,0,0,0,0,0,0,0,0
420412,1,1,1999,0,9,7,0,0,7,0,0,18,11
420412,2,1,1999,0,13,10,0,9,12,24,2,8,4
420413,1,1,1999,0,0,0,9,0,0,12,0,22,21
420414,1,1,1999,0,0,0,0,0,0,0,0,0,0
420414,2,1,1999,14,8,0,0,0,0,0,0,20,0
420414,3,1,1999,0,0,0,0,0,0,0,0,0,0
420415,1,1,1999,3,0,0,0,0,9,0,0,15,0
420415,2,1,1999,0,0,0,0,0,0,0,0,0,0
420416,1,1,1999,21,21,21,21,21,21,21,21,21,21
420417,1,1,1999,0,0,0,0,0,0,0,0,0,0
420417,2,1,1999,0,0,0,0,0,0,0,0,0,0
420418,1,1,1999,25,25,25,25,25,25,25,25,25,25
420418,2,1,1999,0,0,0,0,0,0,0,0,0,0
420419,1,1,1999,0,0,0,0,0,0,0,0,0,0
420420,1,1,1999,7,7,7,7,7,7,7,7,7,7
420421,1,1,1999,0,0,0,0,0,0,0,0,0,0
420422,0,1,1999,0,0,0,0,0,0,0,0,0,0
420422,1,1,1999,0,0,0,0,0,0,0,0,0,0
420423,1,1,1999,0,0,0,0,0,0,0,0,0,0
420423,2,1,1999,0,0,0,0,0,0,0,0,5,13
420424,0,1,1999,0,0,0,0,0,0,0,0,0,0
420424,1,1,1999,0,0,0,8,0,10,0,0,16,0
420425,1,1,1999,0,0,0,0,0,0,0,0,0,0
420426,1,1,1999,0,0,0,0,0,0,0,0,0,0
420426,2,1,1999,0,0,0,0,0,12,0,0,0,0
420427,1,1,1999,21,21,21,21,21,21,21,21,21,21
420427,2,1,1999,0,0,0,0,0,0,0,0,0,0
420428,1,1,1999,0,0,0,0,0,0,0,0,0,0
420428,2,1,1999,0,0,0,0,0,0,0,0,0,0
420429,1,1,1999,0,16,16,0,0,0,0,28,0,0
420430,1,1,1999,28,28,28,28,28,28,28,28,28,28
420431,1,1,1999,11,11,11,11,11,11,11,11,11,11
420431,2,1,1999,0,0,0,0,0,0,0,0,0,0
420432,1,1,1999,20,20,20,20,20,20,20,20,20,20
420433,1,1,1999,0,13,15,0,0,18,17,0,29,16
420434,1,1,1999,16,16,16,16,16,16,16,16,16,16
420435,0,1,1999,20,20,20,20,20,20,20,20,20,20
420435,1,1,1999,9,11,14,13,13,18,5,22,10,15
420436,1,1,1999,0,0,0,0,0,0,0,0,0,0
420436,2,1,1999,0,0,0,0,0,0,0,0,0,0
420437,1,1,1999,0,11,0,0,0,0,0,0,0,0
420437,2,1,1999,0,0,0,0,0,0,0,0,0,0
420438,1,1,1999,0,0,0,0,0,0,0,0,0,0
420439,1,1,1999,0,0,0,0,0,0,0,0,0,20
420439,2,1,1999,0,0,0,0,0,0,0,5,0,0
420440,1,1,1999,0,0,0,0,0,0,0,0,0,0
420440,2,1,1999,0,0,0,0,0,0,0,0,0,0
420441,1,1,1999,24,24,24,24,24,24,24,24,24,24
420441,2,1,1999,0,0,0,0,0,0,0,0,0,0
420442,1,1,1999,0,0,0,0,0,0,0,0,0,0
420443,0,1,1999,0,0,0,0,0,0,0,0,0,0
420443,1,1,1999,11,11,11,11,11,11,11,11,11,11
420444,1,1,1999,0,0,0,0,0,0,0,0,0,0
420445,1,1,1999,0,0,0,0,0,0,0,0,0,0
420445,2,1,1999,0,0,0,0,0,0,0,0,0,0
420446,1,1,1999,0,0,0,0,0,0,7,0,0,0
420446,2,1,1999,0,0,0,0,0,0,0,0,0,0
420447,0,1,1999,0,0,0,0,0,0,0,0,0,0
420447,1,1,1999,0,0,0,0,0,0,0,0,0,0
420448,1,1,1999,33,33,33,33,33,33,33,33,33,33
420449,0,1,1999,0,0,0,0,0,0,0,0,0,0
420449,1,1,1999,0,0,0,0,0,0,0,0,0,0
420450,1,1,1999,0,0,0,0,0,0,0,0,0,0
420450,2,1,1999,0,0,0,0,0,0,0,0,0,0
420451,0,1,1999,0,0,0,0,0,0,0,0,0,0
420451,1,1,1999,0,0,0,0,0,0,0,0,0,0
420452,1,1,1999,0,0,0,0,0,0,0,0,0,0
420453,0,1,1999,0,0,0,0,0,0,0,0,0,0
420453,1,1,1999,0,0,0,0,0,0,0,0,0,0
420454,0,1,1999,0,0,0,0,0,0,0,0,0,0
420454,1,1,1999,0,0,0,0,0,0,0,0,0,0
420455,1,1,1999,0,0,0,0,0,0,0,0,0,0
420456,1,1,1999,24,24,24,24,24,24,24,24,24,24
420457,1,1,1999,17,0,0,0,0,10,19,0,0,0
420458,0,1,1999,0,0,0,0,0,0,0,0,0,0
420458,1,1,1999,0,0,0,0,0,0,0,0,0,0
420459,1,1,1999,10,16,16,11,14,4,7,8,0,10
420459,2,1,1999,0,0,0,0,0,0,0,0,0,0
420460,1,1,1999,0,0,0,0,0,0,0,0,0,0
420461,1,1,1999,30,20,0,15,21,14,13,31,0,24
420462,1,1,1999,0,19,13,27,25,5,12,14,14,24
420463,1,1,1999,18,0,0,0,0,10,5,0,19,0
420463,2,1,1999,0,0,0,0,0,0,0,0,0,0
420464,1,1,1999,14,14,14,14,14,14,14,14,14,14
420464,2,1,1999,0,0,0,0,0,0,0,0,0,0
420465,1,1,1999,0,0,0,0,0,0,0,0,0,0
420466,0,1,1999,0,0,0,0,0,0,0,0,0,0
420466,1,1,1999,0,0,0,0,0,0,0,0,0,0
420467,1,1,1999,0,0,0,0,0,0,0,0,0,0
420467,2,1,1999,0,0,0,0,0,0,0,0,0,0
420468,1,1,1999,0,0,0,0,0,0,0,0,0,0
420468,2,1,1999,0,0,0,0,0,0,0,0,0,0
420469,1,1,1999,0,0,0,0,0,0,0,0,0,0
420469,2,1,1999,0,0,0,0,0,0,0,0,0,0
420470,1,1,1999,0,6,0,19,0,22,0,12,0,23
420471,1,1,1999,0,0,0,0,0,0,0,0,0,0
420471,2,1,1999,0,0,0,0,0,0,0,0,0,0
420472,1,1,1999,0,0,0,0,0,0,0,0,0,0
420473,1,1,1999,0,0,0,0,0,10,12,12,0,0
420473,2,1,1999,0,0,0,0,0,0,0,0,0,0
420473,3,1,1999,0,0,0,0,0,0,0,0,13,0
420474,1,1,1999,0,0,0,0,0,0,0,0,0,0
420475,1,1,1999,0,0,0,0,0,0,0,0,0,0
420475,2,1,1999,0,0,5,0,0,9,0,0,6,0
420476,1,1,1999,0,29,0,0,0,18,0,0,23,11
420477,0,1,1999,0,0,0,0,0,0,0,0,0,0
420477,1,1,1999,0,0,0,0,0,0,0,12,0,0
420478,1,1,1999,0,0,0,0,9,0,0,0,0,0
420479,1,1,1999,0,0,0,0,0,0,0,0,0,0
420479,2,1,1999,0,0,0,0,0,0,0,0,0,0
420480,1,1,1999,0,0,0,0,12,10,0,0,15,0
420480,2,1,1999,0,0,0,19,43,0,24,0,0,9
420481,1,1,1999,22,22,22,22,22,22,22,22,22,22
420482,1,1,1999,0,0,0,0,0,0,0,0,0,20
420483,0,1,1999,0,0,0,0,0,0,0,0,0,0
420483,1,1,1999,0,0,0,0,11,8,0,0,13,0
420484,1,1,1999,0,0,0,0,0,0,0,0,0,0
420485,0,1,1999,0,0,0,0,0,0,0,0,0,0
420485,1,1,1999,0,0,0,0,0,0,0,0,0,0
420486,0,1,1999,0,0,0,0,0,0,0,0,0,0
420486,1,1,1999,3,3,3,3,3,3,3,3,3,3
420487,1,1,1999,0,0,0,0,0,0,0,0,0,0
420487,2,1,1999,0,0,0,0,0,0,0,0,0,0
420488,1,1,1999,17,17,17,17,17,17,17,17,17,17
420488,2,1,1999,0,0,0,0,0,0,0,0,0,0
420489,1,1,1999,0,0,0,0,0,0,0,0,0,0
420489,2,1,1999,0,0,0,0,0,0,0,0,0,0
420489,3,1,1999,1,1,1,1,1,1,1,1,1,1
420490,1,1,1999,21,21,21,21,21,21,21,21,21,21
420490,2,1,1999,0,8,0,0,0,0,0,0,0,0
420491,1,1,1999,10,0,0,0,0,0,0,0,0,0
420491,2,1,1999,0,0,0,0,0,0,0,0,0,0
420492,1,1,1999,16,16,16,16,16,16,16,16,16,16
420493,1,1,1999,0,0,0,0,0,0,0,0,0,0
420493,2,1,1999,0,0,0,0,0,0,0,0,0,0
420494,1,1,1999,21,21,21,21,21,21,21,21,21,21
420495,1,1,1999,28,28,28,28,28,28,28,28,28,28
420495,2,1,1999,0,0,0,0,0,0,0,0,0,0
420496,1,1,1999,23,23,23,23,23,23,23,23,23,23
420496,2,1,1999,0,0,0,0,0,0,0,0,0,0
420497,1,1,1999,0,0,0,0,0,0,0,0,0,0
420497,2,1,1999,0,0,0,0,0,0,0,0,0,0
420498,1,1,1999,0,0,0,0,0,0,0,0,0,0
420499,0,1,1999,0,0,0,0,0,0,0,0,0,0
420499,1,1,1999,0,0,0,0,0,0,0,0,0,0
420500,1,1,1999,13,13,13,13,13,13,13,13,13,13
420500,2,1,1999,0,0,0,0,0,0,0,0,0,0
420501,0,1,1999,0,0,0,0,0,0,0,0,0,0
420501,1,1,1999,0,0,0,0,0,0,0,0,0,0
420502,1,1,1999,0,0,0,0,0,9,0,0,0,0
420502,2,1,1999,0,0,0,0,0,0,0,0,0,0
420503,1,1,1999,0,0,0,0,0,0,0,0,0,0
420503,2,1,1999,0,0,0,0,0,0,0,0,0,0
420503,3,1,1999,0,0,0,0,0,0,0,0,0,0
420504,1,1,1999,15,15,15,15,15,15,15,15,15,15
420505,1,1,1999,0,0,0,0,0,0,0,0,0,0
420505,2,1,1999,0,0,0,0,0,0,0,0,0,0
420506,1,1,1999,0,0,0,0,0,0,0,0,0,0
420506,2,1,1999,0,0,0,0,0,0,0,0,0,0
420507,1,1,1999,0,0,0,0,0,0,0,0,0,0
420507,2,1,1999,0,0,0,0,0,0,0,0,0,0
420507,3,1,1999,0,0,0,0,0,0,0,0,0,0
420507,4,1,1999,0,0,0,0,0,0,0,0,0,0
420508,1,1,1999,17,16,0,23,25,17,0,26,15,25
420509,1,1,1999,0,0,0,0,0,0,0,0,0,0
420510,1,1,1999,0,0,0,0,0,0,0,0,0,0
420510,2,1,1999,0,0,0,0,0,0,0,0,0,0
420511,1,1,1999,0,0,0,0,13,0,0,0,0,12
420511,2,1,1999,0,0,0,0,0,0,0,0,0,0
420512,1,1,1999,0,0,0,0,0,0,0,0,0,0
420513,1,1,1999,19,0,25,16,10,16,20,6,23,3
420514,0,1,1999,0,0,0,0,0,0,0,0,0,0
420514,1,1,1999,0,0,0,0,0,0,0,0,0,0
420515,1,1,1999,0,0,0,0,0,0,0,0,0,0
420515,2,1,1999,0,0,0,0,0,0,0,0,0,0
420516,1,1,1999,0,16,0,0,0,0,0,0,0,0
420517,1,1,1999,0,0,18,17,0,13,0,8,0,9
420517,2,1,1999,0,0,0,0,0,0,0,0,0,0
420518,1,1,1999,0,0,0,0,0,0,0,0,0,0
420518,2,1,1999,0,0,0,10,0,0,0,0,0,0
420519,0,1,1999,0,0,0,0,0,0,0,0,0,0
420519,1,1,1999,1,1,1,1,1,1,1,1,1,1
420520,1,1,1999,24,24,24,24,24,24,24,24,24,24
420521,1,1,1999,0,0,0,0,0,0,14,0,0,8
420522,1,1,1999,0,0,0,0,0,0,0,0,0,0
420523,1,1,1999,0,0,0,0,0,0,0,0,0,0
420524,1,1,1999,30,30,30,30,30,30,30,30,30,30
420525,1,1,1999,0,0,0,0,0,0,0,0,12,0
420525,2,1,1999,0,0,0,22,0,0,0,0,0,0
420526,1,1,1999,18,18,18,18,18,18,18,18,18,18
420527,1,1,1999,0,0,0,0,0,0,0,0,0,0
420527,2,1,1999,0,0,0,0,0,0,0,0,0,0
420528,1,1,1999,0,0,0,0,0,0,0,0,0,0
420528,2,1,1999,0,0,0,0,0,0,0,0,0,0
420529,1,1,1999,0,0,0,0,3,0,0,0,0,0
420530,1,1,1999,0,0,0,0,0,0,0,0,0,0
420531,1,1,1999,0,0,0,0,0,0,0,0,0,0
420531,2,1,1999,0,0,0,0,0,0,0,0,0,0
420532,1,1,1999,0,0,0,0,0,0,0,0,0,0
420532,2,1,1999,0,13,0,0,0,0,0,0,0,7
420533,1,1,1999,0,0,0,0,0,0,0,0,0,0
420533,2,1,1999,0,0,0,0,0,0,0,0,0,0
420534,1,1,1999,0,0,0,0,0,0,0,0,0,0
420534,2,1,1999,0,0,0,0,0,0,0,0,0,0
420534,3,1,1999,0,16,0,0,0,0,0,0,0,0
420534,4,1,1999,0,0,0,0,0,0,0,0,0,0
420535,1,1,1999,2,2,2,2,2,2,2,2,2,2
420535,2,1,1999,0,0,0,0,0,0,0,0,0,0
420536,1,1,1999,19,19,19,19,19,19,19,19,19,19
420537,1,1,1999,0,0,0,0,0,0,0,0,0,0
420537,2,1,1999,19,0,20,22,23,17,0,13,15,0
420538,1,1,1999,21,21,21,21,21,21,21,21,21,21
420539,0,1,1999,31,0,16,0,0,0,17,0,0,0
420539,1,1,1999,0,0,0,0,0,0,0,0,0,0
420540,0,1,1999,0,15,0,0,0,20,0,0,32,17
420540,1,1,1999,0,0,0,0,0,0,0,0,0,0
420541,1,1,1999,11,11,11,11,11,11,11,11,11,11
420542,1,1,1999,0,0,0,13,0,0,0,0,0,0
420542,2,1,1999,0,0,0,0,0,0,0,0,0,0
420543,1,1,1999,17,17,17,17,17,17,17,17,17,17
420543,2,1,1999,14,14,14,14,14,14,14,14,14,14
420544,1,1,1999,0,0,0,0,0,0,0,0,0,0
420544,2,1,1999,0,0,0,0,0,0,0,0,0,0
420545,1,1,1999,10,10,10,10,10,10,10,10,10,10
420546,0,1,1999,0,19,0,0,13,0,0,8,0,17
420546,1,1,1999,13,13,13,13,13,13,13,13,13,13
420547,1,1,1999,13,13,13,13,13,13,13,13,13,13
420548,1,1,1999,0,0,0,0,0,16,0,17,0,0
420549,1,1,1999,21,6,18,20,12,6,4,0,6,11
420549,2,1,1999,0,0,0,0,0,0,0,0,0,0
420550,1,1,1999,30,30,30,30,30,30,30,30,30,30
420551,1,1,1999,0,0,0,0,0,0,0,0,0,0
420551,2,1,1999,0,0,0,0,0,0,0,0,0,0
420552,1,1,1999,0,0,0,0,0,0,0,0,0,0
420552,2,1,1999,0,0,0,0,0,0,0,0,0,0
420552,3,1,1999,0,0,0,0,0,0,0,0,0,0
420553,1,1,1999,12,12,12,12,12,12,12,12,12,12