ST_CASE,VEH_NO,PER_NO,YEAR,P1,P2,P3,P4,P5,P6,P7,P8,P9,P10
420554,1,1,1999,13,13,13,13,13,13,13,13,13,13
420555,1,1,1999,23,23,23,23,23,23,23,23,23,23
420556,1,1,1999,19,19,19,19,19,19,19,19,19,19
420557,1,1,1999,0,0,0,0,0,0,0,0,0,0
420557,2,1,1999,0,0,0,19,0,12,16,0,21,18
420558,1,1,1999,17,17,17,17,17,17,17,17,17,17
420559,1,1,1999,18,18,18,18,18,18,18,18,18,18
420560,1,1,1999,6,0,0,6,0,0,10,0,0,0
420561,1,1,1999,6,6,6,6,6,6,6,6,6,6
420562,1,1,1999,16,16,16,16,16,16,16,16,16,16
420562,2,1,1999,0,0,0,0,0,0,0,0,0,0
420562,3,1,1999,10,10,10,10,10,10,10,10,10,10
420563,1,1,1999,0,0,0,0,0,0,0,0,0,0
420563,2,1,1999,0,0,0,0,0,0,0,0,0,0
420564,1,1,1999,19,19,19,19,19,19,19,19,19,19
420565,1,1,1999,0,0,0,0,0,0,0,0,0,0
420565,2,1,1999,0,0,0,0,0,0,0,0,0,0
420566,1,1,1999,0,0,0,0,0,0,0,0,0,0
420567,1,1,1999,0,0,0,0,0,0,0,0,0,0
420567,2,1,1999,11,0,0,0,0,0,0,0,0,0
420567,3,1,1999,0,0,0,0,0,0,0,0,0,0
420567,4,1,1999,0,0,0,0,0,0,0,0,0,0
420567,5,1,1999,0,0,0,0,0,0,0,0,0,0
420568,1,1,1999,0,0,0,0,0,0,0,8,0,0
420568,2,1,1999,0,0,0,0,0,0,0,0,0,0
420569,1,1,1999,0,0,0,0,0,0,0,0,0,0
420570,1,1,1999,0,0,0,0,0,0,0,0,0,0
420571,1,1,1999,0,0,0,0,0,0,0,0,0,0
420571,2,1,1999,0,0,0,0,0,0,0,0,0,0
420571,3,1,1999,0,0,0,0,0,0,0,0,0,0
420572,1,1,1999,0,0,0,0,0,0,0,0,0,0
420573,1,1,1999,4,4,4,4,4,4,4,4,4,4
420573,2,1,1999,0,0,0,0,0,0,0,0,0,0
420574,1,1,1999,0,0,0,0,0,0,0,0,0,0
420574,2,1,1999,0,0,0,0,0,0,0,0,0,0
420575,1,1,1999,20,20,20,20,20,20,20,20,20,20
420575,2,1,1999,0,0,0,0,0,0,0,0,0,0
420576,1,1,1999,0,0,0,0,0,0,0,0,0,0
420576,2,1,1999,0,0,0,0,0,0,0,0,0,0
420577,1,1,1999,0,0,0,0,0,0,0,0,0,0
420577,2,1,1999,0,0,0,0,0,0,0,0,0,0
420578,0,1,1999,0,0,0,0,0,0,0,0,0,0
420578,1,1,1999,0,0,0,0,0,0,0,0,0,0
420579,1,1,1999,19,19,19,19,19,19,19,19,19,19
420580,0,1,1999,0,0,0,10,0,0,0,0,34,0
420580,1,1,1999,0,0,0,0,0,0,0,0,0,0
420581,0,1,1999,12,12,12,12,12,12,12,12,12,12
420581,1,1,1999,14,14,14,14,14,14,14,14,14,14
420582,0,1,1999,0,19,0,13,0,0,0,0,0,0
420582,1,1,1999,0,0,0,0,0,0,0,0,0,0
420583,1,1,1999,11,0,9,0,0,13,0,11,0,0
420583,2,1,1999,0,16,0,0,0,0,0,0,0,0
420584,1,1,1999,1,1,1,1,1,1,1,1,1,1
420585,1,1,1999,0,0,0,0,0,0,0,0,0,0
420585,2,1,1999,0,0,0,0,0,0,0,0,0,0
420585,3,1,1999,0,0,0,0,0,0,0,0,0,0
420585,4,1,1999,0,0,0,0,0,0,0,0,0,0
420586,1,1,1999,0,0,0,0,0,0,0,0,0,0
420586,2,1,1999,0,0,0,0,0,0,0,0,0,0
420587,1,1,1999,0,0,0,0,0,0,0,0,0,0
420587,2,1,1999,0,0,0,0,0,0,0,0,0,0
420588,1,1,1999,0,0,0,0,0,0,0,0,0,0
420588,2,1,1999,0,0,0,0,0,0,0,0,0,0
420588,3,1,1999,0,0,0,0,3,0,0,0,0,0
420589,1,1,1999,17,17,17,17,17,17,17,17,17,17
420590,1,1,1999,0,0,0,0,0,0,0,0,0,0
420590,2,1,1999,0,0,0,0,0,0,0,0,0,0
420591,1,1,1999,0,0,0,0,0,0,0,0,0,0
420592,1,1,1999,0,0,0,6,0,0,0,0,0,0
420592,2,1,1999,0,0,0,0,0,0,0,0,0,0
420593,1,1,1999,0,0,0,0,0,0,0,0,0,0
420594,1,1,1999,3,3,3,3,3,3,3,3,3,3
420595,1,1,1999,28,28,28,28,28,28,28,28,28,28
420596,1,1,1999,0,0,0,0,0,0,0,0,0,0
420597,1,1,1999,0,0,0,0,0,0,0,0,0,0
420598,1,1,1999,2,2,2,2,2,2,2,2,2,2
420598,2,1,1999,4,4,4,4,4,4,4,4,4,4
420599,1,1,1999,0,0,0,0,0,0,0,0,0,0
420600,1,1,1999,0,0,0,0,0,0,0,0,0,0
420601,0,1,1999,0,0,0,0,0,0,0,0,0,0
420601,1,1,1999,0,0,0,0,0,0,0,3,0,0
420602,1,1,1999,0,0,0,0,0,0,0,0,0,0
420603,0,1,1999,0,0,0,0,0,0,0,0,0,0
420603,1,1,1999,0,0,0,0,0,0,0,0,0,0
420604,1,1,1999,27,27,27,27,27,27,27,27,27,27
420605,1,1,1999,0,0,0,0,0,0,0,0,0,0
420606,1,1,1999,26,26,26,26,26,26,26,26,26,26
420607,1,1,1999,15,15,15,15,15,15,15,15,15,15
420608,1,1,1999,17,17,17,17,17,17,17,17,17,17
420609,1,1,1999,0,0,0,0,0,0,0,0,0,0
420609,2,1,1999,0,0,0,0,0,0,0,0,0,0
420610,1,1,1999,15,15,15,15,15,15,15,15,15,15
420611,1,1,1999,21,21,21,21,21,21,21,21,21,21
420612,1,1,1999,30,30,30,30,30,30,30,30,30,30
420613,1,1,1999,0,0,0,0,0,0,0,0,0,2
420613,2,1,1999,0,0,0,0,0,0,0,0,0,0
420614,1,1,1999,24,24,24,24,24,24,24,24,24,24
420615,1,1,1999,0,0,0,0,0,0,0,0,0,0
420615,2,1,1999,0,0,0,0,0,0,0,0,0,0
420616,1,1,1999,0,0,0,0,0,0,0,0,0,0
420616,2,1,1999,0,0,0,0,0,0,0,0,0,0
420616,3,1,1999,0,0,0,0,0,0,0,0,0,0
420617,1,1,1999,0,0,0,0,0,0,0,0,0,0
420617,2,1,1999,0,0,0,0,0,0,0,0,0,0
420618,1,1,1999,0,0,0,0,0,0,0,0,0,0
420619,1,1,1999,27,27,27,27,27,27,27,27,27,27
420620,1,1,1999,19,11,10,11,3,8,14,12,11,19
420621,0,1,1999,0,0,0,0,0,0,0,0,0,0
420621,1,1,1999,0,0,0,0,0,0,0,0,0,0
420622,0,1,1999,0,0,0,0,0,0,0,0,0,0
420622,1,1,1999,0,0,0,0,0,0,0,0,0,0
420623,1,1,1999,9,0,12,0,0,0,0,0,18,0
420623,2,1,1999,0,0,0,0,0,0,0,0,0,0
420624,1,1,1999,0,0,0,0,0,0,0,0,0,10
420624,2,1,1999,0,0,0,0,0,0,0,0,0,0
420625,1,1,1999,0,0,0,0,0,0,0,0,0,0
420625,2,1,1999,0,0,0,0,0,0,0,0,0,0
420626,1,1,1999,0,0,0,0,0,0,0,0,0,0
420627,1,1,1999,23,23,23,23,23,23,23,23,23,23
420627,2,1,1999,19,12,36,18,19,12,6,19,23,5
420628,1,1,1999,0,0,0,0,0,0,0,0,0,0
420629,1,1,1999,1,1,1,1,1,1,1,1,1,1
420629,2,1,1999,4,4,4,4,4,4,4,4,4,4
420630,1,1,1999,8,8,8,8,8,8,8,8,8,8
420630,2,1,1999,15,0,0,0,0,0,0,8,0,0
420631,1,1,1999,0,0,0,0,11,0,0,0,0,0
420631,2,1,1999,0,0,0,0,0,0,0,0,0,0
420632,1,1,1999,4,0,7,4,14,16,0,7,24,11
420633,1,1,1999,10,10,10,10,10,10,10,10,10,10
420634,1,1,1999,21,21,21,21,21,21,21,21,21,21
420635,1,1,1999,0,0,0,0,0,0,0,0,0,0
420635,2,1,1999,0,0,0,0,0,0,0,0,0,0
420636,1,1,1999,0,0,0,0,0,0,0,0,0,0
420636,2,1,1999,0,0,0,0,0,0,0,0,0,0
420637,0,1,1999,0,0,0,0,0,0,0,0,0,0
420637,1,1,1999,0,0,0,0,0,0,0,0,0,0
420638,1,1,1999,0,0,0,0,0,0,0,0,0,0
420638,2,1,1999,0,0,0,0,0,0,4,8,0,0
420639,1,1,1999,13,13,13,13,13,13,13,13,13,13
420640,1,1,1999,0,0,0,18,0,0,36,26,0,19
420641,1,1,1999,0,12,0,10,0,0,0,0,14,0
420641,2,1,1999,13,13,13,13,13,13,13,13,13,13
420642,1,1,1999,0,0,0,0,0,0,0,0,0,0
420643,1,1,1999,0,0,0,0,0,0,0,0,0,0
420643,2,1,1999,0,0,0,0,0,0,0,0,0,0
420644,1,1,1999,0,0,0,0,0,0,0,0,0,0
420645,1,1,1999,11,27,20,25,19,14,29,18,35,14
420646,1,1,1999,0,0,0,0,0,0,0,0,0,0
420646,2,1,1999,0,0,0,0,0,0,0,0,0,0
420646,3,1,1999,0,0,0,0,0,0,0,0,0,0
420647,1,1,1999,5,14,18,16,23,33,16,22,22,13
420648,1,1,1999,7,7,7,7,7,7,7,7,7,7
420649,1,1,1999,0,0,0,0,0,0,0,0,0,0
420649,2,1,1999,0,0,0,0,0,0,0,0,0,0
420650,1,1,1999,0,0,0,0,0,0,0,0,0,0
420650,2,1,1999,1,1,1,1,1,1,1,1,1,1
420651,1,1,1999,0,0,0,0,0,0,0,0,0,0
420651,2,1,1999,0,0,0,0,0,0,0,0,0,0
420652,1,1,1999,0,0,0,0,0,0,0,0,0,0
420652,2,1,1999,0,0,0,0,0,0,0,0,0,0
420653,1,1,1999,17,22,20,0,16,11,24,20,24,23
420654,1,2,1999,0,39,23,20,0,22,13,15,31,37
420655,1,1,1999,4,4,4,4,4,4,4,4,4,4
420656,1,1,1999,0,0,0,0,0,0,0,0,0,0
420657,0,1,1999,0,0,0,0,0,0,0,0,0,0
420657,1,1,1999,0,0,0,10,8,5,14,0,0,7
420658,1,1,1999,0,0,0,0,0,0,0,0,0,0
420659,1,1,1999,19,19,19,19,19,19,19,19,19,19
420660,0,1,1999,0,0,0,0,0,0,0,0,0,0
420660,0,2,1999,0,0,0,0,0,0,0,0,0,0
420660,0,3,1999,0,0,0,0,0,0,0,0,0,0
420660,1,1,1999,28,28,28,28,28,28,28,28,28,28
420661,1,1,1999,0,0,0,0,0,0,0,0,0,0
420661,2,1,1999,0,0,0,0,0,0,0,0,0,0
420662,1,1,1999,0,0,0,0,0,0,0,0,0,0
420662,2,1,1999,0,0,0,0,0,0,0,0,0,0
420663,1,1,1999,24,24,24,24,24,24,24,24,24,24
420664,1,1,1999,0,0,0,0,0,0,0,0,0,0
420664,2,1,1999,0,0,0,0,0,14,0,0,0,0
420665,1,1,1999,18,0,0,0,32,8,0,32,0,0
420666,1,1,1999,18,18,18,18,18,18,18,18,18,18
420667,0,1,1999,18,0,0,24,0,0,0,0,0,0
420667,1,1,1999,0,5,0,0,0,0,0,0,0,0
420668,0,1,1999,16,16,16,16,16,16,16,16,16,16
420668,1,1,1999,0,0,0,0,0,0,0,0,0,0
420669,1,1,1999,0,0,0,0,0,0,0,0,0,0
420669,2,1,1999,0,0,0,0,0,0,0,0,0,0
420670,1,1,1999,0,4,0,0,0,0,0,0,0,0
420670,2,1,1999,13,13,13,13,13,13,13,13,13,13
420671,1,1,1999,0,0,0,0,0,0,0,0,0,0
420671,2,1,1999,0,0,0,0,0,0,0,0,0,0
420672,1,1,1999,0,0,0,0,0,0,0,0,0,0
420672,2,1,1999,0,0,0,0,27,0,0,0,0,0
420673,1,1,1999,0,0,0,0,0,0,0,0,0,0
420673,2,1,1999,0,0,0,0,0,0,0,0,0,0
420674,1,1,1999,13,13,13,13,13,13,13,13,13,13
420675,1,1,1999,0,0,0,0,0,0,0,0,0,0
420675,2,1,1999,0,0,0,0,0,0,17,0,0,16
420676,1,1,1999,0,0,0,0,0,0,0,0,0,0
420676,2,1,1999,0,0,0,0,0,14,0,0,0,0
420677,1,1,1999,0,0,0,0,0,0,0,0,0,0
420678,1,1,1999,0,0,0,5,0,0,0,11,0,16
420678,2,1,1999,0,0,0,0,0,0,0,8,0,0
420679,1,1,1999,21,21,21,21,21,21,21,21,21,21
420680,0,1,1999,0,0,0,0,0,0,0,0,0,0
420680,1,1,1999,13,0,0,0,0,0,0,0,0,0
420681,1,1,1999,0,0,0,0,0,0,0,0,0,0
420681,2,1,1999,0,0,0,0,0,0,0,0,0,0
420682,1,1,1999,0,0,0,0,0,0,0,0,0,0
420682,2,1,1999,0,0,0,0,0,0,0,0,0,0
420683,1,1,1999,0,0,0,0,0,0,0,0,0,0
420684,1,1,1999,24,24,24,24,24,24,24,24,24,24
420685,1,1,1999,0,0,0,0,0,0,0,0,0,0
420686,1,1,1999,0,0,0,0,0,0,0,0,0,0
420687,1,1,1999,0,0,0,0,0,0,0,0,0,0
420687,2,1,1999,0,0,0,0,0,0,0,0,0,0
420688,1,1,1999,0,28,17,29,0,0,0,21,19,26
420689,1,1,1999,13,13,13,13,13,13,13,13,13,13
420690,1,1,1999,0,0,0,0,0,0,0,0,0,0
420690,2,1,1999,0,0,0,0,0,0,0,0,0,0
420691,1,1,1999,11,11,11,11,11,11,11,11,11,11
420692,1,1,1999,14,14,14,14,14,14,14,14,14,14
420693,1,1,1999,22,22,22,22,22,22,22,22,22,22
420694,1,1,1999,0,0,0,0,0,0,0,0,0,0
420695,1,1,1999,16,16,16,16,16,16,16,16,16,16
420696,0,3,1999,0,0,0,0,0,0,0,0,0,0
420696,1,1,1999,20,20,20,20,20,20,20,20,20,20
420697,1,1,1999,0,0,0,0,0,0,0,0,0,24
420698,1,1,1999,0,14,0,0,21,0,0,0,0,0
420698,2,1,1999,0,0,0,0,0,0,0,0,0,0
420699,0,1,1999,0,31,0,0,0,0,0,0,0,0
420699,1,1,1999,0,0,0,0,0,0,0,0,0,0
420700,1,1,1999,25,25,25,25,25,25,25,25,25,25
420701,1,1,1999,24,24,24,24,24,24,24,24,24,24
420702,1,1,1999,0,0,0,0,0,0,0,0,0,0
420703,1,1,1999,0,0,0,0,0,0,0,0,0,0
420704,1,1,1999,12,12,12,12,12,12,12,12,12,12
420704,2,1,1999,0,0,0,0,0,0,0,0,0,0
420705,1,1,1999,26,26,26,26,26,26,26,26,26,26
420706,1,1,1999,0,0,0,0,0,0,0,0,0,0
420707,1,1,1999,0,0,0,0,0,0,0,0,0,0
420708,1,1,1999,13,13,13,13,13,13,13,13,13,13
420709,1,1,1999,0,0,3,6,0,0,0,0,0,0
420709,2,1,1999,13,13,14,0,24,0,0,14,0,15
420710,1,1,1999,0,0,0,0,0,0,0,0,0,0
420711,1,1,1999,0,0,0,0,0,0,0,0,0,0
420711,2,1,1999,0,0,0,0,0,0,0,0,0,0
420712,1,1,1999,2,2,2,2,2,2,2,2,2,2
420713,1,1,1999,0,0,0,0,0,0,0,0,0,0
420714,1,1,1999,0,0,0,0,0,0,0,0,0,0
420715,0,1,1999,27,17,25,0,32,0,0,9,30,7
420715,1,1,1999,0,0,0,0,0,0,0,0,12,0
420716,1,1,1999,0,0,0,0,0,0,0,0,0,0
420716,2,1,1999,0,0,0,0,0,0,0,0,0,0
420717,1,1,1999,0,0,0,0,0,0,0,0,0,0
420717,2,1,1999,0,0,0,0,0,0,0,0,0,0
420717,3,1,1999,0,0,0,0,0,0,0,0,0,9
420718,1,1,1999,26,26,26,26,26,26,26,26,26,26
420718,2,1,1999,0,0,0,0,0,0,0,0,0,0
420719,1,1,1999,0,0,0,0,0,0,0,0,0,0
420719,2,1,1999,0,0,0,0,0,0,0,0,0,0
420720,1,1,1999,0,0,0,0,0,0,0,0,0,0
420721,1,1,1999,0,0,0,0,0,0,0,0,0,0
420721,2,1,1999,0,0,0,0,0,0,0,0,0,0
420722,1,1,1999,0,0,0,0,0,0,0,0,0,0
420723,1,1,1999,11,11,11,11,11,11,11,11,11,11
420724,1,1,1999,0,0,0,0,0,0,0,0,0,0
420724,2,1,1999,0,0,0,0,0,0,0,0,0,0
420725,1,1,1999,0,0,0,0,0,0,0,0,0,0
420725,2,1,1999,0,0,0,0,0,0,0,0,0,0
420726,0,1,1999,0,0,0,0,0,0,0,0,0,0
420726,1,1,1999,0,33,16,14,0,0,0,0,12,27
420727,1,1,1999,0,0,0,0,0,0,0,0,0,0
420728,1,1,1999,10,10,10,5,18,8,7,10,6,2
420729,1,1,1999,0,0,0,0,0,0,0,0,0,0
420730,1,1,1999,20,20,20,20,20,20,20,20,20,20
420731,1,1,1999,0,0,0,0,0,0,0,0,0,0
420731,2,1,1999,0,0,0,0,0,0,0,0,0,0
420732,1,1,1999,0,0,0,0,0,0,0,0,0,0
420732,2,1,1999,0,0,0,0,6,0,5,7,0,0
420733,0,1,1999,17,17,17,17,17,17,17,17,17,17
420733,1,1,1999,0,0,12,0,22,0,0,0,18,0
420734,1,1,1999,0,0,0,0,0,0,0,0,0,0
420735,1,1,1999,8,15,17,20,8,8,17,0,6,25
420735,2,1,1999,0,0,0,0,0,12,0,0,0,0
420736,0,1,1999,18,17,39,0,22,18,7,18,27,12
420736,1,1,1999,0,0,0,11,0,0,0,0,5,0
420736,2,1,1999,0,0,0,0,0,0,0,0,0,0
420737,1,1,1999,19,19,19,19,19,19,19,19,19,19
420738,1,1,1999,15,15,15,15,15,15,15,15,15,15
420739,1,1,1999,0,0,0,0,0,0,0,0,0,0
420739,2,1,1999,0,0,0,0,0,0,0,0,0,0
420739,3,1,1999,0,0,0,0,0,0,0,0,0,0
420739,4,1,1999,0,0,0,0,0,0,0,0,0,0
420740,1,1,1999,0,0,0,0,0,0,0,0,0,0
420740,2,1,1999,0,0,0,0,0,0,0,0,0,0
420741,1,1,1999,26,26,26,26,26,26,26,26,26,26
420742,1,1,1999,23,23,23,23,23,23,23,23,23,23
420743,1,1,1999,0,0,0,0,0,0,0,0,0,0
420743,2,1,1999,0,0,0,0,0,0,0,0,0,0
420744,1,1,1999,17,17,17,17,17,17,17,17,17,17
420744,2,1,1999,12,0,0,0,0,0,0,0,0,0
420745,1,1,1999,5,5,5,5,5,5,5,5,5,5
420746,1,1,1999,10,10,10,10,10,10,10,10,10,10
420746,2,1,1999,0,0,0,0,0,0,0,0,0,0
420747,1,1,1999,0,0,0,0,0,0,0,0,0,0
420747,2,1,1999,0,0,0,0,0,0,0,0,0,0
420748,1,1,1999,0,0,0,0,0,0,0,0,0,0
420748,2,1,1999,0,0,0,0,0,0,0,0,0,0
420748,3,1,1999,0,0,0,0,0,0,0,0,0,0
420749,1,2,1999,28,10,17,12,10,32,9,23,30,2
420750,1,1,1999,15,15,15,15,15,15,15,15,15,15
420750,2,1,1999,0,0,0,0,0,0,0,0,0,0
420751,1,1,1999,0,0,0,0,0,0,0,0,0,0
420751,2,1,1999,0,0,0,0,0,0,0,0,0,0
420752,1,1,1999,0,0,0,0,0,0,0,0,0,0
420752,2,1,1999,0,0,0,0,0,0,0,0,0,0
420752,3,1,1999,0,0,0,0,7,0,0,0,0,0
420753,1,1,1999,0,0,16,0,0,0,16,0,0,0
420753,2,1,1999,0,0,0,0,0,0,0,0,0,0
420754,1,1,1999,22,22,22,22,22,22,22,22,22,22
420754,2,1,1999,0,0,0,16,0,0,0,0,0,0
420755,1,1,1999,0,0,3,2,0,0,11,0,3,0
420756,1,1,1999,13,13,13,13,13,13,13,13,13,13
420757,1,1,1999,12,0,0,0,0,15,0,0,0,7
420757,2,1,1999,0,25,0,18,0,13,18,6,11,19
420758,0,1,1999,0,0,13,9,11,0,14,12,18,7
420758,1,1,1999,0,0,0,0,0,0,0,0,0,0
420759,1,1,1999,0,0,0,0,0,0,0,0,0,0
420759,2,1,1999,0,0,0,0,0,0,0,0,0,6
420760,1,1,1999,0,0,33,0,0,5,0,0,0,6
420760,2,1,1999,0,0,0,0,0,0,0,0,0,0
420761,1,1,1999,0,0,0,0,0,0,0,0,0,0
420761,2,1,1999,0,0,0,0,0,0,0,0,0,0
420762,1,1,1999,0,0,0,0,0,0,0,0,0,0
420763,1,1,1999,0,0,0,0,0,0,0,0,0,0
420764,1,1,1999,13,9,0,20,13,13,0,17,18,33
420765,1,1,1999,0,0,0,0,0,0,0,0,0,0
420766,1,1,1999,0,0,0,0,0,0,0,0,0,0
420766,2,1,1999,0,0,0,0,0,0,0,0,0,0
420767,1,1,1999,13,13,13,13,13,13,13,13,13,13
420768,0,1,1999,24,24,24,24,24,24,24,24,24,24
420768,1,1,1999,0,20,10,0,4,5,0,0,0,0
420769,1,1,1999,21,21,21,21,21,21,21,21,21,21
420770,1,1,1999,0,0,0,0,0,0,0,0,0,0
420770,2,1,1999,0,0,0,0,0,0,0,0,0,0
420771,0,1,1999,0,17,0,0,16,0,0,0,9,26
420771,1,1,1999,11,0,0,0,0,0,17,0,0,0
420772,1,1,1999,0,0,0,0,0,0,0,0,0,0
420773,1,1,1999,0,0,0,0,0,0,0,0,0,0
420773,2,1,1999,0,0,0,0,0,0,0,0,0,0
420773,3,1,1999,0,0,0,0,0,0,0,0,0,0
420774,0,1,1999,15,0,0,20,0,33,7,15,0,15
420774,0,2,1999,21,20,15,35,26,0,20,0,14,0
420774,0,3,1999,38,32,14,25,46,9,32,26,17,0
420774,1,1,1999,7,7,7,7,7,7,7,7,7,7
420775,0,1,1999,0,0,0,0,0,0,0,0,0,9
420775,1,1,1999,0,0,0,0,0,0,0,0,0,0
420776,1,1,1999,0,0,0,0,0,0,0,0,0,0
420777,1,1,1999,26,8,0,14,20,19,37,18,12,14
420778,1,1,1999,0,0,0,0,0,0,0,0,0,0
420779,1,1,1999,1,1,1,1,1,1,1,1,1,1
420779,2,1,1999,0,0,0,0,0,0,0,0,0,0
420779,3,1,1999,0,0,0,0,0,0,0,0,0,0
420780,1,1,1999,16,16,16,16,16,16,16,16,16,16
420781,1,1,1999,0,0,0,0,0,0,0,0,0,0
420781,2,1,1999,9,9,9,9,9,9,9,9,9,9
420782,1,1,1999,0,0,0,0,0,0,0,0,0,0
420782,2,1,1999,0,0,0,0,0,0,0,0,0,0
420783,1,1,1999,0,0,0,0,0,0,0,4,0,0
420783,2,1,1999,0,0,0,0,0,0,0,0,0,0
420784,1,1,1999,0,0,0,0,0,0,0,0,0,0
420785,1,1,1999,17,17,17,17,17,17,17,17,17,17
420786,1,1,1999,0,0,0,0,0,0,0,0,0,0
420787,0,1,1999,21,21,21,21,21,21,21,21,21,21
420787,1,1,1999,0,7,12,18,36,8,13,0,21,7
420788,1,1,1999,0,0,0,0,0,0,0,0,0,0
420788,2,1,1999,0,0,0,0,0,0,0,0,0,0
420789,1,1,1999,0,0,0,0,0,0,0,0,0,0
420789,2,1,1999,0,0,0,0,0,0,6,0,0,0
420790,1,1,1999,0,0,0,0,0,0,0,0,22,0
420791,1,1,1999,0,0,0,0,0,0,0,0,0,0
420791,2,1,1999,0,0,0,0,0,0,0,0,0,0
420792,1,1,1999,0,0,0,0,0,0,0,0,0,0
420792,2,1,1999,0,0,0,0,0,0,0,0,0,0
420793,1,1,1999,17,17,17,17,17,17,17,17,17,17
420794,1,1,1999,0,0,0,0,0,0,0,0,0,0
420794,2,1,1999,0,0,0,0,0,0,0,0,0,0
420795,1,1,1999,0,0,0,0,0,0,0,0,0,0
420795,2,1,1999,0,0,0,0,0,0,0,0,0,0
420796,1,1,1999,0,0,0,0,0,0,0,0,0,0
420797,1,1,1999,15,15,15,15,15,15,15,15,15,15
420797,2,1,1999,0,0,0,0,0,0,0,0,0,0
420798,1,1,1999,0,0,0,0,0,0,0,0,0,0
420798,2,1,1999,0,0,0,0,0,0,0,0,0,0
420799,0,1,1999,30,0,18,30,5,0,30,0,35,8
420799,1,1,1999,20,20,20,20,20,20,20,20,20,20
420800,1,1,1999,0,0,0,0,0,0,0,0,0,0
420801,1,1,1999,11,11,11,11,11,11,11,11,11,11
420802,1,1,1999,24,24,24,24,24,24,24,24,24,24
420803,1,1,1999,0,0,0,0,0,0,0,0,0,0
420803,2,1,1999,0,0,0,0,0,0,0,0,0,0
420804,1,1,1999,10,0,0,0,0,0,0,0,0,0
420805,0,1,1999,0,0,0,0,0,0,0,0,0,0
420805,1,1,1999,0,0,0,0,0,0,0,0,0,0
420806,1,1,1999,0,0,0,0,0,0,0,0,0,0
420806,2,1,1999,0,0,0,0,0,0,0,0,0,0
420807,1,1,1999,0,0,0,0,0,0,0,0,0,0
420808,1,1,1999,0,0,0,0,0,0,0,0,0,0
420808,2,1,1999,0,10,0,25,8,17,25,0,19,0
420809,1,1,1999,0,0,0,0,0,0,0,0,0,0
420809,2,1,1999,0,0,0,0,0,0,0,0,0,0
420810,1,1,1999,0,0,0,0,0,0,0,0,0,0
420811,1,1,1999,17,17,17,17,17,17,17,17,17,17
420811,2,1,1999,0,0,0,0,0,0,0,0,0,0
420811,3,1,1999,0,0,0,0,0,0,0,0,0,0
420812,1,1,1999,0,0,0,0,0,0,0,0,0,0
420812,2,1,1999,0,0,0,0,0,0,0,0,0,0
420813,1,1,1999,0,0,0,0,0,0,0,0,0,13
420813,2,1,1999,0,0,0,0,0,0,0,0,0,0
420814,0,1,1999,0,0,3,0,0,0,0,0,0,0
420814,1,1,1999,0,0,0,0,0,0,0,0,0,0
420815,0,1,1999,13,24,13,33,37,0,13,11,22,15
420815,1,1,1999,23,23,36,12,23,10,12,26,21,9
420816,1,1,1999,0,0,0,0,0,0,0,0,0,0
420816,2,1,1999,10,0,0,0,0,0,0,0,0,0
420817,0,1,1999,0,0,0,0,0,0,0,0,0,0
420818,1,1,1999,0,0,0,0,0,0,0,0,0,0
420819,1,1,1999,24,24,24,24,24,24,24,24,24,24
420820,1,1,1999,0,0,0,0,0,0,0,0,0,0
420820,2,1,1999,0,0,0,0,0,0,0,0,0,0
420821,1,1,1999,0,0,0,0,0,0,0,0,0,0
420821,2,1,1999,0,0,0,0,0,0,0,0,0,0
420822,0,1,1999,0,0,0,12,0,0,0,0,0,0
420822,1,1,1999,0,0,0,0,0,0,0,0,0,0
420823,1,1,1999,16,16,16,16,16,16,16,16,16,16
420823,2,1,1999,0,0,0,0,0,0,0,0,0,0
420823,3,1,1999,0,1,0,0,10,16,11,0,0,0
420824,0,1,1999,0,0,0,0,0,0,0,0,0,0
420824,1,1,1999,0,0,0,0,0,0,0,0,0,0
420825,1,1,1999,2,2,2,2,2,2,2,2,2,2
420825,2,1,1999,16,17,13,0,14,15,0,23,0,5
420826,1,1,1999,0,0,0,0,0,0,0,0,0,0
420827,1,1,1999,26,26,26,26,26,26,26,26,26,26
420828,1,1,1999,18,18,18,18,18,18,18,18,18,18
420829,1,1,1999,0,0,0,0,0,0,0,0,0,0
420829,2,1,1999,0,0,0,0,0,0,0,0,0,0
420829,3,1,1999,0,0,0,0,0,0,0,0,0,0
420830,1,1,1999,0,0,0,0,0,0,0,0,9,0
420830,2,1,1999,0,0,0,0,4,17,0,15,0,0
420831,1,1,1999,0,0,0,0,0,0,0,9,0,0
420831,2,1,1999,0,0,0,0,0,0,0,0,0,0
420831,3,1,1999,0,0,0,0,0,0,0,0,0,0
420831,4,1,1999,0,0,0,0,0,0,0,0,0,0
420831,5,1,1999,0,0,0,0,0,0,0,0,0,0
420831,6,1,1999,0,0,0,0,0,0,0,0,0,0
420831,7,1,1999,0,0,0,0,0,0,0,0,0,0
420832,1,1,1999,13,13,13,13,13,13,13,13,13,13