ST_CASE,VEH_NO,PER_NO,YEAR,P1,P2,P3,P4,P5,P6,P7,P8,P9,P10
421367,6,1,1999,0,0,0,0,0,0,0,0,0,0
421368,1,1,1999,0,0,0,0,0,0,0,0,0,0
421368,2,1,1999,0,0,0,0,0,0,0,0,0,0
421369,1,1,1999,0,0,0,0,0,4,0,0,0,0
421369,2,1,1999,0,0,0,0,0,0,0,0,0,0
421369,3,1,1999,0,0,0,0,0,0,0,0,0,0
421369,4,1,1999,0,0,0,0,0,0,0,0,0,0
421370,1,1,1999,0,0,0,0,0,0,0,0,0,0
421371,0,1,1999,0,0,0,0,0,0,0,0,0,0
421371,1,1,1999,0,0,0,0,0,0,0,0,0,12
421372,1,1,1999,14,0,9,0,8,0,11,0,6,9
421372,2,1,1999,0,0,0,0,0,0,0,0,0,0
421373,1,1,1999,0,0,0,0,0,0,0,0,0,0
421373,2,1,1999,0,0,0,0,0,0,0,0,0,0
421374,1,1,1999,23,21,0,0,0,0,0,0,10,0
421375,1,1,1999,0,0,0,0,0,0,0,0,0,0
421375,2,1,1999,0,0,0,0,0,0,0,0,0,0
421376,1,1,1999,0,0,0,0,0,0,0,0,0,0
421376,2,1,1999,0,0,0,0,0,0,0,0,0,0
421377,0,1,1999,0,0,0,0,0,23,0,11,0,0
421377,1,1,1999,0,0,0,0,0,0,0,14,0,0
421378,1,1,1999,0,0,0,0,0,0,0,0,0,0
421378,2,1,1999,0,0,0,0,0,0,0,0,0,0
421378,3,1,1999,20,0,0,27,0,0,0,14,0,0
421379,1,1,1999,16,16,16,16,16,16,16,16,16,16
421379,2,1,1999,0,0,0,0,0,0,0,0,0,0
421380,1,1,1999,15,15,15,15,15,15,15,15,15,15
421381,1,1,1999,0,0,0,0,0,0,0,0,0,0
421381,2,1,1999,0,0,0,0,0,0,0,0,0,0
421382,1,1,1999,25,25,25,25,25,25,25,25,25,25
421382,2,1,1999,0,0,0,0,0,0,0,0,0,0
421382,3,1,1999,0,0,0,0,0,0,0,0,0,0
421383,1,1,1999,3,3,3,3,3,3,3,3,3,3
440001,1,1,1999,1,1,1,1,1,1,1,1,1,1
440002,1,2,1999,0,0,0,0,0,0,0,18,15,0
440003,1,1,1999,0,0,0,0,0,0,0,0,0,0
440003,2,1,1999,0,0,0,0,0,0,0,0,0,0
440004,0,1,1999,5,5,5,5,5,5,5,5,5,5
440004,1,1,1999,16,16,16,16,16,16,16,16,16,16
440005,1,1,1999,0,0,0,0,0,0,0,0,0,0
440006,1,1,1999,0,0,0,0,0,0,0,0,0,0
440007,1,1,1999,1,1,1,1,1,1,1,1,1,1
440008,1,1,1999,18,18,18,18,18,18,18,18,18,18
440009,1,1,1999,25,25,25,25,25,25,25,25,25,25
440010,1,1,1999,0,0,0,18,16,0,5,0,0,0
440010,2,1,1999,0,0,0,0,0,0,0,0,0,0
440011,0,1,1999,0,0,0,0,0,0,0,0,0,0
440011,1,1,1999,0,0,0,0,0,0,0,0,0,0
440012,1,1,1999,0,0,0,0,0,0,0,0,0,0
440012,2,1,1999,0,0,0,0,0,0,0,0,0,0
440013,1,1,1999,0,0,0,0,0,0,0,0,0,0
440013,2,1,1999,0,0,0,19,0,19,0,0,4,0
440014,1,1,1999,20,20,20,20,20,20,20,20,20,20
440014,2,1,1999,0,0,0,0,0,0,0,0,0,0
440015,1,2,1999,0,0,0,0,0,0,0,0,0,0
440015,2,1,1999,0,0,0,0,0,0,0,0,0,0
440016,1,1,1999,16,16,16,16,16,16,16,16,16,16
440017,1,1,1999,9,9,9,9,9,9,9,9,9,9
440017,2,1,1999,3,0,0,0,0,0,0,17,0,0
440018,1,1,1999,0,0,0,0,0,0,0,0,0,0
440019,1,1,1999,0,0,0,0,0,0,0,0,0,0
440019,2,1,1999,0,0,0,0,19,0,0,0,0,0
440020,1,1,1999,0,0,0,0,0,0,0,0,0,0
440021,1,1,1999,16,16,16,16,16,16,16,16,16,16
440021,2,1,1999,22,0,0,15,0,0,11,0,0,0
440022,0,1,1999,0,0,0,0,0,0,0,0,0,0
440022,1,1,1999,0,0,0,0,0,7,0,0,0,0
440023,1,1,1999,0,0,0,0,0,0,0,0,0,0
440024,1,1,1999,0,0,0,0,0,0,0,0,0,0
440024,2,1,1999,0,0,0,0,0,0,0,0,0,0
440025,1,1,1999,0,0,0,0,0,0,0,0,0,0
440025,2,1,1999,0,0,0,0,0,0,0,0,0,0
440026,1,1,1999,17,17,17,17,17,17,17,17,17,17
440027,1,1,1999,9,9,9,9,9,9,9,9,9,9
440027,2,1,1999,11,0,0,8,0,0,16,15,0,21
440028,1,1,1999,6,6,6,6,6,6,6,6,6,6
440028,2,1,1999,0,13,0,0,0,0,8,0,0,0
440029,1,1,1999,12,12,12,12,12,12,12,12,12,12
440029,2,1,1999,0,0,0,0,0,0,4,0,0,0
440030,1,1,1999,0,0,0,0,0,0,0,0,0,0
440031,1,1,1999,25,25,25,25,25,25,25,25,25,25
440032,0,1,1999,0,0,0,0,0,0,0,0,0,0
440032,1,1,1999,0,0,16,0,0,0,0,0,10,0
440033,1,1,1999,0,0,0,0,0,0,0,0,0,0
440033,2,1,1999,0,0,0,0,0,5,0,18,0,0
440034,1,1,1999,22,22,22,22,22,22,22,22,22,22
440035,1,2,1999,2,2,2,2,2,2,2,2,2,2
440036,1,1,1999,0,0,0,0,0,0,0,0,0,0
440036,2,1,1999,0,0,0,0,0,0,0,0,0,0
440037,1,1,1999,17,17,17,17,17,17,17,17,17,17
440038,1,1,1999,0,0,0,0,0,0,0,0,0,0
440038,2,1,1999,0,0,0,0,0,0,0,0,0,19
440039,1,1,1999,8,8,8,8,8,8,8,8,8,8
440040,1,1,1999,0,0,0,0,0,0,0,0,0,0
440040,2,1,1999,0,0,0,0,0,0,0,0,0,0
440041,0,1,1999,0,0,0,0,0,0,0,0,0,0
440041,1,1,1999,0,12,0,0,0,0,0,0,0,0
440042,0,1,1999,0,0,0,0,0,0,0,0,0,0
440042,1,1,1999,0,0,0,0,0,0,0,0,0,0
440043,0,1,1999,2,2,2,2,2,2,2,2,2,2
440043,1,1,1999,0,0,0,0,0,0,0,0,0,0
440044,1,1,1999,0,0,0,0,0,0,0,0,0,0
440045,1,1,1999,2,2,2,2,2,2,2,2,2,2
440046,0,1,1999,10,10,10,10,10,10,10,10,10,10
440046,1,1,1999,0,9,0,0,0,19,0,0,0,0
440047,0,1,1999,0,0,0,0,0,0,0,0,0,0
440047,1,1,1999,0,0,25,0,0,0,7,0,0,0
440048,1,1,1999,14,14,14,14,14,14,14,14,14,14
440049,1,2,1999,0,0,0,0,0,0,0,0,0,0
440049,2,1,1999,0,0,0,0,0,0,0,0,0,0
440050,1,2,1999,0,0,0,0,0,0,0,0,0,0
440050,2,1,1999,0,0,0,0,0,7,0,0,0,0
440050,3,1,1999,0,0,0,0,0,0,0,0,0,0
440051,0,1,1999,0,0,0,0,0,0,0,0,0,0
440051,1,1,1999,0,0,0,0,0,0,0,0,0,0
440052,1,2,1999,15,0,0,0,0,0,3,9,9,4
440053,1,1,1999,0,0,0,0,0,0,0,0,0,0
440054,1,2,1999,0,0,0,0,0,0,0,0,0,8
440055,0,1,1999,0,0,0,0,0,0,0,0,0,0
440055,1,1,1999,0,0,0,0,0,0,0,0,0,0
440056,1,1,1999,0,0,0,0,0,0,0,0,0,0
440057,1,1,1999,0,0,0,0,0,0,0,0,0,0
440057,2,1,1999,0,0,0,0,0,0,0,0,0,0
440058,1,2,1999,0,0,21,17,25,0,8,22,12,10
440059,1,1,1999,0,0,0,0,0,0,0,0,0,0
440059,2,1,1999,0,7,0,0,0,0,0,0,0,0
440060,0,1,1999,0,0,0,0,0,0,0,0,0,0
440060,1,1,1999,0,0,0,0,0,0,0,0,0,0
440061,1,1,1999,7,7,7,7,7,7,7,7,7,7
440062,1,1,1999,0,0,0,0,0,0,0,0,0,0
440062,2,1,1999,0,0,0,0,0,8,0,0,0,0
440063,1,1,1999,0,0,0,0,0,0,0,0,0,0
440064,1,2,1999,0,0,0,0,0,0,0,0,0,0
440064,2,1,1999,0,0,0,0,0,0,0,0,0,0
440065,1,1,1999,20,20,20,20,20,20,20,20,20,20
440066,1,1,1999,0,0,0,0,0,0,0,0,0,0
440066,2,1,1999,0,0,0,0,0,0,0,0,0,0
440067,1,1,1999,0,0,0,0,0,0,0,0,0,0
440068,0,1,1999,0,0,0,0,0,0,0,0,0,0
440068,1,1,1999,0,0,14,0,9,10,0,12,0,0
440069,1,1,1999,0,0,0,0,0,0,0,0,0,0
440070,1,1,1999,0,0,0,0,0,0,0,0,0,0
440071,1,1,1999,23,0,0,13,27,12,0,0,23,0
440072,1,1,1999,22,22,22,22,22,22,22,22,22,22
440073,1,1,1999,11,11,11,11,11,11,11,11,11,11
440074,1,2,1999,0,0,0,0,0,0,0,0,0,0
440074,2,1,1999,0,0,0,0,0,0,0,0,0,9
440075,1,1,1999,20,20,20,20,20,20,20,20,20,20
440076,1,2,1999,18,18,18,18,18,18,18,18,18,18
440077,1,2,1999,0,0,0,0,0,0,0,0,0,0
440078,1,1,1999,0,0,0,0,0,0,0,0,0,0
440078,2,1,1999,13,13,13,13,13,13,13,13,13,13
440078,3,1,1999,0,0,0,0,0,0,0,0,0,0
440078,4,1,1999,0,31,0,0,0,0,0,0,0,0
440079,1,2,1999,0,0,0,3,0,0,0,0,0,0
440080,1,1,1999,0,0,0,0,0,0,0,0,0,0
440081,0,1,1999,0,0,0,0,0,0,0,0,0,0
440081,0,2,1999,4,11,0,0,0,15,0,18,0,0
440081,0,3,1999,19,0,0,0,19,0,0,0,0,4
440081,1,1,1999,0,0,0,14,13,0,0,0,0,0
440082,1,1,1999,0,0,0,0,0,0,0,0,0,0
440082,2,1,1999,0,0,0,0,0,0,36,0,0,0
440083,1,2,1999,0,36,0,0,0,12,0,0,0,28
440084,1,1,1999,0,0,0,0,0,0,0,0,0,0
440085,1,1,1999,0,0,0,0,0,0,0,0,0,0
440085,2,1,1999,0,3,11,0,0,0,0,0,0,0
450001,1,1,1999,32,32,32,32,32,32,32,32,32,32
450002,1,1,1999,8,8,8,8,8,8,8,8,8,8
450003,0,1,1999,0,0,0,0,0,0,0,0,0,0
450003,1,1,1999,0,0,0,0,0,0,0,0,0,0
450004,1,1,1999,0,0,0,0,0,0,0,0,0,0
450005,0,1,1999,21,21,21,21,21,21,21,21,21,21
450005,1,1,1999,0,0,0,0,0,0,0,0,0,0
450006,1,1,1999,20,20,20,20,20,20,20,20,20,20
450007,1,1,1999,0,0,0,0,0,0,0,0,0,0
450007,2,1,1999,0,0,0,0,0,0,0,0,0,0
450008,1,1,1999,26,26,26,26,26,26,26,26,26,26
450009,1,1,1999,6,6,6,6,6,6,6,6,6,6
450010,1,1,1999,8,8,8,8,8,8,8,8,8,8
450011,1,1,1999,31,0,11,0,0,22,15,21,0,0
450012,1,1,1999,13,11,8,0,13,1,11,19,4,19
450012,2,1,1999,0,0,0,0,0,0,0,0,0,0
450013,0,1,1999,32,32,32,32,32,32,32,32,32,32
450013,1,1,1999,0,0,0,0,0,0,0,0,19,0
450014,1,1,1999,0,0,0,0,0,0,0,0,0,0
450014,2,1,1999,0,0,0,0,0,0,0,0,0,0
450015,1,1,1999,23,23,23,23,23,23,23,23,23,23
450016,1,1,1999,0,0,0,0,0,0,0,0,0,0
450017,1,1,1999,0,14,0,27,0,0,0,0,0,0
450017,2,1,1999,17,17,17,17,17,17,17,17,17,17
450018,1,1,1999,11,25,32,30,29,11,38,39,21,24
450018,2,1,1999,0,0,0,0,0,0,0,0,0,0
450019,1,1,1999,17,0,0,0,0,0,0,0,0,0
450020,0,1,1999,0,0,12,0,0,0,20,0,0,0
450020,1,1,1999,0,0,0,0,0,0,0,0,0,0
450021,0,1,1999,0,0,0,0,0,0,0,0,0,0
450021,1,1,1999,0,0,0,0,0,0,0,0,0,0
450022,1,1,1999,0,0,0,0,0,0,0,0,0,0
450022,2,1,1999,0,0,0,0,0,0,0,0,0,0
450023,1,1,1999,0,0,0,0,0,0,0,0,0,0
450024,1,1,1999,15,15,15,15,15,15,15,15,15,15
450025,1,1,1999,0,0,0,0,0,0,0,0,0,0
450025,2,1,1999,0,0,0,12,0,0,0,0,0,0
450025,3,1,1999,0,0,0,0,0,0,0,0,0,0
450026,0,1,1999,0,0,0,16,0,0,0,0,0,0
450026,1,1,1999,11,11,11,11,11,11,11,11,11,11
450027,0,1,1999,0,26,0,0,0,0,0,0,30,0
450027,1,1,1999,0,0,0,0,0,0,0,0,0,0
450028,0,1,1999,41,41,41,41,41,41,41,41,41,41
450028,1,1,1999,0,0,0,0,12,0,0,0,0,0
450029,1,1,1999,16,16,16,16,16,16,16,16,16,16
450030,0,1,1999,0,0,0,0,0,0,0,0,0,0
450030,1,1,1999,0,0,0,0,0,0,0,0,0,0
450031,0,1,1999,0,0,0,6,0,0,0,0,0,0
450031,1,1,1999,0,0,0,0,0,0,0,0,0,0
450032,1,1,1999,0,0,0,0,0,0,0,0,0,0
450032,2,1,1999,0,0,0,0,0,0,0,0,0,0
450033,0,1,1999,0,0,0,0,0,0,0,0,0,0
450033,1,1,1999,0,0,0,0,0,0,0,0,0,0
450034,1,1,1999,25,25,25,25,25,25,25,25,25,25
450035,1,1,1999,0,0,0,0,0,0,0,0,0,0
450035,2,1,1999,7,0,0,0,0,0,0,0,0,0
450036,1,1,1999,0,0,20,0,0,0,0,0,0,0
450036,2,1,1999,0,0,0,0,0,0,0,0,0,0
450036,3,1,1999,0,0,0,0,0,0,0,0,0,0
450037,1,1,1999,0,0,0,0,0,0,0,0,0,0
450037,2,1,1999,8,8,8,8,8,8,8,8,8,8
450038,1,1,1999,0,0,0,0,0,0,0,0,0,0
450039,1,1,1999,24,24,24,24,24,24,24,24,24,24
450040,1,1,1999,0,0,0,0,0,0,0,0,0,0
450040,2,1,1999,0,0,0,0,0,0,0,12,0,16
450041,1,1,1999,23,0,0,0,0,13,10,23,22,18
450042,1,1,1999,11,0,0,0,0,0,0,0,0,0
450043,1,1,1999,0,0,0,0,0,0,0,0,0,0
450043,2,1,1999,0,0,0,0,0,0,0,0,0,0
450044,1,1,1999,29,29,29,29,29,29,29,29,29,29
450045,1,1,1999,0,0,0,0,0,0,0,0,0,0
450045,2,1,1999,0,0,0,0,0,0,0,0,0,0
450046,1,1,1999,25,25,25,25,25,25,25,25,25,25
450047,2,1,1999,0,0,0,0,0,0,0,0,0,0
450048,1,1,1999,0,0,0,0,0,0,0,0,0,0
450048,2,1,1999,0,0,0,0,0,0,0,0,0,0
450049,0,1,1999,0,0,0,0,0,0,0,0,0,0
450049,1,1,1999,0,0,0,0,0,0,0,0,0,0
450050,1,1,1999,7,7,7,7,7,7,7,7,7,7
450051,1,1,1999,0,11,0,17,30,0,0,16,0,0
450051,2,1,1999,0,0,0,0,0,0,0,0,0,0
450052,1,1,1999,0,0,0,0,0,0,0,0,0,0
450052,2,1,1999,0,0,0,0,0,0,0,0,0,0
450053,1,1,1999,21,21,21,21,21,21,21,21,21,21
450054,1,1,1999,32,32,32,32,32,32,32,32,32,32
450055,1,1,1999,0,0,0,4,9,0,0,0,0,0
450056,1,1,1999,34,34,34,34,34,34,34,34,34,34
450057,1,1,1999,12,0,0,0,0,0,0,0,0,0
450057,2,1,1999,0,0,0,0,0,0,0,0,0,0
450058,1,1,1999,0,0,0,0,0,0,0,11,0,0
450058,2,1,1999,0,0,0,0,0,0,0,0,0,0
450058,3,1,1999,0,0,0,0,0,0,0,0,0,0
450059,1,1,1999,5,5,15,3,15,11,16,7,5,17
450059,2,1,1999,0,15,0,0,0,0,0,0,0,0
450060,1,1,1999,0,0,0,0,0,0,0,0,0,0
450060,2,1,1999,0,0,0,0,0,0,0,0,0,0
450061,1,1,1999,0,0,0,0,0,0,0,0,0,0
450061,2,1,1999,0,0,0,0,0,0,0,0,0,0
450062,1,1,1999,16,16,16,16,16,16,16,16,16,16
450063,0,1,1999,0,0,0,0,0,0,0,0,0,0
450063,1,1,1999,0,0,0,0,0,0,0,0,0,0
450064,1,1,1999,0,0,0,0,0,0,0,0,24,0
450064,2,1,1999,0,0,0,0,0,0,0,0,0,0
450065,1,1,1999,0,0,0,0,0,0,0,0,0,0
450065,2,1,1999,16,16,16,16,16,16,16,16,16,16
450066,1,1,1999,0,0,0,18,0,0,0,0,29,0
450067,1,1,1999,0,0,0,0,0,0,0,6,0,0
450067,2,1,1999,0,0,0,13,25,0,22,20,0,0
450068,1,1,1999,10,10,10,10,10,10,10,10,10,10
450069,1,1,1999,6,6,6,6,6,6,6,6,6,6
450069,2,1,1999,0,0,0,0,0,0,0,0,0,0
450070,1,1,1999,0,0,0,0,0,0,0,0,0,0
450070,2,1,1999,0,0,0,0,0,0,0,0,0,0
450071,1,1,1999,0,0,0,0,0,0,0,0,0,0
450071,2,1,1999,0,0,0,0,0,0,0,0,0,0
450072,1,1,1999,0,0,0,0,0,0,0,0,0,0
450072,2,1,1999,0,0,0,0,0,0,0,0,0,0
450073,1,1,1999,0,0,0,0,0,0,0,0,0,0
450074,1,1,1999,0,0,0,8,0,0,0,0,0,0
450074,2,1,1999,0,0,0,0,0,0,0,0,0,0
450075,1,1,1999,0,0,0,0,0,0,0,0,0,0
450075,2,1,1999,0,0,0,0,0,0,0,0,0,0
450076,1,1,1999,0,0,0,0,0,0,0,0,0,0
450077,1,1,1999,0,0,0,0,0,0,0,0,0,0
450077,2,1,1999,0,0,0,0,0,0,0,0,0,0
450078,1,1,1999,0,0,0,0,0,0,0,0,0,0
450078,2,1,1999,10,0,0,0,0,0,0,0,0,0
450078,3,1,1999,13,0,0,0,0,0,0,0,0,0
450079,1,1,1999,0,0,0,0,0,0,0,0,0,0
450079,2,1,1999,0,0,0,0,0,0,0,0,0,0
450080,0,1,1999,0,0,0,10,0,0,0,0,0,0
450080,1,1,1999,0,0,0,0,0,0,0,0,0,0
450081,0,1,1999,9,0,20,0,19,26,22,6,28,13
450081,0,2,1999,26,26,26,26,26,26,26,26,26,26
450081,1,1,1999,0,0,0,0,0,0,0,0,27,0
450082,1,1,1999,9,23,28,7,0,20,12,0,18,20
450083,1,1,1999,0,0,0,0,0,0,0,0,0,0
450083,2,1,1999,0,0,0,0,0,0,0,0,0,0
450084,1,1,1999,0,0,0,0,0,0,0,0,0,0
450085,1,1,1999,0,0,0,0,0,0,0,0,0,0
450085,2,1,1999,13,0,0,0,0,0,0,0,0,0
450086,1,1,1999,0,0,9,0,0,0,0,0,0,0
450087,1,1,1999,0,0,0,0,0,0,0,0,0,0
450087,2,1,1999,0,0,0,0,0,0,0,0,0,0
450088,1,1,1999,0,0,0,0,0,0,0,0,0,0
450088,2,1,1999,0,0,0,0,0,0,0,0,0,0
450089,1,1,1999,0,0,0,0,0,0,0,0,0,0
450090,1,1,1999,0,0,0,0,0,0,0,0,0,0
450090,2,1,1999,0,0,0,0,0,0,0,0,0,0
450092,1,1,1999,12,12,12,12,12,12,12,12,12,12
450093,1,1,1999,20,0,0,21,0,0,15,0,13,0
450094,1,1,1999,0,0,0,0,0,0,0,7,0,0
450095,1,1,1999,22,22,22,22,22,22,22,22,22,22
450096,1,1,1999,0,0,0,0,0,0,0,0,0,0
450096,2,1,1999,0,0,0,0,0,0,0,0,0,0
450097,1,1,1999,0,11,0,0,0,0,0,0,0,0
450098,1,1,1999,0,0,10,0,0,0,0,0,0,0
450099,1,1,1999,22,22,22,22,22,22,22,22,22,22
450100,1,1,1999,14,7,0,11,8,23,11,8,9,6
450101,1,1,1999,22,22,22,22,22,22,22,22,22,22
450102,1,1,1999,21,9,0,12,0,8,20,6,20,0
450103,1,1,1999,0,0,0,5,0,0,0,23,0,0
450104,0,1,1999,0,0,0,0,0,0,0,0,0,0
450104,1,1,1999,0,0,0,0,0,0,0,0,0,0
450105,1,1,1999,0,15,0,0,22,8,0,21,0,0
450105,2,1,1999,0,0,0,0,0,0,0,0,0,0
450106,1,1,1999,0,0,0,0,0,0,0,0,0,0
450106,2,1,1999,0,0,0,0,0,0,0,0,0,0
450107,0,1,1999,27,27,27,27,27,27,27,27,27,27
450107,1,1,1999,0,0,0,0,0,0,0,0,0,0
450108,1,1,1999,0,0,0,0,0,0,0,0,0,0
450108,2,1,1999,7,0,0,0,0,0,0,0,0,0
450109,1,1,1999,23,23,23,23,23,23,23,23,23,23
450110,1,1,1999,25,25,25,25,25,25,25,25,25,25
450111,0,1,1999,20,20,20,20,20,20,20,20,20,20
450111,1,1,1999,0,0,0,27,0,0,0,0,0,0
450112,1,1,1999,0,0,0,0,0,0,0,0,0,0
450112,2,1,1999,14,14,14,14,14,14,14,14,14,14
450113,1,1,1999,23,23,23,23,23,23,23,23,23,23
450114,1,1,1999,10,10,10,10,10,10,10,10,10,10
450115,0,1,1999,17,17,17,17,17,17,17,17,17,17
450115,1,1,1999,8,0,0,10,0,0,0,10,0,0
450116,1,2,1999,0,0,0,0,0,0,0,0,0,0
450117,1,1,1999,10,10,10,10,10,10,10,10,10,10
450118,1,1,1999,0,0,0,0,0,0,0,0,0,0
450118,2,1,1999,0,0,0,0,0,0,0,0,0,0
450119,1,1,1999,15,15,15,15,15,15,15,15,15,15
450120,0,1,1999,0,0,0,16,22,0,0,0,0,0
450120,1,1,1999,0,0,0,0,0,0,0,0,0,0
450121,1,1,1999,0,0,0,0,16,0,0,0,0,0
450122,1,1,1999,17,19,14,19,12,13,25,9,16,0
450123,0,1,1999,8,19,13,0,0,0,0,16,0,0
450123,1,1,1999,14,14,14,14,14,14,14,14,14,14
450125,1,1,1999,18,0,0,0,15,0,0,0,0,12
450125,2,1,1999,0,0,0,0,0,0,0,0,0,0
450126,1,1,1999,9,0,12,0,0,0,0,0,0,0
450127,1,1,1999,0,0,0,0,0,0,0,0,0,0
450127,2,1,1999,0,0,6,0,0,0,0,0,0,0
450128,1,1,1999,0,0,0,0,0,0,0,0,0,0
450128,2,1,1999,0,0,0,0,0,0,0,0,0,0
450128,3,1,1999,0,0,0,0,0,0,0,0,0,0
450129,1,1,1999,20,20,20,20,20,20,20,20,20,20
450130,1,1,1999,0,21,0,0,0,13,0,8,0,14
450130,2,1,1999,25,0,0,0,27,0,0,0,0,0
450131,1,1,1999,0,0,0,0,0,0,0,0,0,0
450131,2,1,1999,0,0,0,0,0,0,0,0,0,0
450132,1,1,1999,0,0,0,18,21,0,0,22,9,24
450133,0,1,1999,22,22,22,22,22,22,22,22,22,22
450133,1,1,1999,8,13,0,0,15,0,0,0,0,0
450134,1,1,1999,0,0,0,0,0,0,0,0,0,0
450134,2,1,1999,0,0,0,0,0,0,0,0,0,0
450135,1,1,1999,0,0,0,0,14,0,0,0,0,0
450135,2,1,1999,0,0,0,0,0,0,0,0,0,0
450136,1,1,1999,24,30,26,18,14,10,21,11,0,12
450136,2,1,1999,30,0,0,0,0,0,16,0,28,0
450137,1,1,1999,0,0,0,0,0,0,0,0,0,0
450137,2,1,1999,0,0,0,0,0,0,0,0,0,0
450138,1,1,1999,0,0,0,0,8,0,0,0,0,0
450138,2,1,1999,0,0,0,0,0,0,0,0,0,0
450139,1,1,1999,7,4,14,22,10,14,4,23,6,0
450139,2,1,1999,20,20,20,20,20,20,20,20,20,20
450139,3,1,1999,0,0,0,0,0,0,0,0,0,0
450140,0,1,1999,0,0,0,0,0,0,0,0,0,0
450140,1,2,1999,0,0,0,0,0,23,0,0,0,0
450141,1,1,1999,0,0,0,9,14,0,0,0,0,10
450141,2,1,1999,0,0,0,0,0,0,0,0,0,20
450142,1,1,1999,0,0,0,0,0,0,0,0,0,0
450142,2,1,1999,0,0,0,0,0,0,0,0,0,0
450143,1,1,1999,30,30,30,30,30,30,30,30,30,30
450144,1,1,1999,0,0,0,0,0,0,0,0,0,0
450145,1,1,1999,0,0,0,0,0,0,0,0,0,0
450145,2,1,1999,0,0,0,0,0,0,0,0,0,0
450146,1,1,1999,25,25,25,25,25,25,25,25,25,25
450147,1,1,1999,12,12,12,12,12,12,12,12,12,12
450148,0,1,1999,14,14,14,14,14,14,14,14,14,14
450148,1,1,1999,0,0,0,0,0,0,0,0,0,0
450149,1,1,1999,0,0,0,0,0,0,0,0,0,0
450149,2,1,1999,0,0,0,0,0,13,0,0,0,0
450150,1,1,1999,27,27,27,27,27,27,27,27,27,27
450151,1,1,1999,24,24,24,24,24,24,24,24,24,24
450152,1,1,1999,8,16,0,0,0,0,0,0,0,12
450153,1,1,1999,25,25,25,25,25,25,25,25,25,25
450154,1,1,1999,0,0,0,0,0,0,0,0,0,0
450154,2,1,1999,8,29,0,10,4,0,0,0,0,0
450155,1,1,1999,31,31,31,31,31,31,31,31,31,31
450156,0,1,1999,0,0,0,0,0,0,0,0,0,0
450156,1,1,1999,0,0,0,0,0,0,0,0,10,0
450157,1,1,1999,0,0,20,0,0,14,19,0,30,15
450158,1,1,1999,0,0,0,0,0,0,0,16,0,0
450158,2,1,1999,0,9,0,0,0,0,0,0,0,0
450159,0,1,1999,7,7,7,7,7,7,7,7,7,7
450159,1,1,1999,0,0,0,0,0,0,0,0,0,0
450160,0,1,1999,0,0,0,0,0,0,0,0,0,0
450160,1,1,1999,0,0,0,0,0,0,0,0,7,0
450161,1,1,1999,10,10,10,10,10,10,10,10,10,10
450162,0,1,1999,0,0,0,0,0,0,0,0,0,0
450162,1,1,1999,0,0,0,0,0,0,0,0,0,0
450163,1,1,1999,34,0,7,16,23,18,0,35,5,9
450164,1,1,1999,20,0,0,0,0,0,0,0,0,0
450165,0,1,1999,21,21,21,21,21,21,21,21,21,21
450165,1,1,1999,0,5,0,0,0,0,0,0,0,0
450166,1,1,1999,0,0,0,0,0,0,0,0,0,0
450166,2,1,1999,0,0,0,15,0,0,0,0,0,0
450167,1,1,1999,0,0,0,0,0,0,0,0,0,12
450167,2,1,1999,0,0,0,0,0,0,0,0,0,0
450168,1,1,1999,13,10,0,0,0,0,0,0,0,0
450169,1,1,1999,0,0,0,0,0,0,0,0,0,0
450169,2,1,1999,0,0,0,0,0,0,0,11,0,0
450170,1,1,1999,0,0,0,0,0,0,0,0,0,0
450170,2,1,1999,0,0,0,0,0,0,0,0,0,0
450171,1,1,1999,16,16,16,16,16,16,16,16,16,16
450171,2,1,1999,0,0,0,0,0,0,0,0,0,0
450172,1,1,1999,0,0,0,0,0,0,0,0,0,0
450172,2,1,1999,0,0,0,0,0,0,0,0,0,0
450173,1,1,1999,0,0,0,0,0,0,0,0,0,0
450173,2,1,1999,13,10,15,13,14,18,19,23,4,7
450173,3,1,1999,0,0,0,0,0,0,0,0,0,0
450174,1,1,1999,26,24,4,10,3,25,12,9,24,17
450175,1,1,1999,0,0,0,0,0,0,0,0,0,0
450175,2,1,1999,17,0,0,0,0,0,5,0,0,0
450175,3,2,1999,0,0,0,0,0,14,0,0,0,0
450176,1,1,1999,0,0,0,0,0,0,0,0,0,0
450176,2,1,1999,0,0,0,0,0,0,0,0,0,0
450177,1,1,1999,0,0,0,0,0,0,0,0,0,0
450178,1,1,1999,10,10,10,10,10,10,10,10,10,10
450179,1,1,1999,0,0,0,0,0,0,0,0,0,0
450180,1,1,1999,0,0,0,0,0,0,21,0,0,0
450181,1,1,1999,0,0,0,0,0,0,0,0,0,0
450182,1,1,1999,0,0,0,0,0,0,0,0,0,0
450183,1,1,1999,0,0,0,0,0,0,0,0,0,0
450183,2,1,1999,0,0,0,0,0,0,0,0,0,0
450184,1,1,1999,13,13,13,13,13,13,13,13,13,13
450185,1,1,1999,15,15,15,15,15,15,15,15,15,15