ST_CASE,VEH_NO,PER_NO,YEAR,P1,P2,P3,P4,P5,P6,P7,P8,P9,P10
450186,1,1,1999,0,0,0,0,0,0,0,0,0,0
450187,1,1,1999,22,22,22,22,22,22,22,22,22,22
450188,1,1,1999,0,0,0,0,0,0,0,0,0,0
450189,1,1,1999,0,0,0,0,0,16,0,0,0,0
450190,1,1,1999,12,0,0,0,0,0,0,0,0,0
450190,2,1,1999,0,0,0,0,0,0,0,0,0,0
450192,0,1,1999,31,31,31,31,31,31,31,31,31,31
450192,1,1,1999,0,0,0,0,0,0,0,0,20,0
450193,1,1,1999,8,8,8,8,8,8,8,8,8,8
450194,1,1,1999,11,0,0,0,0,0,0,0,0,0
450194,2,1,1999,0,0,0,0,0,0,0,0,0,0
450195,1,1,1999,0,0,0,0,0,0,0,0,0,0
450195,2,1,1999,0,0,0,0,0,0,6,0,0,0
450196,1,1,1999,0,0,0,0,0,0,0,0,0,0
450196,2,1,1999,0,0,0,0,0,0,0,0,0,0
450197,1,1,1999,0,0,0,0,0,0,0,0,0,0
450197,2,1,1999,0,0,0,0,0,0,0,0,0,0
450198,1,1,1999,0,0,0,0,0,0,0,0,0,0
450198,2,1,1999,0,0,0,0,0,0,0,0,0,0
450199,1,1,1999,0,0,0,0,0,0,19,14,0,0
450200,1,1,1999,0,0,0,0,0,0,0,0,0,0
450200,2,1,1999,0,0,0,0,0,0,0,0,0,0
450201,1,1,1999,0,0,0,0,0,0,0,0,0,0
450202,0,1,1999,30,18,0,20,0,0,19,0,34,0
450202,1,1,1999,23,0,0,0,0,0,0,0,0,0
450203,1,1,1999,0,0,0,0,0,0,0,0,0,0
450203,2,1,1999,0,0,0,0,0,0,0,0,0,0
450204,1,1,1999,0,0,0,0,0,0,0,0,0,0
450205,1,1,1999,0,0,0,0,0,0,0,0,0,0
450205,2,1,1999,0,0,0,0,0,0,0,0,0,7
450206,1,1,1999,14,32,16,15,0,15,25,13,21,0
450207,1,1,1999,0,0,0,0,0,0,0,0,0,0
450207,2,1,1999,0,0,6,0,0,0,0,0,0,0
450208,1,1,1999,0,0,0,0,0,0,0,0,0,0
450209,1,1,1999,0,0,0,0,0,0,0,0,0,0
450210,1,1,1999,0,0,0,0,0,0,0,0,0,0
450210,2,1,1999,0,0,0,0,0,0,0,0,0,0
450211,1,1,1999,24,24,24,24,24,24,24,24,24,24
450212,1,1,1999,0,0,0,0,0,0,0,0,0,0
450212,2,1,1999,0,0,0,0,12,0,0,0,0,0
450213,0,1,1999,43,47,19,31,8,20,30,25,10,22
450213,1,1,1999,0,0,0,0,17,0,0,0,0,0
450214,1,1,1999,0,0,0,9,0,0,0,0,0,0
450215,1,1,1999,0,0,0,0,0,0,0,0,0,0
450215,2,1,1999,0,0,0,0,0,15,15,0,0,0
450216,1,1,1999,0,0,0,0,0,0,0,0,0,0
450216,2,1,1999,0,0,0,0,0,0,0,0,0,0
450217,1,1,1999,5,5,5,5,5,5,5,5,5,5
450218,1,1,1999,9,11,0,0,0,0,0,15,0,11
450219,1,1,1999,0,0,0,0,0,0,0,0,0,0
450220,1,1,1999,0,0,0,0,0,0,0,0,0,0
450221,1,1,1999,0,0,0,0,0,0,0,0,0,0
450222,1,1,1999,5,5,5,5,5,5,5,5,5,5
450222,2,1,1999,0,0,0,0,0,0,0,0,0,0
450223,1,1,1999,18,18,18,18,18,18,18,18,18,18
450224,1,1,1999,31,0,0,0,0,0,0,0,0,0
450224,2,1,1999,0,0,0,0,0,0,0,0,0,28
450225,1,1,1999,0,0,0,0,0,0,0,0,2,0
450225,2,1,1999,0,0,0,0,0,0,0,0,0,0
450225,3,1,1999,12,12,12,12,12,12,12,12,12,12
450226,0,1,1999,0,0,0,0,0,0,0,0,0,0
450226,0,2,1999,0,10,0,12,19,0,0,0,0,0
450226,1,1,1999,0,0,0,0,0,0,0,0,0,0
450227,1,1,1999,0,0,0,0,0,0,0,0,0,0
450227,2,1,1999,0,0,0,0,0,0,0,0,0,0
450228,1,1,1999,0,22,22,16,16,30,10,27,15,21
450229,1,1,1999,37,37,37,37,37,37,37,37,37,37
450229,2,1,1999,0,0,0,0,0,0,0,0,0,0
450230,1,1,1999,0,0,0,0,0,0,0,0,0,0
450230,2,1,1999,20,0,0,0,0,5,0,0,0,0
450231,1,1,1999,24,24,24,24,24,24,24,24,24,24
450232,1,1,1999,0,0,0,0,0,0,0,0,0,0
450232,2,1,1999,0,0,0,0,0,0,0,0,0,0
450233,1,1,1999,8,0,0,0,0,0,0,0,0,0
450234,1,1,1999,0,0,0,0,0,0,0,0,0,0
450234,2,1,1999,18,18,18,18,18,18,18,18,18,18
450235,1,1,1999,0,0,0,0,0,0,0,0,0,0
450236,1,1,1999,0,0,0,0,0,0,0,0,0,0
450236,2,1,1999,0,0,0,0,0,0,0,0,0,0
450237,1,1,1999,0,4,0,0,0,0,22,0,0,0
450237,2,1,1999,0,0,0,0,0,0,0,0,0,0
450238,1,1,1999,0,0,0,0,0,0,0,0,0,0
450238,2,1,1999,0,0,0,0,0,0,0,0,0,0
450239,1,1,1999,0,36,25,0,0,13,0,0,0,9
450240,1,1,1999,0,0,0,0,0,0,0,0,0,0
450240,2,1,1999,0,0,0,0,0,0,0,0,0,0
450241,1,1,1999,8,19,11,34,0,18,0,15,0,0
450242,1,1,1999,0,0,0,12,0,20,0,10,0,0
450243,1,1,1999,0,0,0,0,0,0,0,0,0,0
450244,1,1,1999,0,0,0,25,0,0,0,0,0,0
450244,2,1,1999,0,0,0,0,0,0,0,0,0,0
450244,3,1,1999,0,0,0,0,0,0,0,0,0,0
450245,1,2,1999,12,0,0,0,0,21,0,20,0,12
450246,1,1,1999,10,10,22,22,22,4,21,40,17,11
450247,0,1,1999,12,0,0,0,0,0,15,0,0,0
450247,1,1,1999,0,0,0,0,0,0,0,0,0,0
450248,1,1,1999,0,0,0,0,0,0,0,0,0,0
450248,2,1,1999,0,0,0,0,0,0,0,0,0,0
450249,1,1,1999,25,25,25,25,25,25,25,25,25,25
450250,1,1,1999,0,0,0,0,0,0,0,0,0,0
450250,2,1,1999,0,0,0,0,0,5,0,0,0,0
450251,1,1,1999,10,0,0,0,0,0,11,0,20,0
450252,0,1,1999,0,0,0,0,0,0,0,0,0,0
450252,1,1,1999,0,0,0,0,0,0,0,13,0,0
450253,1,1,1999,0,0,0,0,0,0,0,0,0,0
450254,1,1,1999,23,23,23,23,23,23,23,23,23,23
450255,1,1,1999,10,10,10,10,10,10,10,10,10,10
450256,1,1,1999,0,0,0,0,0,0,0,0,0,0
450256,2,1,1999,0,0,0,0,0,0,0,0,0,0
450257,0,1,1999,0,0,0,0,0,0,0,0,0,0
450257,1,1,1999,0,0,11,0,0,0,0,0,0,0
450258,1,1,1999,22,22,22,22,22,22,22,22,22,22
450259,1,1,1999,0,0,0,0,0,0,0,0,0,0
450260,1,1,1999,0,0,0,10,0,0,0,12,0,13
450261,1,1,1999,0,0,0,0,0,0,15,0,0,0
450261,2,1,1999,0,0,0,0,0,0,0,0,0,0
450262,1,1,1999,0,0,15,0,0,0,0,30,0,0
450263,1,1,1999,28,28,28,28,28,28,28,28,28,28
450264,1,1,1999,0,0,0,0,0,0,0,0,0,0
450264,2,1,1999,0,0,0,0,23,0,0,0,0,0
450265,0,1,1999,26,26,26,26,26,26,26,26,26,26
450265,1,1,1999,0,0,0,0,0,0,0,0,0,0
450266,1,1,1999,0,0,0,0,0,0,0,0,0,0
450268,1,1,1999,0,0,0,0,0,0,0,0,0,0
450270,1,1,1999,0,0,0,0,0,0,0,0,0,0
450271,1,1,1999,0,0,0,0,0,0,0,0,0,0
450272,1,1,1999,0,0,0,0,0,0,0,0,0,0
450272,2,1,1999,0,0,0,0,0,0,0,0,0,0
450273,1,1,1999,0,0,0,0,0,0,0,0,0,0
450273,2,1,1999,0,0,0,0,0,0,0,0,0,0
450273,3,1,1999,0,0,0,0,0,0,0,0,0,0
450274,1,1,1999,0,0,0,0,0,0,0,0,0,0
450274,2,1,1999,0,0,0,0,0,0,0,0,0,0
450275,1,1,1999,19,19,19,19,19,19,19,19,19,19
450276,1,1,1999,23,23,23,23,23,23,23,23,23,23
450277,1,1,1999,0,0,0,0,0,3,0,0,0,0
450277,2,1,1999,0,0,0,0,0,0,0,0,0,0
450278,1,1,1999,0,0,0,0,0,0,0,0,0,0
450278,2,1,1999,0,0,0,0,0,0,0,0,0,0
450279,0,1,1999,35,35,35,35,35,35,35,35,35,35
450279,1,1,1999,0,0,0,0,0,0,0,0,0,0
450280,1,1,1999,0,0,0,0,0,0,0,0,0,0
450280,2,1,1999,0,0,0,0,0,0,0,0,0,0
450281,1,1,1999,14,14,14,14,14,14,14,14,14,14
450282,1,1,1999,0,0,0,0,0,0,0,0,0,0
450282,2,1,1999,0,0,0,0,0,0,0,0,0,0
450283,0,1,1999,0,0,0,0,0,0,0,0,0,0
450283,1,1,1999,0,0,0,0,10,0,0,0,0,0
450283,2,1,1999,0,0,0,0,0,0,0,0,0,0
450284,1,1,1999,0,0,0,0,0,0,0,0,0,0
450284,2,1,1999,0,0,0,0,0,0,0,0,0,0
450284,3,1,1999,0,0,0,0,0,0,0,0,0,0
450285,1,1,1999,0,0,0,0,0,0,0,0,0,0
450285,2,1,1999,0,0,0,0,0,0,0,0,0,0
450286,1,1,1999,0,19,14,18,16,2,22,16,28,0
450287,1,1,1999,0,0,0,0,0,0,0,0,0,0
450287,2,1,1999,0,0,0,0,0,0,0,0,0,0
450288,1,1,1999,0,0,0,0,4,0,0,28,0,0
450288,2,1,1999,6,6,11,5,15,7,23,7,29,9
450289,1,1,1999,0,13,28,39,22,16,25,19,6,14
450290,1,1,1999,0,8,0,0,5,13,13,29,0,0
450290,2,1,1999,0,0,0,0,0,0,0,0,0,0
450291,1,1,1999,0,0,0,0,0,0,0,0,0,0
450291,2,1,1999,18,16,0,8,11,13,0,18,3,26
450292,1,1,1999,0,4,0,12,0,24,0,11,11,18
450293,1,1,1999,0,0,0,0,0,0,0,0,0,0
450294,1,1,1999,23,0,0,0,0,0,0,0,0,0
450295,1,1,1999,0,0,0,0,0,0,0,0,0,0
450296,1,1,1999,24,24,24,24,24,24,24,24,24,24
450297,1,1,1999,0,0,8,19,0,0,18,0,17,0
450298,1,1,1999,0,17,0,24,0,0,0,0,0,0
450299,1,1,1999,0,0,0,0,0,0,0,0,0,0
450300,1,1,1999,18,0,0,0,0,0,26,0,15,0
450301,1,1,1999,0,0,0,0,0,0,0,0,0,0
450302,1,1,1999,11,0,0,0,0,0,15,0,0,0
450303,1,1,1999,16,16,16,16,16,16,16,16,16,16
450304,0,1,1999,37,17,24,40,21,16,21,15,11,15
450304,1,1,1999,0,0,0,0,0,0,0,0,0,0
450305,1,1,1999,0,0,0,0,0,0,0,0,0,0
450305,2,1,1999,0,0,0,0,0,0,0,0,0,0
450305,3,1,1999,0,0,0,0,0,0,0,0,0,0
450306,1,1,1999,0,0,0,0,0,0,0,0,0,0
450306,2,1,1999,0,0,0,0,0,0,0,0,0,0
450306,3,1,1999,0,0,0,0,0,0,0,0,0,0
450306,4,1,1999,0,0,0,0,0,0,0,0,0,0
450306,5,1,1999,0,0,0,0,0,0,0,0,0,0
450307,1,1,1999,0,0,0,0,0,0,0,0,0,0
450307,2,1,1999,0,0,0,0,0,0,0,0,0,9
450307,3,1,1999,0,0,0,0,0,0,0,0,0,0
450308,1,1,1999,0,0,0,0,0,0,0,0,0,0
450309,1,1,1999,0,0,0,0,0,0,0,0,0,0
450310,1,1,1999,24,24,24,24,24,24,24,24,24,24
450311,1,1,1999,0,0,0,0,0,0,0,0,0,0
450311,2,1,1999,0,0,0,0,0,0,0,0,0,0
450312,1,1,1999,0,20,0,12,0,20,0,10,0,9
450313,1,1,1999,27,14,8,17,19,0,0,4,3,2
450314,1,1,1999,0,0,0,0,0,0,0,0,0,0
450315,1,1,1999,11,24,22,22,21,8,19,19,20,40
450316,1,1,1999,0,0,5,0,0,0,0,0,0,0
450316,2,1,1999,0,0,0,0,0,0,0,0,0,0
450317,1,1,1999,33,33,33,33,33,33,33,33,33,33
450317,2,1,1999,0,0,0,0,0,0,0,0,0,0
450318,1,1,1999,0,0,0,0,0,0,0,0,0,0
450319,1,1,1999,0,0,0,0,0,0,0,0,0,0
450319,2,1,1999,0,0,0,0,0,0,0,0,0,0
450319,3,1,1999,0,0,28,0,0,0,0,0,0,0
450320,0,1,1999,0,0,0,0,0,0,0,0,0,0
450320,1,1,1999,0,0,5,0,0,0,0,0,0,0
450321,1,1,1999,0,14,0,0,9,0,28,11,0,0
450322,1,1,1999,22,22,22,22,22,22,22,22,22,22
450323,1,1,1999,0,0,0,0,0,0,0,0,0,0
450323,2,1,1999,0,0,0,0,0,3,0,0,0,0
450323,3,1,1999,0,0,0,0,0,0,0,0,0,0
450324,1,1,1999,0,0,0,0,0,0,0,0,20,0
450325,1,1,1999,0,0,0,0,0,0,0,0,0,0
450326,0,1,1999,20,20,20,20,20,20,20,20,20,20
450326,1,1,1999,0,0,0,0,0,0,16,0,0,0
450327,1,1,1999,24,0,0,13,0,0,13,0,27,0
450328,1,1,1999,0,0,0,0,0,0,0,0,0,0
450328,2,1,1999,0,0,0,0,0,0,0,0,0,0
450328,3,1,1999,0,0,0,0,0,0,0,21,0,0
450329,1,1,1999,0,0,0,0,0,0,0,0,0,0
450329,2,1,1999,0,0,0,0,0,0,0,7,0,0
450329,3,1,1999,0,0,0,0,0,0,0,0,0,0
450330,1,1,1999,11,0,26,14,13,6,20,19,7,20
450331,1,1,1999,0,0,0,0,7,0,0,8,0,0
450332,1,1,1999,0,0,0,0,0,0,0,0,0,0
450332,2,1,1999,0,0,0,0,0,0,0,0,0,0
450332,3,1,1999,0,0,0,0,0,0,0,0,0,0
450332,4,1,1999,0,0,0,0,0,0,0,0,0,0
450333,1,1,1999,0,0,0,0,0,0,0,0,0,0
450333,2,1,1999,0,0,0,0,0,0,0,0,0,0
450334,1,1,1999,16,0,13,0,0,18,14,0,0,0
450335,1,1,1999,25,25,25,25,25,25,25,25,25,25
450336,1,1,1999,0,0,0,0,0,0,0,0,0,0
450336,2,1,1999,0,0,0,0,0,0,0,0,0,0
450336,3,1,1999,0,0,0,0,0,0,0,0,0,0
450336,4,1,1999,0,0,0,0,0,0,0,0,0,0
450337,1,1,1999,0,0,0,0,15,0,0,0,0,0
450338,0,1,1999,36,28,16,4,13,28,24,22,28,32
450338,1,1,1999,0,0,0,0,0,0,0,0,0,0
450339,1,1,1999,0,0,0,0,0,0,0,0,0,0
450340,1,1,1999,20,17,0,0,0,0,0,0,0,0
450341,1,1,1999,0,0,0,0,0,0,0,0,0,0
450341,2,1,1999,0,0,0,0,0,0,0,0,0,0
450341,3,1,1999,0,0,0,0,0,0,0,0,0,0
450342,0,1,1999,0,0,0,0,0,0,0,0,0,0
450342,1,1,1999,8,15,16,12,10,18,13,12,13,11
450343,1,1,1999,0,0,0,0,0,0,0,0,0,0
450344,0,1,1999,27,27,27,27,27,27,27,27,27,27
450344,1,1,1999,0,0,0,0,0,0,0,0,0,0
450345,1,1,1999,9,0,0,0,9,0,0,0,12,15
450346,1,1,1999,0,0,0,0,0,0,0,0,0,0
450347,1,1,1999,0,0,0,0,0,0,0,0,0,0
450348,1,1,1999,0,0,0,0,0,0,3,0,0,0
450349,1,1,1999,2,22,0,36,8,8,0,32,3,16
450349,2,1,1999,0,0,0,0,0,0,0,0,0,0
450350,1,1,1999,22,22,22,22,22,22,22,22,22,22
450350,2,1,1999,0,0,0,0,0,0,0,0,0,0
450351,0,1,1999,0,0,0,0,0,0,0,0,0,0
450351,1,1,1999,0,0,0,0,0,0,0,0,0,0
450352,0,1,1999,14,0,0,15,0,0,20,0,0,0
450352,0,2,1999,9,19,0,0,17,23,0,7,0,24
450352,0,3,1999,0,15,12,34,0,7,30,0,0,0
450352,1,1,1999,0,0,0,0,0,0,0,0,0,0
450353,1,1,1999,25,25,25,25,25,25,25,25,25,25
450354,0,1,1999,0,0,0,0,0,0,0,0,0,0
450354,1,1,1999,6,0,0,0,0,12,0,0,0,0
450355,1,1,1999,0,0,0,0,0,0,17,0,0,0
450355,2,1,1999,10,10,10,10,10,10,10,10,10,10
450356,1,1,1999,0,0,0,0,0,0,0,0,0,0
450356,2,1,1999,0,0,0,0,0,0,8,0,0,0
450357,1,1,1999,27,27,27,27,27,27,27,27,27,27
450358,1,1,1999,15,2,16,10,21,9,18,37,0,13
450359,1,1,1999,0,0,0,0,0,0,0,0,0,0
450359,2,1,1999,0,0,0,0,0,0,0,0,0,0
450360,1,1,1999,0,0,0,0,0,0,0,0,0,0
450360,2,1,1999,0,0,0,0,0,0,0,0,0,0
450361,1,1,1999,0,0,25,35,0,12,25,21,0,0
450362,1,1,1999,18,18,18,18,18,18,18,18,18,18
450363,1,1,1999,0,0,0,0,0,0,0,0,0,0
450363,2,1,1999,0,0,0,0,0,0,0,0,0,0
450364,1,1,1999,0,0,0,0,0,0,0,0,0,0
450365,1,1,1999,0,0,0,0,0,0,0,0,0,0
450365,2,1,1999,0,0,0,0,0,0,0,0,0,0
450365,3,1,1999,0,22,0,22,0,0,0,0,0,0
450366,0,1,1999,31,11,18,12,0,19,24,24,9,0
450366,1,1,1999,8,17,0,0,6,0,22,21,13,19
450367,1,1,1999,8,8,8,8,8,8,8,8,8,8
450368,1,1,1999,0,0,0,0,0,0,0,0,0,0
450368,2,1,1999,0,0,0,0,0,0,0,0,0,0
450368,3,1,1999,0,0,0,0,0,0,0,0,0,0
450370,1,1,1999,0,0,0,0,0,0,0,0,0,0
450370,2,1,1999,0,0,0,0,0,0,0,0,0,0
450370,3,1,1999,0,0,0,0,0,0,0,0,0,0
450371,1,1,1999,22,22,22,22,22,22,22,22,22,22
450372,1,1,1999,0,0,0,0,0,0,0,0,0,0
450372,2,1,1999,0,0,0,0,0,0,0,0,0,0
450373,0,1,1999,8,8,8,8,8,8,8,8,8,8
450373,1,1,1999,20,0,0,0,0,11,0,0,0,0
450374,1,1,1999,0,0,0,0,0,0,0,0,0,0
450374,2,1,1999,0,0,0,0,0,0,0,0,0,0
450375,1,1,1999,0,28,0,18,0,25,17,13,0,11
450376,1,1,1999,0,0,0,0,0,0,0,0,0,0
450376,2,1,1999,0,0,0,0,0,0,0,0,0,0
450376,3,1,1999,0,0,0,0,0,0,0,0,0,0
450377,0,1,1999,0,0,0,0,0,0,0,0,0,0
450377,1,1,1999,0,0,0,0,0,0,0,30,0,0
450377,2,1,1999,0,0,0,0,0,0,0,0,0,0
450378,1,1,1999,0,0,0,0,0,0,0,0,0,0
450379,1,1,1999,0,0,0,19,5,0,0,0,0,0
450380,1,1,1999,16,0,0,0,0,0,0,0,0,0
450381,1,1,1999,11,21,12,13,12,32,19,7,15,17
450382,1,1,1999,0,0,0,0,0,0,0,0,0,0
450382,2,1,1999,0,0,0,0,0,0,0,0,0,0
450383,1,1,1999,0,0,0,0,0,0,0,0,0,0
450384,1,1,1999,13,0,15,11,21,16,7,7,5,4
450385,1,1,1999,0,0,0,0,0,0,0,0,0,0
450385,2,1,1999,17,17,17,17,17,17,17,17,17,17
450386,1,1,1999,5,5,5,5,5,5,5,5,5,5
450386,2,1,1999,0,0,0,0,0,0,0,0,0,0
450387,1,1,1999,0,0,0,0,0,0,0,0,0,0
450387,2,1,1999,0,0,0,0,16,0,0,0,0,0
450388,1,1,1999,0,0,0,0,0,0,0,0,0,0
450388,2,1,1999,0,0,0,0,0,0,0,0,0,0
450389,1,1,1999,0,0,0,0,0,0,0,0,0,0
450389,2,1,1999,0,0,0,0,0,0,0,0,0,0
450390,1,1,1999,0,0,0,0,0,0,0,0,0,0
450390,2,1,1999,0,0,0,0,0,0,0,0,0,0
450391,1,1,1999,17,8,14,22,24,22,40,25,25,21
450392,1,1,1999,26,26,26,26,26,26,26,26,26,26
450393,1,1,1999,0,0,0,0,0,0,0,0,0,0
450394,1,1,1999,0,0,0,0,0,0,0,0,0,0
450395,1,1,1999,0,0,0,0,0,0,0,0,0,0
450395,2,1,1999,0,0,0,0,0,0,0,0,0,0
450396,0,1,1999,0,0,0,0,18,0,23,0,0,0
450396,1,1,1999,0,0,0,0,0,0,0,0,0,0
450397,1,1,1999,21,26,18,27,22,0,13,16,11,14
450398,0,1,1999,0,0,0,0,0,0,0,0,0,0
450398,1,1,1999,0,0,4,0,0,0,0,0,0,0
450399,1,1,1999,0,0,0,0,0,0,0,0,0,0
450399,2,1,1999,0,0,0,0,0,0,0,0,0,0
450400,1,1,1999,16,16,16,16,16,16,16,16,16,16
450401,1,1,1999,0,0,0,0,0,0,0,0,0,0
450401,2,1,1999,0,0,0,0,0,0,0,0,0,0
450402,1,1,1999,0,0,17,0,26,10,0,0,0,12
450403,1,1,1999,21,21,21,21,21,21,21,21,21,21
450404,1,1,1999,0,0,0,0,0,0,0,0,0,0
450405,1,1,1999,23,0,0,11,0,14,40,0,0,0
450406,1,1,1999,16,0,0,0,0,0,0,0,0,0
450406,2,1,1999,0,0,0,0,0,0,0,0,6,0
450407,1,1,1999,0,0,0,29,0,0,0,0,0,0
450407,2,1,1999,0,0,0,0,0,0,0,0,0,0
450408,1,1,1999,0,0,0,0,0,0,0,0,0,0
450409,1,1,1999,0,0,0,0,0,0,0,0,0,0
450409,2,1,1999,0,0,0,0,0,0,0,0,0,0
450410,1,1,1999,0,0,0,0,0,0,0,0,0,0
450410,2,1,1999,0,0,0,0,0,0,0,0,0,0
450411,0,1,1999,0,0,0,0,0,0,0,0,0,0
450411,1,1,1999,0,0,0,0,0,0,0,0,0,0
450412,1,1,1999,0,0,0,0,0,0,0,0,0,0
450412,2,1,1999,0,0,0,0,0,0,0,0,0,0
450413,1,1,1999,0,7,0,0,0,20,0,0,15,0
450414,1,1,1999,0,0,0,0,0,0,0,0,0,0
450414,2,1,1999,0,0,0,0,0,0,0,0,0,0
450415,1,1,1999,14,14,14,14,14,14,14,14,14,14
450416,1,1,1999,0,0,0,0,0,0,0,0,0,17
450416,2,1,1999,0,0,0,0,18,0,0,0,17,0
450417,0,1,1999,31,31,31,31,31,31,31,31,31,31
450417,1,1,1999,0,0,0,0,0,0,0,0,0,0
450418,1,1,1999,0,0,0,0,0,0,0,0,0,0
450418,2,1,1999,0,0,0,0,0,0,0,0,0,0
450419,1,1,1999,25,25,25,25,25,25,25,25,25,25
450419,2,1,1999,0,31,19,0,0,17,0,0,0,0
450420,1,1,1999,12,12,12,12,12,12,12,12,12,12
450421,1,1,1999,0,0,0,0,0,0,0,0,0,0
450421,2,1,1999,17,17,17,17,17,17,17,17,17,17
450422,1,1,1999,0,0,0,0,0,0,0,0,0,10
450422,2,1,1999,0,0,0,0,0,0,0,0,0,0
450423,1,1,1999,29,29,29,29,29,29,29,29,29,29
450424,1,1,1999,23,23,23,23,23,23,23,23,23,23
450425,1,1,1999,23,23,23,23,23,23,23,23,23,23
450426,1,1,1999,23,23,23,23,23,23,23,23,23,23
450427,1,1,1999,0,0,0,0,0,0,0,0,0,0
450428,1,1,1999,0,0,0,0,0,0,0,0,0,0
450428,2,1,1999,0,0,0,0,0,0,0,0,0,0
450429,1,1,1999,0,0,0,0,0,0,30,0,0,0
450429,2,1,1999,0,0,0,0,0,0,0,0,0,11
450430,1,1,1999,0,0,0,0,0,0,0,0,0,0
450430,2,1,1999,0,0,0,0,0,0,0,0,0,18
450430,3,1,1999,0,0,0,11,0,0,0,0,0,0
450431,0,1,1999,18,0,26,13,0,0,37,12,18,0
450431,1,1,1999,0,0,0,11,0,0,0,0,0,0
450432,1,1,1999,0,0,0,0,0,0,0,0,0,0
450432,2,1,1999,0,0,0,0,0,0,0,0,0,0
450433,1,1,1999,0,0,0,0,0,0,0,0,0,0
450434,1,1,1999,23,23,23,23,23,23,23,23,23,23
450435,0,1,1999,0,0,0,18,0,0,0,11,0,0
450435,1,1,1999,0,19,0,0,0,0,0,0,0,0
450436,1,1,1999,19,0,14,0,0,0,0,0,0,0
450437,1,1,1999,0,0,0,0,0,0,0,0,0,0
450437,2,1,1999,0,0,0,0,0,0,0,0,0,0
450437,3,1,1999,0,0,0,0,0,0,0,0,0,0
450438,1,1,1999,0,0,0,0,0,0,0,0,0,0
450439,1,1,1999,0,0,0,0,0,0,0,0,0,0
450440,1,1,1999,0,0,0,0,0,0,0,0,0,0
450440,2,1,1999,0,0,0,0,0,0,0,0,0,0
450441,1,1,1999,20,20,20,20,20,20,20,20,20,20
450442,1,1,1999,0,0,0,0,0,0,0,0,0,0
450443,1,1,1999,0,0,0,0,0,0,0,0,0,0
450443,2,1,1999,0,0,0,0,0,0,0,0,0,0
450444,0,1,1999,0,0,0,0,0,0,0,0,0,0
450444,1,1,1999,0,0,0,0,0,0,0,0,0,0
450445,1,1,1999,0,0,0,0,0,0,0,0,0,0
450446,1,1,1999,0,0,0,0,0,0,0,0,0,0
450446,2,1,1999,0,0,0,0,0,0,0,0,0,0
450447,1,1,1999,0,0,0,0,0,0,0,0,0,0
450448,0,1,1999,0,0,0,24,0,0,19,0,15,0
450448,1,1,1999,0,0,0,0,0,0,0,0,0,0
450449,1,1,1999,14,14,14,14,14,14,14,14,14,14
450449,2,1,1999,10,10,10,10,10,10,10,10,10,10
450450,1,1,1999,16,15,8,21,10,9,6,20,7,0
450451,1,1,1999,0,32,0,8,0,0,0,0,0,0
450452,1,1,1999,0,0,17,0,0,0,0,0,0,0
450453,1,1,1999,0,0,0,0,0,0,0,0,0,0
450453,2,1,1999,22,22,22,22,22,22,22,22,22,22
450453,3,1,1999,0,0,0,0,0,0,0,0,0,0
450454,0,1,1999,0,0,0,0,0,0,0,0,0,0
450454,1,1,1999,0,0,0,0,0,0,0,0,0,0
450455,1,1,1999,0,0,0,0,0,0,0,0,0,0
450455,2,1,1999,0,0,0,0,0,0,0,0,0,0
450456,1,1,1999,24,8,38,0,14,32,18,12,17,17
450457,1,1,1999,10,10,10,10,10,10,10,10,10,10
450458,0,1,1999,0,13,24,4,28,17,9,0,16,36
450458,0,2,1999,19,19,0,18,27,0,0,0,13,0
450458,1,1,1999,0,16,0,0,17,8,20,11,5,8
450458,2,1,1999,11,11,11,11,11,11,11,11,11,11
450459,1,1,1999,11,11,11,11,11,11,11,11,11,11
450459,2,1,1999,0,0,0,0,0,0,0,0,0,0
450459,3,1,1999,0,0,0,0,0,0,0,0,0,0
450460,1,1,1999,0,0,0,0,0,0,0,0,0,0
450461,1,1,1999,0,0,0,0,0,0,0,0,0,0
450461,2,1,1999,0,0,0,13,0,0,0,0,0,0
450461,3,1,1999,0,0,0,0,0,0,0,0,0,0
450462,0,1,1999,23,23,23,23,23,23,23,23,23,23
450462,1,1,1999,0,0,11,7,22,9,6,27,12,12
450463,1,1,1999,0,0,0,0,0,0,0,0,0,0
450464,1,1,1999,0,0,0,0,0,0,0,0,0,0
450464,2,1,1999,0,6,0,0,0,0,0,0,0,0
450465,1,1,1999,0,0,0,0,0,0,0,0,0,0
450465,2,1,1999,0,0,0,0,0,0,0,0,0,0
450465,3,1,1999,0,0,0,0,0,0,0,0,0,0
450465,4,1,1999,0,0,0,0,0,0,0,0,0,0
450466,1,1,1999,10,10,10,10,10,10,10,10,10,10
450467,1,1,1999,0,0,16,19,0,0,27,23,0,0
450468,1,1,1999,0,0,0,0,0,0,0,0,0,0
450469,1,1,1999,0,0,0,0,0,0,0,0,0,0
450469,2,1,1999,0,0,0,0,0,0,0,0,0,0
450470,1,1,1999,0,0,0,0,0,0,0,0,0,0
450471,1,1,1999,0,0,0,0,0,0,0,0,0,0
450471,2,1,1999,0,0,0,0,0,0,0,0,0,0