ST_CASE,VEH_NO,PER_NO,YEAR,P1,P2,P3,P4,P5,P6,P7,P8,P9,P10
450472,1,1,1999,39,39,39,39,39,39,39,39,39,39
450473,1,1,1999,0,23,25,0,0,0,30,23,23,0
450474,1,1,1999,0,0,0,0,0,0,0,0,0,0
450475,1,1,1999,17,25,0,9,0,0,0,39,0,11
450476,1,1,1999,5,5,5,5,5,5,5,5,5,5
450477,1,1,1999,0,0,0,0,0,0,0,0,0,0
450477,2,1,1999,0,0,0,0,0,0,0,0,0,0
450477,3,1,1999,0,0,0,0,0,0,0,0,0,0
450477,4,1,1999,0,0,0,0,0,0,0,0,0,0
450478,1,1,1999,0,0,0,0,0,0,0,0,0,0
450478,2,1,1999,0,0,0,0,0,0,0,0,0,0
450478,3,1,1999,0,0,0,0,0,0,0,0,0,0
450479,1,1,1999,0,0,0,0,0,0,0,0,0,0
450479,2,1,1999,0,0,0,0,0,0,0,0,0,0
450480,1,1,1999,0,0,0,24,36,0,0,0,23,0
450481,0,1,1999,35,35,35,35,35,35,35,35,35,35
450481,1,1,1999,0,0,0,0,0,0,0,0,0,14
450482,1,1,1999,0,0,0,0,5,0,0,0,0,0
450483,1,1,1999,14,14,14,14,14,14,14,14,14,14
450483,2,1,1999,0,0,9,0,0,0,8,0,0,0
450484,1,1,1999,0,0,0,0,0,0,0,0,0,0
450484,2,1,1999,0,0,0,0,0,0,0,0,0,0
450484,3,1,1999,0,0,0,0,0,0,0,0,0,0
450485,1,1,1999,0,0,0,0,0,0,0,0,0,0
450485,2,1,1999,0,0,28,0,0,0,0,28,0,0
450486,1,1,1999,22,22,22,22,22,22,22,22,22,22
450487,1,1,1999,0,0,8,10,0,0,0,0,0,0
450488,1,1,1999,9,24,21,14,19,8,15,14,10,25
450488,2,1,1999,0,12,9,8,24,0,18,13,18,20
450489,1,1,1999,0,0,0,0,0,0,0,0,0,0
450489,2,1,1999,0,0,0,0,0,0,0,0,0,0
450489,3,1,1999,0,0,0,0,0,0,0,0,0,0
450489,4,1,1999,0,0,0,0,0,0,0,0,0,0
450490,1,1,1999,20,20,20,20,20,20,20,20,20,20
450491,1,1,1999,19,19,19,19,19,19,19,19,19,19
450492,1,1,1999,0,0,0,4,0,0,0,0,0,0
450493,1,1,1999,0,0,0,0,0,0,0,0,0,0
450493,2,1,1999,0,0,0,0,0,0,0,0,0,0
450494,1,1,1999,9,14,15,8,22,10,23,26,21,20
450495,1,1,1999,0,0,0,0,0,0,0,0,19,0
450496,1,1,1999,0,11,0,0,0,0,0,0,0,0
450497,1,1,1999,4,0,0,0,19,0,0,0,0,15
450498,1,1,1999,12,12,12,12,12,12,12,12,12,12
450499,1,1,1999,26,14,9,29,11,25,18,9,18,16
450500,0,1,1999,8,10,25,10,31,17,17,35,16,14
450500,1,1,1999,0,0,0,0,0,0,0,0,0,0
450501,1,1,1999,0,0,11,13,0,8,0,15,0,0
450502,0,1,1999,35,35,35,35,35,35,35,35,35,35
450502,1,2,1999,0,0,0,0,0,0,0,0,0,0
450503,1,1,1999,17,17,17,17,17,17,17,17,17,17
450504,1,1,1999,0,0,0,0,0,0,0,0,0,0
450504,2,1,1999,0,0,0,0,0,13,0,0,0,0
450505,0,1,1999,0,0,0,0,0,0,0,0,0,0
450505,1,1,1999,0,0,0,0,0,0,0,0,0,0
450506,1,1,1999,10,10,10,10,10,10,10,10,10,10
450507,1,1,1999,0,0,0,0,0,0,13,0,0,0
450508,1,1,1999,0,0,0,0,0,0,0,0,0,0
450508,2,1,1999,0,0,0,0,0,0,0,0,0,0
450509,1,1,1999,0,0,0,0,0,0,0,0,0,0
450510,1,1,1999,0,0,0,21,0,14,0,0,0,0
450511,1,1,1999,0,0,0,0,0,0,0,0,0,0
450511,2,1,1999,0,0,0,0,0,0,0,0,0,0
450512,0,1,1999,21,10,21,0,13,0,14,0,28,20
450512,1,1,1999,0,0,0,0,0,0,0,0,0,0
450513,1,1,1999,0,0,0,0,0,0,0,0,0,0
450514,1,1,1999,30,22,21,18,14,14,20,16,29,0
450515,1,1,1999,0,0,0,34,0,0,0,0,0,0
450516,1,1,1999,20,20,20,20,20,20,20,20,20,20
450517,1,1,1999,0,0,0,0,0,0,0,0,0,0
450517,2,1,1999,0,0,25,0,0,5,0,0,0,0
450519,1,1,1999,23,0,0,0,0,0,0,0,0,0
450519,2,1,1999,0,0,0,0,2,0,0,0,0,0
450519,3,1,1999,0,0,0,0,0,0,0,0,0,7
450520,1,1,1999,25,31,19,18,9,22,30,35,8,21
450521,1,1,1999,30,30,30,30,30,30,30,30,30,30
450522,1,1,1999,0,0,0,0,0,0,0,0,0,0
450523,1,1,1999,0,0,0,0,0,0,0,0,0,0
450524,1,1,1999,0,0,40,0,17,0,0,0,21,0
450525,1,1,1999,0,0,0,0,0,0,0,0,0,0
450526,1,1,1999,0,0,0,0,0,0,0,0,0,0
450526,2,1,1999,0,0,0,0,0,0,0,0,0,0
450527,1,1,1999,20,20,20,20,20,20,20,20,20,20
450528,1,1,1999,0,0,0,0,0,0,0,0,0,0
450528,2,1,1999,32,32,32,32,32,32,32,32,32,32
450529,1,1,1999,26,17,11,21,13,4,15,24,8,11
450530,1,1,1999,29,29,29,29,29,29,29,29,29,29
450531,1,1,1999,0,0,0,0,0,0,0,0,0,0
450531,2,1,1999,0,0,0,0,0,0,0,0,0,0
450532,1,1,1999,0,0,0,0,0,0,0,0,4,0
450532,2,1,1999,0,0,0,0,0,0,0,0,0,0
450533,0,1,1999,28,28,28,28,28,28,28,28,28,28
450533,1,1,1999,0,0,0,0,0,9,0,0,17,0
450534,0,1,1999,0,0,0,14,0,0,0,0,0,14
450534,1,1,1999,0,0,0,0,0,0,0,9,0,0
450535,1,1,1999,0,0,0,13,0,0,0,0,0,0
450535,2,1,1999,0,0,0,3,0,0,0,0,0,0
450536,1,1,1999,0,0,0,0,0,0,0,0,0,0
450536,2,1,1999,0,0,0,0,0,0,0,0,0,0
450537,1,1,1999,16,8,0,0,0,5,0,0,13,0
450538,1,1,1999,0,0,0,0,0,0,0,0,0,0
450538,2,1,1999,28,0,0,0,0,0,0,0,0,0
450538,3,1,1999,0,0,0,0,0,0,0,0,0,0
450538,4,1,1999,0,0,0,0,0,0,0,0,0,0
450538,5,1,1999,0,0,0,0,0,0,0,0,0,0
450538,6,1,1999,0,0,0,0,0,0,0,0,0,0
450538,7,1,1999,0,0,0,0,0,0,0,0,0,0
450538,8,1,1999,0,0,0,0,0,0,0,0,0,0
450539,1,1,1999,0,0,0,0,0,0,0,0,0,0
450539,2,1,1999,0,0,0,0,0,0,23,0,0,36
450540,1,1,1999,0,0,0,0,0,8,0,0,0,0
450541,1,1,1999,0,0,0,0,0,0,0,0,0,0
450542,1,1,1999,38,38,38,38,38,38,38,38,38,38
450543,1,1,1999,0,0,0,14,0,0,0,0,0,0
450544,1,1,1999,0,0,0,0,0,0,0,0,0,0
450545,0,1,1999,0,0,0,0,0,0,0,0,0,0
450545,1,1,1999,0,0,0,0,0,0,0,0,0,0
450546,1,1,1999,0,0,0,0,0,0,0,0,0,0
450546,2,1,1999,0,0,0,0,0,0,0,0,0,0
450547,0,1,1999,0,0,0,0,0,0,0,0,0,0
450547,1,1,1999,0,0,0,0,0,0,0,0,0,0
450548,1,1,1999,0,0,0,0,0,0,0,0,0,0
450549,1,1,1999,25,25,25,25,25,25,25,25,25,25
450550,1,1,1999,0,0,0,0,0,0,0,0,0,0
450551,0,1,1999,0,0,0,0,0,0,5,11,0,2
450551,1,1,1999,0,0,0,0,0,0,0,0,0,0
450552,1,1,1999,0,0,0,0,0,0,0,0,0,0
450552,2,1,1999,0,0,0,0,0,0,0,0,0,0
450553,1,1,1999,30,30,30,30,30,30,30,30,30,30
450554,1,1,1999,17,17,17,17,17,17,17,17,17,17
450555,1,1,1999,0,0,0,0,0,0,0,0,0,0
450556,1,1,1999,0,0,0,6,0,9,0,0,16,0
450557,1,1,1999,0,0,17,0,2,0,11,0,0,0
450558,1,1,1999,0,0,0,8,0,0,0,0,0,0
450558,2,1,1999,0,0,0,0,0,0,0,0,0,15
450559,1,1,1999,0,0,0,0,0,0,0,0,0,0
450559,2,1,1999,0,0,0,0,0,0,0,0,0,0
450560,1,1,1999,19,13,9,17,0,16,0,0,0,17
450561,1,1,1999,0,0,0,0,0,0,0,0,0,0
450561,2,1,1999,14,18,22,21,13,9,16,21,18,24
450562,1,1,1999,18,18,18,18,18,18,18,18,18,18
450563,1,1,1999,18,6,26,19,12,22,12,27,11,19
450564,1,1,1999,0,0,0,0,0,0,0,0,0,0
450564,2,4,1999,0,0,0,0,0,0,0,0,0,0
450564,3,1,1999,0,0,0,0,0,0,0,0,0,0
450565,1,1,1999,0,29,0,0,0,0,0,0,0,0
450566,1,1,1999,0,0,0,0,0,0,0,0,0,0
450566,2,1,1999,0,0,0,0,0,0,0,0,0,0
450567,1,1,1999,0,0,0,0,0,0,0,0,0,0
450567,2,1,1999,0,0,0,0,0,0,0,0,0,0
450568,0,1,1999,0,0,0,13,0,22,0,52,34,0
450568,1,1,1999,0,0,0,0,0,0,0,0,0,0
450569,1,1,1999,0,0,0,0,0,0,0,0,0,0
450569,2,1,1999,0,0,0,0,0,0,0,0,0,0
450570,1,1,1999,0,0,0,0,0,0,0,0,27,0
450570,2,1,1999,0,0,0,0,0,0,0,0,0,0
450571,1,1,1999,0,0,0,0,0,0,0,0,0,0
450571,2,1,1999,0,0,0,0,0,0,0,13,0,0
450572,1,1,1999,0,0,0,0,19,0,23,20,0,22
450573,0,1,1999,22,29,26,5,37,0,0,6,0,16
450573,0,2,1999,0,0,0,0,6,17,0,0,0,0
450573,1,1,1999,0,0,0,0,0,0,0,0,9,0
450574,1,1,1999,0,0,0,0,0,0,0,0,0,0
450574,2,1,1999,0,0,0,0,0,0,0,0,0,0
450575,1,1,1999,13,13,13,13,13,13,13,13,13,13
450576,1,1,1999,0,0,0,0,0,0,0,0,0,0
450577,1,1,1999,0,0,0,0,0,0,0,0,0,0
450577,2,1,1999,0,0,0,0,0,0,0,0,0,0
450578,1,1,1999,18,18,18,18,18,18,18,18,18,18
450579,1,1,1999,0,0,0,0,0,0,0,0,0,0
450580,1,1,1999,0,0,0,0,0,0,0,0,12,0
450580,2,1,1999,0,0,18,0,0,0,0,0,0,0
450581,1,1,1999,0,0,0,0,0,0,0,0,0,0
450582,1,1,1999,8,0,4,26,19,10,12,19,0,15
450582,2,1,1999,0,0,0,0,0,0,0,0,0,0
450583,0,1,1999,0,0,0,24,0,0,0,0,0,0
450583,0,2,1999,0,0,0,23,0,0,0,0,0,10
450583,1,1,1999,0,0,0,0,0,0,0,0,0,0
450584,1,1,1999,0,0,0,0,0,0,0,0,0,0
450584,2,1,1999,0,0,0,0,0,0,0,0,0,0
450585,1,1,1999,32,18,21,0,20,0,39,16,20,0
450586,1,1,1999,0,0,0,0,0,0,0,0,0,0
450586,2,1,1999,0,0,0,0,0,0,0,0,0,0
450587,1,1,1999,0,0,0,0,11,0,5,0,8,0
450588,1,1,1999,0,0,0,0,0,0,0,0,0,0
450588,2,1,1999,0,0,0,0,0,0,0,0,0,0
450589,1,1,1999,0,0,0,0,0,0,4,5,0,0
450590,0,1,1999,0,0,0,21,0,27,0,0,0,0
450590,1,1,1999,0,0,0,0,0,0,0,0,0,0
450591,0,1,1999,2,15,12,21,13,8,25,21,8,4
450591,1,1,1999,0,0,0,0,0,0,16,0,0,0
450592,1,1,1999,0,0,0,0,0,0,0,0,0,0
450592,2,1,1999,7,7,7,7,7,7,7,7,7,7
450593,1,1,1999,7,7,24,32,9,19,0,8,24,9
450594,1,1,1999,0,0,0,0,0,0,0,0,0,0
450595,0,1,1999,14,15,13,19,10,21,15,0,32,26
450595,0,2,1999,0,0,0,24,0,0,0,0,20,31
450595,1,1,1999,0,0,0,0,0,0,0,0,0,16
450596,1,1,1999,0,0,0,0,0,0,0,0,0,0
450597,1,1,1999,0,0,0,0,0,0,0,0,12,0
450597,2,1,1999,24,24,24,24,24,24,24,24,24,24
450597,3,1,1999,0,0,0,0,0,0,12,0,0,0
450598,1,1,1999,0,0,0,0,0,0,0,0,0,0
450599,1,1,1999,24,24,24,24,24,24,24,24,24,24
450600,1,1,1999,10,10,10,10,10,10,10,10,10,10
450601,1,1,1999,0,0,0,0,0,0,0,0,0,0
450601,2,1,1999,10,0,0,0,0,0,0,16,0,0
450602,1,1,1999,0,0,0,0,0,0,0,0,0,0
450602,2,1,1999,0,0,0,0,0,0,0,0,0,0
450603,1,1,1999,0,0,0,0,0,0,0,0,0,0
450604,1,1,1999,11,0,0,0,0,0,0,0,19,0
450604,2,1,1999,8,8,8,8,8,8,8,8,8,8
450605,1,1,1999,0,0,0,0,0,0,0,0,0,0
450605,2,1,1999,5,5,5,5,5,5,5,5,5,5
450606,1,1,1999,0,0,0,0,0,0,0,0,0,0
450607,1,1,1999,0,0,0,0,24,0,0,0,0,8
450608,1,1,1999,0,0,0,0,0,0,0,0,0,0
450608,2,1,1999,0,0,0,0,0,0,0,0,0,0
450609,1,1,1999,36,36,36,36,36,36,36,36,36,36
450610,1,1,1999,0,0,0,0,0,0,0,0,0,0
450610,2,1,1999,0,0,0,0,0,0,0,0,0,0
450610,3,1,1999,0,0,0,0,0,0,0,0,0,0
450611,1,1,1999,0,0,0,0,0,0,0,0,0,0
450612,1,1,1999,0,0,0,0,0,0,0,0,0,0
450613,1,1,1999,35,35,35,35,35,35,35,35,35,35
450614,1,1,1999,0,0,0,0,0,0,0,0,0,0
450614,2,1,1999,0,0,0,0,0,0,0,0,0,0
450615,1,1,1999,0,0,0,0,0,0,0,0,0,0
450615,2,1,1999,0,0,0,0,0,0,0,0,0,0
450616,1,1,1999,17,17,17,17,17,17,17,17,17,17
450617,1,1,1999,0,0,0,0,0,0,0,0,0,0
450617,2,1,1999,0,0,0,0,0,0,0,0,0,0
450617,3,1,1999,0,0,0,0,0,0,0,0,0,0
450618,1,1,1999,26,26,26,26,26,26,26,26,26,26
450619,1,1,1999,0,0,0,0,0,0,0,0,0,0
450620,1,1,1999,0,0,0,0,0,0,0,0,0,0
450621,1,1,1999,8,8,8,8,8,8,8,8,8,8
450622,1,1,1999,17,17,17,17,17,17,17,17,17,17
450623,1,1,1999,0,0,0,0,0,14,0,0,0,0
450623,2,1,1999,0,0,0,0,0,0,0,0,0,0
450624,1,1,1999,16,16,16,16,16,16,16,16,16,16
450625,1,1,1999,0,0,32,0,0,0,0,0,24,0
450626,1,1,1999,0,0,0,0,0,0,0,0,0,0
450626,2,1,1999,0,0,0,0,0,10,0,0,0,0
450627,0,1,1999,23,23,23,23,23,23,23,23,23,23
450627,1,1,1999,0,0,0,0,0,0,0,0,0,0
450628,1,1,1999,0,0,0,0,0,0,0,0,0,0
450629,1,1,1999,0,0,7,35,26,18,16,12,25,24
450630,1,1,1999,26,30,36,19,23,16,3,16,15,12
450631,1,1,1999,0,0,0,0,0,0,0,0,0,0
450631,2,1,1999,0,0,0,0,0,0,0,0,0,0
450632,0,1,1999,22,0,0,0,22,0,0,0,0,0
450632,1,1,1999,0,10,0,0,0,0,0,0,0,0
450633,1,1,1999,18,0,0,22,0,0,0,0,0,25
450634,1,1,1999,12,12,12,12,12,12,12,12,12,12
450635,0,1,1999,0,0,0,0,36,0,0,0,0,0
450635,1,1,1999,0,0,0,0,0,0,0,0,0,0
450636,1,1,1999,0,0,0,0,0,0,0,0,0,0
450636,2,1,1999,0,0,0,0,0,0,0,0,0,0
450637,1,1,1999,20,20,20,20,20,20,20,20,20,20
450637,2,1,1999,19,19,19,19,19,19,19,19,19,19
450638,1,1,1999,0,21,0,0,0,0,0,0,0,0
450638,2,1,1999,0,0,0,0,0,0,0,0,0,0
450639,0,1,1999,14,47,3,16,10,10,15,15,0,16
450639,1,1,1999,0,0,0,0,0,0,0,0,0,0
450640,0,1,1999,29,36,16,11,22,19,6,14,13,27
450640,1,1,1999,0,0,0,0,0,0,0,0,0,0
450641,1,1,1999,0,0,35,0,9,0,0,13,14,0
450642,1,1,1999,0,0,0,0,0,0,0,0,0,0
450642,2,1,1999,0,0,0,0,0,0,0,0,0,0
450643,1,1,1999,0,0,0,0,0,0,0,0,0,0
450643,2,1,1999,0,0,0,0,0,0,0,0,20,0
450644,1,1,1999,23,23,23,23,23,23,23,23,23,23
450644,2,1,1999,0,0,0,0,0,0,0,0,0,0
450644,3,1,1999,0,0,0,0,0,0,0,0,0,0
450644,4,1,1999,0,0,0,0,0,0,0,0,0,0
450645,1,1,1999,17,17,17,17,17,17,17,17,17,17
450646,1,1,1999,0,0,0,0,0,0,0,0,0,0
450646,2,1,1999,8,8,8,8,8,8,8,8,8,8
450647,1,1,1999,0,0,0,0,0,0,0,2,0,0
450647,2,1,1999,0,0,0,0,0,0,0,0,0,0
450648,1,1,1999,0,0,0,0,0,0,0,0,0,0
450648,2,1,1999,10,10,10,10,10,10,10,10,10,10
450649,0,1,1999,21,21,21,21,21,21,21,21,21,21
450649,1,1,1999,0,0,0,0,0,0,0,0,0,0
450650,1,1,1999,0,0,0,0,0,0,0,0,0,0
450651,1,1,1999,31,16,6,18,11,0,24,23,7,12
450652,1,1,1999,0,0,0,0,0,0,8,0,0,5
450652,2,1,1999,17,17,17,17,17,17,17,17,17,17
450653,1,1,1999,23,0,24,0,21,12,19,0,16,21
450654,1,1,1999,0,0,0,0,0,0,0,0,0,0
450654,2,1,1999,0,0,0,0,0,0,0,0,0,0
450655,1,1,1999,18,0,0,0,0,0,11,0,0,0
450656,1,1,1999,9,24,10,22,35,19,16,16,11,21
450657,1,1,1999,18,0,0,0,10,0,0,0,0,0
450657,2,1,1999,0,0,0,0,0,0,0,11,0,0
450658,1,1,1999,0,0,0,0,0,0,0,0,0,0
450658,2,1,1999,0,0,0,0,0,0,0,0,0,0
450659,0,1,1999,0,0,0,0,0,0,0,0,0,0
450659,1,1,1999,0,0,0,0,0,0,0,0,0,0
450660,1,1,1999,30,30,30,30,30,30,30,30,30,30
450660,2,1,1999,0,0,0,0,0,0,0,0,0,0
450661,1,1,1999,29,29,29,29,29,29,29,29,29,29
450662,0,1,1999,0,0,0,0,0,0,0,0,0,0
450662,1,1,1999,0,0,0,0,0,0,0,0,0,0
450663,1,1,1999,23,23,23,23,23,23,23,23,23,23
450664,1,1,1999,0,0,0,0,0,0,0,0,0,0
450664,2,1,1999,0,0,0,0,0,0,0,0,0,0
450665,1,1,1999,0,0,0,0,0,0,0,0,0,0
450665,2,1,1999,0,0,0,0,0,0,0,0,0,0
450666,1,1,1999,0,0,0,31,0,0,0,21,8,0
450668,1,1,1999,0,0,0,0,0,0,0,14,0,0
450668,2,1,1999,0,0,0,0,0,0,0,0,0,0
450669,1,1,1999,0,0,0,0,0,0,0,0,0,0
450670,1,1,1999,24,24,24,24,24,24,24,24,24,24
450671,1,1,1999,0,0,0,0,0,0,0,0,30,0
450672,1,1,1999,0,0,0,0,0,0,0,0,0,0
450672,2,1,1999,0,0,0,0,0,0,0,0,9,6
450673,1,1,1999,14,14,14,14,14,14,14,14,14,14
450674,1,1,1999,0,0,0,0,0,0,0,0,0,0
450674,2,1,1999,0,0,0,0,0,0,0,0,0,0
450675,1,1,1999,0,0,0,0,22,0,0,0,0,0
450676,1,1,1999,0,0,0,0,0,0,0,0,0,0
450676,2,1,1999,0,0,0,0,0,0,0,0,0,0
450677,1,1,1999,0,0,0,0,0,0,0,0,0,0
450677,2,1,1999,0,0,0,0,0,0,0,0,0,0
450678,1,1,1999,0,0,0,0,0,0,0,0,0,0
450678,2,1,1999,0,0,0,0,0,0,0,9,0,0
450678,3,1,1999,0,0,0,0,0,0,0,0,0,0
450679,1,1,1999,21,21,21,21,21,21,21,21,21,21
450680,1,1,1999,0,0,0,0,0,0,0,0,0,0
450680,2,1,1999,0,0,0,0,0,0,0,0,0,0
450681,1,1,1999,0,0,0,0,0,0,0,0,0,0
450681,2,1,1999,0,0,0,0,0,0,0,0,0,0
450681,3,1,1999,0,0,0,0,0,0,0,0,0,0
450682,1,1,1999,0,6,0,0,0,0,0,0,0,0
450682,2,1,1999,0,0,0,0,0,0,0,0,0,0
450683,1,1,1999,0,0,0,0,0,0,0,0,0,0
450683,2,1,1999,0,0,0,0,0,0,0,0,0,0
450684,1,1,1999,0,0,9,0,0,0,14,0,18,0
450684,2,1,1999,0,0,0,0,0,0,0,0,0,0
450684,3,1,1999,0,0,0,0,0,0,0,0,0,0
450685,1,1,1999,0,0,0,0,0,0,0,0,0,0
450685,2,1,1999,0,0,0,0,0,0,0,0,0,0
450686,1,1,1999,0,0,0,0,0,0,0,0,0,0
450686,2,1,1999,0,0,0,0,0,0,0,0,0,0
450687,1,1,1999,16,16,16,16,16,16,16,16,16,16
450688,1,1,1999,0,0,0,0,0,0,0,0,0,0
450688,2,1,1999,10,10,10,10,10,10,10,10,10,10
450689,0,1,1999,0,0,0,0,0,0,0,0,0,0
450689,1,1,1999,0,0,0,0,0,0,0,0,0,0
450690,0,1,1999,17,17,17,17,17,17,17,17,17,17
450690,1,1,1999,0,0,0,0,0,0,0,0,0,0
450691,1,1,1999,16,16,16,16,16,16,16,16,16,16
450691,2,1,1999,0,0,0,0,0,0,0,0,0,0
450692,1,1,1999,25,28,18,11,24,25,22,5,11,10
450693,1,1,1999,12,0,0,0,0,0,0,0,24,15
450694,1,1,1999,12,12,12,12,12,12,12,12,12,12
450694,2,1,1999,15,15,15,15,15,15,15,15,15,15
450695,0,1,1999,10,0,19,0,0,12,0,7,0,16
450695,1,1,1999,0,0,22,0,0,9,15,0,0,0
450696,1,1,1999,22,22,22,22,22,22,22,22,22,22
450697,1,1,1999,17,0,0,24,0,0,0,0,0,0
450697,2,1,1999,10,0,0,0,0,0,0,11,0,0
450698,1,1,1999,0,0,0,0,0,0,0,0,0,0
450698,2,1,1999,2,0,0,0,0,0,0,0,0,0
450699,0,1,1999,0,0,0,26,0,0,0,0,0,9
450699,1,1,1999,0,0,0,0,0,0,0,0,0,0
450700,1,1,1999,15,15,15,15,15,15,15,15,15,15
450700,2,1,1999,0,0,0,0,0,0,0,0,0,0
450701,1,1,1999,33,0,0,22,19,0,16,0,0,0
450702,1,1,1999,14,6,15,18,19,5,12,15,13,10
450703,1,1,1999,22,0,19,10,15,5,0,7,20,16
450704,1,1,1999,19,19,19,19,19,19,19,19,19,19
450705,1,1,1999,22,22,22,22,22,22,22,22,22,22
450706,1,1,1999,0,0,0,0,0,0,0,0,0,0
450706,2,1,1999,11,11,11,11,11,11,11,11,11,11
450707,0,1,1999,10,10,10,10,10,10,10,10,10,10
450707,1,1,1999,0,0,0,0,0,0,0,0,0,0
450708,1,1,1999,0,0,0,0,0,0,0,0,0,0
450709,1,1,1999,0,0,0,0,0,0,0,0,0,0
450709,2,1,1999,0,0,0,0,0,0,0,0,0,0
450710,1,1,1999,22,22,22,22,22,22,22,22,22,22
450711,1,1,1999,0,0,0,0,0,0,0,0,0,0
450711,2,1,1999,0,0,0,0,0,0,0,0,0,0
450712,1,1,1999,8,8,8,8,8,8,8,8,8,8
450713,1,1,1999,0,0,0,0,0,0,0,0,0,0
450714,1,1,1999,0,0,0,0,0,0,0,0,0,0
450716,1,1,1999,0,0,0,0,0,0,0,0,0,0
450717,1,1,1999,0,0,0,0,0,0,0,0,0,0
450717,2,1,1999,6,0,0,0,0,0,0,0,0,0
450718,1,1,1999,0,0,0,0,0,0,0,11,0,0
450718,2,1,1999,0,0,0,0,0,0,0,0,0,0
450719,1,1,1999,0,0,0,0,0,0,0,0,0,0
450719,2,1,1999,0,0,0,0,0,0,0,0,0,0
450720,1,1,1999,0,0,0,0,0,0,14,0,0,0
450720,2,1,1999,0,0,0,0,0,0,0,0,0,0
450721,1,1,1999,29,29,29,29,29,29,29,29,29,29
450722,1,1,1999,0,0,0,0,0,0,0,0,0,0
450722,2,1,1999,0,0,0,16,0,0,0,0,0,0
450723,1,1,1999,0,0,0,0,0,0,0,0,0,0
450724,1,1,1999,0,0,0,0,0,0,0,0,0,0
450724,2,1,1999,0,0,0,0,0,0,0,0,0,0
450725,1,1,1999,11,0,0,0,0,0,0,0,0,0
450726,1,1,1999,7,17,0,0,0,0,0,0,0,0
450727,1,1,1999,0,0,0,0,0,0,0,0,0,0
450728,1,1,1999,0,0,0,0,0,0,0,0,0,0
450728,2,1,1999,0,16,22,0,0,29,0,0,0,0
450729,1,1,1999,0,12,9,15,0,22,38,0,0,0
450730,1,1,1999,0,0,0,0,0,0,0,0,0,0
450730,2,1,1999,0,0,0,0,0,0,0,0,0,0
450731,1,1,1999,0,0,0,0,0,0,0,0,0,0
450732,1,1,1999,0,20,0,0,3,0,0,0,0,0
450732,2,1,1999,0,0,0,0,0,0,0,0,0,0
450733,1,1,1999,0,0,0,0,0,0,0,0,0,0
450734,0,1,1999,0,0,0,0,0,0,0,0,0,0
450734,1,1,1999,0,0,0,0,0,0,0,0,0,0
450735,1,1,1999,0,0,0,0,0,0,0,8,0,0
450735,2,1,1999,0,29,0,0,0,0,0,0,7,0
450736,1,1,1999,0,0,0,0,0,0,0,0,0,0
450736,2,1,1999,13,0,0,0,0,0,0,0,0,0
450737,1,1,1999,0,0,0,8,0,0,0,0,0,0
450737,2,1,1999,0,0,0,0,0,0,0,0,0,0
450739,0,1,1999,30,30,30,30,30,30,30,30,30,30
450739,1,1,1999,0,0,0,0,0,0,0,18,0,0
450740,1,1,1999,0,29,0,24,20,0,0,0,0,21
450741,1,1,1999,28,28,28,28,28,28,28,28,28,28
450742,1,1,1999,0,0,0,0,0,0,0,0,0,0
450742,2,1,1999,0,0,0,0,0,0,0,0,0,0
450743,0,1,1999,0,0,0,0,30,0,0,0,0,0
450743,1,1,1999,0,0,0,0,0,0,0,0,0,0
450744,1,1,1999,0,0,0,17,0,0,0,0,0,0
450745,1,1,1999,0,0,0,0,0,0,0,0,0,0
450745,2,1,1999,0,6,3,15,0,0,0,0,16,0
450746,1,1,1999,0,0,0,0,0,0,0,0,0,0
450746,2,1,1999,0,0,0,0,0,0,0,0,0,0
450747,0,1,1999,0,0,0,0,0,0,0,0,0,0
450747,1,1,1999,0,0,0,0,0,0,0,0,0,0
450748,1,1,1999,0,0,0,0,0,8,0,0,0,0
450749,1,1,1999,0,0,0,0,0,0,0,0,0,0
450749,2,1,1999,0,0,0,0,0,0,0,0,0,0
450750,1,1,1999,0,0,0,0,0,0,0,0,0,0
450750,2,1,1999,0,0,0,0,0,0,0,0,0,0
450751,1,1,1999,0,0,0,0,0,0,0,0,0,0
450752,1,1,1999,0,0,0,0,0,0,0,0,0,0
450752,2,1,1999,0,0,0,0,0,0,0,0,0,0
450753,1,1,1999,0,0,28,22,0,12,6,11,0,19
450754,1,1,1999,23,21,18,23,21,34,25,16,0,30
450755,1,1,1999,0,0,20,0,25,0,0,0,7,0
450755,2,1,1999,0,0,0,0,0,0,0,0,0,0
450756,1,1,1999,0,6,7,17,6,16,5,7,10,0
450756,2,1,1999,0,0,0,0,0,0,0,0,0,0
450757,1,1,1999,0,25,19,13,24,8,9,25,0,0
450758,1,1,1999,0,0,0,0,0,0,0,0,0,0
450758,2,1,1999,0,0,0,0,0,0,0,0,0,0
450759,1,1,1999,13,18,27,19,22,21,23,16,24,19
450760,1,1,1999,0,0,0,0,0,0,0,0,0,0
450761,0,1,1999,7,7,7,7,7,7,7,7,7,7
450761,1,1,1999,0,0,0,0,0,0,0,0,0,0
450762,1,1,1999,11,11,11,11,11,11,11,11,11,11