ST_CASE,VEH_NO,PER_NO,YEAR,P1,P2,P3,P4,P5,P6,P7,P8,P9,P10
460087,1,1,1999,0,0,0,0,0,0,0,0,0,0
460087,2,1,1999,0,0,0,0,0,0,0,0,0,0
460087,3,1,1999,0,0,0,0,0,0,0,0,0,0
460088,1,1,1999,0,0,0,0,0,0,0,0,0,0
460089,1,1,1999,19,19,19,19,19,19,19,19,19,19
460090,1,1,1999,0,0,12,0,5,0,0,0,0,0
460091,1,1,1999,19,19,19,19,19,19,19,19,19,19
460092,1,1,1999,0,0,0,0,0,0,0,0,0,0
460093,1,1,1999,0,13,0,0,0,0,0,0,0,0
460093,2,1,1999,0,0,0,7,0,0,0,0,0,0
460094,1,1,1999,0,0,0,0,0,0,0,0,0,0
460094,2,1,1999,0,0,0,0,0,0,0,0,0,0
460095,1,1,1999,0,0,0,0,0,0,0,0,0,0
460096,0,1,1999,0,0,0,0,0,0,0,0,0,0
460096,1,1,1999,0,0,0,0,0,0,0,0,0,0
460097,1,1,1999,29,29,29,29,29,29,29,29,29,29
460098,1,2,1999,29,21,0,20,0,4,0,0,15,16
460099,1,1,1999,0,0,0,6,0,9,0,0,0,0
460100,1,1,1999,0,0,0,0,32,0,0,0,0,0
460101,1,1,1999,24,24,24,24,24,24,24,24,24,24
460101,2,1,1999,0,0,0,0,0,0,0,0,0,0
460102,0,1,1999,34,34,34,34,34,34,34,34,34,34
460102,1,1,1999,0,0,0,0,0,0,0,0,0,0
460103,1,1,1999,5,5,5,5,5,5,5,5,5,5
460103,2,1,1999,0,0,0,0,0,0,0,0,0,0
460104,0,1,1999,0,0,0,0,0,0,0,0,0,0
460104,0,2,1999,0,0,0,0,0,0,0,0,0,0
460104,1,1,1999,0,0,0,0,0,0,0,0,0,0
460105,0,1,1999,20,0,24,0,0,0,17,22,45,0
460106,1,1,1999,13,13,13,13,13,13,13,13,13,13
460107,1,1,1999,0,0,0,0,0,0,0,0,0,0
460107,2,1,1999,0,0,0,0,0,0,0,0,0,0
460108,1,1,1999,0,0,0,0,0,0,0,0,0,0
460109,0,1,1999,0,0,0,0,0,0,0,0,0,0
460109,1,1,1999,0,0,0,0,0,0,0,0,0,0
460110,1,1,1999,0,0,0,0,0,0,0,0,0,0
460110,2,1,1999,0,0,0,0,0,0,0,0,0,0
460111,1,1,1999,0,0,0,0,0,0,0,0,0,0
460111,2,1,1999,0,0,0,0,0,0,0,0,0,0
460112,1,1,1999,0,0,0,0,0,0,0,0,0,0
460112,2,1,1999,0,0,0,0,0,0,0,0,0,0
460113,1,1,1999,0,0,0,0,0,0,0,0,0,0
460113,2,1,1999,0,0,0,0,0,0,0,0,0,0
460114,1,1,1999,0,0,0,0,0,0,0,0,0,0
460114,2,1,1999,0,0,0,0,0,0,0,0,0,0
460115,1,1,1999,18,18,18,18,18,18,18,18,18,18
460116,1,1,1999,0,0,0,0,0,0,0,0,0,0
460116,2,1,1999,0,0,0,0,0,0,0,0,0,0
460117,1,1,1999,0,0,0,0,0,0,0,0,0,0
460117,2,1,1999,0,0,0,0,0,0,0,0,0,0
460118,1,1,1999,19,19,19,19,19,19,19,19,19,19
460119,1,1,1999,0,0,0,0,0,0,0,0,0,0
460120,1,1,1999,5,5,5,5,5,5,5,5,5,5
460121,1,1,1999,0,0,0,0,0,0,0,0,0,0
460122,1,1,1999,0,0,0,0,0,0,0,0,0,0
460122,2,1,1999,0,12,0,0,0,0,0,0,0,0
460122,3,1,1999,0,0,0,0,0,0,0,0,0,0
460122,4,1,1999,0,0,0,0,0,0,0,0,0,0
460123,0,1,1999,34,34,34,34,34,34,34,34,34,34
460123,1,1,1999,0,0,0,0,0,0,0,0,0,0
460124,1,1,1999,17,17,17,17,17,17,17,17,17,17
460125,1,1,1999,19,19,19,19,19,19,19,19,19,19
460126,1,1,1999,0,0,0,0,0,0,0,16,0,5
460127,1,1,1999,23,28,0,0,0,0,0,0,0,0
460128,1,1,1999,0,0,20,0,0,0,13,14,25,0
460129,0,1,1999,0,0,0,0,0,0,0,15,0,0
460129,1,1,1999,20,20,20,20,20,20,20,20,20,20
460130,1,1,1999,22,22,22,22,22,22,22,22,22,22
460131,1,1,1999,0,0,0,0,0,0,0,0,0,0
460131,2,1,1999,0,0,0,0,0,0,0,0,0,0
460131,3,1,1999,0,0,0,0,0,0,0,0,0,0
460131,4,1,1999,0,0,0,0,0,0,0,0,0,0
460132,1,1,1999,21,20,27,30,15,20,36,23,11,25
460132,2,1,1999,0,0,0,0,0,0,0,0,0,0
460133,1,1,1999,29,29,29,29,29,29,29,29,29,29
460134,1,1,1999,13,13,13,13,13,13,13,13,13,13
460135,1,1,1999,0,0,0,0,0,5,6,0,0,0
460136,1,2,1999,0,0,0,0,0,0,0,0,0,0
470001,1,1,1999,25,25,25,25,25,25,25,25,25,25
470002,1,1,1999,0,0,0,0,0,0,0,0,0,0
470002,2,1,1999,0,0,0,0,0,0,0,0,0,0
470002,3,1,1999,0,0,0,0,0,0,0,0,0,0
470003,1,1,1999,0,0,0,0,0,0,0,0,13,0
470004,1,1,1999,0,0,0,0,0,0,0,0,0,0
470005,1,1,1999,0,0,0,0,0,0,0,0,0,0
470005,2,1,1999,0,0,0,0,0,0,0,0,0,0
470006,1,1,1999,0,0,0,0,0,0,0,0,0,0
470006,2,1,1999,0,0,0,0,0,0,0,0,0,0
470007,1,1,1999,0,0,0,0,0,0,0,0,0,0
470007,2,1,1999,0,0,0,0,0,0,0,0,0,0
470008,1,1,1999,0,0,0,0,0,0,0,0,0,0
470009,1,1,1999,23,23,23,23,23,23,23,23,23,23
470010,1,1,1999,0,0,0,0,0,0,0,0,0,0
470011,1,1,1999,3,3,3,3,3,3,3,3,3,3
470012,1,1,1999,0,0,0,0,0,0,0,0,0,0
470013,0,1,1999,0,0,0,13,0,30,0,0,35,0
470013,1,1,1999,0,0,0,0,0,0,0,0,0,0
470014,1,1,1999,0,0,0,0,0,0,0,0,0,0
470014,2,1,1999,0,0,0,0,0,0,0,0,0,0
470015,1,1,1999,0,0,0,0,0,0,0,0,0,0
470015,2,1,1999,0,0,0,0,0,0,0,0,0,0
470016,1,1,1999,0,0,0,0,0,0,0,0,0,0
470016,2,1,1999,1,1,1,1,1,1,1,1,1,1
470017,1,1,1999,0,0,0,0,0,0,0,0,0,0
470017,2,1,1999,0,0,0,0,0,0,0,0,0,0
470018,0,1,1999,0,0,0,0,0,0,0,0,0,0
470018,1,1,1999,0,0,0,0,0,0,0,0,0,0
470019,1,1,1999,14,14,14,14,14,14,14,14,14,14
470020,1,1,1999,0,0,0,0,0,0,0,0,0,0
470020,2,1,1999,0,0,0,0,0,0,0,0,0,0
470021,1,1,1999,0,0,0,0,0,0,0,0,0,0
470023,1,1,1999,0,0,0,0,0,0,0,0,0,0
470024,1,1,1999,37,37,37,37,37,37,37,37,37,37
470025,1,1,1999,0,0,0,0,0,0,0,0,0,0
470026,1,1,1999,30,30,30,30,30,30,30,30,30,30
470026,2,1,1999,0,0,0,0,0,0,0,0,0,0
470027,1,1,1999,15,15,15,15,15,15,15,15,15,15
470028,1,1,1999,21,21,21,21,21,21,21,21,21,21
470029,1,1,1999,15,0,0,0,25,13,21,0,12,5
470029,2,1,1999,0,0,6,0,0,0,0,0,0,0
470030,1,1,1999,27,27,27,27,27,27,27,27,27,27
470032,0,1,1999,0,0,0,0,0,0,0,0,0,0
470032,1,1,1999,0,0,0,0,0,0,0,0,0,0
470033,1,1,1999,18,18,18,18,18,18,18,18,18,18
470034,1,1,1999,21,21,21,21,21,21,21,21,21,21
470035,1,1,1999,0,0,0,0,0,0,0,0,0,0
470035,2,1,1999,0,0,0,0,0,0,0,0,0,0
470036,1,1,1999,9,9,9,9,9,9,9,9,9,9
470037,1,1,1999,0,0,0,0,0,0,0,0,0,0
470037,2,1,1999,0,0,0,0,0,0,0,0,0,0
470038,1,1,1999,0,0,0,0,0,0,0,0,0,0
470039,1,1,1999,18,23,10,19,27,11,18,16,15,14
470039,2,1,1999,0,0,0,0,0,13,0,0,0,0
470039,3,1,1999,0,0,0,0,0,0,0,0,0,0
470040,1,1,1999,17,17,17,17,17,17,17,17,17,17
470041,1,1,1999,0,0,0,0,0,0,0,0,0,0
470041,2,1,1999,0,0,0,0,0,0,0,0,0,0
470042,1,1,1999,0,0,0,0,0,0,0,0,0,0
470043,0,1,1999,49,49,49,49,49,49,49,49,49,49
470043,1,1,1999,0,0,0,0,0,0,0,0,0,0
470044,1,1,1999,0,0,0,0,0,0,0,0,0,0
470044,2,1,1999,0,0,0,0,0,0,0,0,0,0
470045,1,1,1999,0,0,0,0,0,0,0,0,0,0
470045,2,1,1999,0,0,0,0,0,0,0,0,0,0
470046,1,1,1999,19,19,19,19,19,19,19,19,19,19
470046,2,1,1999,2,2,2,2,2,2,2,2,2,2
470047,0,1,1999,0,0,0,0,0,0,0,0,0,0
470047,1,1,1999,0,0,0,0,0,0,0,0,0,0
470048,1,1,1999,0,0,0,0,0,0,0,0,0,0
470048,2,1,1999,0,0,0,0,0,0,0,0,0,0
470049,1,1,1999,0,0,0,0,0,0,0,0,0,0
470049,2,1,1999,0,0,0,0,0,0,0,0,0,0
470049,3,1,1999,0,0,0,0,0,0,0,0,0,0
470050,1,1,1999,0,0,0,0,0,0,0,0,0,0
470051,1,1,1999,0,0,0,0,0,0,0,0,0,0
470051,2,1,1999,0,0,0,0,0,0,0,0,0,0
470052,1,1,1999,5,5,5,5,5,5,5,5,5,5
470053,0,1,1999,0,0,0,0,0,0,0,0,0,0
470053,1,1,1999,0,0,0,0,0,0,0,0,0,0
470054,1,1,1999,0,0,0,0,0,0,0,0,0,0
470054,2,1,1999,0,0,0,0,0,0,0,0,0,0
470055,0,1,1999,0,0,0,0,0,0,0,0,0,0
470055,1,1,1999,0,0,0,0,0,0,0,0,0,0
470056,1,1,1999,0,0,0,0,0,0,0,0,0,0
470056,2,1,1999,14,14,14,14,14,14,14,14,14,14
470057,1,1,1999,15,15,15,15,15,15,15,15,15,15
470057,2,1,1999,0,0,0,0,0,0,0,0,0,0
470057,3,1,1999,14,14,14,14,14,14,14,14,14,14
470058,1,1,1999,0,0,0,0,0,0,0,0,0,0
470059,1,1,1999,10,10,10,10,10,10,10,10,10,10
470060,1,1,1999,0,0,0,0,0,0,0,0,0,0
470061,1,1,1999,15,15,15,15,15,15,15,15,15,15
470061,2,1,1999,0,0,0,0,0,0,0,0,0,0
470062,1,1,1999,16,0,0,0,0,0,0,0,0,0
470062,2,1,1999,0,0,0,0,10,0,0,0,0,0
470063,1,1,1999,0,0,0,0,0,0,0,0,0,0
470063,2,1,1999,0,0,0,0,0,0,0,0,0,0
470064,0,1,1999,0,0,0,0,0,0,0,0,0,0
470064,1,1,1999,0,0,0,0,0,0,0,0,0,0
470065,1,1,1999,0,0,0,0,0,0,0,0,0,0
470065,2,1,1999,0,0,0,0,0,0,0,0,0,0
470066,1,1,1999,0,0,0,0,0,0,0,0,0,0
470067,1,1,1999,20,8,15,32,12,0,0,25,10,19
470068,0,1,1999,0,0,0,0,0,0,0,0,0,0
470068,1,1,1999,0,0,0,0,0,0,0,0,0,0
470069,1,1,1999,4,4,4,4,4,4,4,4,4,4
470069,2,1,1999,0,0,0,0,0,0,0,0,0,0
470069,3,1,1999,0,0,0,0,0,0,0,0,0,0
470070,1,1,1999,25,25,25,25,25,25,25,25,25,25
470071,1,1,1999,7,0,11,0,15,10,0,0,16,22
470071,2,1,1999,0,0,0,0,0,0,0,0,0,0
470072,1,1,1999,11,0,0,0,0,0,0,0,0,0
470073,1,1,1999,0,0,0,0,0,0,0,0,0,0
470074,1,1,1999,14,14,14,14,14,14,14,14,14,14
470075,1,1,1999,26,26,26,26,26,26,26,26,26,26
470076,1,1,1999,0,0,0,0,0,0,0,0,0,0
470077,1,1,1999,0,0,0,0,0,0,0,0,0,0
470078,1,1,1999,0,0,0,0,0,0,0,0,0,0
470078,2,1,1999,0,0,0,0,0,0,0,0,0,0
470078,3,1,1999,0,0,0,0,0,0,0,0,0,0
470079,1,1,1999,15,15,15,15,15,15,15,15,15,15
470080,1,1,1999,17,17,17,17,17,17,17,17,17,17
470081,1,1,1999,0,0,0,0,0,0,24,0,10,0
470082,1,1,1999,0,0,0,0,0,0,0,0,0,0
470082,2,1,1999,0,0,0,0,0,0,0,0,0,0
470083,1,1,1999,28,28,28,28,28,28,28,28,28,28
470084,1,1,1999,0,0,0,0,0,0,0,0,0,0
470084,2,1,1999,0,0,0,0,0,0,0,0,0,0
470085,1,1,1999,0,0,0,0,0,0,0,0,0,0
470086,1,1,1999,0,0,0,0,0,0,0,0,0,0
470087,1,1,1999,0,0,0,0,0,0,0,0,0,0
470087,2,1,1999,0,0,0,0,0,0,0,0,0,0
470087,3,1,1999,0,0,0,0,0,0,0,0,0,0
470088,1,1,1999,1,1,1,1,1,1,1,1,1,1
470088,2,1,1999,0,0,0,0,0,0,0,0,0,0
470089,1,1,1999,0,0,0,0,0,0,0,0,0,0
470090,1,1,1999,0,0,0,0,0,0,0,0,0,0
470091,1,1,1999,0,0,0,0,0,0,0,0,0,0
470091,2,1,1999,11,11,11,11,11,11,11,11,11,11
470092,0,1,1999,0,0,0,0,0,0,0,0,0,0
470092,1,1,1999,0,0,0,0,0,0,0,0,0,0
470093,1,1,1999,0,0,0,0,0,0,0,0,0,0
470094,1,1,1999,25,25,25,25,25,25,25,25,25,25
470095,1,1,1999,0,0,0,0,0,0,0,0,0,0
470095,2,1,1999,0,0,0,0,0,0,0,0,0,0
470096,1,1,1999,20,20,20,20,20,20,20,20,20,20
470097,1,1,1999,0,0,0,0,0,0,0,0,0,0
470097,2,1,1999,0,0,0,0,0,0,0,0,0,0
470098,1,1,1999,20,20,20,20,20,20,20,20,20,20
470099,1,1,1999,20,20,20,20,20,20,20,20,20,20
470099,2,1,1999,0,0,0,0,0,0,0,0,0,0
470100,1,1,1999,0,0,0,0,0,0,0,0,0,0
470100,2,1,1999,0,0,0,0,0,0,0,0,0,0
470101,1,1,1999,0,0,0,0,0,0,0,0,0,0
470101,2,1,1999,0,0,0,0,0,0,0,0,0,0
470102,1,1,1999,0,0,0,0,0,0,0,0,0,0
470102,2,1,1999,16,16,16,16,16,16,16,16,16,16
470103,1,1,1999,30,30,30,30,30,30,30,30,30,30
470103,2,1,1999,0,0,0,0,0,0,0,0,0,0
470104,1,1,1999,0,0,0,0,0,0,0,0,0,0
470104,2,1,1999,0,0,0,0,0,0,0,0,0,0
470105,1,1,1999,0,0,0,0,0,0,0,0,0,0
470105,2,1,1999,0,0,0,0,0,0,0,0,0,0
470106,0,1,1999,0,0,0,0,0,0,0,0,0,0
470106,1,1,1999,0,7,0,0,0,0,0,0,0,15
470107,1,1,1999,9,0,0,0,6,0,0,15,0,5
470108,1,1,1999,11,11,11,11,11,11,11,11,11,11
470109,1,1,1999,0,0,0,0,0,0,0,0,0,0
470109,2,1,1999,0,0,0,0,0,0,0,0,0,0
470110,1,1,1999,0,0,0,0,3,0,0,0,0,11
470112,0,2,1999,0,0,0,0,0,0,0,0,0,0
470112,1,1,1999,0,0,0,0,0,0,0,0,0,0
470112,2,1,1999,0,0,0,0,0,0,0,0,0,0
470113,1,1,1999,0,0,0,0,0,0,0,0,0,0
470114,1,1,1999,0,0,0,0,0,0,0,0,0,0
470115,1,1,1999,0,0,0,0,0,0,0,0,0,0
470115,2,1,1999,13,13,13,13,13,13,13,13,13,13
470116,1,1,1999,26,26,26,26,26,26,26,26,26,26
470117,1,1,1999,0,0,0,0,0,0,0,0,0,0
470118,1,1,1999,27,27,27,27,27,27,27,27,27,27
470119,1,1,1999,0,0,0,0,0,0,0,0,0,0
470119,2,1,1999,0,0,0,0,0,0,0,0,0,0
470120,1,1,1999,16,16,16,16,16,16,16,16,16,16
470121,1,1,1999,1,1,1,1,1,1,1,1,1,1
470121,2,1,1999,0,0,0,0,0,0,0,0,0,0
470122,1,1,1999,0,0,0,0,0,0,0,0,0,0
470122,2,1,1999,0,0,0,0,0,0,11,16,0,0
470123,1,1,1999,0,0,0,0,0,0,0,0,0,0
470124,1,1,1999,0,0,0,0,0,0,0,0,0,0
470125,1,1,1999,10,10,10,10,10,10,10,10,10,10
470126,1,1,1999,0,0,16,0,0,0,4,0,0,0
470127,1,1,1999,0,0,0,0,0,0,0,0,0,0
470127,2,1,1999,0,0,0,0,0,0,0,0,0,0
470128,1,1,1999,31,31,31,31,31,31,31,31,31,31
470129,1,1,1999,14,14,14,14,14,14,14,14,14,14
470130,1,1,1999,22,22,22,22,22,22,22,22,22,22
470131,1,1,1999,0,0,0,0,0,0,0,0,0,0
470131,2,1,1999,0,0,0,0,0,0,0,0,3,0
470132,1,1,1999,0,0,0,0,0,0,0,0,0,0
470133,1,1,1999,9,9,9,9,9,9,9,9,9,9
470134,1,1,1999,0,0,0,0,0,0,0,0,0,0
470134,2,1,1999,0,0,0,0,0,0,0,0,0,0
470135,1,1,1999,9,9,9,9,9,9,9,9,9,9
470136,1,1,1999,1,1,1,1,1,1,1,1,1,1
470136,2,1,1999,0,0,0,0,0,0,0,0,0,0
470137,1,1,1999,27,27,27,27,27,27,27,27,27,27
470138,1,1,1999,0,0,0,0,0,0,0,0,0,0
470139,0,1,1999,0,0,0,0,0,0,0,0,0,0
470139,1,1,1999,0,0,0,0,0,0,0,0,0,0
470139,2,1,1999,0,0,0,0,0,0,0,0,0,0
470140,1,1,1999,9,9,9,9,9,9,9,9,9,9
470140,2,1,1999,16,16,16,16,16,16,16,16,16,16
470141,1,1,1999,0,0,0,0,0,0,0,0,0,0
470142,1,1,1999,0,0,0,0,0,0,0,0,0,0
470142,2,1,1999,0,0,0,0,0,0,0,0,0,6
470142,3,1,1999,0,0,0,0,0,0,0,0,0,0
470143,0,1,1999,6,6,6,6,6,6,6,6,6,6
470143,1,1,1999,0,0,0,0,0,0,0,0,0,0
470144,1,1,1999,0,16,0,0,0,0,0,5,0,0
470145,1,1,1999,0,0,0,0,0,0,0,0,0,0
470145,2,1,1999,10,10,10,10,10,10,10,10,10,10
470146,1,1,1999,21,21,21,21,21,21,21,21,21,21
470147,1,1,1999,0,0,0,0,0,0,0,0,0,0
470148,1,1,1999,0,0,0,0,0,0,0,0,0,0
470148,2,1,1999,0,0,0,0,0,0,0,0,0,0
470149,1,1,1999,16,16,16,16,16,16,16,16,16,16
470150,1,1,1999,0,0,0,0,0,0,0,0,0,0
470150,2,1,1999,0,0,0,0,0,0,0,0,0,0
470150,3,1,1999,0,0,0,0,0,0,0,0,0,0
470152,1,1,1999,0,0,0,0,0,0,0,0,0,0
470153,1,1,1999,24,24,24,24,24,24,24,24,24,24
470154,1,1,1999,0,12,14,0,15,11,0,33,0,0
470155,1,1,1999,0,0,0,0,0,0,0,0,0,0
470155,2,1,1999,0,0,22,0,0,0,0,0,0,0
470156,1,1,1999,20,20,20,20,20,20,20,20,20,20
470157,1,1,1999,19,23,21,30,20,26,10,20,19,14
470158,1,1,1999,0,0,0,0,0,0,0,0,0,0
470159,1,1,1999,0,12,0,0,0,0,0,0,0,0
470160,1,1,1999,0,0,0,0,0,0,0,0,0,0
470161,1,1,1999,9,0,0,0,13,13,9,0,9,15
470161,2,1,1999,0,0,0,0,0,0,0,0,0,0
470162,1,1,1999,0,0,0,0,0,0,0,0,0,0
470162,2,1,1999,2,2,2,2,2,2,2,2,2,2
470163,1,1,1999,0,0,0,0,0,0,0,0,0,0
470164,1,1,1999,16,16,16,16,16,16,16,16,16,16
470164,2,1,1999,0,0,0,0,0,0,0,0,0,0
470165,1,1,1999,0,0,0,0,0,0,0,0,0,0
470165,2,1,1999,0,0,0,0,0,0,0,0,0,0
470166,1,1,1999,0,0,0,0,0,0,0,0,0,0
470166,2,1,1999,0,0,0,0,0,0,0,0,0,0
470167,1,1,1999,0,0,0,0,0,0,0,0,0,0
470168,1,1,1999,24,24,24,24,24,24,24,24,24,24
470169,1,1,1999,0,0,0,0,0,0,0,0,0,0
470170,1,1,1999,0,0,0,0,0,0,0,0,0,0
470170,2,1,1999,6,6,6,6,6,6,6,6,6,6
470171,1,1,1999,17,10,19,0,13,17,20,11,13,22
470172,1,1,1999,31,31,31,31,31,31,31,31,31,31
470173,1,1,1999,20,20,20,20,20,20,20,20,20,20
470173,2,1,1999,0,0,0,0,0,0,0,0,0,0
470174,1,1,1999,0,0,0,0,0,0,0,0,0,0
470174,2,1,1999,0,0,0,0,0,0,0,0,0,0
470174,3,1,1999,0,0,0,0,0,0,0,0,0,0
470175,1,1,1999,29,29,29,29,29,29,29,29,29,29
470176,1,1,1999,7,7,7,7,7,7,7,7,7,7
470177,1,1,1999,0,0,0,0,0,0,0,0,0,0
470177,2,1,1999,0,0,0,0,0,0,0,0,0,0
470178,1,1,1999,0,0,0,0,0,0,0,0,0,0
470178,2,1,1999,0,0,0,0,0,0,0,0,0,0
470179,1,1,1999,0,0,0,0,0,0,0,0,0,0
470179,2,1,1999,0,0,0,0,0,0,0,0,0,0
470180,1,1,1999,0,0,0,0,0,0,0,0,0,0
470180,2,1,1999,0,0,0,0,0,0,0,0,0,0
470180,3,1,1999,24,24,24,24,24,24,24,24,24,24
470181,1,1,1999,17,17,17,17,17,17,17,17,17,17
470181,2,1,1999,0,0,0,0,0,0,0,0,0,0
470181,3,1,1999,2,2,2,2,2,2,2,2,2,2
470182,1,1,1999,9,9,9,9,9,9,9,9,9,9
470182,2,1,1999,8,8,8,8,8,8,8,8,8,8
470183,1,1,1999,6,6,6,6,6,6,6,6,6,6
470184,1,1,1999,0,0,0,0,0,0,0,0,0,0
470185,1,1,1999,9,9,9,9,9,9,9,9,9,9
470185,2,1,1999,0,0,0,0,0,0,0,0,0,0
470186,1,1,1999,12,12,12,12,12,12,12,12,12,12
470187,1,1,1999,0,0,0,0,0,0,0,0,0,0
470187,2,1,1999,12,12,12,12,12,12,12,12,12,12
470188,1,1,1999,0,0,0,0,0,0,0,0,0,0
470189,1,1,1999,16,16,16,16,16,16,16,16,16,16
470189,2,1,1999,0,0,0,0,0,0,0,0,0,0
470190,1,1,1999,5,0,24,0,0,0,0,0,0,0
470190,2,1,1999,0,0,0,0,0,0,0,0,0,0
470191,1,1,1999,0,0,0,0,0,0,0,0,0,0
470191,2,1,1999,0,0,0,0,0,0,0,0,0,0
470191,3,1,1999,0,0,0,0,0,0,0,0,0,0
470192,1,1,1999,15,15,15,15,15,15,15,15,15,15
470193,1,1,1999,4,4,4,4,4,4,4,4,4,4
470194,1,1,1999,8,8,8,8,8,8,8,8,8,8
470194,2,1,1999,0,0,0,0,0,0,0,0,0,0
470195,1,1,1999,0,0,0,0,0,0,0,0,0,0
470196,1,1,1999,6,6,6,6,6,6,6,6,6,6
470197,1,1,1999,0,0,0,0,0,0,0,0,0,0
470197,2,1,1999,0,0,0,0,0,0,0,0,0,0
470198,1,1,1999,25,25,25,25,25,25,25,25,25,25
470198,2,1,1999,0,0,0,0,0,0,0,0,0,0
470199,1,1,1999,9,9,9,9,9,9,9,9,9,9
470200,1,1,1999,0,0,0,0,0,0,0,0,0,0
470201,1,1,1999,0,0,0,0,0,9,0,0,0,17
470201,2,1,1999,0,0,0,0,0,0,0,0,0,0
470202,1,1,1999,29,29,29,29,29,29,29,29,29,29
470203,0,1,1999,2,2,2,2,2,2,2,2,2,2
470203,1,1,1999,0,0,0,0,0,0,0,0,0,0
470204,1,1,1999,0,0,6,0,0,0,0,0,0,0
470205,1,1,1999,0,0,0,0,0,0,0,0,0,2
470205,2,1,1999,0,0,0,0,0,0,0,0,0,0
470206,1,1,1999,0,0,0,13,0,4,6,18,0,0
470206,2,1,1999,0,0,0,0,0,0,0,0,0,0
470207,0,1,1999,0,0,0,0,0,0,0,0,0,0
470207,1,1,1999,11,0,16,10,14,0,13,26,13,0
470208,1,1,1999,0,0,0,0,0,0,0,0,0,0
470208,2,1,1999,0,0,0,0,0,0,0,0,0,0
470209,1,1,1999,32,0,21,0,18,35,18,30,8,26
470210,1,1,1999,33,33,33,33,33,33,33,33,33,33
470210,2,1,1999,0,0,0,0,0,0,0,0,0,0
470211,0,1,1999,24,24,24,24,24,24,24,24,24,24
470211,1,1,1999,0,0,0,0,0,0,0,0,0,0
470212,1,1,1999,21,17,22,23,36,24,19,10,32,16
470213,1,1,1999,0,0,0,0,0,0,0,0,0,0
470213,2,1,1999,0,0,0,0,0,0,0,0,0,0
470214,1,1,1999,0,0,0,0,0,0,0,0,0,0
470214,2,1,1999,0,0,11,0,24,0,0,0,0,0
470215,1,1,1999,0,0,0,0,0,0,0,0,0,0
470216,1,1,1999,0,0,0,0,0,0,0,0,0,0
470216,2,1,1999,16,11,0,19,37,0,19,21,24,20
470218,1,1,1999,5,5,5,5,5,5,5,5,5,5
470219,1,1,1999,0,0,0,0,0,0,0,0,0,0
470219,2,1,1999,0,0,0,0,0,0,0,0,0,0
470220,1,1,1999,0,0,0,0,0,0,0,0,0,0
470220,2,1,1999,19,19,19,19,19,19,19,19,19,19
470221,1,1,1999,1,1,1,1,1,1,1,1,1,1
470221,2,1,1999,0,0,0,0,0,0,0,0,0,0
470222,1,1,1999,0,0,0,0,0,0,0,0,0,0
470222,2,1,1999,2,2,2,2,2,2,2,2,2,2
470223,1,1,1999,0,0,0,0,0,0,0,0,0,0
470223,2,1,1999,0,0,0,0,0,0,0,0,0,0
470224,1,1,1999,31,31,31,31,31,31,31,31,31,31
470225,1,1,1999,0,0,0,0,0,0,0,0,0,0
470226,1,1,1999,0,0,0,0,0,0,0,0,0,0
470226,2,1,1999,0,0,0,0,0,0,0,0,0,0
470226,3,1,1999,0,0,0,0,0,0,0,0,0,0
470227,1,1,1999,0,0,0,0,0,0,0,0,0,0
470228,1,1,1999,0,0,0,9,0,0,0,22,0,0
470229,1,1,1999,31,29,10,9,18,18,30,18,11,14
470230,1,1,1999,10,10,10,10,10,10,10,10,10,10
470231,1,1,1999,12,0,0,0,0,0,5,0,0,0
470232,1,1,1999,0,0,0,0,0,0,0,0,0,0
470232,2,1,1999,0,0,0,15,0,0,0,0,0,0
470233,1,1,1999,0,0,0,0,0,0,0,0,0,0
470233,2,1,1999,0,0,0,0,0,0,0,0,0,0
470234,0,1,1999,18,18,18,18,18,18,18,18,18,18
470234,1,1,1999,0,0,0,0,0,0,0,0,0,0
470235,1,1,1999,0,0,0,0,0,0,0,0,0,0
470236,1,1,1999,0,0,0,0,0,0,0,0,0,0
470236,2,1,1999,0,0,0,25,0,0,0,0,0,0
470236,3,1,1999,0,0,0,0,0,0,0,0,29,0
470237,1,1,1999,31,31,31,31,31,31,31,31,31,31
470237,2,1,1999,0,0,0,0,0,0,0,0,0,0
470238,1,1,1999,0,0,0,0,0,0,0,0,0,0
470238,2,1,1999,0,0,0,0,0,0,0,0,0,0
470239,1,1,1999,0,0,0,0,0,0,0,0,0,0
470239,2,1,1999,0,0,0,0,0,0,0,0,0,0
470240,1,1,1999,0,0,0,0,0,0,0,0,0,0
470240,2,1,1999,0,0,0,0,0,0,0,0,0,0
470241,1,1,1999,0,0,0,0,0,0,0,0,0,0
470242,1,1,1999,0,0,0,0,0,0,0,0,0,0
470242,2,1,1999,0,0,15,0,0,16,0,0,0,0
470243,1,1,1999,0,0,0,0,0,0,0,0,0,0
470243,2,1,1999,0,0,0,0,0,0,0,0,0,0
470244,1,1,1999,0,0,0,0,0,0,0,0,0,0
470244,2,1,1999,0,0,0,0,0,0,0,0,0,0
470245,1,1,1999,0,0,0,0,0,0,0,0,0,0
470245,2,1,1999,0,0,0,0,0,0,0,0,0,0