ST_CASE,VEH_NO,PER_NO,YEAR,P1,P2,P3,P4,P5,P6,P7,P8,P9,P10
470531,0,1,1999,0,0,0,0,0,0,0,0,0,0
470531,1,1,1999,0,0,0,0,0,0,0,0,0,0
470532,1,1,1999,0,0,0,0,0,0,0,0,0,0
470532,2,1,1999,0,0,0,0,0,0,0,0,0,0
470532,3,1,1999,0,0,0,0,0,0,0,0,0,0
470532,4,1,1999,0,0,0,0,0,0,0,0,0,0
470533,1,1,1999,0,0,0,0,0,0,0,0,0,0
470534,1,1,1999,0,0,0,0,0,0,0,0,0,0
470534,2,1,1999,0,0,0,0,0,0,0,0,0,0
470535,1,1,1999,0,0,0,0,0,0,0,0,0,0
470536,0,1,1999,0,0,0,0,0,0,0,0,0,0
470536,1,1,1999,27,10,0,0,0,0,0,0,0,0
470537,1,1,1999,32,32,32,32,32,32,32,32,32,32
470537,2,1,1999,0,0,0,0,0,0,0,0,0,0
470538,1,1,1999,0,0,0,0,0,0,0,0,0,0
470538,2,1,1999,0,0,0,0,0,0,0,0,0,0
470538,3,1,1999,0,0,0,0,0,0,0,0,0,0
470539,1,1,1999,0,0,0,4,0,0,0,0,0,6
470540,1,1,1999,0,0,0,0,0,0,0,0,0,0
470541,1,1,1999,25,25,25,25,25,25,25,25,25,25
470541,2,1,1999,0,0,0,0,0,0,0,0,0,0
470542,1,1,1999,11,11,11,11,11,11,11,11,11,11
470543,1,1,1999,0,0,0,0,0,0,0,0,0,0
470544,1,1,1999,21,21,21,21,21,21,21,21,21,21
470545,1,1,1999,23,23,23,23,23,23,23,23,23,23
470546,1,1,1999,0,0,0,0,0,0,0,0,0,0
470546,2,1,1999,0,0,0,0,0,0,0,0,0,0
470547,1,1,1999,0,0,0,0,0,0,0,0,0,0
470548,1,1,1999,0,0,0,0,0,0,0,0,0,0
470548,2,1,1999,0,0,0,0,0,0,0,0,0,0
470549,1,1,1999,29,29,29,29,29,29,29,29,29,29
470550,1,1,1999,0,0,0,0,0,0,0,0,21,20
470552,1,1,1999,22,22,22,22,22,22,22,22,22,22
470553,1,1,1999,0,0,0,0,0,0,0,0,0,0
470554,1,1,1999,0,0,0,0,0,0,0,0,0,0
470555,1,1,1999,0,0,0,0,0,0,0,0,0,0
470555,2,1,1999,0,0,0,0,0,0,0,0,0,0
470555,3,1,1999,0,0,0,0,0,0,0,0,0,0
470556,1,1,1999,12,12,12,12,12,12,12,12,12,12
470557,1,1,1999,0,0,0,0,0,0,0,0,0,0
470558,1,1,1999,0,0,15,0,0,0,0,0,0,0
470559,1,1,1999,0,0,0,0,0,0,0,0,0,0
470560,1,1,1999,24,24,24,24,24,24,24,24,24,24
470560,2,1,1999,0,19,0,0,0,0,0,0,12,0
470561,0,1,1999,0,0,0,0,0,0,0,0,0,0
470561,1,1,1999,0,0,0,0,0,0,0,0,0,0
470562,1,1,1999,0,0,0,0,0,0,0,0,0,0
470563,1,1,1999,2,2,2,2,2,2,2,2,2,2
470563,2,1,1999,0,0,0,0,0,0,0,0,0,0
470564,1,1,1999,18,7,15,5,28,19,8,12,12,8
470565,1,1,1999,0,0,0,0,0,0,0,0,0,0
470566,1,1,1999,0,0,0,0,0,0,0,0,0,0
470567,1,1,1999,13,13,13,13,13,13,13,13,13,13
470568,1,1,1999,11,11,11,11,11,11,11,11,11,11
470569,1,1,1999,0,0,0,0,0,0,0,0,0,0
470569,2,1,1999,0,0,0,0,0,0,0,0,0,0
470570,1,1,1999,13,13,13,13,13,13,13,13,13,13
470571,1,1,1999,0,0,0,0,0,0,0,0,0,0
470571,2,1,1999,0,0,0,0,0,0,0,0,0,0
470572,1,1,1999,0,0,0,0,0,0,0,0,0,0
470572,2,1,1999,0,0,0,0,0,0,0,0,0,0
470573,1,1,1999,0,0,0,0,0,0,0,0,0,0
470574,1,1,1999,0,0,0,0,0,0,0,0,0,0
470575,1,1,1999,16,16,16,16,16,16,16,16,16,16
470576,1,1,1999,0,0,0,0,0,0,0,0,0,0
470576,2,1,1999,0,0,0,0,0,0,0,0,0,0
470577,1,1,1999,21,21,21,21,21,21,21,21,21,21
470578,1,1,1999,19,19,19,19,19,19,19,19,19,19
470579,1,1,1999,0,0,0,0,0,0,0,0,0,0
470580,1,1,1999,0,0,0,0,0,0,0,0,0,0
470580,2,1,1999,0,0,0,0,0,0,0,0,0,0
470580,3,1,1999,0,0,0,0,0,0,0,0,0,0
470580,4,1,1999,0,0,0,0,0,0,0,0,0,0
470581,1,1,1999,0,0,0,0,0,0,0,0,0,0
470581,2,1,1999,0,0,0,0,0,0,0,0,0,0
470582,1,1,1999,0,0,0,0,0,0,0,18,0,0
470583,1,1,1999,0,0,0,0,0,0,0,0,0,0
470584,1,1,1999,0,0,0,0,0,0,0,0,0,0
470585,1,1,1999,0,0,0,0,0,0,0,0,0,0
470585,2,1,1999,0,0,0,0,5,0,0,0,0,0
470586,1,1,1999,0,0,0,0,0,0,0,0,0,0
470587,1,1,1999,0,0,0,0,0,0,0,14,10,0
470588,0,1,1999,0,0,0,0,0,0,0,0,0,13
470588,0,2,1999,0,0,0,0,0,0,0,0,0,0
470588,0,3,1999,0,0,0,0,0,0,0,0,0,0
470588,1,1,1999,0,0,0,0,0,0,0,0,0,0
470589,1,1,1999,19,19,19,19,19,19,19,19,19,19
470590,1,1,1999,0,0,0,0,0,0,0,0,0,0
470590,2,1,1999,0,0,0,0,0,0,0,0,0,0
470591,1,1,1999,21,21,21,21,21,21,21,21,21,21
470591,2,1,1999,0,0,0,0,0,0,0,0,0,0
470591,3,1,1999,0,0,0,0,0,0,0,0,0,0
470592,1,1,1999,18,18,18,18,18,18,18,18,18,18
470593,1,1,1999,0,0,0,0,0,0,0,0,0,0
470594,1,1,1999,0,0,0,0,0,0,0,2,0,0
470594,2,1,1999,0,0,0,15,0,3,0,0,0,0
470595,1,1,1999,9,9,9,9,9,9,9,9,9,9
470596,0,1,1999,0,0,0,0,0,0,0,0,0,0
470597,1,1,1999,21,22,0,12,16,20,0,0,19,17
470598,1,1,1999,27,27,27,27,27,27,27,27,27,27
470599,1,1,1999,0,0,0,0,0,0,0,0,0,0
470600,1,1,1999,0,7,19,0,0,0,12,0,0,0
470601,1,1,1999,0,0,0,0,0,0,0,0,0,0
470601,2,1,1999,0,0,7,0,0,0,0,0,0,0
470602,1,1,1999,0,0,0,0,16,0,0,3,0,21
470602,2,1,1999,0,0,0,0,0,0,0,0,0,0
470603,1,1,1999,0,0,0,0,0,0,0,0,0,0
470603,2,1,1999,0,0,0,0,0,0,0,0,0,0
470604,1,1,1999,0,13,20,0,0,0,0,0,0,16
470605,1,1,1999,0,0,0,0,0,0,0,0,0,0
470606,1,1,1999,0,0,0,0,0,0,0,0,0,0
470607,1,1,1999,0,0,0,0,0,0,0,0,0,0
470608,1,1,1999,0,0,0,0,0,0,0,0,29,0
470609,1,1,1999,5,5,5,5,5,5,5,5,5,5
470609,2,1,1999,0,0,0,0,0,0,0,0,0,0
470610,1,1,1999,0,0,0,0,0,0,0,0,0,0
470611,0,1,1999,0,0,0,0,0,0,0,0,0,0
470611,1,1,1999,0,0,0,0,0,0,0,0,0,0
470612,1,1,1999,14,0,0,0,0,0,0,0,0,0
470613,1,1,1999,17,17,17,17,17,17,17,17,17,17
470613,2,1,1999,0,0,0,0,0,0,0,0,0,0
470614,0,1,1999,0,0,0,0,0,0,0,0,0,0
470614,0,2,1999,0,0,0,0,0,0,0,0,0,0
470614,1,1,1999,0,0,0,0,0,0,0,0,0,0
470615,1,1,1999,0,0,0,0,0,0,0,0,0,0
470615,2,1,1999,0,0,0,0,0,0,0,0,0,0
470615,3,1,1999,0,0,0,0,0,0,0,0,0,0
470616,1,1,1999,20,20,20,20,20,20,20,20,20,20
470617,1,1,1999,0,0,0,0,0,0,0,0,0,0
470617,2,1,1999,11,11,11,11,11,11,11,11,11,11
470617,3,1,1999,20,20,20,20,20,20,20,20,20,20
470618,1,1,1999,0,0,0,0,0,0,0,0,0,0
470618,2,1,1999,0,0,0,0,0,0,0,0,0,0
470619,1,1,1999,0,0,0,0,0,0,0,0,0,0
470619,2,1,1999,15,0,0,0,0,0,35,0,20,0
470620,1,1,1999,0,0,0,0,0,0,0,0,0,0
470621,1,1,1999,0,0,0,0,0,0,0,0,0,0
470621,2,1,1999,0,0,0,0,0,0,0,0,0,0
470622,1,1,1999,0,0,0,0,0,0,0,0,0,0
470622,2,1,1999,0,0,0,0,0,0,0,0,0,0
470622,3,1,1999,0,0,0,0,0,0,0,0,0,0
470623,1,1,1999,9,9,9,9,9,9,9,9,9,9
470623,2,1,1999,0,0,0,2,0,0,0,0,0,0
470624,1,1,1999,18,18,18,18,18,18,18,18,18,18
470625,1,1,1999,0,0,0,0,0,0,0,0,0,0
470625,2,1,1999,0,0,0,0,0,0,0,0,0,0
470625,3,1,1999,0,0,0,0,0,0,0,0,0,0
470626,1,1,1999,15,15,15,15,15,15,15,15,15,15
470627,1,1,1999,0,0,0,0,0,0,0,0,0,0
470627,2,1,1999,0,0,0,0,0,0,0,0,0,0
470627,3,1,1999,8,8,8,8,8,8,8,8,8,8
470628,1,1,1999,0,0,0,0,0,0,0,0,0,0
470628,2,1,1999,0,0,0,0,0,0,0,0,0,0
470629,1,1,1999,0,0,0,0,0,0,0,0,0,0
470629,2,1,1999,0,0,0,0,0,0,0,0,0,0
470630,1,1,1999,32,26,12,19,0,19,5,19,0,22
470631,1,1,1999,3,3,3,3,3,3,3,3,3,3
470632,1,1,1999,18,18,18,18,18,18,18,18,18,18
470633,1,1,1999,20,20,20,20,20,20,20,20,20,20
470634,1,1,1999,0,0,0,0,0,0,0,0,0,0
470634,2,1,1999,0,0,0,0,0,0,0,0,0,0
470634,3,1,1999,0,0,0,0,0,0,0,0,0,0
470635,1,1,1999,23,23,23,23,23,23,23,23,23,23
470636,0,1,1999,29,29,29,29,29,29,29,29,29,29
470636,1,1,1999,0,0,0,0,0,0,0,0,0,0
470637,1,1,1999,10,10,10,10,10,10,10,10,10,10
470638,1,1,1999,22,22,22,22,22,22,22,22,22,22
470638,2,1,1999,0,7,0,0,0,0,23,0,16,0
470639,1,1,1999,20,20,20,20,20,20,20,20,20,20
470640,1,1,1999,0,0,0,0,0,0,0,0,0,0
470641,1,1,1999,0,0,0,0,0,0,0,0,0,0
470641,2,1,1999,0,17,0,0,0,0,0,0,0,0
470642,1,1,1999,0,0,0,0,0,0,0,0,0,0
470642,2,1,1999,17,17,17,17,17,17,17,17,17,17
470642,3,1,1999,13,0,0,0,0,0,0,0,3,0
470643,1,1,1999,0,0,0,0,0,0,0,0,0,0
470643,2,1,1999,0,0,0,0,0,0,0,0,0,0
470643,3,1,1999,0,0,0,0,0,0,0,0,0,0
470643,4,1,1999,0,0,0,0,0,0,0,0,0,0
470644,1,1,1999,0,0,0,37,0,0,8,0,0,0
470644,2,1,1999,0,0,0,0,0,0,0,0,0,0
470645,1,1,1999,0,0,0,0,0,0,0,0,0,0
470645,2,1,1999,0,0,0,0,0,0,0,0,0,0
470646,1,1,1999,0,0,0,0,0,0,0,0,0,0
470646,2,1,1999,23,23,23,23,23,23,23,23,23,23
470647,1,1,1999,6,6,6,6,6,6,6,6,6,6
470648,0,1,1999,0,0,0,0,0,0,0,0,0,0
470648,1,1,1999,0,0,0,0,0,0,0,0,0,0
470649,1,1,1999,0,0,0,0,0,0,0,0,0,0
470650,1,1,1999,0,0,0,0,0,0,0,0,0,0
470650,2,1,1999,0,0,0,0,0,0,0,0,0,0
470650,3,1,1999,0,0,0,0,0,0,0,0,0,0
470651,0,1,1999,0,0,0,0,0,0,0,0,0,0
470651,1,1,1999,0,0,0,0,0,0,0,0,0,0
470652,0,1,1999,0,0,0,0,0,0,0,0,0,0
470652,1,1,1999,0,0,0,0,0,0,0,0,0,0
470653,1,1,1999,0,0,0,0,0,0,14,0,0,0
470653,2,1,1999,12,12,12,12,12,12,12,12,12,12
470654,1,1,1999,11,11,11,11,11,11,11,11,11,11
470654,2,1,1999,1,1,1,1,1,1,1,1,1,1
470655,1,1,1999,0,0,0,0,0,0,0,0,0,0
470656,1,1,1999,0,0,0,0,0,0,0,0,0,0
470656,2,1,1999,18,0,0,0,0,0,19,0,0,0
470657,1,1,1999,0,0,0,0,0,0,0,3,0,0
470657,2,1,1999,0,0,0,0,0,0,0,0,0,0
470657,3,1,1999,0,0,0,0,0,0,0,0,0,0
470658,1,1,1999,21,21,21,21,21,21,21,21,21,21
470659,1,1,1999,20,20,20,20,20,20,20,20,20,20
470660,0,1,1999,0,0,0,0,0,0,0,0,0,0
470660,1,1,1999,0,16,21,0,0,15,0,22,17,0
470661,1,1,1999,0,0,0,0,0,0,0,0,0,0
470662,1,1,1999,0,30,0,0,6,0,0,5,0,0
470662,2,1,1999,0,0,0,0,0,0,0,0,0,0
470663,1,1,1999,0,0,0,0,0,0,0,0,0,0
470664,1,1,1999,0,0,0,0,0,0,0,0,0,0
470665,1,1,1999,0,0,0,0,0,0,0,0,0,0
470665,2,1,1999,0,0,0,0,0,0,0,0,0,0
470666,2,1,1999,0,0,0,0,0,0,0,0,12,0
470667,1,1,1999,13,13,13,13,13,13,13,13,13,13
470668,1,1,1999,0,0,0,0,0,0,0,0,0,0
470669,1,1,1999,23,23,23,23,23,23,23,23,23,23
470669,2,1,1999,0,0,0,0,0,0,0,0,0,0
470670,1,1,1999,0,0,0,0,0,0,0,0,0,0
470670,2,1,1999,0,0,0,0,0,0,0,0,0,0
470671,1,1,1999,19,3,0,12,18,9,0,22,0,14
470672,1,1,1999,0,0,0,0,0,0,0,0,6,0
470672,2,1,1999,0,0,0,0,0,0,0,0,0,0
470672,3,1,1999,0,0,0,0,0,0,0,0,0,0
470673,1,1,1999,0,0,0,0,0,0,0,0,0,0
470673,2,1,1999,0,0,0,0,0,0,0,0,0,0
470674,1,1,1999,0,0,0,0,0,0,0,0,0,0
470675,1,1,1999,26,0,14,14,0,0,0,0,0,0
470675,2,1,1999,0,0,0,0,0,0,0,0,0,0
470677,1,1,1999,0,0,13,0,22,18,0,5,12,17
470678,1,1,1999,0,0,0,0,0,0,0,0,0,0
470678,2,1,1999,0,0,0,0,0,0,0,0,0,0
470679,1,1,1999,0,0,0,0,0,0,0,0,0,0
470679,2,1,1999,10,10,10,10,10,10,10,10,10,10
470680,1,1,1999,0,0,0,0,0,0,0,0,0,0
470681,1,1,1999,0,0,10,19,0,32,23,11,0,0
470682,1,1,1999,0,0,0,0,0,0,0,0,0,0
470682,2,1,1999,0,0,0,0,0,0,0,0,0,0
470683,1,1,1999,0,0,0,0,0,0,0,0,0,0
470684,1,1,1999,0,0,0,0,0,0,0,0,0,0
470685,1,1,1999,0,0,0,0,0,0,0,0,0,0
470685,2,1,1999,0,0,0,0,0,0,0,0,0,0
470686,1,1,1999,16,16,16,16,16,16,16,16,16,16
470687,1,1,1999,10,10,10,10,10,10,10,10,10,10
470687,2,1,1999,0,0,0,0,0,0,0,0,0,0
470688,1,1,1999,27,27,27,27,27,27,27,27,27,27
470689,1,1,1999,0,0,0,0,0,0,0,0,0,0
470690,1,1,1999,0,0,0,0,0,0,0,0,0,0
470690,2,1,1999,0,0,0,0,0,0,0,0,0,0
470691,1,1,1999,2,2,2,2,2,2,2,2,2,2
470692,1,1,1999,14,14,14,14,14,14,14,14,14,14
470692,2,1,1999,0,0,0,0,0,0,0,0,0,0
470693,1,1,1999,12,12,12,12,12,12,12,12,12,12
470694,1,1,1999,0,0,0,0,0,0,0,0,0,0
470694,2,1,1999,0,0,0,0,0,0,0,0,0,0
470695,1,1,1999,8,8,8,8,8,8,8,8,8,8
470696,0,1,1999,0,0,0,0,0,0,0,0,0,0
470696,1,1,1999,0,0,0,0,0,0,0,0,0,0
470697,1,1,1999,0,0,0,0,0,19,22,0,0,0
470698,0,1,1999,0,0,0,0,0,0,0,0,0,0
470698,1,1,1999,21,12,0,0,0,10,11,0,0,0
470699,1,1,1999,18,18,18,18,18,18,18,18,18,18
470700,1,1,1999,0,0,0,0,0,0,0,0,0,0
470701,1,1,1999,0,0,0,0,0,0,0,0,0,0
470701,2,1,1999,0,0,0,0,0,0,0,0,0,0
470702,1,1,1999,0,0,0,0,0,0,0,0,0,0
470703,1,1,1999,0,0,0,0,0,0,0,0,0,0
470704,1,1,1999,0,0,0,0,0,0,0,0,0,0
470704,2,1,1999,0,0,0,0,0,0,0,0,0,0
470705,1,1,1999,0,0,0,0,0,0,0,0,0,0
470706,1,1,1999,14,7,9,0,12,13,8,0,11,8
470707,1,1,1999,0,0,11,0,0,0,0,0,0,0
470707,2,1,1999,0,0,0,0,0,0,0,0,0,0
470708,1,1,1999,0,0,0,0,0,0,0,0,0,0
470708,2,1,1999,0,0,0,0,0,0,0,0,0,0
470709,1,1,1999,35,20,0,16,0,21,27,18,36,31
470710,1,1,1999,0,16,0,11,9,0,0,0,0,0
470710,2,1,1999,0,0,0,0,0,0,0,0,0,0
470711,1,1,1999,0,0,0,0,0,0,0,0,0,0
470712,1,1,1999,24,24,24,24,24,24,24,24,24,24
470713,1,1,1999,24,24,24,24,24,24,24,24,24,24
470714,1,1,1999,0,0,0,0,0,0,0,0,0,0
470714,2,1,1999,0,0,0,0,0,0,0,0,0,0
470714,3,1,1999,0,0,0,0,0,0,0,0,0,0
470714,4,1,1999,0,0,12,0,0,0,0,8,0,0
470715,1,1,1999,0,0,0,0,0,0,0,0,0,0
470715,2,1,1999,22,0,0,16,0,6,15,10,0,0
470716,1,1,1999,9,9,9,9,9,9,9,9,9,9
470717,0,1,1999,23,23,23,23,23,23,23,23,23,23
470717,1,1,1999,0,0,0,0,0,0,0,0,0,0
470718,1,1,1999,27,27,27,27,27,27,27,27,27,27
470719,1,1,1999,0,0,14,12,0,0,0,0,0,0
470719,2,1,1999,6,0,0,0,0,0,0,0,0,0
470720,1,1,1999,0,0,0,0,0,0,0,0,0,0
470720,2,1,1999,0,0,0,0,0,0,0,0,0,0
470720,3,1,1999,0,0,0,0,0,0,0,0,0,0
470721,1,1,1999,0,0,0,0,0,0,0,0,0,0
470721,2,1,1999,0,0,0,0,0,0,0,0,0,0
470722,1,1,1999,0,0,0,0,0,0,0,0,0,0
470722,2,1,1999,0,0,0,0,0,0,0,0,0,0
470723,1,1,1999,0,0,10,0,0,9,0,0,0,0
470723,2,1,1999,0,0,0,0,0,0,0,0,0,7
470724,1,1,1999,0,0,0,0,0,0,0,0,0,0
470725,1,1,1999,17,17,17,17,17,17,17,17,17,17
470726,1,1,1999,0,0,0,0,0,0,0,0,0,0
470726,2,1,1999,0,0,0,0,0,0,0,0,0,0
470727,1,1,1999,0,0,0,0,0,0,0,0,0,0
470727,2,1,1999,0,0,0,0,0,0,0,0,0,0
470727,3,1,1999,0,0,0,0,0,0,0,0,0,0
470727,4,1,1999,0,0,0,0,0,0,0,0,0,0
470728,1,1,1999,13,16,0,18,20,17,14,14,18,0
470729,1,1,1999,13,13,13,13,13,13,13,13,13,13
470730,1,1,1999,16,16,16,16,16,16,16,16,16,16
470731,1,1,1999,0,0,0,0,0,0,0,0,0,0
470732,1,1,1999,8,8,8,8,8,8,8,8,8,8
470732,2,1,1999,0,0,0,0,0,0,0,0,0,0
470733,1,1,1999,22,22,22,22,22,22,22,22,22,22
470734,1,1,1999,0,0,0,0,0,0,0,0,0,0
470734,2,1,1999,0,0,0,0,0,0,0,0,0,0
470735,1,1,1999,19,19,19,19,19,19,19,19,19,19
470736,1,1,1999,0,0,0,0,0,0,0,0,0,0
470737,1,1,1999,0,0,0,0,0,0,0,0,0,0
470737,2,1,1999,0,0,7,0,15,0,0,0,0,0
470738,1,1,1999,33,33,33,33,33,33,33,33,33,33
470739,1,1,1999,0,0,0,0,0,0,0,28,9,0
470739,2,1,1999,0,0,0,0,0,0,0,0,0,0
470740,1,1,1999,0,0,0,0,0,0,0,0,0,0
470741,1,1,1999,16,16,16,16,16,16,16,16,16,16
470742,1,1,1999,18,18,18,18,18,18,18,18,18,18
470743,1,1,1999,0,0,0,0,0,0,0,0,0,0
470743,2,1,1999,0,0,0,0,0,0,0,0,0,0
470744,1,1,1999,0,0,0,0,0,0,0,0,0,0
470747,0,1,1999,0,0,0,0,0,0,0,0,0,0
470747,1,1,1999,0,0,0,0,0,0,0,0,0,0
470748,1,1,1999,0,0,0,0,0,0,17,0,0,0
470748,2,1,1999,0,0,0,0,0,0,0,0,0,0
470748,3,1,1999,0,0,0,0,0,0,0,0,0,0
470749,1,1,1999,0,0,0,0,0,0,0,0,0,0
470749,2,1,1999,0,0,0,0,0,0,0,0,0,0
470749,3,1,1999,0,0,0,0,0,0,0,0,0,0
470750,1,1,1999,0,0,0,0,0,0,0,0,0,0
470750,2,1,1999,0,0,0,0,0,0,0,0,0,0
470751,1,1,1999,0,0,17,0,0,0,0,0,0,0
470752,1,1,1999,0,0,0,0,0,0,0,0,0,0
470752,2,1,1999,0,0,0,0,0,0,0,0,0,0
470753,1,1,1999,0,0,0,0,0,0,0,0,0,0
470754,1,1,1999,0,0,0,0,0,0,0,0,0,0
470754,2,1,1999,0,0,0,0,0,0,0,0,0,0
470755,0,1,1999,12,12,12,12,12,12,12,12,12,12
470755,1,1,1999,0,0,16,0,0,0,0,0,0,4
470755,2,1,1999,0,0,0,0,0,15,0,0,0,0
470756,1,1,1999,0,0,0,0,0,0,0,0,0,0
470756,2,1,1999,0,0,0,0,0,0,0,0,0,0
470757,1,1,1999,6,6,6,6,6,6,6,6,6,6
470758,1,1,1999,0,0,0,0,0,0,0,0,0,0
470759,1,1,1999,0,0,0,0,0,0,0,0,0,0
470760,1,1,1999,0,0,0,0,0,0,0,0,12,0
470760,2,1,1999,0,0,0,0,0,0,0,0,0,0
470760,3,1,1999,0,0,0,0,0,0,0,0,0,0
470761,1,1,1999,5,5,5,5,5,5,5,5,5,5
470762,1,1,1999,0,0,0,0,0,0,0,0,0,0
470762,2,1,1999,8,8,8,8,8,8,8,8,8,8
470763,1,1,1999,0,0,0,0,0,0,0,0,0,0
470764,0,1,1999,0,0,0,0,0,0,0,0,0,0
470764,1,1,1999,4,4,4,4,4,4,4,4,4,4
470765,1,1,1999,0,0,0,0,0,0,0,0,0,0
470766,1,1,1999,13,13,13,13,13,13,13,13,13,13
470767,1,1,1999,4,4,4,4,4,4,4,4,4,4
470768,1,1,1999,25,25,25,25,25,25,25,25,25,25
470769,1,1,1999,0,0,0,0,0,0,0,0,0,0
470770,1,1,1999,19,19,19,19,19,19,19,19,19,19
470771,1,1,1999,0,0,0,0,0,0,0,0,0,0
470772,1,1,1999,0,0,0,0,0,0,0,0,0,0
470772,2,1,1999,0,0,0,0,0,0,0,0,0,0
470773,1,1,1999,25,25,25,25,25,25,25,25,25,25
470773,2,1,1999,0,0,0,0,0,0,0,0,0,0
470774,0,1,1999,0,0,0,0,0,0,0,0,0,0
470774,1,1,1999,0,0,0,0,0,0,0,0,0,0
470775,1,1,1999,16,16,16,16,16,16,16,16,16,16
470776,1,1,1999,0,0,0,0,0,0,0,0,0,0
470776,2,1,1999,0,0,0,0,0,0,0,0,0,0
470777,1,1,1999,0,0,0,16,0,0,0,7,0,0
470778,1,1,1999,21,12,0,25,6,7,4,14,14,20
470778,2,1,1999,24,19,19,18,14,15,16,7,10,14
470779,1,1,1999,0,0,0,0,0,0,0,0,0,0
470779,2,1,1999,0,0,0,0,0,0,0,0,0,0
470779,3,1,1999,0,0,0,0,0,0,0,0,0,0
470779,4,1,1999,0,0,0,0,0,0,0,0,0,0
470780,1,1,1999,0,0,0,0,0,0,0,0,0,0
470781,1,1,1999,0,0,0,0,0,0,0,0,0,0
470781,2,1,1999,0,0,0,0,0,0,0,0,0,0
470782,1,1,1999,13,13,13,13,13,13,13,13,13,13
470783,1,1,1999,13,17,5,0,9,22,42,0,0,13
470784,1,1,1999,0,0,0,0,0,0,0,0,0,0
470785,1,1,1999,0,0,0,0,0,0,0,21,18,0
470786,1,1,1999,0,0,0,0,0,0,11,0,5,0
470786,2,1,1999,0,0,0,0,0,0,0,0,0,0
470786,3,1,1999,0,0,0,0,0,0,0,0,0,0
470787,1,1,1999,19,19,19,19,19,19,19,19,19,19
470788,1,1,1999,30,30,30,30,30,30,30,30,30,30
470789,1,1,1999,15,15,15,15,15,15,15,15,15,15
470789,2,1,1999,16,16,16,16,16,16,16,16,16,16
470790,1,1,1999,0,0,0,0,0,0,0,0,0,0
470791,1,1,1999,28,28,28,28,28,28,28,28,28,28
470792,1,1,1999,14,14,14,14,14,14,14,14,14,14
470793,1,1,1999,10,18,16,10,11,26,0,13,0,8
470793,2,1,1999,3,3,3,3,3,3,3,3,3,3
470794,1,1,1999,18,18,18,18,18,18,18,18,18,18
470795,1,1,1999,0,0,0,0,0,0,0,0,0,0
470796,1,1,1999,0,0,0,0,0,0,0,0,0,0
470797,1,1,1999,0,0,0,0,0,0,0,0,0,0
470798,1,1,1999,0,0,0,0,0,0,0,0,0,0
470798,2,1,1999,0,0,0,0,0,0,0,0,0,0
470799,0,1,1999,17,17,17,17,17,17,17,17,17,17
470799,1,1,1999,0,0,0,0,0,0,0,0,0,0
470800,1,1,1999,22,22,22,22,22,22,22,22,22,22
470801,1,1,1999,0,0,0,0,0,0,0,0,0,0
470801,2,1,1999,0,0,0,0,0,0,0,0,0,0
470801,3,1,1999,0,0,0,0,0,0,0,0,0,0
470802,1,1,1999,0,0,0,0,0,0,0,0,0,0
470802,2,1,1999,4,4,4,4,4,4,4,4,4,4
470803,1,1,1999,0,0,0,0,0,0,0,0,0,0
470803,2,1,1999,0,0,0,0,0,0,0,0,0,0
470804,1,1,1999,0,0,0,0,0,0,0,22,0,0
470805,1,1,1999,13,13,13,13,13,13,13,13,13,13
470807,1,1,1999,0,0,0,0,0,0,0,0,0,0
470807,2,1,1999,0,0,0,0,0,0,0,0,0,0
470808,1,1,1999,0,0,0,0,0,0,0,0,0,0
470808,2,1,1999,0,0,0,0,0,0,0,0,0,0
470809,1,1,1999,0,0,0,0,0,0,0,0,0,0
470810,0,1,1999,0,0,0,0,0,0,0,0,0,0
470810,1,1,1999,0,0,0,0,0,0,0,0,0,0
470811,1,1,1999,0,0,0,0,0,0,0,0,0,0
470812,1,1,1999,17,17,17,17,17,17,17,17,17,17
470812,2,1,1999,0,0,0,0,0,0,0,0,0,0
470813,1,1,1999,0,0,0,0,0,0,0,0,0,0
470813,2,1,1999,0,0,0,0,0,0,0,0,0,0
470813,3,1,1999,0,0,0,0,0,0,0,0,0,0
470814,1,1,1999,0,0,0,0,0,0,0,0,0,0
470814,2,1,1999,0,0,0,0,0,0,0,0,0,0
470814,3,1,1999,0,0,0,0,0,0,0,0,0,0
470815,1,1,1999,0,0,0,0,0,0,0,0,0,0
470816,1,1,1999,0,0,0,0,0,0,0,0,0,0
470817,1,1,1999,0,0,0,0,0,17,0,0,24,0
470817,2,1,1999,0,0,0,0,0,0,0,0,0,0
470818,1,1,1999,0,0,0,0,0,0,0,0,0,0
470818,2,1,1999,13,13,13,13,13,13,13,13,13,13
470819,1,1,1999,0,0,0,0,0,0,0,0,0,0
470819,2,1,1999,0,0,0,0,0,0,0,0,0,0
470820,1,1,1999,0,0,0,0,0,0,0,0,0,0
470820,2,1,1999,0,0,0,0,0,0,0,0,0,0
470821,1,1,1999,13,13,13,13,13,13,13,13,13,13
470822,1,1,1999,0,0,0,0,0,0,0,0,0,0
470822,2,1,1999,0,0,0,0,0,0,0,0,0,0
470823,1,1,1999,0,0,0,0,0,0,0,0,0,0
470823,2,1,1999,0,0,0,0,0,0,0,0,0,0