ST_CASE,VEH_NO,PER_NO,YEAR,P1,P2,P3,P4,P5,P6,P7,P8,P9,P10
470824,1,1,1999,0,0,0,0,0,0,0,0,0,0
470824,2,1,1999,0,0,0,0,0,0,0,0,0,0
470825,1,1,1999,0,0,0,0,0,0,0,0,0,0
470825,2,1,1999,0,0,0,0,0,0,0,0,0,0
470826,1,1,1999,0,0,0,0,0,0,0,0,0,0
470827,1,1,1999,17,17,17,17,17,17,17,17,17,17
470828,1,1,1999,3,17,12,15,21,0,14,26,11,9
470829,0,1,1999,0,0,0,0,0,0,0,0,0,27
470829,1,1,1999,0,0,0,0,0,0,0,0,0,0
470830,1,1,1999,0,0,0,0,0,0,0,0,0,0
470831,1,1,1999,47,47,47,47,47,47,47,47,47,47
470832,1,1,1999,0,0,0,0,0,0,0,0,0,0
470832,2,1,1999,34,34,34,34,34,34,34,34,34,34
470833,0,1,1999,0,0,0,0,0,0,0,0,0,0
470833,2,1,1999,0,0,0,0,0,0,0,0,0,0
470834,1,1,1999,0,0,0,0,0,0,0,0,0,0
470835,1,1,1999,30,30,30,30,30,30,30,30,30,30
470836,1,1,1999,0,0,0,0,0,0,0,0,0,0
470836,2,1,1999,0,0,0,0,0,0,0,0,0,0
470837,1,1,1999,0,0,0,0,0,15,0,15,0,0
470837,2,1,1999,0,0,0,0,0,0,0,0,0,0
470838,1,1,1999,0,0,0,0,0,0,0,0,0,0
470838,2,1,1999,0,0,0,0,0,0,0,0,0,0
470839,1,1,1999,11,11,11,11,11,11,11,11,11,11
470840,1,1,1999,10,10,10,10,10,10,10,10,10,10
470841,1,1,1999,2,2,2,2,2,2,2,2,2,2
470842,1,1,1999,19,19,19,19,19,19,19,19,19,19
470843,1,1,1999,0,0,0,0,0,0,0,0,0,0
470843,2,1,1999,13,13,13,13,13,13,13,13,13,13
470844,1,1,1999,0,0,0,0,0,0,0,0,0,0
470845,1,1,1999,0,0,0,0,0,0,0,0,0,0
470845,2,1,1999,28,28,28,28,28,28,28,28,28,28
470846,1,1,1999,0,0,0,0,0,0,0,0,0,0
470846,2,1,1999,0,0,0,0,0,0,0,0,0,0
470847,1,1,1999,0,0,0,0,0,0,0,0,0,0
470848,1,1,1999,0,0,0,0,0,0,0,0,0,0
470849,1,1,1999,0,0,0,0,0,0,0,0,0,0
470849,2,1,1999,0,0,0,0,0,0,0,0,0,0
470850,1,1,1999,0,0,0,0,0,0,0,0,0,0
470851,1,1,1999,11,11,11,11,11,11,11,11,11,11
470852,1,1,1999,19,18,27,26,8,19,0,7,0,0
470853,1,1,1999,0,0,0,0,0,0,0,0,0,0
470854,1,1,1999,31,31,31,31,31,31,31,31,31,31
470855,1,1,1999,0,0,0,0,0,0,0,0,0,0
470855,2,1,1999,0,0,0,0,0,0,0,0,0,0
470856,1,1,1999,29,29,29,29,29,29,29,29,29,29
470857,1,1,1999,0,0,0,0,0,0,0,0,0,0
470858,1,1,1999,12,12,12,12,12,12,12,12,12,12
470858,2,1,1999,0,0,0,0,0,0,0,0,0,0
470858,3,1,1999,0,0,0,0,0,0,0,0,0,0
470859,1,1,1999,0,0,0,0,0,0,0,0,0,0
470860,1,1,1999,13,13,13,13,13,13,13,13,13,13
470861,1,1,1999,19,19,19,19,19,19,19,19,19,19
470862,1,1,1999,0,0,0,0,0,0,0,0,0,0
470863,1,1,1999,0,0,0,0,0,0,0,0,0,0
470863,2,1,1999,0,0,0,0,0,0,0,0,0,0
470864,1,1,1999,0,0,0,0,0,0,0,0,0,0
470865,1,1,1999,15,15,15,15,15,15,15,15,15,15
470866,1,1,1999,23,23,23,23,23,23,23,23,23,23
470867,1,1,1999,0,0,0,0,0,0,0,0,0,0
470868,1,1,1999,26,26,26,26,26,26,26,26,26,26
470869,0,1,1999,0,0,0,0,0,0,0,0,0,0
470869,1,1,1999,0,0,0,0,0,0,0,0,0,0
470870,1,1,1999,8,8,8,8,8,8,8,8,8,8
470871,1,1,1999,30,30,30,30,30,30,30,30,30,30
470871,2,1,1999,0,0,0,0,0,0,0,0,0,0
470872,1,1,1999,18,18,18,18,18,18,18,18,18,18
470873,1,1,1999,16,10,20,11,7,17,11,38,7,10
470874,1,1,1999,0,0,0,0,0,0,0,0,0,0
470875,1,1,1999,0,0,0,0,0,0,0,0,0,0
470875,2,1,1999,0,0,0,0,0,0,0,0,0,0
470876,1,1,1999,0,0,0,0,0,0,0,0,0,0
470876,2,1,1999,0,0,0,0,0,0,0,0,0,0
470877,1,1,1999,0,0,0,0,0,0,0,0,0,0
470877,2,1,1999,0,0,0,0,0,0,0,0,0,0
470878,1,1,1999,0,0,0,0,0,0,0,0,0,0
470878,2,1,1999,0,0,0,0,0,0,0,0,0,0
470878,3,1,1999,0,0,0,0,0,0,0,0,0,0
470879,1,1,1999,0,0,0,0,0,0,0,0,0,15
470880,1,1,1999,0,0,0,0,0,0,0,0,0,0
470880,2,1,1999,0,0,0,0,0,0,0,0,0,0
470880,3,1,1999,0,0,0,0,0,0,0,0,0,0
470881,1,1,1999,0,0,0,0,0,0,0,0,0,0
470881,2,1,1999,0,0,0,0,0,0,0,0,0,0
470882,1,1,1999,29,0,17,0,6,0,0,19,0,31
470882,2,1,1999,0,0,0,0,0,0,0,0,0,0
470884,1,1,1999,0,0,0,0,0,0,0,0,0,0
470885,1,1,1999,0,0,0,0,0,0,0,0,0,0
470885,2,1,1999,0,0,0,0,0,0,0,0,0,0
470886,1,1,1999,17,14,12,24,23,15,18,14,20,29
470887,1,1,1999,0,0,0,0,0,0,0,0,0,0
470887,2,1,1999,0,0,0,0,0,0,0,0,0,0
470888,0,1,1999,0,0,0,0,0,0,0,0,0,0
470888,1,1,1999,0,0,0,0,0,0,0,0,0,0
470889,1,1,1999,0,0,0,0,0,0,0,0,0,0
470889,2,1,1999,0,0,0,0,0,0,0,0,0,0
470890,0,1,1999,14,14,14,14,14,14,14,14,14,14
470890,1,1,1999,7,7,7,7,7,7,7,7,7,7
470891,0,1,1999,0,0,0,0,0,0,0,0,0,0
470891,1,1,1999,0,0,0,0,0,0,0,0,0,0
470892,1,1,1999,0,0,0,0,0,0,0,0,0,0
470892,2,1,1999,0,0,0,0,0,0,0,0,0,0
470893,1,1,1999,6,6,6,6,6,6,6,6,6,6
470894,0,1,1999,19,0,8,0,0,18,0,17,0,0
470894,1,1,1999,0,0,0,0,0,0,0,0,0,0
470894,2,1,1999,0,0,0,0,0,0,0,0,0,0
470894,3,1,1999,0,0,0,0,0,0,0,0,0,0
470895,1,1,1999,0,18,0,0,0,0,0,0,0,0
470895,2,1,1999,0,0,0,0,0,0,0,0,0,0
470895,3,1,1999,0,0,0,0,0,0,0,0,0,0
470895,4,1,1999,0,0,0,0,0,0,9,0,0,0
470896,1,1,1999,0,0,0,0,0,0,0,0,0,0
470897,1,1,1999,0,0,0,0,0,0,0,0,0,15
470898,1,1,1999,0,0,0,0,0,0,0,0,0,0
470899,1,1,1999,0,0,0,0,0,0,0,0,0,0
470900,1,1,1999,0,0,0,0,0,0,0,0,0,0
470902,1,1,1999,0,0,0,0,0,0,0,0,9,0
470902,2,1,1999,0,0,0,0,0,0,0,0,0,0
470902,3,1,1999,0,0,0,0,0,0,0,0,0,0
470903,1,1,1999,0,0,0,0,0,0,0,0,0,0
470903,2,1,1999,0,0,0,0,0,0,0,0,0,0
470904,1,1,1999,29,29,29,29,29,29,29,29,29,29
470905,1,1,1999,0,0,0,0,0,0,0,0,0,0
470906,1,1,1999,22,22,22,22,22,22,22,22,22,22
470907,1,1,1999,0,0,0,0,0,0,0,0,0,0
470907,2,1,1999,0,0,0,0,0,0,0,0,0,0
470908,1,1,1999,10,10,10,10,10,10,10,10,10,10
470909,1,1,1999,12,12,12,12,12,12,12,12,12,12
470910,1,1,1999,0,0,0,0,0,0,0,0,0,0
470910,2,1,1999,33,33,33,33,33,33,33,33,33,33
470911,1,1,1999,24,24,24,24,24,24,24,24,24,24
470912,1,1,1999,0,0,0,0,0,0,0,0,0,0
470913,1,1,1999,11,11,11,11,11,11,11,11,11,11
470914,1,1,1999,0,0,0,0,0,0,0,0,0,0
470915,1,1,1999,0,0,0,0,0,0,0,0,0,0
470915,2,1,1999,0,0,0,0,0,0,0,0,0,0
470916,1,1,1999,0,0,0,0,0,0,0,0,0,0
470916,2,1,1999,0,0,0,0,0,0,0,0,0,0
470917,1,1,1999,0,0,0,0,0,0,0,0,0,0
470917,2,1,1999,0,0,0,0,0,0,0,0,0,0
470918,1,1,1999,0,0,0,0,0,0,0,0,0,0
470919,1,1,1999,0,0,0,0,0,0,0,0,0,0
470919,2,1,1999,0,0,0,0,0,0,0,0,0,0
470919,3,1,1999,0,0,0,0,0,0,0,0,0,0
470920,1,1,1999,0,0,0,0,0,0,0,0,0,0
470920,2,1,1999,0,0,0,0,0,0,0,0,0,0
470921,1,1,1999,19,19,19,19,19,19,19,19,19,19
470921,2,1,1999,0,0,0,0,0,0,0,0,0,0
470922,1,1,1999,0,0,0,0,0,0,0,0,0,0
470923,1,1,1999,19,19,19,19,19,19,19,19,19,19
470924,1,1,1999,0,0,0,0,0,0,0,0,0,0
470924,2,1,1999,0,0,0,0,0,0,0,0,0,0
470925,1,1,1999,0,0,0,0,0,0,0,0,0,0
470926,1,1,1999,0,0,0,0,0,0,0,0,0,0
470926,2,1,1999,0,0,0,0,0,0,0,0,0,0
470927,1,1,1999,21,21,21,21,21,21,21,21,21,21
470928,1,1,1999,0,0,0,0,0,0,0,0,0,0
470928,2,1,1999,0,0,0,0,0,0,0,0,0,0
470929,1,1,1999,0,0,17,0,0,0,0,0,0,0
470930,1,1,1999,0,0,0,0,0,0,0,0,0,0
470931,1,1,1999,9,9,9,9,9,9,9,9,9,9
470932,1,1,1999,0,0,0,0,0,0,0,0,0,0
470932,2,1,1999,0,0,0,0,0,0,0,0,0,0
470933,1,1,1999,12,12,12,12,12,12,12,12,12,12
470933,2,1,1999,0,0,0,0,0,0,0,0,0,0
470934,1,1,1999,36,36,36,36,36,36,36,36,36,36
470935,1,1,1999,0,0,0,0,0,0,0,0,0,0
470935,2,1,1999,0,0,0,0,0,0,0,0,0,0
470936,1,1,1999,0,0,0,0,0,0,0,0,0,0
470936,2,1,1999,0,0,0,0,0,0,0,0,0,0
470937,1,1,1999,0,0,0,0,0,0,0,0,0,0
470938,1,1,1999,0,5,0,0,0,0,0,0,0,0
470939,1,1,1999,14,5,6,0,0,0,0,0,0,0
470940,0,1,1999,0,0,0,0,0,0,0,0,0,0
470940,1,1,1999,0,0,0,0,0,0,0,0,0,0
470941,1,1,1999,17,17,17,17,17,17,17,17,17,17
470943,1,1,1999,0,0,0,0,0,0,0,0,0,0
470943,2,1,1999,0,0,0,0,0,0,0,0,0,0
470944,1,1,1999,44,44,44,44,44,44,44,44,44,44
470945,1,1,1999,24,24,24,24,24,24,24,24,24,24
470946,0,1,1999,33,32,0,37,43,27,22,27,24,0
470946,1,1,1999,0,0,0,0,0,0,0,0,0,0
470946,2,1,1999,0,0,0,0,0,0,0,0,0,0
470947,1,1,1999,0,0,0,0,0,0,0,16,0,0
470948,0,1,1999,0,0,18,0,31,0,4,27,4,26
470948,1,1,1999,0,0,0,0,0,0,0,0,0,0
470949,1,1,1999,0,0,0,0,0,0,12,0,0,0
470949,2,1,1999,0,0,0,0,0,0,0,0,0,0
470950,1,1,1999,28,28,28,28,28,28,28,28,28,28
470951,1,1,1999,0,0,0,0,0,0,0,0,0,0
470951,2,1,1999,0,0,0,0,0,0,0,0,0,0
470952,1,1,1999,0,0,0,0,0,0,0,0,0,0
470952,2,1,1999,0,0,0,0,0,0,0,0,0,0
470952,3,1,1999,0,0,0,0,0,0,0,0,0,0
470953,1,1,1999,16,16,16,16,16,16,16,16,16,16
470954,1,1,1999,21,21,21,21,21,21,21,21,21,21
470955,1,1,1999,0,0,0,0,0,0,0,0,0,0
470956,1,1,1999,0,0,0,0,0,0,0,0,0,0
470956,2,1,1999,0,0,0,0,0,0,0,0,0,0
470957,1,1,1999,7,28,9,0,5,8,0,0,21,0
470958,0,1,1999,0,0,0,0,0,0,0,0,0,0
470958,1,1,1999,39,39,39,39,39,39,39,39,39,39
470958,2,1,1999,0,0,0,0,0,0,0,0,0,0
470959,1,1,1999,0,0,0,0,0,0,0,0,0,28
470960,1,1,1999,0,0,0,0,0,0,0,0,0,0
470960,2,1,1999,0,0,0,0,0,0,0,0,0,0
470961,1,1,1999,29,14,0,13,21,41,18,17,17,22
470962,1,1,1999,22,22,22,22,22,22,22,22,22,22
470963,1,1,1999,0,0,0,0,0,0,0,0,15,0
470964,1,1,1999,0,0,0,0,0,0,0,0,0,0
470964,2,1,1999,0,0,0,0,0,0,0,0,0,0
470965,1,1,1999,0,0,0,0,0,0,0,0,0,0
470966,1,1,1999,0,0,0,0,0,0,0,0,0,0
470966,2,1,1999,0,0,0,0,0,0,0,0,0,0
470967,1,1,1999,0,0,0,0,0,0,0,0,0,0
470967,2,1,1999,0,0,0,0,0,0,0,0,0,0
470968,1,1,1999,0,0,0,0,0,0,0,0,0,0
470968,2,1,1999,0,0,0,0,0,0,0,0,0,0
470969,1,1,1999,0,0,0,0,0,0,0,0,0,0
470970,1,1,1999,0,0,0,0,0,0,0,0,0,0
470970,2,1,1999,0,0,0,0,0,0,0,0,0,0
470970,3,1,1999,0,0,0,0,0,0,0,0,0,0
470971,1,1,1999,0,0,0,0,0,0,0,0,0,0
470971,2,1,1999,0,0,0,0,0,0,0,0,0,0
470971,3,1,1999,0,0,0,0,0,0,0,0,0,0
470972,1,1,1999,0,0,0,4,0,0,0,0,0,0
470973,1,1,1999,0,0,0,0,0,0,0,0,0,0
470973,2,1,1999,0,0,0,0,0,0,0,0,0,0
470974,1,1,1999,0,0,0,0,0,0,0,0,0,0
470975,0,1,1999,0,0,0,0,8,0,0,10,0,0
470975,1,1,1999,0,0,0,0,0,0,0,0,0,0
470976,1,1,1999,0,0,0,0,0,0,0,0,0,0
470977,1,1,1999,20,20,20,20,20,20,20,20,20,20
470978,1,1,1999,16,16,16,16,16,16,16,16,16,16
470979,1,1,1999,23,23,23,23,23,23,23,23,23,23
470980,1,1,1999,0,0,0,0,0,0,0,0,0,0
470980,2,1,1999,0,0,0,0,0,0,0,0,0,0
470981,1,1,1999,0,0,0,0,0,0,0,0,0,0
470982,1,1,1999,14,0,4,0,21,0,0,16,0,0
470983,1,1,1999,0,0,0,0,0,0,0,0,0,0
470984,1,1,1999,0,9,7,20,8,5,7,0,0,16
470986,1,1,1999,0,0,0,0,0,0,0,0,0,0
470986,2,1,1999,0,0,0,0,0,0,0,0,0,0
470986,3,1,1999,0,0,0,0,0,0,0,0,0,0
470987,1,1,1999,14,30,25,18,0,19,9,3,20,25
470988,1,1,1999,0,0,0,0,0,0,0,0,0,0
470988,2,1,1999,0,0,0,0,0,0,0,0,0,0
470989,1,1,1999,20,26,8,25,0,0,8,31,22,0
470990,1,1,1999,0,0,0,0,0,0,0,0,0,0
470991,1,1,1999,0,0,0,0,0,0,0,0,0,0
470991,2,1,1999,0,0,0,0,0,0,0,0,0,0
470992,1,1,1999,21,21,36,19,13,17,22,16,5,32
470993,1,1,1999,18,18,18,18,18,18,18,18,18,18
470994,1,1,1999,1,1,1,1,1,1,1,1,1,1
470994,2,1,1999,0,0,0,0,0,0,0,0,0,0
470994,3,1,1999,0,0,0,0,0,0,0,0,0,0
470995,1,1,1999,0,0,0,0,0,0,0,0,0,0
470995,2,1,1999,0,0,0,0,0,0,0,0,0,0
470996,1,1,1999,15,15,15,15,15,15,15,15,15,15
470997,1,1,1999,19,19,19,19,19,19,19,19,19,19
470998,1,1,1999,0,0,0,0,0,0,0,0,0,0
470998,2,1,1999,0,0,0,0,0,0,0,0,0,0
470999,1,1,1999,0,0,0,0,0,0,0,0,0,0
470999,2,1,1999,0,0,0,0,0,0,0,0,0,0
471000,1,1,1999,20,20,20,20,20,20,20,20,20,20
471001,1,1,1999,27,27,27,27,27,27,27,27,27,27
471002,1,1,1999,0,0,0,0,0,0,0,0,0,0
471003,1,1,1999,0,0,0,0,0,0,0,0,0,0
471004,1,1,1999,7,7,7,7,7,7,7,7,7,7
471005,1,1,1999,15,15,15,15,15,15,15,15,15,15
471005,2,1,1999,0,0,0,0,0,0,0,0,0,0
471006,1,1,1999,0,0,0,0,0,0,0,0,0,0
471006,2,1,1999,0,0,0,0,0,0,0,0,0,0
471007,1,1,1999,0,0,0,0,0,0,0,0,0,0
471007,2,1,1999,0,0,0,0,0,0,0,0,0,0
471008,1,1,1999,0,0,0,0,0,0,0,0,0,0
471009,1,1,1999,20,0,0,0,0,0,0,0,0,37
471011,1,1,1999,16,0,0,0,0,0,0,0,0,0
471011,2,1,1999,0,0,0,0,0,0,0,0,0,0
471012,0,1,1999,0,0,0,0,0,0,0,0,0,0
471012,1,1,1999,0,0,0,0,0,0,0,0,0,0
471013,1,1,1999,18,18,18,18,18,18,18,18,18,18
471014,1,1,1999,24,24,24,24,24,24,24,24,24,24
471015,1,1,1999,0,0,0,0,0,0,0,0,0,0
471016,1,1,1999,0,14,0,7,0,25,13,16,34,24
471017,1,1,1999,0,0,0,0,0,0,0,0,0,0
471017,2,1,1999,0,0,0,0,0,0,0,22,0,0
471018,1,1,1999,0,0,0,0,0,0,0,0,0,0
471018,2,1,1999,0,0,0,0,0,0,0,0,0,0
471019,1,1,1999,6,0,0,0,0,0,10,17,0,14
471019,2,1,1999,0,0,0,0,0,0,0,0,0,0
471020,1,1,1999,6,6,6,6,6,6,6,6,6,6
471021,1,1,1999,0,0,0,0,0,0,0,0,0,0
471022,1,1,1999,0,0,0,0,0,0,0,0,0,0
471023,1,1,1999,0,0,0,0,0,0,0,0,0,0
471024,1,1,1999,24,12,13,4,27,25,4,16,19,18
471024,2,1,1999,0,0,0,0,0,0,0,4,0,0
471025,1,1,1999,0,0,0,0,0,0,0,0,0,0
471026,1,1,1999,0,0,0,0,0,0,0,0,0,0
471027,1,1,1999,0,0,0,0,0,0,0,0,0,0
471028,0,1,1999,0,0,0,0,0,0,0,0,0,0
471028,1,1,1999,0,0,0,0,0,0,0,0,0,0
471029,1,1,1999,0,0,14,0,0,0,0,0,0,0
471029,2,1,1999,0,0,0,0,0,0,0,0,0,0
471030,1,1,1999,0,0,0,0,0,0,0,0,0,0
471030,2,1,1999,0,0,0,0,0,0,0,0,0,0
471031,1,1,1999,20,20,20,20,20,20,20,20,20,20
471032,1,1,1999,0,0,0,0,0,0,0,0,0,0
471032,2,1,1999,12,12,12,12,12,12,12,12,12,12
471033,1,1,1999,10,10,10,10,10,10,10,10,10,10
471034,1,1,1999,0,0,0,0,0,0,0,0,0,0
471034,2,1,1999,0,0,0,0,0,0,0,0,0,0
471035,1,1,1999,0,0,0,0,0,0,0,0,0,0
471036,1,1,1999,0,0,0,0,0,0,0,0,0,0
471037,1,1,1999,8,8,8,8,8,8,8,8,8,8
471038,1,1,1999,20,9,11,24,5,20,8,9,7,17
471038,2,1,1999,0,0,0,0,0,0,0,0,0,0
471039,1,1,1999,0,0,0,0,0,19,0,0,23,0
471040,1,1,1999,12,12,12,12,12,12,12,12,12,12
471041,1,1,1999,0,0,0,0,0,0,0,0,0,0
471041,2,1,1999,0,18,0,18,0,0,0,0,0,0
471042,1,1,1999,0,0,26,20,0,0,0,0,0,0
471042,2,1,1999,0,0,0,0,0,0,0,0,0,0
471043,1,1,1999,0,0,0,0,0,0,0,0,0,0
471044,1,1,1999,8,17,11,11,19,5,15,10,8,10
471044,2,1,1999,0,0,0,0,0,0,0,0,0,0
471045,1,1,1999,0,0,0,0,0,0,0,0,0,0
471045,2,1,1999,0,0,0,0,0,0,0,0,0,0
471046,1,1,1999,0,0,0,0,0,0,0,0,13,0
471047,1,1,1999,17,14,18,23,0,29,24,22,15,13
471048,1,1,1999,0,0,0,0,0,0,0,0,0,0
471048,2,1,1999,0,0,0,0,0,0,0,0,0,0
471049,1,1,1999,0,0,0,0,0,0,0,0,0,16
471050,1,1,1999,0,0,0,0,0,0,0,0,0,0
471050,2,1,1999,0,0,0,0,0,0,0,0,0,0
471051,1,1,1999,0,0,0,0,0,0,0,0,0,0
471051,2,1,1999,0,11,0,0,0,0,0,0,0,0
471051,3,1,1999,0,0,0,0,0,0,0,0,0,0
471052,1,1,1999,6,6,6,6,6,6,6,6,6,6
471052,2,1,1999,0,0,0,0,0,0,0,0,0,0
471053,1,1,1999,0,0,0,0,0,0,0,0,0,0
471054,1,1,1999,31,50,32,19,16,24,9,35,15,23
471055,1,1,1999,0,0,0,0,0,0,0,0,0,0
471055,2,1,1999,0,0,0,0,0,0,0,0,0,0
471056,1,1,1999,6,6,6,6,6,6,6,6,6,6
471057,1,1,1999,0,0,0,0,0,0,0,0,0,0
471058,1,1,1999,21,0,19,0,0,16,0,0,0,0
471058,2,1,1999,0,0,0,0,0,0,0,0,0,0
471060,0,1,1999,0,9,19,24,21,48,13,14,13,0
471060,1,1,1999,0,0,0,0,0,0,0,0,0,0
471061,1,1,1999,0,0,0,0,0,0,0,0,0,0
471061,2,1,1999,0,0,0,0,0,0,0,0,0,0
471062,1,1,1999,11,11,11,11,11,11,11,11,11,11
471063,1,1,1999,0,0,0,0,0,0,0,23,0,0
471063,2,1,1999,0,0,0,0,0,0,0,0,0,0
471064,1,1,1999,0,0,0,25,0,15,10,0,0,0
471065,1,1,1999,24,24,24,24,24,24,24,24,24,24
471066,1,1,1999,0,0,0,0,0,0,0,0,0,0
471066,2,1,1999,0,0,0,0,0,0,0,0,0,0
471067,1,1,1999,0,0,0,0,0,0,0,0,0,0
471067,2,1,1999,0,0,0,0,0,0,0,0,0,0
471068,1,1,1999,0,0,0,0,0,0,0,0,0,0
471069,1,1,1999,0,0,0,0,0,0,0,0,0,0
471070,1,1,1999,0,0,0,0,0,0,0,0,0,0
471070,2,1,1999,0,0,0,0,0,0,0,0,0,0
471071,1,1,1999,27,14,25,13,11,10,26,18,19,16
471072,1,1,1999,17,17,17,17,17,17,17,17,17,17
471072,2,1,1999,0,0,0,0,0,0,0,0,0,0
471073,1,1,1999,0,0,0,0,0,0,0,0,0,0
471073,2,1,1999,0,0,0,0,0,0,0,0,0,0
471074,1,1,1999,15,15,15,15,15,15,15,15,15,15
471075,1,1,1999,0,0,0,0,0,0,0,0,0,0
471075,2,1,1999,0,0,0,0,0,0,0,0,0,0
471076,1,1,1999,0,0,0,0,0,0,0,0,0,0
471077,1,1,1999,0,0,0,0,0,0,0,0,0,0
471077,2,1,1999,0,0,0,0,0,0,0,0,0,0
471078,1,1,1999,0,0,0,0,0,0,0,0,0,0
471078,2,1,1999,19,19,19,19,19,19,19,19,19,19
471078,3,1,1999,0,0,0,0,0,0,0,0,0,0
471079,1,1,1999,0,0,0,0,0,0,0,0,0,0
471079,2,1,1999,0,0,0,0,0,0,0,0,0,0
471080,1,1,1999,0,0,0,0,0,0,14,0,0,0
471081,1,1,1999,0,0,0,0,0,0,0,0,0,0
471081,2,1,1999,0,0,0,0,0,0,0,0,0,0
471082,1,1,1999,0,0,0,0,0,0,0,0,0,0
471083,1,1,1999,0,0,0,0,0,0,0,0,0,0
471084,1,1,1999,20,20,20,20,20,20,20,20,20,20
471084,2,1,1999,0,0,0,0,0,0,0,0,0,0
471085,1,1,1999,27,27,27,27,27,27,27,27,27,27
471086,1,1,1999,0,0,0,0,0,0,0,0,0,0
471086,2,1,1999,0,0,0,0,0,0,0,0,0,0
471086,3,1,1999,0,0,0,0,0,0,0,0,0,0
471087,1,1,1999,0,0,0,0,0,19,0,0,0,4
471087,2,1,1999,0,0,0,0,0,0,0,0,0,0
471088,1,1,1999,0,0,0,0,0,0,0,0,0,0
471088,2,1,1999,0,0,0,0,0,0,0,0,0,0
471089,1,1,1999,0,0,0,0,0,0,0,0,0,0
471089,2,1,1999,0,0,0,0,0,0,0,0,0,0
471090,1,1,1999,0,16,0,0,0,0,18,0,0,0
471090,2,1,1999,0,0,0,0,0,0,0,0,0,0
471091,1,1,1999,0,0,0,0,0,0,0,0,0,0
471092,1,1,1999,0,0,0,0,0,0,0,0,0,0
471092,2,1,1999,0,0,0,0,0,0,0,0,0,0
471093,1,1,1999,20,17,23,19,18,28,11,15,29,23
471094,1,1,1999,25,25,25,25,25,25,25,25,25,25
471095,1,1,1999,0,0,0,0,0,0,0,0,0,0
471095,2,1,1999,0,0,0,0,0,0,0,0,0,0
471095,3,1,1999,0,0,0,0,0,0,0,0,0,0
471095,4,1,1999,0,0,0,0,0,0,0,0,0,0
471095,5,1,1999,18,0,0,0,0,0,17,0,0,0
471096,1,1,1999,0,0,0,0,0,0,0,0,0,0
471097,1,1,1999,0,0,0,0,0,0,0,0,0,0
471098,1,1,1999,11,11,11,11,11,11,11,11,11,11
471099,1,1,1999,0,0,0,0,0,0,0,0,0,0
471100,1,1,1999,0,34,21,0,0,0,0,0,26,0
471101,1,1,1999,13,13,13,13,13,13,13,13,13,13
471102,1,1,1999,31,31,31,31,31,31,31,31,31,31
471103,1,1,1999,0,0,0,0,0,0,0,0,0,0
471103,2,1,1999,0,0,0,0,0,0,0,0,0,0
471104,1,1,1999,10,17,14,15,0,0,0,0,34,0
471104,2,1,1999,0,0,0,0,0,0,0,0,0,0
471105,1,1,1999,0,0,0,0,0,0,0,0,0,0
471105,2,1,1999,0,0,0,0,0,0,0,0,5,0
471106,1,1,1999,0,0,0,0,0,0,0,0,0,0
471107,1,1,1999,0,0,0,0,0,0,0,0,0,0
471108,1,1,1999,0,0,0,0,0,0,0,13,0,0
471108,2,1,1999,0,0,0,0,0,0,0,0,0,0
471108,3,1,1999,0,0,0,0,0,0,0,0,0,0
471109,1,1,1999,0,0,0,0,0,0,5,0,0,0
471109,2,1,1999,0,0,0,0,0,0,0,0,0,0
471110,1,1,1999,0,0,0,0,0,0,0,0,0,0
471110,2,1,1999,0,0,0,0,0,0,0,0,0,0
471111,1,1,1999,0,0,0,9,0,0,0,0,0,0
471111,2,1,1999,0,0,0,0,0,0,0,0,17,13
471112,1,1,1999,0,0,0,0,0,0,0,0,0,0
471112,2,1,1999,0,0,0,0,0,0,0,0,0,0
471113,1,1,1999,28,28,28,28,28,28,28,28,28,28
471114,0,1,1999,0,0,0,0,0,0,0,0,0,0
471114,1,1,1999,0,0,0,0,0,0,0,0,0,0
471114,2,1,1999,0,0,0,0,0,0,0,0,0,0
471115,0,1,1999,11,31,41,0,16,11,15,0,36,2
471115,1,1,1999,0,0,0,0,0,0,0,0,0,0
471116,1,1,1999,0,0,0,0,0,0,0,0,0,0
471116,2,1,1999,9,9,9,9,9,9,9,9,9,9
471116,3,1,1999,0,0,0,0,0,0,0,0,0,0
471117,1,1,1999,0,0,0,0,0,0,0,0,0,0
471117,2,1,1999,0,0,0,0,0,0,0,0,0,0
471118,1,1,1999,13,13,13,13,13,13,13,13,13,13
471119,1,1,1999,13,9,41,12,13,0,0,0,26,13
471120,1,1,1999,0,0,0,0,0,0,0,0,0,0
471121,1,1,1999,0,0,0,0,0,0,0,0,0,0
471121,2,1,1999,18,18,18,18,18,18,18,18,18,18
471122,1,1,1999,0,0,0,0,0,0,0,0,0,0
471123,1,1,1999,0,0,0,0,0,0,0,0,0,0
471123,2,1,1999,0,0,0,0,0,0,0,0,0,0
471124,1,1,1999,0,0,0,0,0,0,0,0,0,0
471124,2,1,1999,16,16,16,16,16,16,16,16,16,16
471125,0,1,1999,0,0,0,0,0,0,0,0,0,0
471125,1,1,1999,0,0,0,0,0,0,0,0,0,0
471126,0,1,1999,0,0,0,0,0,0,0,0,0,0
471126,1,1,1999,0,0,3,0,0,0,8,0,0,0
471128,1,1,1999,0,0,0,0,0,0,0,0,0,0