ST_CASE,VEH_NO,PER_NO,YEAR,P1,P2,P3,P4,P5,P6,P7,P8,P9,P10
471128,2,1,1999,0,0,0,0,0,0,0,0,0,0
471129,0,1,1999,21,0,0,0,0,0,7,0,0,0
471129,1,1,1999,4,4,4,4,4,4,4,4,4,4
471130,1,1,1999,0,0,0,0,0,0,14,0,0,0
471131,1,1,1999,11,27,0,0,0,0,0,0,0,0
471132,1,1,1999,0,0,0,0,0,0,0,0,0,0
471132,2,1,1999,0,0,0,0,0,0,0,0,0,0
471133,1,1,1999,0,0,0,0,0,0,0,0,0,7
471133,2,1,1999,0,0,0,0,0,0,0,0,5,0
471133,3,1,1999,0,0,0,17,10,0,22,0,0,0
471134,1,1,1999,12,0,9,23,33,15,32,43,17,16
471135,1,1,1999,31,31,31,31,31,31,31,31,31,31
471136,1,1,1999,0,0,0,0,0,0,0,0,0,0
471136,2,1,1999,0,0,0,0,10,0,0,0,0,0
471137,1,1,1999,0,0,0,0,0,0,0,0,0,0
471137,2,1,1999,0,0,0,0,0,0,24,0,0,0
471137,3,1,1999,0,0,0,0,0,0,0,0,0,0
471138,1,1,1999,21,10,21,0,10,30,7,13,14,18
471139,1,1,1999,0,0,7,0,0,0,0,0,0,0
471139,2,1,1999,0,0,0,0,0,0,0,0,0,0
471140,1,1,1999,0,0,0,0,0,0,0,0,0,0
471140,2,1,1999,0,0,0,0,0,0,0,0,0,0
471141,1,1,1999,0,0,0,0,0,0,0,0,0,0
471141,2,1,1999,12,12,12,12,12,12,12,12,12,12
471142,1,1,1999,0,0,0,0,0,0,0,0,0,0
471142,2,1,1999,0,0,0,0,0,0,0,0,0,0
471143,1,1,1999,0,0,0,0,0,0,0,0,0,0
471144,1,1,1999,12,12,12,12,12,12,12,12,12,12
471145,1,1,1999,0,0,0,0,0,0,0,0,0,0
471145,2,1,1999,12,16,6,33,18,0,30,5,0,19
471146,1,1,1999,0,0,0,0,0,0,0,0,0,0
471146,2,1,1999,0,0,0,0,0,0,0,0,0,0
471147,0,1,1999,0,0,0,0,0,0,0,0,0,0
471147,1,1,1999,0,0,0,0,0,0,0,0,0,0
471148,1,1,1999,0,0,0,0,0,0,0,0,0,0
471148,2,1,1999,0,0,0,0,0,0,0,0,0,0
471148,3,1,1999,0,0,0,0,0,0,0,0,0,0
471149,1,1,1999,0,0,0,0,0,0,0,0,0,0
471149,2,1,1999,0,0,0,0,0,0,0,0,0,0
471150,1,1,1999,0,0,0,0,30,0,0,0,26,0
471150,2,1,1999,0,0,0,0,0,0,0,0,0,0
471150,3,1,1999,0,0,0,0,0,0,0,0,0,0
471151,1,1,1999,0,0,0,0,0,0,0,0,0,0
471152,1,1,1999,0,0,0,0,0,0,0,0,0,0
471153,1,1,1999,0,0,0,0,46,19,0,0,7,0
471154,1,1,1999,19,27,11,15,8,23,30,18,17,21
471155,1,1,1999,0,0,0,0,0,0,0,0,0,0
471158,1,1,1999,0,0,0,0,0,0,0,9,10,0
471159,1,1,1999,0,0,0,0,0,0,0,0,0,0
471160,1,1,1999,0,0,0,0,0,0,0,0,0,0
471160,2,1,1999,0,0,0,0,0,0,0,0,0,0
471161,1,1,1999,0,0,0,0,0,0,0,0,0,0
471162,1,1,1999,0,0,0,0,0,0,0,0,0,0
471162,2,1,1999,0,0,0,0,0,0,0,0,0,0
471163,1,1,1999,0,0,0,0,0,0,0,0,0,0
471163,2,1,1999,0,0,0,0,0,0,0,0,0,0
471164,1,1,1999,0,0,0,0,21,8,0,0,0,0
471165,1,1,1999,27,19,0,0,0,33,0,49,36,11
471166,1,1,1999,24,24,24,24,24,24,24,24,24,24
471166,2,1,1999,0,0,0,0,0,0,0,0,0,0
471167,1,1,1999,15,15,15,15,15,15,15,15,15,15
471168,1,1,1999,0,0,0,0,0,0,0,0,0,0
471169,1,1,1999,0,0,0,0,0,0,0,0,0,0
471170,1,1,1999,0,0,0,0,0,0,0,0,0,0
471170,2,1,1999,14,14,14,14,14,14,14,14,14,14
471171,1,1,1999,0,0,0,0,0,0,0,0,0,0
471172,0,1,1999,0,0,0,0,0,0,0,0,0,0
471172,1,1,1999,12,7,6,0,10,18,5,11,14,19
471173,1,1,1999,0,0,0,0,0,0,0,0,0,0
471173,2,1,1999,0,0,0,0,0,0,0,0,0,0
471174,1,1,1999,0,0,0,0,0,0,0,0,0,0
471175,1,1,1999,0,0,0,0,0,0,0,0,0,0
471175,2,1,1999,0,0,0,0,0,0,0,0,2,0
471176,1,1,1999,0,0,0,0,0,0,0,0,0,0
471176,2,1,1999,0,0,0,0,0,0,0,0,0,0
471177,1,1,1999,0,5,0,0,20,0,10,26,0,0
471178,1,1,1999,0,0,0,0,0,0,0,0,0,0
471178,2,1,1999,0,0,0,0,0,0,0,0,0,0
471178,3,1,1999,0,0,0,0,0,0,0,0,0,0
471178,4,1,1999,0,0,0,0,0,0,0,0,0,0
471178,5,1,1999,0,0,0,0,0,0,0,0,0,0
471179,1,1,1999,0,0,0,0,0,0,0,0,0,0
471179,2,1,1999,0,0,0,0,0,0,0,0,0,0
471180,1,1,1999,28,28,28,28,28,28,28,28,28,28
471181,1,1,1999,0,0,0,0,0,0,0,0,0,0
471182,1,1,1999,0,0,0,0,0,0,0,0,0,0
471182,2,1,1999,0,0,0,0,0,0,0,0,0,0
471182,3,1,1999,0,0,0,0,0,0,0,0,0,0
471183,1,1,1999,0,0,0,0,0,0,0,0,0,0
471183,2,1,1999,0,0,0,0,0,0,0,0,0,0
471184,1,1,1999,0,0,0,0,0,0,0,0,8,0
471184,2,1,1999,0,0,0,0,0,0,0,0,0,0
471185,1,1,1999,0,0,0,0,0,0,11,0,0,0
471186,0,1,1999,0,0,0,0,14,44,0,0,0,0
471186,1,1,1999,0,0,0,0,0,0,0,0,0,0
471187,1,1,1999,0,0,0,0,0,0,0,0,0,0
471187,2,1,1999,0,0,0,0,0,0,0,0,0,0
471187,3,1,1999,0,0,0,0,0,0,0,0,0,0
471188,1,1,1999,10,31,0,0,0,9,12,0,22,0
471189,1,1,1999,0,0,0,0,0,0,0,0,0,0
471190,1,1,1999,10,10,10,10,10,10,10,10,10,10
471191,1,1,1999,0,0,0,0,0,0,15,0,0,0
471192,1,1,1999,0,0,0,0,0,0,0,0,0,0
471192,2,1,1999,0,0,0,0,0,0,0,0,0,0
480001,0,1,1999,0,0,9,10,10,0,7,15,23,0
480001,1,1,1999,0,0,13,0,0,0,0,0,0,0
480002,1,1,1999,24,15,0,0,10,0,9,17,0,23
480003,1,1,1999,17,17,17,17,17,17,17,17,17,17
480003,2,1,1999,2,2,2,2,2,2,2,2,2,2
480004,1,1,1999,0,0,0,0,0,0,0,0,0,0
480005,1,1,1999,21,21,21,21,21,21,21,21,21,21
480006,0,1,1999,14,14,14,14,14,14,14,14,14,14
480006,1,1,1999,0,0,0,0,0,0,0,0,0,0
480007,1,1,1999,24,24,24,24,24,24,24,24,24,24
480008,1,1,1999,0,0,0,0,0,0,0,3,0,0
480008,2,1,1999,0,0,0,0,0,0,0,0,0,0
480009,1,1,1999,0,0,0,13,0,0,0,0,15,0
480009,2,1,1999,0,7,0,23,16,0,0,31,0,0
480010,1,1,1999,17,17,17,17,17,17,17,17,17,17
480011,0,1,1999,18,18,18,18,18,18,18,18,18,18
480011,1,1,1999,13,13,13,13,13,13,13,13,13,13
480012,1,1,1999,9,9,9,9,9,9,9,9,9,9
480013,1,1,1999,15,19,18,0,0,20,16,14,25,10
480013,2,1,1999,12,0,0,0,0,0,0,0,0,0
480014,1,1,1999,18,18,18,18,18,18,18,18,18,18
480014,2,1,1999,14,0,0,0,0,15,20,0,0,0
480015,0,1,1999,7,7,7,7,7,7,7,7,7,7
480015,1,1,1999,12,0,0,0,0,0,0,0,0,0
480016,0,1,1999,22,11,39,30,28,17,0,15,0,25
480016,1,1,1999,0,0,0,8,0,0,20,0,0,0
480017,0,1,1999,0,0,0,17,38,9,10,0,5,0
480017,0,2,1999,0,0,0,0,18,0,17,0,16,0
480017,1,1,1999,9,9,9,9,9,9,9,9,9,9
480018,0,1,1999,27,36,25,0,0,0,6,12,29,21
480018,1,1,1999,13,13,13,13,13,13,13,13,13,13
480019,1,1,1999,2,2,2,2,2,2,2,2,2,2
480020,0,1,1999,32,32,32,32,32,32,32,32,32,32
480020,1,1,1999,0,0,0,0,0,0,0,0,0,0
480021,1,1,1999,0,0,0,0,14,0,0,0,17,13
480022,1,1,1999,30,30,30,30,30,30,30,30,30,30
480023,0,1,1999,33,33,33,33,33,33,33,33,33,33
480023,1,1,1999,0,0,0,0,0,20,0,0,0,0
480024,0,1,1999,8,0,0,22,15,0,0,25,0,0
480024,1,1,1999,28,0,0,12,0,0,7,0,0,7
480025,1,1,1999,0,0,0,0,0,0,0,0,0,0
480026,0,1,1999,0,9,17,16,0,19,0,0,21,22
480026,1,1,1999,0,8,0,0,0,0,16,12,0,16
480027,1,1,1999,20,4,14,14,12,5,27,20,15,13
480028,1,1,1999,0,0,0,0,0,0,0,0,0,0
480028,2,1,1999,0,0,0,0,0,0,0,0,0,0
480029,1,1,1999,28,28,28,28,28,28,28,28,28,28
480029,2,1,1999,40,0,0,0,0,0,0,0,0,0
480030,0,1,1999,0,0,0,0,0,0,0,0,0,0
480030,1,1,1999,0,0,0,0,0,0,0,0,0,0
480030,2,1,1999,0,0,0,0,0,0,0,0,0,0
480031,0,1,1999,0,0,0,0,0,0,0,0,0,0
480031,1,1,1999,0,0,0,0,0,0,0,0,10,0
480032,1,1,1999,0,0,0,0,0,0,0,0,0,0
480032,2,1,1999,26,26,26,26,26,26,26,26,26,26
480033,1,1,1999,0,0,0,0,0,0,19,0,0,0
480034,0,1,1999,41,16,0,0,16,0,0,0,0,0
480034,1,1,1999,5,5,5,5,5,5,5,5,5,5
480035,1,1,1999,8,13,16,18,15,9,13,10,0,0
480035,2,1,1999,0,0,0,0,0,0,0,0,0,0
480036,1,1,1999,0,0,0,0,0,0,0,0,0,0
480036,2,1,1999,0,0,0,0,0,0,0,0,0,0
480037,1,1,1999,0,0,0,0,0,0,0,0,0,0
480038,1,1,1999,0,0,0,0,0,0,0,0,0,0
480038,2,1,1999,11,11,11,11,11,11,11,11,11,11
480039,1,1,1999,0,0,0,0,0,0,0,0,0,0
480039,2,1,1999,16,16,16,16,16,16,16,16,16,16
480040,0,1,1999,19,10,0,0,0,11,28,10,7,0
480040,1,1,1999,0,0,0,0,0,0,0,0,0,0
480040,2,1,1999,0,0,0,0,0,0,0,0,0,0
480041,0,1,1999,0,0,0,0,0,0,0,0,0,0
480041,1,1,1999,0,0,0,0,0,0,0,0,0,0
480042,1,1,1999,22,22,22,22,22,22,22,22,22,22
480043,0,1,1999,41,0,12,6,19,6,13,18,17,10
480043,1,1,1999,0,0,0,0,0,0,0,0,3,0
480044,1,1,1999,0,0,0,0,0,0,0,0,0,0
480044,2,1,1999,0,0,0,0,0,0,0,0,0,0
480045,1,1,1999,0,14,0,29,0,18,0,42,22,11
480046,1,1,1999,0,0,0,0,0,0,0,0,0,0
480047,1,1,1999,0,0,0,0,0,0,0,0,0,0
480047,2,1,1999,0,0,0,0,0,0,0,0,0,0
480047,3,1,1999,0,0,0,0,0,0,0,0,0,0
480048,1,1,1999,0,10,0,0,0,0,0,0,0,0
480048,2,1,1999,0,0,14,0,22,12,10,0,23,0
480049,0,1,1999,0,0,0,0,0,0,0,0,0,0
480049,0,2,1999,0,0,0,0,0,0,0,0,0,0
480049,1,1,1999,0,0,0,0,0,0,0,0,0,0
480050,0,1,1999,16,28,26,0,14,24,0,36,18,20
480050,2,1,1999,0,0,5,0,25,0,12,0,13,0
480051,1,1,1999,18,18,18,18,18,18,18,18,18,18
480051,2,1,1999,0,5,19,28,0,15,0,0,0,0
480052,1,1,1999,0,0,0,0,0,0,0,0,16,11
480052,2,1,1999,0,0,0,0,0,0,0,0,0,0
480053,1,1,1999,15,15,15,15,15,15,15,15,15,15
480054,1,1,1999,19,19,19,19,19,19,19,19,19,19
480055,1,1,1999,17,17,17,17,17,17,17,17,17,17
480055,2,1,1999,0,0,0,0,0,0,0,0,0,0
480056,0,1,1999,0,21,31,14,16,10,26,0,11,12
480056,1,1,1999,13,13,13,13,13,13,13,13,13,13
480057,1,1,1999,18,18,18,18,18,18,18,18,18,18
480058,1,1,1999,0,0,0,0,0,0,0,0,0,0
480058,2,1,1999,0,0,0,0,0,0,0,0,0,0
480059,1,1,1999,7,7,7,7,7,7,7,7,7,7
480060,1,1,1999,0,0,0,0,0,0,0,0,0,0
480061,1,1,1999,20,20,20,20,20,20,20,20,20,20
480061,2,1,1999,10,17,0,0,7,0,13,0,10,0
480062,0,1,1999,0,0,0,0,0,0,0,0,0,0
480062,1,1,1999,0,0,0,0,0,0,0,0,0,0
480063,1,1,1999,0,0,0,0,0,0,0,0,0,0
480063,2,1,1999,0,0,0,0,0,0,0,0,0,0
480064,1,1,1999,0,0,0,0,0,0,0,0,0,0
480064,2,1,1999,0,0,0,0,0,0,0,0,0,0
480065,1,1,1999,18,18,18,18,18,18,18,18,18,18
480066,1,1,1999,18,18,18,18,18,18,18,18,18,18
480067,1,1,1999,0,0,0,0,0,0,0,0,0,0
480068,1,1,1999,24,24,24,24,24,24,24,24,24,24
480069,1,1,1999,0,0,0,0,0,0,0,0,0,0
480070,1,1,1999,25,25,25,25,25,25,25,25,25,25
480070,2,1,1999,0,0,0,0,0,0,0,0,0,0
480071,1,1,1999,0,6,0,0,17,19,0,0,0,0
480071,2,1,1999,0,0,30,0,5,0,12,0,0,0
480072,1,1,1999,0,0,0,0,0,0,0,0,0,0
480072,2,1,1999,0,0,0,0,0,0,0,0,0,0
480073,0,1,1999,33,9,11,20,14,28,4,28,9,32
480073,1,1,1999,0,0,0,0,0,0,0,0,0,0
480074,0,1,1999,0,0,11,0,0,0,0,0,0,29
480074,1,1,1999,0,0,0,0,0,0,0,0,0,0
480075,0,1,1999,31,31,31,31,31,31,31,31,31,31
480075,1,1,1999,0,0,0,0,0,0,0,0,0,0
480076,1,1,1999,0,0,0,0,0,0,0,0,0,0
480076,2,1,1999,0,0,0,0,0,0,0,0,0,0
480076,3,1,1999,0,0,0,0,0,0,0,0,0,0
480077,0,1,1999,0,0,0,0,0,0,0,0,0,0
480077,1,1,1999,0,0,0,0,0,4,0,0,0,0
480078,1,1,1999,0,0,0,0,0,0,0,0,0,0
480079,1,1,1999,26,26,26,26,26,26,26,26,26,26
480079,2,1,1999,1,1,1,1,1,1,1,1,1,1
480080,0,1,1999,0,0,0,0,0,33,0,0,0,0
480080,1,1,1999,0,23,11,3,13,15,23,0,16,25
480081,1,1,1999,0,0,0,0,0,0,23,0,0,18
480081,2,1,1999,0,0,0,0,0,0,0,0,0,0
480082,1,1,1999,0,0,0,0,0,0,0,0,0,0
480082,2,1,1999,0,0,13,0,0,0,19,0,8,0
480082,3,1,1999,3,0,0,0,0,0,0,0,0,0
480083,0,1,1999,0,0,0,0,0,0,0,0,0,0
480083,1,1,1999,0,0,0,0,0,0,0,0,0,0
480084,1,1,1999,0,0,0,0,0,0,0,0,0,0
480085,1,1,1999,0,0,0,0,0,0,0,0,0,0
480085,2,1,1999,26,26,26,26,26,26,26,26,26,26
480086,1,1,1999,0,0,9,0,0,7,0,0,0,15
480086,2,1,1999,0,9,0,0,0,0,0,0,0,0
480087,0,1,1999,19,19,19,19,19,19,19,19,19,19
480087,1,1,1999,10,0,11,11,0,0,5,0,0,0
480088,1,1,1999,0,21,0,8,46,0,18,34,15,29
480089,1,1,1999,0,28,0,0,0,17,10,0,17,0
480089,2,1,1999,0,0,0,0,0,0,0,0,0,0
480090,1,1,1999,0,0,24,0,0,0,10,17,0,0
480090,2,1,1999,0,0,0,0,0,0,0,0,10,0
480091,1,1,1999,0,0,0,0,0,0,0,0,0,0
480091,2,1,1999,9,9,9,9,9,9,9,9,9,9
480092,1,1,1999,0,0,0,0,0,0,0,0,0,0
480092,2,1,1999,11,11,11,11,11,11,11,11,11,11
480093,1,1,1999,23,23,23,23,23,23,23,23,23,23
480094,1,1,1999,0,6,13,0,0,14,0,0,20,0
480095,1,1,1999,0,0,0,0,0,0,10,0,0,0
480096,0,1,1999,0,0,0,27,17,0,19,5,41,13
480096,1,1,1999,0,0,0,0,0,0,0,0,0,0
480097,0,1,1999,0,0,0,0,0,0,0,0,0,0
480097,1,1,1999,0,0,0,0,0,0,0,0,0,0
480098,1,1,1999,11,11,11,11,11,11,11,11,11,11
480099,1,1,1999,0,0,0,0,0,0,0,0,0,0
480099,2,1,1999,0,0,0,0,0,0,0,0,13,0
480099,3,1,1999,0,0,0,0,0,0,0,0,0,0
480100,1,1,1999,18,18,18,18,18,18,18,18,18,18
480100,2,1,1999,0,0,0,0,0,0,0,0,0,0
480101,0,1,1999,33,0,39,0,0,19,5,0,0,26
480101,1,1,1999,0,0,0,0,0,0,0,0,0,0
480102,0,1,1999,35,18,26,41,18,23,42,27,0,15
480102,1,1,1999,0,16,0,0,0,0,0,0,0,0
480102,2,1,1999,0,0,0,4,0,0,0,0,0,0
480102,3,1,1999,0,13,0,0,0,0,0,0,0,0
480103,1,1,1999,0,0,0,21,22,0,10,0,0,0
480104,0,1,1999,0,0,0,0,0,0,0,0,0,0
480105,1,1,1999,4,20,16,17,11,20,12,8,9,18
480106,0,1,1999,0,0,0,0,0,0,0,0,0,0
480106,1,1,1999,22,22,22,22,22,22,22,22,22,22
480107,1,1,1999,0,0,0,0,0,11,15,0,0,0
480108,1,1,1999,25,25,25,25,25,25,25,25,25,25
480109,1,1,1999,0,0,14,0,0,0,0,0,0,10
480109,2,1,1999,8,0,17,0,0,0,0,0,0,0
480110,1,1,1999,0,0,0,0,0,0,0,0,0,0
480110,2,1,1999,0,0,0,0,0,0,0,0,0,0
480111,1,1,1999,22,8,13,0,9,0,0,0,13,0
480112,1,1,1999,0,0,11,0,0,0,0,0,16,0
480113,0,1,1999,0,0,0,0,0,0,0,0,0,0
480113,1,1,1999,0,0,0,0,0,0,0,0,0,0
480114,1,1,1999,0,0,0,0,0,0,0,0,0,0
480114,2,1,1999,7,7,7,7,7,7,7,7,7,7
480115,1,1,1999,0,0,0,0,0,0,0,0,0,0
480115,2,1,1999,0,0,0,0,0,0,0,0,0,0
480115,3,1,1999,0,0,0,0,0,0,0,0,0,0
480116,1,1,1999,23,23,23,23,23,23,23,23,23,23
480116,2,1,1999,0,0,0,0,0,0,7,0,0,0
480117,1,1,1999,0,0,0,0,0,0,0,0,0,0
480117,2,1,1999,0,0,0,0,0,0,0,0,0,0
480118,0,1,1999,0,0,0,0,0,0,0,0,0,0
480118,1,1,1999,0,0,7,0,0,0,0,0,0,11
480119,0,1,1999,0,0,0,0,22,0,0,19,0,25
480119,1,1,1999,0,0,0,0,0,0,0,0,12,0
480120,2,1,1999,0,0,0,0,0,0,0,0,0,0
480121,1,1,1999,0,0,0,0,0,0,0,0,0,0
480121,2,1,1999,0,0,0,0,0,0,0,0,0,0
480122,0,1,1999,0,0,0,0,0,0,0,0,0,0
480122,1,1,1999,0,0,0,0,0,0,0,0,0,0
480123,1,1,1999,28,28,28,28,28,28,28,28,28,28
480124,1,1,1999,0,0,0,0,0,0,0,0,0,0
480124,2,1,1999,0,0,0,0,0,0,0,0,0,0
480124,3,1,1999,0,0,0,0,0,0,0,0,0,0
480125,1,1,1999,0,0,0,0,0,0,0,0,0,0
480126,1,1,1999,0,0,0,0,0,0,0,0,0,0
480126,2,1,1999,0,0,0,0,0,0,0,0,0,0
480127,1,1,1999,13,13,13,13,13,13,13,13,13,13
480128,1,1,1999,24,24,24,24,24,24,24,24,24,24
480128,2,1,1999,0,0,0,0,0,0,0,0,0,0
480129,1,1,1999,17,7,0,0,4,7,0,7,0,0
480129,2,1,1999,0,0,0,0,0,9,0,21,0,0
480130,1,1,1999,17,17,17,17,17,17,17,17,17,17
480131,1,1,1999,24,0,25,8,14,26,24,0,14,19
480131,2,1,1999,0,0,0,0,0,2,0,18,0,0
480132,1,1,1999,0,0,0,0,0,0,0,0,0,0
480132,2,1,1999,0,0,0,0,0,0,10,0,0,0
480132,3,1,1999,0,0,0,0,0,0,0,0,0,0
480133,1,1,1999,0,25,0,18,13,7,20,0,0,14
480134,1,1,1999,20,20,20,20,20,20,20,20,20,20
480135,1,1,1999,18,0,13,0,22,0,0,21,6,0
480136,1,1,1999,0,0,0,0,0,0,0,0,0,0
480136,2,1,1999,0,0,0,0,0,0,0,0,0,0
480137,1,1,1999,34,0,0,0,0,0,0,0,0,0
480137,2,1,1999,0,0,13,0,0,0,13,0,0,0
480138,1,1,1999,10,25,18,12,7,30,19,0,9,14
480138,2,1,1999,0,0,8,0,0,0,0,0,0,0
480139,1,1,1999,9,6,0,16,0,7,37,10,48,0
480139,2,1,1999,0,39,0,5,2,0,13,0,0,0
480140,1,1,1999,8,22,9,12,23,20,24,9,20,29
480141,1,1,1999,0,0,0,0,0,0,0,0,0,0
480142,1,1,1999,0,0,0,0,0,0,0,0,0,0
480142,2,1,1999,0,0,0,0,0,0,16,0,0,0
480143,1,1,1999,0,0,11,0,10,0,0,0,0,0
480144,1,1,1999,0,0,18,0,0,6,0,0,0,0
480145,0,1,1999,26,0,0,0,0,25,0,0,0,8
480145,1,1,1999,0,0,0,0,0,0,0,0,0,0
480146,1,1,1999,14,18,13,18,8,17,31,27,2,12
480147,1,1,1999,3,3,3,3,3,3,3,3,3,3
480147,2,1,1999,0,0,0,0,0,0,0,0,0,0
480148,1,1,1999,14,14,14,14,14,14,14,14,14,14
480149,0,1,1999,0,23,33,31,41,9,21,0,25,7
480149,1,1,1999,0,0,0,19,0,0,8,18,0,0
480150,1,1,1999,6,13,6,5,4,11,11,8,13,0
480151,1,1,1999,0,0,0,0,0,0,0,0,0,0
480151,2,1,1999,0,0,0,0,0,0,0,0,0,0
480152,1,1,1999,21,21,21,21,21,21,21,21,21,21
480153,1,1,1999,9,0,6,0,7,10,0,0,0,30
480154,1,1,1999,0,0,0,0,17,0,0,0,27,0
480154,2,1,1999,16,16,16,16,16,16,16,16,16,16
480155,1,1,1999,0,0,0,0,0,0,0,0,0,0
480155,2,1,1999,0,0,0,0,0,0,0,0,0,12
480156,1,1,1999,13,13,13,13,13,13,13,13,13,13
480157,1,1,1999,0,0,0,0,0,0,0,0,0,0
480157,2,1,1999,0,0,0,0,0,8,0,0,0,0
480158,1,1,1999,0,0,0,0,0,0,0,13,0,11
480158,2,1,1999,0,0,0,0,0,26,0,0,0,0
480159,1,1,1999,15,24,11,0,13,18,20,9,23,0
480160,0,1,1999,17,17,17,17,17,17,17,17,17,17
480160,1,1,1999,0,0,0,0,0,0,0,0,0,0
480161,1,1,1999,0,0,0,0,10,0,0,0,0,0
480161,2,1,1999,0,0,0,0,0,0,0,0,0,0
480162,0,1,1999,0,0,0,0,9,0,0,0,0,0
480162,1,1,1999,0,0,0,0,0,0,0,0,0,0
480163,1,1,1999,5,12,23,0,18,13,0,0,0,0
480164,0,1,1999,20,0,0,32,0,0,25,18,14,0
480164,1,1,1999,21,24,7,0,0,0,0,0,6,3
480165,1,1,1999,0,0,0,0,0,10,0,0,0,0
480166,0,1,1999,23,23,23,23,23,23,23,23,23,23
480166,1,1,1999,0,0,10,0,0,0,0,0,0,0
480167,1,1,1999,0,0,0,0,0,0,0,0,0,0
480167,2,1,1999,0,0,0,0,15,0,0,0,0,0
480168,1,1,1999,15,15,15,15,15,15,15,15,15,15
480169,1,1,1999,0,0,0,0,0,0,0,0,0,0
480169,2,1,1999,0,0,0,0,0,0,0,0,0,0
480169,3,1,1999,0,0,20,0,0,0,0,0,0,33
480169,4,1,1999,0,0,0,0,0,0,0,0,16,13
480170,1,1,1999,22,22,22,22,22,22,22,22,22,22
480171,1,1,1999,0,0,0,0,0,0,0,0,11,0
480171,2,1,1999,0,0,0,0,0,0,0,0,0,0
480171,3,1,1999,0,0,0,0,18,0,0,0,0,0
480171,4,1,1999,0,0,0,24,13,0,0,0,23,0
480172,0,1,1999,0,9,0,19,23,0,6,13,0,0
480172,1,1,1999,0,0,0,0,0,0,0,0,0,0
480173,1,1,1999,0,0,0,0,0,0,0,0,17,0
480173,2,1,1999,0,0,0,21,0,0,0,5,0,33
480173,3,1,1999,0,0,0,0,0,0,0,0,0,0
480174,1,1,1999,4,22,17,8,20,28,11,19,0,19
480175,1,1,1999,26,19,14,12,17,35,13,34,22,20
480176,1,1,1999,18,0,0,0,0,45,0,0,15,0
480177,1,1,1999,0,0,12,0,0,0,0,0,0,24
480177,2,1,1999,0,20,0,10,0,0,0,0,0,0
480177,3,1,1999,0,0,0,0,0,0,0,0,0,0
480177,4,1,1999,12,0,12,0,0,0,0,7,0,0
480178,0,1,1999,0,0,25,0,0,0,0,0,0,0
480178,1,1,1999,0,0,0,0,0,0,0,0,0,0
480179,1,1,1999,22,18,7,13,18,14,0,20,29,0
480180,1,1,1999,6,6,6,6,6,6,6,6,6,6
480181,1,1,1999,0,0,0,0,0,0,0,0,0,0
480182,1,1,1999,13,13,13,13,13,13,13,13,13,13
480183,1,1,1999,0,14,31,0,9,0,0,0,0,11
480184,1,1,1999,0,0,0,0,0,0,0,0,0,0
480184,2,1,1999,0,0,0,0,0,0,0,0,0,0
480185,0,1,1999,12,0,0,19,0,0,16,0,0,9
480185,1,1,1999,0,0,0,0,0,0,0,0,0,0
480186,1,1,1999,0,0,0,0,11,0,13,0,0,0
480186,2,1,1999,0,0,0,0,0,0,0,0,0,0
480187,1,1,1999,0,0,0,0,0,0,0,0,0,0
480187,2,1,1999,0,0,0,0,0,0,0,0,0,0
480187,3,1,1999,0,0,0,0,0,0,0,0,0,0
480188,1,1,1999,0,0,0,0,0,0,0,0,0,0
480188,2,1,1999,20,20,20,20,20,20,20,20,20,20
480188,3,1,1999,0,0,0,0,0,0,13,0,0,0
480188,4,1,1999,0,0,0,0,0,0,0,0,12,0
480189,1,1,1999,0,0,0,0,0,0,0,0,0,0
480189,2,1,1999,0,0,0,0,0,0,0,0,0,0
480189,3,1,1999,0,0,0,0,0,0,0,0,0,0
480190,1,1,1999,0,0,0,0,0,0,0,0,0,0
480190,2,1,1999,0,0,0,0,0,0,0,0,0,0
480190,3,1,1999,0,0,0,0,0,0,0,0,0,0
480191,0,1,1999,0,11,0,35,12,0,0,24,0,0
480191,1,1,1999,19,15,11,30,7,15,6,27,18,0
480192,1,1,1999,28,0,0,0,0,0,0,0,0,0
480193,1,1,1999,15,15,15,15,15,15,15,15,15,15
480193,2,1,1999,0,0,0,0,0,31,13,20,0,0
480194,1,1,1999,0,0,0,0,0,0,0,0,0,0
480194,2,1,1999,0,0,0,0,0,0,0,0,0,0
480195,1,1,1999,0,0,0,0,0,0,0,0,0,0
480195,2,1,1999,0,0,0,0,0,0,14,0,0,0
480196,1,1,1999,8,0,0,0,32,0,0,0,0,0
480197,0,1,1999,21,21,21,21,21,21,21,21,21,21
480197,1,1,1999,19,5,0,0,0,0,0,0,0,0
480198,0,1,1999,0,0,0,0,0,0,0,0,0,0
480198,1,1,1999,23,0,0,0,0,0,0,0,3,13
480199,1,1,1999,15,15,15,15,15,15,15,15,15,15
480199,2,1,1999,5,0,26,15,0,0,0,0,0,0
480200,0,1,1999,0,0,0,0,0,0,0,0,0,0