ST_CASE,VEH_NO,PER_NO,YEAR,P1,P2,P3,P4,P5,P6,P7,P8,P9,P10
480200,1,1,1999,0,0,0,0,0,0,0,0,0,0
480201,0,1,1999,13,13,13,13,13,13,13,13,13,13
480201,1,1,1999,14,0,0,0,0,8,0,0,0,0
480202,1,1,1999,21,21,21,21,21,21,21,21,21,21
480203,1,1,1999,0,0,0,0,0,0,0,0,0,4
480203,2,1,1999,0,0,0,12,0,0,0,0,0,0
480204,1,1,1999,0,0,0,12,0,0,0,0,0,0
480204,2,1,1999,0,0,0,0,0,0,0,0,0,0
480205,0,1,1999,15,15,15,15,15,15,15,15,15,15
480205,1,1,1999,0,9,14,0,0,24,20,26,0,17
480206,0,1,1999,7,26,48,21,10,14,0,8,13,17
480206,1,1,1999,0,0,0,0,0,0,24,0,0,0
480207,1,1,1999,41,16,22,23,28,16,17,18,27,21
480208,1,1,1999,26,26,26,26,26,26,26,26,26,26
480209,1,1,1999,11,11,11,11,11,11,11,11,11,11
480209,2,1,1999,4,4,4,4,4,4,4,4,4,4
480210,1,1,1999,0,0,16,16,18,14,6,0,12,20
480211,1,1,1999,0,13,0,0,0,0,16,0,0,0
480212,1,1,1999,0,5,0,0,0,0,0,0,0,0
480213,1,1,1999,0,0,0,0,0,0,0,0,0,0
480214,1,1,1999,29,29,29,29,29,29,29,29,29,29
480215,1,1,1999,23,0,0,24,0,0,21,0,0,28
480216,1,1,1999,13,0,0,15,0,0,0,16,0,0
480217,1,1,1999,7,7,7,7,7,7,7,7,7,7
480218,1,1,1999,0,0,0,0,0,0,0,0,0,0
480218,2,1,1999,0,0,0,0,0,0,0,0,0,0
480219,1,1,1999,12,12,12,12,12,12,12,12,12,12
480220,1,1,1999,0,0,0,0,6,11,33,0,0,0
480221,1,1,1999,0,0,0,0,0,0,0,0,0,0
480221,2,1,1999,0,0,0,0,0,0,0,0,0,0
480222,1,1,1999,0,0,0,0,0,0,0,0,0,0
480222,2,1,1999,0,0,0,0,0,0,0,0,0,0
480223,1,1,1999,0,0,0,0,0,0,0,0,0,0
480223,2,1,1999,0,0,0,4,0,0,0,0,20,18
480224,1,1,1999,6,6,6,6,6,6,6,6,6,6
480224,2,1,1999,0,0,0,0,0,0,0,0,0,0
480225,1,1,1999,0,0,0,0,0,0,0,0,0,0
480225,2,1,1999,0,21,0,0,0,0,0,0,18,0
480226,1,1,1999,0,0,0,0,0,0,0,0,0,0
480226,2,1,1999,5,5,5,5,5,5,5,5,5,5
480227,1,1,1999,0,0,0,0,0,0,0,0,0,0
480228,1,1,1999,0,0,0,0,0,0,0,0,0,0
480228,2,1,1999,0,0,0,0,0,0,0,0,0,0
480229,1,1,1999,0,0,0,0,0,0,0,0,0,0
480230,1,1,1999,0,13,36,10,32,13,15,18,6,6
480231,1,1,1999,13,13,30,0,23,0,0,0,0,0
480232,0,1,1999,11,11,11,11,11,11,11,11,11,11
480232,1,1,1999,13,0,0,8,0,0,0,0,6,0
480233,1,1,1999,0,0,0,0,0,0,0,0,0,0
480233,2,1,1999,18,18,18,18,18,18,18,18,18,18
480234,1,1,1999,18,16,18,15,0,11,17,0,0,11
480235,0,1,1999,15,17,55,0,35,20,37,21,0,18
480235,1,1,1999,0,0,0,8,0,15,0,13,0,0
480236,1,1,1999,0,0,0,15,0,0,0,0,0,0
480236,2,1,1999,0,13,0,0,0,5,0,0,0,0
480237,0,1,1999,5,0,17,0,0,0,19,0,0,14
480237,1,1,1999,0,0,0,0,0,0,0,0,0,0
480238,1,1,1999,19,19,19,19,19,19,19,19,19,19
480239,1,1,1999,17,17,17,17,17,17,17,17,17,17
480240,1,1,1999,3,3,3,3,3,3,3,3,3,3
480240,2,1,1999,9,9,9,9,9,9,9,9,9,9
480241,1,1,1999,21,21,21,21,21,21,21,21,21,21
480242,0,1,1999,12,31,24,0,16,10,0,0,6,0
480242,1,1,1999,21,26,0,0,0,13,0,0,0,21
480243,1,1,1999,23,23,24,13,22,24,7,6,12,22
480243,2,1,1999,9,22,8,0,4,21,4,0,10,0
480244,0,1,1999,27,27,27,27,27,27,27,27,27,27
480244,1,1,1999,12,0,0,0,0,0,0,16,11,0
480245,1,1,1999,19,21,0,0,15,0,0,0,0,0
480245,2,1,1999,0,0,0,0,8,0,7,0,0,0
480246,1,1,1999,21,21,21,21,21,21,21,21,21,21
480247,1,1,1999,10,0,0,0,0,0,7,19,0,16
480247,2,1,1999,24,24,24,24,24,24,24,24,24,24
480248,1,1,1999,22,22,22,22,22,22,22,22,22,22
480248,2,1,1999,0,0,0,0,0,26,0,0,0,5
480249,1,1,1999,0,0,0,0,0,0,0,0,0,0
480249,2,1,1999,4,4,4,4,4,4,4,4,4,4
480250,1,1,1999,4,4,4,4,4,4,4,4,4,4
480251,1,1,1999,39,39,39,39,39,39,39,39,39,39
480252,1,1,1999,21,21,21,21,21,21,21,21,21,21
480253,1,1,1999,0,0,0,0,4,0,0,0,0,0
480254,1,1,1999,0,0,30,0,0,14,20,0,21,0
480254,2,1,1999,18,0,0,0,0,5,18,0,0,0
480255,1,1,1999,0,0,0,0,25,0,0,17,0,0
480256,0,1,1999,9,9,9,9,9,9,9,9,9,9
480256,1,1,1999,0,0,0,23,0,0,0,0,0,3
480257,1,1,1999,0,0,0,0,0,0,0,0,0,0
480257,2,1,1999,0,0,0,0,0,19,0,0,0,0
480258,1,1,1999,0,0,0,0,0,0,0,0,0,0
480258,2,1,1999,0,0,0,0,0,0,0,0,0,0
480258,3,1,1999,0,0,0,0,0,0,0,0,0,0
480259,1,1,1999,0,0,0,0,0,0,17,0,0,0
480259,2,1,1999,0,0,0,0,0,0,0,0,0,0
480260,0,1,1999,0,0,0,0,0,0,0,0,0,0
480260,1,1,1999,0,0,0,0,0,0,0,0,0,0
480261,0,1,1999,0,0,0,0,0,0,0,0,0,0
480261,1,1,1999,0,0,0,8,0,0,0,0,0,17
480262,1,1,1999,0,0,0,0,0,0,0,0,0,0
480262,2,1,1999,0,0,0,0,0,0,0,0,0,0
480263,1,1,1999,17,0,0,0,0,0,0,0,22,0
480264,1,1,1999,0,0,0,0,0,0,0,0,0,0
480264,2,1,1999,0,0,0,0,0,12,10,0,10,0
480264,3,1,1999,0,0,0,0,0,13,0,0,0,0
480265,1,1,1999,0,0,0,0,14,0,0,0,0,0
480266,1,1,1999,17,17,17,17,17,17,17,17,17,17
480266,2,1,1999,0,0,0,0,0,0,0,0,0,0
480267,1,1,1999,0,0,0,0,0,0,0,0,0,0
480268,1,1,1999,0,0,0,0,0,0,0,8,12,0
480269,1,1,1999,8,8,8,8,8,8,8,8,8,8
480270,1,1,1999,11,17,22,0,0,0,0,0,18,16
480271,1,1,1999,30,23,19,13,14,25,24,21,17,21
480272,1,1,1999,0,0,0,0,0,0,0,0,0,0
480272,2,1,1999,0,0,0,0,0,0,0,0,0,0
480273,1,1,1999,16,16,16,16,16,16,16,16,16,16
480274,1,1,1999,0,0,0,0,0,0,0,0,0,0
480274,2,1,1999,0,0,0,0,0,0,0,0,0,0
480275,1,1,1999,5,5,5,5,5,5,5,5,5,5
480275,2,1,1999,0,0,21,0,20,0,15,13,0,0
480276,1,1,1999,0,0,0,0,0,0,0,0,0,0
480276,2,1,1999,0,0,0,0,0,0,0,0,0,0
480277,1,1,1999,27,27,27,27,27,27,27,27,27,27
480278,1,1,1999,19,19,19,19,19,19,19,19,19,19
480279,1,1,1999,0,3,0,0,0,0,0,0,5,0
480279,2,1,1999,0,0,0,0,0,0,0,0,0,0
480280,1,1,1999,0,0,0,9,0,0,0,0,11,0
480280,2,1,1999,0,0,0,0,0,0,0,0,0,0
480281,1,1,1999,0,0,0,0,0,0,0,0,0,0
480281,2,1,1999,18,18,18,18,18,18,18,18,18,18
480282,0,1,1999,19,0,38,36,28,0,27,0,14,0
480282,1,1,1999,0,0,0,0,0,0,0,0,0,0
480283,1,1,1999,0,0,0,0,0,0,0,0,0,0
480283,2,1,1999,0,0,19,0,0,0,0,0,0,0
480284,1,1,1999,0,0,0,0,0,0,0,0,0,0
480284,2,1,1999,0,0,0,0,0,0,0,0,0,0
480285,0,1,1999,0,0,0,0,0,0,0,0,0,0
480285,1,1,1999,0,0,0,0,0,0,0,0,0,0
480286,1,1,1999,0,0,0,13,0,0,0,0,0,0
480287,1,1,1999,0,0,0,0,0,0,0,0,0,0
480287,2,1,1999,0,0,0,0,0,0,0,0,0,0
480288,1,1,1999,0,15,0,0,0,0,0,0,0,0
480288,2,1,1999,0,0,0,0,0,0,0,0,0,0
480289,1,1,1999,0,0,0,0,0,0,0,0,0,0
480289,2,1,1999,0,0,0,0,0,0,0,0,0,0
480290,1,1,1999,11,22,0,20,0,21,21,16,4,29
480291,1,1,1999,0,16,0,0,0,0,0,0,0,0
480292,1,1,1999,0,0,0,0,0,0,0,0,0,0
480293,0,1,1999,31,31,31,31,31,31,31,31,31,31
480293,1,1,1999,0,0,0,0,0,0,0,0,0,0
480294,1,1,1999,0,0,0,0,0,19,3,10,31,0
480295,1,1,1999,36,36,36,36,36,36,36,36,36,36
480296,1,1,1999,3,3,3,3,3,3,3,3,3,3
480297,1,1,1999,0,0,0,0,0,0,0,0,0,0
480297,2,1,1999,0,0,0,0,0,0,0,0,0,0
480298,1,1,1999,6,18,0,18,42,14,17,29,19,0
480299,1,1,1999,0,0,0,0,0,0,0,0,0,0
480300,1,1,1999,0,0,0,0,0,0,0,0,0,0
480300,2,1,1999,0,0,0,0,0,0,0,0,0,0
480300,3,1,1999,0,0,0,11,0,0,0,0,0,0
480301,1,1,1999,16,16,16,16,16,16,16,16,16,16
480301,2,1,1999,0,0,0,0,12,6,0,19,0,0
480302,1,1,1999,12,15,0,17,13,13,0,17,12,13
480303,1,1,1999,0,0,0,0,0,0,0,0,0,0
480304,1,1,1999,22,22,22,22,22,22,22,22,22,22
480305,1,1,1999,0,0,0,0,0,0,0,0,0,0
480305,2,1,1999,0,0,0,0,0,0,0,0,0,0
480305,3,1,1999,0,0,0,0,0,0,0,0,0,0
480306,1,1,1999,0,0,0,0,0,0,0,0,0,0
480306,2,1,1999,0,0,0,10,0,0,0,0,17,16
480307,1,1,1999,19,19,19,19,19,19,19,19,19,19
480308,1,1,1999,0,0,0,0,0,0,0,0,0,0
480308,2,1,1999,0,0,0,0,0,0,0,0,0,0
480309,1,1,1999,3,3,3,3,3,3,3,3,3,3
480309,2,1,1999,0,0,0,5,0,0,0,27,23,0
480310,1,1,1999,21,21,21,21,21,21,21,21,21,21
480311,1,1,1999,0,0,0,0,0,0,0,0,0,0
480311,2,1,1999,0,0,0,0,0,0,0,0,0,0
480312,0,1,1999,0,0,0,0,0,0,0,0,0,0
480312,1,1,1999,0,0,0,0,0,0,0,0,0,0
480313,1,1,1999,14,14,14,14,14,14,14,14,14,14
480314,1,1,1999,0,0,0,0,0,0,0,0,0,0
480314,2,1,1999,0,0,0,0,0,0,0,0,0,0
480314,3,1,1999,0,0,0,0,0,0,0,0,0,0
480315,1,1,1999,0,0,0,0,0,5,10,9,0,0
480316,1,1,1999,18,18,18,18,18,18,18,18,18,18
480316,2,1,1999,0,0,0,0,0,0,0,0,0,0
480317,1,1,1999,0,0,0,0,0,0,0,0,0,0
480317,2,1,1999,0,0,0,0,0,0,0,0,0,0
480318,1,1,1999,11,11,11,11,11,11,11,11,11,11
480319,1,1,1999,14,16,0,0,13,0,14,11,30,0
480320,1,1,1999,0,0,0,0,0,0,0,0,0,0
480321,1,1,1999,18,18,18,18,18,18,18,18,18,18
480322,1,1,1999,17,17,17,17,17,17,17,17,17,17
480323,1,1,1999,0,0,0,0,0,0,0,0,0,0
480323,2,1,1999,0,0,0,0,0,0,0,0,0,0
480324,1,1,1999,7,0,0,8,0,0,0,0,0,0
480324,2,1,1999,30,15,6,32,19,14,25,33,10,12
480325,1,1,1999,0,0,0,0,0,0,0,0,0,0
480325,2,1,1999,0,0,0,0,0,20,0,0,0,0
480326,1,1,1999,0,0,0,0,0,0,0,0,0,0
480326,2,1,1999,0,0,6,10,9,0,0,0,0,0
480327,1,1,1999,4,4,4,4,4,4,4,4,4,4
480328,1,1,1999,0,0,0,0,0,0,0,0,0,0
480329,1,1,1999,16,16,12,17,11,33,0,20,0,14
480329,2,1,1999,8,32,0,20,19,0,8,0,11,22
480330,1,1,1999,0,17,0,8,0,0,0,0,0,39
480331,1,1,1999,0,0,0,0,0,0,0,0,0,0
480332,1,1,1999,18,18,18,18,18,18,18,18,18,18
480333,1,1,1999,0,14,0,0,15,0,0,0,12,9
480334,1,1,1999,11,11,11,11,11,11,11,11,11,11
480334,2,1,1999,6,14,4,8,11,13,9,9,19,19
480335,1,1,1999,0,0,0,0,0,0,0,0,0,0
480336,1,1,1999,0,0,0,0,0,0,0,0,0,0
480337,1,1,1999,0,0,0,0,0,0,0,0,15,0
480337,2,1,1999,0,0,0,0,0,0,0,0,0,0
480338,0,1,1999,0,28,0,0,24,16,24,16,27,0
480338,1,1,1999,0,20,5,0,0,0,0,0,28,0
480339,1,1,1999,0,10,0,0,0,36,0,28,4,0
480339,2,1,1999,0,16,0,0,0,0,0,0,4,19
480339,3,1,1999,0,0,0,0,0,0,0,0,0,0
480340,1,1,1999,0,0,0,0,0,0,0,0,0,14
480340,2,1,1999,12,0,0,0,0,0,8,0,0,0
480340,3,1,1999,0,15,0,23,0,0,0,0,0,0
480341,1,1,1999,0,0,0,0,0,0,0,0,0,0
480341,2,1,1999,0,0,0,0,19,21,0,0,0,5
480342,1,1,1999,0,0,0,0,0,0,0,0,0,0
480342,2,1,1999,4,4,4,4,4,4,4,4,4,4
480343,1,1,1999,7,15,18,4,19,30,25,36,14,14
480344,1,1,1999,18,18,18,18,18,18,18,18,18,18
480345,0,1,1999,26,19,14,13,35,24,16,0,16,7
480345,1,1,1999,0,6,12,0,0,5,0,15,0,12
480346,0,1,1999,0,33,0,14,23,0,0,0,3,10
480346,1,1,1999,15,0,0,17,25,4,0,12,0,0
480346,2,1,1999,10,0,10,13,0,10,0,0,4,0
480346,3,1,1999,8,14,23,11,30,17,0,12,13,22
480347,1,1,1999,28,28,28,28,28,28,28,28,28,28
480348,1,1,1999,16,16,16,16,16,16,16,16,16,16
480349,1,1,1999,0,0,0,0,0,0,0,0,0,0
480349,2,1,1999,0,0,0,0,0,0,0,0,0,0
480350,1,1,1999,0,0,0,0,0,0,0,0,0,0
480350,2,1,1999,0,0,0,0,0,0,0,0,0,0
480351,0,1,1999,0,0,20,16,33,0,34,0,0,0
480351,1,1,1999,0,0,0,0,0,0,0,0,0,0
480352,1,1,1999,0,0,0,0,0,0,0,0,0,0
480353,1,1,1999,0,0,0,0,0,0,0,0,0,0
480354,1,1,1999,0,0,25,0,0,0,0,0,0,0
480354,2,1,1999,0,0,0,0,0,0,0,0,0,0
480355,1,1,1999,16,16,16,16,16,16,16,16,16,16
480355,2,1,1999,0,0,0,0,0,0,0,0,0,0
480356,1,1,1999,22,0,0,0,0,0,13,0,21,29
480357,1,1,1999,0,0,0,0,0,0,0,0,0,0
480357,2,1,1999,0,0,0,0,0,0,0,0,0,0
480358,1,1,1999,0,0,0,0,0,0,0,0,0,0
480358,2,1,1999,0,0,0,0,0,0,0,0,0,0
480359,1,1,1999,0,6,0,0,0,0,0,0,0,0
480359,2,1,1999,16,0,0,0,0,0,0,0,0,0
480359,3,1,1999,0,28,0,0,6,0,0,0,0,0
480360,1,1,1999,0,0,0,0,0,0,0,0,0,0
480360,2,1,1999,0,0,0,0,0,0,0,0,0,0
480361,1,1,1999,0,0,0,0,0,0,0,0,0,0
480361,2,1,1999,0,0,0,0,0,15,0,0,0,0
480362,1,1,1999,9,6,8,7,0,2,0,10,10,17
480362,2,1,1999,11,0,0,30,0,0,12,0,0,0
480363,1,1,1999,0,0,7,0,0,0,0,0,0,0
480364,1,1,1999,0,12,0,18,21,23,18,22,13,0
480365,0,1,1999,0,0,0,0,0,0,0,0,0,0
480365,1,1,1999,0,0,0,0,0,0,0,0,0,0
480366,1,1,1999,0,0,0,0,0,0,0,0,0,0
480367,0,1,1999,19,16,16,21,21,0,0,11,16,30
480367,1,1,1999,7,25,0,0,0,0,10,13,0,0
480368,1,1,1999,30,30,30,30,30,30,30,30,30,30
480369,1,1,1999,20,20,20,20,20,20,20,20,20,20
480370,1,1,1999,0,0,0,0,0,0,0,0,0,0
480371,2,1,1999,11,11,11,11,11,11,11,11,11,11
480372,1,1,1999,0,0,0,0,0,0,0,0,0,0
480372,2,1,1999,24,0,0,0,0,0,0,0,0,0
480373,1,1,1999,0,0,0,0,0,0,0,0,0,0
480373,2,1,1999,0,0,0,17,0,0,0,0,17,0
480374,1,1,1999,0,0,0,0,0,0,0,0,0,0
480374,2,1,1999,0,0,0,0,0,0,0,0,0,0
480375,1,1,1999,0,0,0,0,0,0,0,0,0,0
480376,1,1,1999,21,0,0,7,0,0,0,0,0,0
480376,2,1,1999,0,0,0,0,0,0,0,0,0,0
480376,3,1,1999,0,0,0,0,0,0,0,0,0,0
480377,1,1,1999,20,20,20,20,20,20,20,20,20,20
480377,2,1,1999,0,0,0,0,0,0,0,6,0,0
480378,1,1,1999,8,8,8,8,8,8,8,8,8,8
480379,0,1,1999,0,0,0,0,0,0,0,0,0,0
480379,1,1,1999,24,24,24,24,24,24,24,24,24,24
480379,2,1,1999,0,0,0,0,0,0,0,0,0,0
480380,1,1,1999,0,0,0,0,3,0,12,0,0,9
480381,0,1,1999,17,14,26,7,19,23,24,14,28,12
480381,1,1,1999,0,7,11,22,16,0,0,28,12,0
480382,1,1,1999,7,7,7,7,7,7,7,7,7,7
480383,0,1,1999,24,24,24,24,24,24,24,24,24,24
480383,1,1,1999,17,17,17,17,17,17,17,17,17,17
480384,1,1,1999,14,14,14,14,14,14,14,14,14,14
480385,0,1,1999,26,0,0,0,0,0,9,0,11,22
480385,1,1,1999,7,0,0,0,0,0,0,24,0,0
480385,2,1,1999,0,12,0,0,0,0,0,0,0,0
480386,1,1,1999,3,3,3,3,3,3,3,3,3,3
480386,2,1,1999,0,0,0,0,0,0,0,0,0,0
480387,1,1,1999,0,0,0,0,0,0,0,0,0,0
480387,2,1,1999,0,0,11,0,0,0,0,0,0,0
480388,1,1,1999,0,0,0,0,0,0,11,0,13,13
480389,1,1,1999,1,1,1,1,1,1,1,1,1,1
480390,1,1,1999,0,0,0,0,0,0,0,0,0,0
480390,2,1,1999,0,0,0,0,0,0,0,0,0,0
480390,3,1,1999,0,0,0,0,0,17,0,0,0,0
480391,1,1,1999,0,0,0,0,0,0,0,0,0,0
480392,1,1,1999,7,9,5,0,0,19,33,0,0,0
480393,1,1,1999,0,0,0,11,0,0,6,0,0,0
480394,1,1,1999,16,23,11,4,0,7,0,9,0,10
480394,2,1,1999,7,16,3,0,11,11,13,3,0,11
480395,1,1,1999,9,9,9,9,9,9,9,9,9,9
480396,1,1,1999,6,0,16,26,0,12,16,14,22,16
480396,2,1,1999,0,0,0,22,0,0,0,0,0,0
480396,3,1,1999,0,0,0,0,0,0,0,0,0,10
480397,0,1,1999,0,0,0,0,0,0,0,0,0,12
480397,1,1,1999,0,10,13,0,0,0,0,0,0,0
480397,2,1,1999,0,0,7,0,0,0,0,4,0,0
480397,3,1,1999,0,0,0,0,0,17,0,0,0,16
480397,4,1,1999,0,0,0,8,0,0,0,0,0,0
480397,5,1,1999,0,0,7,0,0,0,12,0,0,0
480398,1,1,1999,0,0,0,0,0,0,0,0,0,0
480398,2,1,1999,4,4,4,4,4,4,4,4,4,4
480399,1,1,1999,0,0,0,0,0,0,0,0,0,0
480400,1,1,1999,26,26,26,26,26,26,26,26,26,26
480401,1,1,1999,21,21,21,21,21,21,21,21,21,21
480402,1,1,1999,0,0,0,0,0,0,0,0,0,0
480402,2,1,1999,0,0,0,0,0,0,0,0,0,0
480403,1,1,1999,0,0,0,8,0,0,0,0,0,0
480404,1,1,1999,15,15,15,15,15,15,15,15,15,15
480404,2,1,1999,4,0,0,0,0,0,0,0,0,0
480405,1,1,1999,0,0,0,0,0,0,0,0,0,0
480406,1,1,1999,26,0,16,39,0,0,20,20,0,0
480407,1,1,1999,0,0,0,0,0,0,0,0,0,0
480408,1,1,1999,17,8,18,0,35,0,0,0,0,0
480408,2,1,1999,12,0,0,0,0,0,0,0,0,0
480409,1,1,1999,0,0,0,0,0,7,0,0,0,0
480409,2,1,1999,0,0,0,0,0,0,0,0,0,0
480410,1,1,1999,10,10,10,10,10,10,10,10,10,10
480410,2,1,1999,0,0,0,0,0,0,0,0,0,0
480411,1,1,1999,0,0,0,0,0,0,0,0,0,0
480412,1,1,1999,0,0,0,0,0,0,0,0,0,0
480412,2,1,1999,0,0,0,0,0,0,0,0,0,0
480413,0,1,1999,28,0,38,36,0,0,0,0,0,0
480413,1,1,1999,0,0,0,0,0,0,0,0,0,0
480414,1,1,1999,12,12,12,12,12,12,12,12,12,12
480414,2,1,1999,0,0,0,0,0,0,0,0,0,0
480415,0,1,1999,32,21,0,0,0,0,24,30,9,0
480415,1,1,1999,0,0,0,0,0,0,0,0,0,0
480416,1,1,1999,0,0,0,0,0,0,0,0,0,0
480416,2,1,1999,0,0,0,0,0,0,0,0,0,0
480417,0,3,1999,0,0,0,0,6,0,0,0,0,15
480417,1,1,1999,0,0,0,0,0,0,0,0,0,0
480418,1,1,1999,17,17,17,17,17,17,17,17,17,17
480419,1,1,1999,0,0,0,0,0,0,0,0,0,0
480420,1,1,1999,0,0,0,0,0,0,0,0,0,0
480420,2,1,1999,0,0,0,0,0,0,0,0,0,0
480421,1,1,1999,1,1,1,1,1,1,1,1,1,1
480422,1,1,1999,0,0,0,0,0,0,0,0,0,0
480422,2,1,1999,0,0,0,0,0,0,0,0,0,0
480423,1,1,1999,0,0,0,11,0,0,0,0,0,6
480424,1,1,1999,0,0,28,18,16,16,0,0,22,19
480425,1,1,1999,0,0,0,0,0,0,0,0,0,0
480425,2,1,1999,0,0,0,0,0,0,0,0,0,0
480426,0,1,1999,0,0,20,0,37,0,31,0,0,0
480426,0,2,1999,22,18,0,0,11,0,29,34,30,21
480426,1,1,1999,24,24,24,24,24,24,24,24,24,24
480427,1,1,1999,14,14,14,14,14,14,14,14,14,14
480428,1,1,1999,0,0,0,0,0,0,0,0,0,0
480428,2,1,1999,13,0,0,0,0,0,0,0,0,0
480428,3,1,1999,0,0,0,0,0,0,0,0,0,0
480429,1,1,1999,3,0,0,0,0,0,0,0,0,0
480429,2,1,1999,0,0,14,0,0,0,0,0,0,0
480430,1,1,1999,5,0,0,9,0,0,0,0,0,0
480431,1,1,1999,0,0,0,0,0,0,0,0,0,0
480431,2,1,1999,14,20,0,12,0,0,17,36,0,7
480432,1,1,1999,0,0,0,0,0,0,0,0,0,0
480433,1,1,1999,0,0,0,10,0,0,0,0,0,0
480433,2,1,1999,0,0,0,0,0,0,0,0,0,0
480434,1,1,1999,16,16,16,16,16,16,16,16,16,16
480435,1,1,1999,1,1,1,1,1,1,1,1,1,1
480435,2,1,1999,0,0,0,12,0,0,0,0,0,0
480436,1,1,1999,0,0,0,0,0,0,0,0,0,0
480436,2,1,1999,0,0,0,0,0,0,0,0,0,0
480437,1,1,1999,0,0,0,0,0,0,0,0,0,0
480437,2,1,1999,0,0,0,0,0,0,0,0,0,0
480438,1,1,1999,30,12,51,24,28,18,20,29,17,25
480439,0,1,1999,15,4,0,16,0,0,0,19,11,0
480439,1,1,1999,0,0,0,0,0,0,0,0,0,0
480440,1,1,1999,27,27,27,27,27,27,27,27,27,27
480440,2,1,1999,0,0,0,0,12,0,0,0,10,0
480441,1,1,1999,18,19,0,0,0,22,7,16,19,9
480442,1,1,1999,0,0,0,0,0,0,0,0,0,0
480442,2,1,1999,14,0,0,0,0,0,0,0,0,0
480443,1,1,1999,0,0,0,0,9,0,11,9,0,0
480443,2,1,1999,0,0,0,0,0,0,0,0,0,0
480443,3,1,1999,0,0,0,9,0,0,17,0,0,0
480444,0,1,1999,26,12,18,0,33,15,0,12,10,16
480444,1,1,1999,0,0,0,0,0,0,0,0,0,0
480445,1,1,1999,21,21,21,21,21,21,21,21,21,21
480446,1,1,1999,20,20,20,20,20,20,20,20,20,20
480447,1,1,1999,0,0,0,0,0,6,0,0,0,0
480448,0,1,1999,0,0,0,0,0,0,0,0,0,0
480448,1,1,1999,0,0,0,0,0,0,0,0,0,0
480448,2,1,1999,0,7,0,10,0,0,0,0,0,0
480449,1,1,1999,0,0,0,0,0,0,0,0,0,0
480449,2,1,1999,0,0,0,10,15,0,0,0,0,0
480450,1,1,1999,0,0,0,0,0,0,0,0,0,0
480451,1,1,1999,11,11,11,11,11,11,11,11,11,11
480452,1,1,1999,0,0,0,0,0,0,0,0,0,0
480453,0,1,1999,0,0,0,25,24,28,0,22,14,24
480453,1,1,1999,0,0,0,0,0,0,0,0,0,0
480454,0,1,1999,0,0,0,0,0,0,0,0,0,0
480454,1,1,1999,0,0,0,0,0,0,0,0,0,0
480455,1,1,1999,0,0,0,0,0,0,0,0,0,0
480456,1,1,1999,0,0,0,0,0,0,0,0,0,0
480457,1,1,1999,0,0,20,0,18,0,0,0,0,0
480458,1,1,1999,3,3,3,3,3,3,3,3,3,3
480458,2,1,1999,9,0,22,36,12,0,20,0,15,0
480459,1,1,1999,0,0,0,0,0,0,0,0,0,0
480459,2,1,1999,0,0,0,0,0,0,0,0,0,0
480460,1,1,1999,6,6,6,6,6,6,6,6,6,6
480461,0,1,1999,8,33,16,16,11,33,0,0,16,0
480461,1,1,1999,0,0,0,5,0,0,20,0,0,0
480462,1,1,1999,2,2,2,2,2,2,2,2,2,2
480463,0,1,1999,25,0,0,3,0,0,33,0,0,0
480463,1,1,1999,0,0,0,0,0,0,0,0,0,0
480464,1,1,1999,0,0,0,0,0,0,0,0,0,0
480464,2,1,1999,0,0,0,0,0,0,0,0,0,0
480465,1,1,1999,0,0,0,0,0,0,0,19,19,0
480466,1,1,1999,0,0,0,0,0,0,0,0,0,0
480467,1,1,1999,14,14,10,14,24,10,18,9,17,12
480468,1,1,1999,0,0,0,0,0,0,0,5,10,0
480468,2,1,1999,0,0,0,0,0,0,0,0,0,0
480468,3,1,1999,0,0,0,0,0,0,6,0,0,0
480468,4,1,1999,0,0,0,0,0,0,0,0,0,0
480468,5,1,1999,0,0,0,0,0,0,0,0,0,0
480469,1,1,1999,8,8,8,8,8,8,8,8,8,8
480469,2,1,1999,0,0,0,0,0,0,0,7,0,0
480469,3,1,1999,6,0,0,0,0,10,0,0,0,0
480470,1,1,1999,14,0,11,0,0,14,7,10,4,13
480471,1,1,1999,0,0,0,0,0,0,0,0,14,0
480471,2,1,1999,0,0,0,3,8,0,0,0,0,0
480472,1,1,1999,0,0,0,0,0,0,0,0,0,0
480473,1,1,1999,0,0,0,0,0,0,0,0,0,0
480474,1,1,1999,30,0,0,0,0,0,0,0,0,0
480474,2,1,1999,0,0,0,3,0,10,11,12,0,0
480475,1,1,1999,0,0,0,0,0,0,0,0,0,0
480476,1,1,1999,0,0,0,0,0,0,0,0,0,0
480476,2,1,1999,0,0,0,0,0,0,0,0,0,0
480477,1,1,1999,0,0,0,0,0,0,0,0,0,0
480477,2,1,1999,0,0,0,26,0,0,0,0,16,17
480477,3,1,1999,10,0,16,0,0,0,0,9,0,20
480477,4,1,1999,0,11,0,0,0,0,0,0,0,0