ST_CASE,VEH_NO,PER_NO,YEAR,P1,P2,P3,P4,P5,P6,P7,P8,P9,P10
480738,1,1,1999,0,0,0,0,0,0,0,0,0,0
480738,2,1,1999,0,4,16,0,18,0,0,0,0,0
480738,3,1,1999,0,0,0,0,0,0,0,0,0,0
480739,1,1,1999,0,0,0,9,0,0,0,10,0,27
480740,0,1,1999,0,4,0,0,17,0,0,0,9,30
480740,1,1,1999,0,18,3,0,0,0,6,3,0,0
480741,1,1,1999,24,0,0,0,0,9,0,0,0,0
480741,2,1,1999,0,0,0,0,0,0,0,0,0,0
480742,1,1,1999,16,16,16,16,16,16,16,16,16,16
480743,1,1,1999,0,0,0,0,0,0,0,0,0,0
480743,2,1,1999,0,2,0,10,0,0,0,0,0,0
480744,0,1,1999,0,7,0,11,0,0,0,32,0,0
480744,1,1,1999,0,0,19,0,2,12,0,0,0,14
480745,1,1,1999,28,28,28,28,28,28,28,28,28,28
480746,1,1,1999,0,0,0,0,0,0,0,0,0,0
480746,2,1,1999,0,0,0,0,0,0,0,0,0,0
480746,3,1,1999,0,0,0,0,0,0,0,0,0,0
480746,4,1,1999,0,0,0,0,0,0,0,0,0,0
480746,5,1,1999,0,0,0,0,0,0,0,0,0,0
480747,1,1,1999,10,10,10,10,10,10,10,10,10,10
480748,1,1,1999,0,0,0,0,0,0,0,0,0,0
480749,1,1,1999,0,0,0,0,0,0,0,0,0,0
480749,2,1,1999,0,0,0,0,0,0,0,0,0,0
480750,1,1,1999,22,22,22,22,22,22,22,22,22,22
480751,1,1,1999,0,0,0,0,0,0,0,0,0,18
480751,2,1,1999,0,0,0,0,0,0,0,0,0,0
480752,1,1,1999,0,0,0,0,0,0,0,0,0,0
480752,2,1,1999,0,0,0,0,0,0,0,0,0,0
480753,1,1,1999,21,21,21,21,21,21,21,21,21,21
480754,1,1,1999,11,11,11,11,11,11,11,11,11,11
480755,1,1,1999,17,17,17,17,17,17,17,17,17,17
480755,2,1,1999,8,0,0,0,14,0,0,0,0,0
480756,1,1,1999,32,32,32,32,32,32,32,32,32,32
480757,1,1,1999,19,19,19,19,19,19,19,19,19,19
480757,2,1,1999,0,0,0,9,0,5,0,0,0,0
480758,1,1,1999,0,0,0,0,0,0,0,0,0,0
480758,2,1,1999,0,0,3,0,0,0,0,0,0,0
480759,1,1,1999,0,0,17,0,0,0,0,11,0,14
480760,1,1,1999,14,8,14,5,38,0,13,10,9,0
480760,2,1,1999,0,0,2,0,0,0,0,0,0,0
480760,3,1,1999,0,0,10,0,0,0,0,0,0,0
480761,1,1,1999,16,16,16,16,16,16,16,16,16,16
480762,1,1,1999,0,0,0,0,12,0,0,0,0,0
480762,2,1,1999,0,0,0,0,0,0,0,0,0,0
480763,1,1,1999,20,14,6,35,27,18,0,20,20,17
480764,0,1,1999,0,19,0,18,0,9,3,0,0,0
480764,1,1,1999,0,0,0,0,0,0,0,0,0,0
480765,1,1,1999,0,0,0,0,0,0,0,0,0,0
480766,1,1,1999,27,27,27,27,27,27,27,27,27,27
480767,1,1,1999,21,11,0,19,25,24,7,0,0,13
480768,0,1,1999,11,16,25,41,14,23,27,18,15,31
480768,1,1,1999,0,0,21,0,14,0,0,0,14,2
480769,1,1,1999,18,7,17,0,12,10,20,15,16,11
480770,1,1,1999,0,0,0,0,0,0,0,0,0,0
480770,2,1,1999,0,0,0,0,0,0,0,0,0,0
480771,1,1,1999,0,17,0,0,0,0,0,0,0,0
480771,2,1,1999,15,15,15,15,15,15,15,15,15,15
480772,1,1,1999,0,16,0,0,17,0,39,25,24,29
480772,2,1,1999,22,12,0,0,0,20,0,0,0,24
480773,1,1,1999,0,3,0,0,0,0,0,0,0,0
480773,2,1,1999,0,0,0,6,17,0,0,0,0,17
480774,1,1,1999,1,1,1,1,1,1,1,1,1,1
480775,1,1,1999,10,7,10,15,16,15,12,20,16,19
480775,2,1,1999,0,0,0,0,0,0,8,0,10,0
480776,1,1,1999,4,4,4,4,4,4,4,4,4,4
480777,1,1,1999,0,0,0,0,0,0,0,0,0,0
480778,1,1,1999,0,0,0,0,0,0,0,0,0,0
480778,2,1,1999,0,0,0,0,0,0,0,0,0,0
480779,1,1,1999,0,0,6,33,5,0,19,0,0,0
480780,0,1,1999,26,0,25,0,16,0,7,22,0,15
480780,1,1,1999,0,0,0,0,0,0,0,0,0,0
480781,1,1,1999,0,0,0,0,0,0,0,0,0,0
480781,2,1,1999,0,0,0,0,0,0,0,0,0,0
480782,1,1,1999,0,0,0,0,0,0,0,0,0,0
480783,1,1,1999,22,22,22,22,22,22,22,22,22,22
480783,2,1,1999,0,0,0,0,0,0,0,0,0,0
480784,1,1,1999,0,0,0,18,0,28,0,0,0,0
480785,1,1,1999,0,12,0,13,0,0,0,0,6,0
480785,2,1,1999,0,0,0,0,0,0,0,0,0,0
480785,3,1,1999,0,0,0,0,0,0,0,0,0,0
480786,1,1,1999,0,0,0,0,0,0,0,0,0,0
480787,1,1,1999,12,12,12,12,12,12,12,12,12,12
480788,1,1,1999,19,0,0,0,0,0,0,0,0,0
480788,2,1,1999,0,0,0,0,0,0,0,0,0,0
480788,3,1,1999,0,0,0,0,0,0,0,0,0,0
480789,0,1,1999,27,27,27,27,27,27,27,27,27,27
480789,1,1,1999,16,0,0,8,0,0,10,0,0,0
480790,1,1,1999,0,27,0,0,16,0,0,0,9,33
480791,1,1,1999,17,27,4,20,28,35,17,21,27,30
480792,0,1,1999,0,0,0,6,0,0,0,0,0,0
480792,0,2,1999,0,0,0,0,0,0,12,13,0,0
480792,1,1,1999,0,0,0,18,0,0,0,16,0,0
480793,0,1,1999,38,9,13,28,40,17,10,31,0,40
480793,1,1,1999,0,0,0,0,0,5,0,0,0,0
480794,1,1,1999,0,0,0,0,0,0,0,0,0,0
480794,2,1,1999,9,0,0,0,0,0,0,18,11,0
480795,1,1,1999,0,0,0,0,0,0,0,0,0,0
480795,2,1,1999,0,0,0,0,0,0,0,0,0,0
480796,1,1,1999,17,17,17,17,17,17,17,17,17,17
480797,1,1,1999,22,0,0,0,0,0,0,0,0,0
480797,2,1,1999,0,0,0,0,0,0,0,0,0,0
480798,0,1,1999,16,20,0,18,0,37,0,5,0,7
480798,1,1,1999,0,0,4,0,0,0,5,0,0,0
480799,1,1,1999,0,0,0,0,0,0,0,0,0,0
480799,2,1,1999,0,0,0,0,0,0,0,0,0,0
480800,1,1,1999,16,16,16,16,16,16,16,16,16,16
480800,2,1,1999,0,0,0,0,0,0,0,0,0,0
480801,0,1,1999,19,13,31,0,33,13,22,11,14,0
480801,1,1,1999,9,13,7,10,14,6,0,17,26,13
480802,1,1,1999,0,0,0,0,0,0,0,0,0,0
480802,2,1,1999,0,0,0,0,0,0,0,0,0,0
480803,1,1,1999,32,15,13,16,0,11,15,24,15,12
480803,2,1,1999,12,0,0,12,0,0,19,0,14,0
480804,1,1,1999,0,0,0,0,0,0,0,0,0,0
480804,2,1,1999,0,0,8,0,0,0,0,0,0,0
480805,1,1,1999,30,33,19,13,27,0,0,0,21,0
480806,1,1,1999,3,3,3,3,3,3,3,3,3,3
480807,1,1,1999,0,0,0,0,0,0,0,0,0,0
480808,1,1,1999,11,11,11,11,11,11,11,11,11,11
480808,2,1,1999,0,0,0,0,0,0,0,0,0,0
480809,1,1,1999,23,23,23,23,23,23,23,23,23,23
480809,2,1,1999,15,15,15,15,15,15,15,15,15,15
480810,1,1,1999,11,11,11,11,11,11,11,11,11,11
480811,1,1,1999,5,5,5,5,5,5,5,5,5,5
480812,1,1,1999,16,16,16,16,16,16,16,16,16,16
480813,0,1,1999,11,12,0,0,0,0,0,0,0,18
480813,1,1,1999,0,0,0,0,0,0,0,0,0,0
480814,1,1,1999,0,16,8,19,0,17,0,16,9,38
480814,2,1,1999,0,0,0,0,0,0,15,0,0,0
480814,3,1,1999,0,0,0,0,0,0,0,0,0,0
480815,1,1,1999,11,26,19,14,5,3,33,10,32,27
480815,2,1,1999,0,0,0,0,0,0,6,14,0,19
480815,3,1,1999,0,0,0,0,0,0,0,0,0,0
480815,4,1,1999,0,21,0,0,9,26,0,0,0,9
480816,1,1,1999,26,26,26,26,26,26,26,26,26,26
480816,2,1,1999,0,0,0,0,0,0,0,0,0,0
480816,3,1,1999,0,0,0,0,0,0,0,0,0,0
480816,4,1,1999,0,0,0,0,0,0,0,0,0,11
480817,1,1,1999,14,14,14,14,14,14,14,14,14,14
480818,0,1,1999,13,0,12,0,0,0,0,0,0,0
480818,1,1,1999,18,17,24,5,13,20,21,32,24,12
480819,1,1,1999,15,0,0,0,30,0,0,23,0,14
480820,1,1,1999,21,21,21,21,21,21,21,21,21,21
480820,2,1,1999,0,0,0,9,0,0,13,5,23,0
480821,1,1,1999,0,0,0,0,0,0,0,0,0,0
480821,2,1,1999,0,0,0,0,0,0,0,0,0,0
480821,3,1,1999,0,0,0,0,0,0,0,0,0,0
480822,1,1,1999,0,0,0,0,0,0,0,0,0,0
480822,2,1,1999,16,0,0,0,0,0,0,0,0,0
480823,1,1,1999,13,25,7,0,22,0,5,0,0,0
480824,1,1,1999,20,20,20,20,20,20,20,20,20,20
480825,1,1,1999,0,0,0,0,0,0,0,0,0,0
480825,2,1,1999,0,0,0,0,0,0,0,0,0,0
480825,3,1,1999,20,0,0,0,20,0,0,11,0,0
480825,4,1,1999,0,0,0,0,15,0,8,0,0,0
480825,5,1,1999,0,0,0,0,0,0,0,0,0,0
480825,6,1,1999,0,0,0,0,0,5,0,0,0,0
480826,1,1,1999,0,0,0,0,0,0,0,0,0,0
480826,2,1,1999,0,0,0,0,0,0,0,0,0,0
480827,1,1,1999,29,29,29,29,29,29,29,29,29,29
480828,0,1,1999,0,0,0,0,0,0,0,0,0,0
480828,0,2,1999,0,0,0,0,0,0,0,0,0,0
480828,1,1,1999,11,11,11,11,11,11,11,11,11,11
480829,1,1,1999,0,21,15,0,0,10,0,0,0,0
480829,2,1,1999,13,0,15,0,0,0,7,0,0,0
480830,1,1,1999,9,9,9,9,9,9,9,9,9,9
480830,2,1,1999,27,9,21,0,0,0,9,18,11,0
480830,3,1,1999,0,0,0,0,0,0,0,0,0,0
480831,1,1,1999,0,0,0,0,0,0,0,0,0,0
480831,2,1,1999,0,0,0,0,0,0,0,0,0,0
480832,1,1,1999,0,0,0,0,0,0,0,0,0,0
480832,2,1,1999,0,0,0,0,0,0,0,0,0,0
480832,3,1,1999,0,0,0,0,0,0,0,0,0,0
480833,1,1,1999,13,20,17,0,12,0,0,21,18,2
480834,1,1,1999,0,0,0,0,0,0,0,0,0,0
480834,2,1,1999,0,0,0,0,0,0,0,0,0,0
480835,1,1,1999,5,0,0,0,8,0,31,0,0,0
480835,2,1,1999,0,0,0,0,0,0,0,0,0,0
480836,1,1,1999,0,0,0,0,0,0,0,0,0,0
480836,2,1,1999,0,0,0,0,0,0,0,0,0,0
480837,1,1,1999,41,10,9,5,14,9,10,14,21,3
480838,1,1,1999,0,0,0,0,0,0,0,0,0,0
480838,2,1,1999,0,0,0,0,0,0,0,0,0,0
480839,1,1,1999,0,0,0,0,0,0,0,0,0,0
480840,1,1,1999,27,27,27,27,27,27,27,27,27,27
480840,2,1,1999,0,0,0,0,0,13,0,0,0,0
480841,1,1,1999,0,0,0,0,0,0,0,0,0,0
480841,2,1,1999,0,0,0,0,0,0,0,0,0,0
480842,1,1,1999,0,0,0,0,0,0,0,0,0,0
480842,2,1,1999,0,0,0,0,0,0,0,0,0,0
480843,1,1,1999,1,1,1,1,1,1,1,1,1,1
480844,1,1,1999,9,9,9,9,9,9,9,9,9,9
480845,0,1,1999,31,0,0,13,21,13,0,0,33,21
480845,1,1,1999,0,8,16,0,0,0,0,0,0,0
480845,2,1,1999,16,9,11,0,15,8,16,16,4,4
480845,3,1,1999,0,0,0,0,0,0,0,0,0,0
480845,4,1,1999,0,0,12,0,0,6,0,0,0,0
480846,1,1,1999,9,9,9,9,9,9,9,9,9,9
480846,2,1,1999,0,0,0,0,0,0,0,0,0,0
480847,1,1,1999,0,11,0,0,0,0,6,0,0,0
480847,2,1,1999,0,0,0,0,0,0,0,0,6,0
480848,1,1,1999,0,0,0,0,0,0,0,0,0,0
480848,2,1,1999,26,26,26,26,26,26,26,26,26,26
480849,1,1,1999,18,18,18,18,18,18,18,18,18,18
480850,0,1,1999,0,0,0,12,15,11,0,12,0,33
480850,1,1,1999,0,0,28,28,15,0,6,0,0,16
480851,1,1,1999,0,0,0,0,0,0,0,0,3,0
480852,1,1,1999,0,0,0,0,0,0,0,0,0,0
480852,2,1,1999,0,0,0,0,0,39,0,0,0,0
480853,1,1,1999,0,0,0,0,0,0,0,0,0,0
480853,2,1,1999,0,0,0,0,0,0,0,0,0,0
480854,1,1,1999,0,0,15,0,0,0,16,0,0,0
480855,1,1,1999,23,23,23,23,23,23,23,23,23,23
480856,1,1,1999,24,24,24,24,24,24,24,24,24,24
480857,1,1,1999,21,21,21,21,21,21,21,21,21,21
480858,1,1,1999,0,0,0,0,0,12,7,0,0,0
480858,2,1,1999,0,0,0,0,0,0,0,0,0,0
480859,1,1,1999,0,0,0,0,0,0,0,0,0,6
480859,2,1,1999,0,0,10,0,3,6,0,0,0,13
480860,1,1,1999,13,17,10,20,22,7,30,24,19,19
480861,1,1,1999,0,20,0,8,0,15,10,0,0,0
480861,2,1,1999,0,0,0,18,0,10,25,0,21,10
480862,0,1,1999,21,21,21,21,21,21,21,21,21,21
480862,1,1,1999,36,0,0,0,0,0,0,0,0,15
480863,1,1,1999,12,12,12,12,12,12,12,12,12,12
480863,2,1,1999,14,14,14,14,14,14,14,14,14,14
480864,1,1,1999,5,5,5,5,5,5,5,5,5,5
480865,1,1,1999,0,0,9,0,0,22,0,7,0,23
480865,2,1,1999,0,21,14,0,26,0,0,9,25,8
480866,1,1,1999,0,0,0,0,0,0,0,0,0,0
480866,2,1,1999,0,0,0,0,0,0,0,0,0,0
480867,1,1,1999,11,4,0,16,2,5,0,0,0,0
480867,2,1,1999,0,0,0,0,0,19,9,0,0,0
480868,1,1,1999,30,30,30,30,30,30,30,30,30,30
480869,1,1,1999,0,0,0,0,0,0,0,0,0,0
480869,2,1,1999,0,0,0,0,0,0,0,0,0,0
480870,1,1,1999,0,0,0,0,0,0,0,0,0,0
480870,2,1,1999,0,0,0,0,9,0,11,0,0,0
480871,1,1,1999,0,0,0,0,30,0,0,0,0,0
480872,1,1,1999,11,11,11,11,11,11,11,11,11,11
480872,2,1,1999,20,19,0,11,26,15,0,0,25,30
480873,1,1,1999,0,0,0,0,0,0,12,0,0,0
480874,1,1,1999,0,0,0,0,0,0,0,0,0,0
480874,2,1,1999,20,0,0,0,0,0,22,0,0,30
480875,1,1,1999,23,24,8,11,8,14,21,10,24,8
480876,1,1,1999,0,0,0,0,0,0,0,0,0,0
480877,1,1,1999,0,0,0,0,0,0,0,0,0,0
480877,2,1,1999,0,0,10,0,0,31,0,0,0,18
480878,0,1,1999,25,0,12,0,0,0,0,0,0,0
480878,1,1,1999,0,0,0,2,0,0,12,0,0,0
480879,1,1,1999,0,0,0,0,0,0,0,0,0,0
480879,2,1,1999,6,6,6,6,6,6,6,6,6,6
480880,1,1,1999,9,19,28,15,34,17,0,0,13,33
480881,0,1,1999,24,20,56,18,33,22,21,0,41,30
480881,1,1,1999,24,24,24,24,24,24,24,24,24,24
480882,0,1,1999,18,49,12,0,13,15,23,39,31,31
480882,1,1,1999,0,0,0,0,0,0,0,0,0,0
480883,1,1,1999,0,0,0,0,0,0,0,0,0,0
480883,2,1,1999,0,0,0,0,0,0,0,0,0,0
480884,1,1,1999,0,0,0,0,0,0,0,0,0,0
480884,2,1,1999,0,7,7,0,0,0,0,0,20,0
480885,0,1,1999,0,0,0,14,0,0,0,0,0,0
480885,1,1,1999,0,0,0,0,0,0,0,0,0,0
480886,1,1,1999,32,32,32,32,32,32,32,32,32,32
480886,2,1,1999,0,0,0,0,0,0,0,0,0,0
480887,0,1,1999,15,15,15,15,15,15,15,15,15,15
480887,1,1,1999,0,0,0,0,0,0,0,0,0,0
480888,1,1,1999,4,4,4,4,4,4,4,4,4,4
480888,2,1,1999,0,0,0,0,0,0,0,0,0,0
480889,0,1,1999,0,0,0,0,0,11,0,0,0,0
480889,1,1,1999,6,0,0,0,0,0,0,0,0,0
480890,1,1,1999,0,0,0,0,0,0,0,0,0,0
480890,2,1,1999,10,18,19,23,13,0,0,26,0,13
480891,0,1,1999,4,0,27,0,0,0,19,26,15,0
480891,1,1,1999,0,0,0,0,0,0,0,0,8,0
480892,1,1,1999,20,20,20,20,20,20,20,20,20,20
480893,1,1,1999,19,5,10,0,23,0,0,22,22,0
480894,1,1,1999,0,0,0,0,0,0,0,0,0,0
480894,2,1,1999,0,3,0,0,27,17,0,0,0,0
480895,1,1,1999,6,6,6,6,6,6,6,6,6,6
480896,1,1,1999,0,0,0,0,0,0,0,0,0,0
480896,2,1,1999,0,0,0,0,0,0,0,0,0,0
480897,1,1,1999,0,0,0,0,0,0,0,0,0,0
480897,2,1,1999,0,0,0,0,0,0,0,0,0,0
480898,1,1,1999,0,0,0,0,0,0,0,0,0,0
480898,2,1,1999,0,0,0,0,0,0,4,0,0,19
480899,1,1,1999,16,16,16,16,16,16,16,16,16,16
480899,2,1,1999,0,0,0,0,0,0,0,0,0,0
480900,0,1,1999,12,12,12,12,12,12,12,12,12,12
480900,1,1,1999,10,0,7,0,0,0,0,0,4,0
480901,1,1,1999,0,0,0,0,0,0,0,0,0,0
480901,2,1,1999,0,0,0,9,0,0,0,14,0,0
480902,1,1,1999,0,0,0,0,0,0,0,0,0,0
480903,1,1,1999,0,0,0,0,0,0,0,0,0,0
480905,1,1,1999,0,0,0,0,0,0,0,0,0,0
480905,2,1,1999,0,0,0,0,0,0,0,0,0,0
480906,1,1,1999,8,0,0,0,10,7,0,0,0,0
480906,2,1,1999,0,0,0,3,0,0,0,11,0,0
480907,1,1,1999,27,27,27,27,27,27,27,27,27,27
480908,1,1,1999,7,0,0,6,0,0,0,0,0,0
480908,2,1,1999,0,0,0,0,0,0,0,0,4,0
480909,1,1,1999,0,0,0,0,0,0,0,0,0,0
480910,1,1,1999,30,30,30,30,30,30,30,30,30,30
480910,2,1,1999,0,0,0,0,0,0,0,0,0,0
480911,1,1,1999,0,0,0,0,0,0,0,0,0,0
480911,2,1,1999,0,0,0,0,0,0,0,0,0,0
480912,0,1,1999,0,0,0,0,0,0,0,0,0,0
480912,1,1,1999,0,0,0,0,0,0,0,0,0,0
480912,2,1,1999,0,0,0,0,0,0,0,0,0,0
480913,1,1,1999,0,7,0,0,0,0,0,0,0,0
480913,2,1,1999,0,0,0,0,0,0,0,0,0,0
480914,1,1,1999,19,19,19,19,19,19,19,19,19,19
480915,1,1,1999,0,8,12,12,11,0,0,12,0,24
480917,1,1,1999,0,0,0,0,0,0,0,0,0,0
480917,2,1,1999,0,0,0,0,0,0,0,0,0,0
480918,0,1,1999,0,0,0,0,0,0,0,0,0,0
480918,1,1,1999,0,0,12,0,0,0,0,0,0,0
480919,1,1,1999,0,0,0,0,0,0,0,0,0,0
480919,2,1,1999,0,0,0,0,0,0,0,0,0,0
480920,1,1,1999,0,0,0,0,0,0,0,0,0,0
480921,1,1,1999,18,0,0,0,12,5,0,0,0,0
480921,2,1,1999,27,0,0,0,0,0,0,0,0,11
480922,1,1,1999,0,0,9,0,0,0,0,14,0,0
480922,2,1,1999,0,0,0,0,0,0,0,0,4,0
480922,3,1,1999,0,0,0,0,0,0,0,0,0,0
480923,1,1,1999,0,0,0,0,0,0,0,0,0,0
480923,2,1,1999,0,0,0,0,6,20,0,0,0,0
480923,3,1,1999,0,0,9,0,0,0,0,12,0,0
480924,1,1,1999,2,2,2,2,2,2,2,2,2,2
480925,1,1,1999,24,24,24,24,24,24,24,24,24,24
480926,0,1,1999,15,15,15,15,15,15,15,15,15,15
480926,1,1,1999,0,0,0,0,0,0,0,0,0,0
480927,1,1,1999,0,14,0,0,0,0,0,0,0,0
480927,2,1,1999,0,0,0,0,0,0,0,0,0,17
480928,1,1,1999,1,1,1,1,1,1,1,1,1,1
480928,2,1,1999,0,0,0,0,0,0,0,0,0,0
480929,1,1,1999,16,16,16,16,16,16,16,16,16,16
480929,2,1,1999,0,0,0,0,0,0,0,0,0,0
480930,1,1,1999,21,0,10,11,0,5,0,0,0,16
480931,1,1,1999,0,0,0,0,0,0,0,0,0,0
480931,2,1,1999,0,0,0,0,0,0,0,0,29,0
480932,1,1,1999,4,4,4,4,4,4,4,4,4,4
480932,2,1,1999,0,12,0,0,0,0,0,0,0,0
480933,1,1,1999,30,30,30,30,30,30,30,30,30,30
480934,0,1,1999,21,21,21,21,21,21,21,21,21,21
480934,1,1,1999,9,0,0,0,15,0,0,0,0,0
480934,2,1,1999,8,0,0,0,0,0,0,0,0,0
480935,1,1,1999,11,11,11,11,11,11,11,11,11,11
480936,1,1,1999,1,1,1,1,1,1,1,1,1,1
480936,2,1,1999,0,0,0,0,0,0,0,0,0,0
480937,1,1,1999,0,0,0,0,0,0,0,0,0,0
480938,1,1,1999,0,0,0,0,0,0,0,13,0,0
480938,2,1,1999,0,0,0,0,0,0,0,0,0,0
480939,1,1,1999,18,18,18,18,18,18,18,18,18,18
480940,1,1,1999,0,0,0,0,20,0,0,0,0,0
480940,2,1,1999,16,0,14,0,0,0,0,0,0,0
480941,1,1,1999,0,0,0,0,0,0,0,0,0,0
480941,2,1,1999,0,0,0,0,0,0,0,0,0,0
480942,1,1,1999,0,27,0,0,0,0,0,0,0,0
480943,1,1,1999,6,16,0,0,0,0,15,0,0,0
480944,1,1,1999,0,0,0,0,0,0,0,0,0,0
480944,2,1,1999,12,0,0,26,0,0,0,0,6,0
480944,3,1,1999,0,0,0,0,0,0,0,0,0,0
480945,1,1,1999,10,10,10,10,10,10,10,10,10,10
480946,1,1,1999,0,0,0,0,0,0,0,0,0,0
480947,1,1,1999,0,0,0,0,0,0,0,0,0,0
480948,1,1,1999,0,0,0,0,7,0,0,8,0,0
480948,2,1,1999,0,0,0,0,0,0,0,0,0,0
480949,1,1,1999,12,12,12,12,12,12,12,12,12,12
480949,2,1,1999,0,0,0,0,0,0,0,0,0,0
480950,1,1,1999,0,0,0,0,0,0,0,12,0,0
480950,2,1,1999,0,0,0,0,0,0,0,0,0,0
480951,1,1,1999,0,0,0,0,0,0,0,0,0,0
480951,2,1,1999,0,0,11,0,0,0,0,0,0,0
480951,3,1,1999,0,0,0,0,0,0,0,0,0,0
480952,1,1,1999,0,0,0,0,0,0,0,0,0,0
480952,2,1,1999,0,0,0,0,0,0,0,0,0,0
480953,1,1,1999,5,5,5,5,5,5,5,5,5,5
480954,1,1,1999,0,0,0,0,0,0,0,0,0,0
480954,2,1,1999,0,0,0,0,0,14,0,0,0,0
480955,1,1,1999,0,0,0,0,0,0,0,0,0,0
480955,2,1,1999,0,0,0,0,0,0,0,0,0,0
480956,1,1,1999,0,0,0,0,0,0,0,0,0,0
480957,1,1,1999,23,23,23,23,23,23,23,23,23,23
480958,1,1,1999,7,0,0,0,0,0,0,0,0,34
480958,2,1,1999,0,0,0,0,0,15,0,0,0,0
480959,1,1,1999,17,17,17,17,17,17,17,17,17,17
480960,1,1,1999,0,0,0,0,0,0,0,0,0,0
480960,2,1,1999,0,11,0,0,0,32,0,0,0,9
480961,1,1,1999,0,0,0,0,0,0,0,0,0,0
480961,2,1,1999,21,21,21,21,21,21,21,21,21,21
480961,3,1,1999,0,0,10,0,6,0,0,0,0,0
480962,1,1,1999,0,17,16,0,6,16,0,2,0,14
480963,1,1,1999,0,0,0,0,0,0,0,0,0,0
480963,2,1,1999,0,0,0,0,0,0,0,0,0,0
480964,1,1,1999,0,0,0,0,0,0,0,0,0,0
480964,2,1,1999,0,0,0,0,0,0,0,0,0,0
480965,1,1,1999,0,0,6,17,0,7,0,2,22,0
480966,1,1,1999,0,0,0,16,0,0,0,0,0,0
480966,2,1,1999,0,0,0,0,0,0,0,0,11,0
480967,1,1,1999,0,0,0,0,0,0,0,0,0,0
480967,2,1,1999,0,0,0,0,0,6,0,0,0,0
480968,1,1,1999,0,0,0,0,0,0,10,15,0,0
480968,2,1,1999,0,0,0,0,0,0,0,0,0,0
480969,1,1,1999,14,14,14,14,14,14,14,14,14,14
480970,1,1,1999,0,0,0,0,0,0,0,0,0,0
480970,2,1,1999,0,0,0,4,0,16,10,0,0,0
480971,1,1,1999,0,0,24,14,0,0,25,0,0,0
480971,2,1,1999,0,22,18,24,34,0,0,0,0,0
480972,1,1,1999,11,8,15,9,4,26,6,18,4,16
480973,1,1,1999,21,21,21,21,21,21,21,21,21,21
480974,1,1,1999,31,31,31,31,31,31,31,31,31,31
480975,1,1,1999,0,0,0,0,0,0,0,0,0,0
480975,2,1,1999,0,0,0,0,0,21,0,0,0,0
480976,1,1,1999,0,0,14,0,0,18,29,19,0,20
480976,2,1,1999,0,0,0,0,0,0,7,0,0,0
480977,1,1,1999,13,10,4,12,21,0,10,0,0,17
480978,0,1,1999,18,18,18,18,18,18,18,18,18,18
480978,1,1,1999,0,12,0,0,0,14,0,0,0,0
480979,0,1,1999,0,0,0,0,0,0,0,0,0,0
480979,1,1,1999,0,0,0,0,0,0,0,0,0,0
480980,1,1,1999,0,0,0,0,0,0,0,0,0,0
480980,2,1,1999,0,0,0,0,0,0,0,0,0,0
480981,1,1,1999,0,0,0,0,0,0,0,0,0,0
480982,1,1,1999,0,0,0,0,0,0,0,0,0,0
480982,2,1,1999,0,0,0,0,0,0,0,0,0,0
480983,1,1,1999,29,29,29,29,29,29,29,29,29,29
480983,2,1,1999,0,0,0,0,0,0,5,0,0,0
480984,1,1,1999,5,5,5,5,5,5,5,5,5,5
480985,1,1,1999,0,0,0,0,0,0,0,0,0,0
480985,2,1,1999,0,0,0,0,0,0,0,0,0,0
480985,3,1,1999,0,13,0,0,0,8,0,0,0,0
480986,0,1,1999,0,0,0,0,0,0,0,0,0,0
480986,1,1,1999,0,0,0,0,0,0,0,0,0,0
480987,1,1,1999,17,24,14,36,26,0,34,0,0,13
480988,1,1,1999,0,0,0,0,0,0,0,0,0,0
480988,2,1,1999,0,0,0,0,0,0,0,0,0,0
480989,1,1,1999,0,0,0,0,0,0,0,0,0,0
480989,2,1,1999,0,0,0,0,0,11,0,0,0,18
480990,1,1,1999,0,0,0,0,0,0,0,0,0,0
480990,2,1,1999,0,0,0,0,0,0,0,0,0,0
480991,1,1,1999,38,38,38,38,38,38,38,38,38,38
480992,1,1,1999,0,0,7,0,0,0,0,0,0,0
480992,2,1,1999,0,0,0,0,0,0,0,0,0,14
480993,0,1,1999,22,22,22,22,22,22,22,22,22,22
480993,1,1,1999,0,0,0,0,0,0,0,0,0,0
480994,1,1,1999,38,22,0,12,0,0,0,25,0,0
480995,1,1,1999,0,0,0,0,0,0,0,0,0,0
480995,2,1,1999,5,13,10,0,0,14,0,0,0,0
480996,1,1,1999,0,0,0,0,0,0,0,0,0,0
480996,2,1,1999,0,0,0,0,0,0,0,0,0,0
480997,1,1,1999,27,0,0,0,0,0,0,23,0,36
480998,1,1,1999,0,0,0,0,0,0,0,0,0,0
480999,1,1,1999,0,9,0,0,0,0,0,0,0,0
480999,2,1,1999,0,0,0,0,0,0,0,0,0,0