ST_CASE,VEH_NO,PER_NO,YEAR,P1,P2,P3,P4,P5,P6,P7,P8,P9,P10
481286,1,1,1999,19,0,18,0,0,0,0,0,0,0
481286,2,1,1999,0,0,0,0,0,0,0,0,0,0
481287,1,1,1999,18,18,18,18,18,18,18,18,18,18
481288,1,1,1999,0,0,0,0,0,0,0,0,0,0
481289,1,1,1999,16,16,16,16,16,16,16,16,16,16
481290,1,1,1999,11,11,11,11,11,11,11,11,11,11
481290,2,1,1999,0,16,0,23,0,0,0,8,0,0
481291,1,1,1999,0,0,18,0,0,0,0,0,0,0
481291,2,1,1999,0,0,0,0,0,0,0,0,0,0
481292,0,1,1999,16,16,16,16,16,16,16,16,16,16
481292,1,1,1999,14,14,14,14,14,14,14,14,14,14
481293,1,1,1999,0,0,9,0,0,0,0,0,0,0
481293,2,1,1999,21,21,21,21,21,21,21,21,21,21
481294,1,1,1999,0,0,0,0,0,0,0,0,0,0
481294,2,1,1999,0,0,0,0,18,23,0,0,0,0
481295,1,1,1999,0,0,0,0,0,0,0,0,0,0
481295,2,1,1999,0,0,0,0,0,0,0,0,13,0
481296,1,1,1999,0,0,0,0,0,0,0,0,0,0
481297,1,1,1999,22,10,0,15,17,10,8,0,0,0
481298,1,1,1999,0,0,0,0,0,0,0,0,0,0
481298,2,1,1999,0,0,0,0,0,0,0,0,0,0
481299,1,1,1999,0,0,0,0,0,0,0,0,0,0
481299,2,1,1999,0,0,0,0,0,0,0,0,0,0
481300,1,1,1999,0,0,0,0,0,0,0,0,0,0
481300,2,1,1999,0,0,0,0,0,0,0,0,0,0
481301,0,1,1999,0,12,29,0,10,0,13,8,0,41
481301,1,1,1999,0,0,0,0,0,0,0,0,0,0
481302,1,1,1999,0,0,0,0,0,0,0,0,0,0
481302,2,1,1999,23,0,0,0,0,0,0,0,0,0
481303,1,1,1999,0,0,13,0,0,0,0,0,0,0
481303,2,1,1999,18,5,16,3,14,15,8,3,12,18
481304,1,1,1999,0,0,0,0,0,0,0,0,0,0
481305,1,1,1999,0,0,0,0,0,0,0,0,0,0
481305,2,1,1999,0,0,0,0,16,0,0,0,0,0
481306,1,1,1999,0,15,0,0,0,0,0,0,0,0
481307,1,1,1999,0,0,8,0,0,0,0,0,0,0
481308,0,1,1999,0,0,0,36,0,0,17,0,0,0
481308,1,1,1999,0,0,0,0,0,0,0,0,0,0
481309,1,1,1999,0,0,0,16,10,0,0,0,0,0
481310,1,1,1999,0,0,0,0,0,15,0,0,0,0
481311,1,1,1999,14,8,39,23,7,19,16,13,0,21
481311,2,1,1999,3,11,10,19,12,16,13,12,6,12
481312,0,1,1999,0,0,0,18,0,19,31,0,0,0
481312,1,1,1999,0,0,0,0,0,0,0,0,0,0
481313,1,1,1999,0,0,0,0,0,0,0,0,0,0
481313,2,1,1999,0,0,0,0,0,0,0,0,0,0
481314,1,1,1999,0,0,0,0,0,0,0,0,0,0
481314,2,1,1999,0,0,0,0,0,0,0,0,0,0
481315,1,1,1999,0,0,0,0,0,0,0,0,0,0
481315,2,1,1999,0,0,0,0,0,0,0,0,0,0
481315,3,1,1999,0,0,0,26,0,0,19,0,0,0
481316,0,1,1999,34,0,25,29,16,0,15,28,24,2
481316,1,1,1999,0,0,0,0,0,0,0,0,0,0
481317,0,1,1999,7,0,7,29,0,0,17,35,17,15
481317,1,1,1999,9,13,5,22,26,20,0,19,2,16
481318,0,1,1999,16,0,13,20,23,0,33,24,0,23
481318,1,1,1999,0,0,0,0,9,0,0,0,0,0
481319,1,1,1999,0,0,0,0,0,0,0,0,0,0
481320,1,1,1999,0,0,0,0,0,0,0,0,0,0
481321,0,1,1999,0,14,16,28,0,36,13,0,0,19
481321,1,1,1999,0,14,5,0,0,0,0,12,28,3
481322,0,1,1999,21,13,0,0,0,20,0,0,8,0
481322,1,1,1999,5,0,0,0,0,0,0,0,0,0
481323,0,1,1999,0,0,0,0,0,0,0,0,0,0
481323,1,1,1999,0,8,11,10,6,0,0,0,18,9
481324,1,1,1999,0,18,0,0,0,0,0,21,0,16
481324,2,1,1999,0,0,0,0,0,0,0,0,0,0
481325,1,1,1999,0,0,0,0,0,0,0,0,0,0
481325,2,1,1999,0,0,0,0,0,0,0,0,0,0
481326,1,1,1999,0,0,0,0,0,0,0,0,0,0
481326,2,1,1999,0,0,0,0,0,22,0,0,0,0
481327,1,1,1999,22,13,0,9,0,19,14,32,0,0
481328,1,1,1999,22,34,16,12,27,15,23,11,13,18
481329,0,1,1999,13,14,5,0,33,0,7,8,0,20
481329,1,1,1999,0,0,0,0,0,0,0,0,0,0
481330,1,1,1999,25,25,25,25,25,25,25,25,25,25
481331,0,1,1999,0,0,0,0,0,12,0,0,0,0
481331,1,1,1999,0,18,0,0,0,0,0,0,0,0
481332,1,1,1999,0,13,0,0,0,28,0,0,9,0
481333,1,1,1999,6,6,6,6,6,6,6,6,6,6
481334,1,1,1999,0,0,0,0,0,0,0,0,0,0
481334,2,1,1999,0,0,0,0,0,0,0,0,0,0
481334,3,1,1999,0,0,0,0,0,0,0,0,0,0
481334,4,1,1999,0,0,0,0,0,0,0,0,0,0
481335,1,1,1999,21,21,21,21,21,21,21,21,21,21
481335,2,1,1999,0,0,0,25,0,16,0,0,0,0
481336,0,1,1999,17,7,48,0,16,19,38,22,26,21
481336,1,1,1999,0,0,0,0,0,0,0,0,0,0
481337,1,1,1999,22,22,22,22,22,22,22,22,22,22
481338,1,1,1999,0,0,0,0,0,0,0,0,0,0
481339,1,1,1999,13,0,0,0,19,0,14,0,0,18
481339,2,1,1999,17,21,0,9,0,0,0,16,0,0
481340,1,1,1999,0,0,0,0,0,0,0,0,0,0
481340,2,1,1999,0,4,12,15,12,0,0,0,0,17
481341,1,1,1999,0,0,0,0,0,0,0,0,0,0
481341,2,1,1999,0,0,0,0,0,0,0,0,0,0
481341,3,1,1999,0,0,0,18,0,14,13,5,0,7
481342,1,1,1999,0,0,0,0,0,0,0,0,0,0
481343,1,1,1999,21,21,21,21,21,21,21,21,21,21
481344,1,1,1999,0,0,0,0,21,17,0,0,0,25
481345,1,1,1999,0,0,0,0,0,0,0,0,0,0
481345,2,1,1999,0,0,0,0,0,0,0,0,0,0
481346,1,1,1999,0,0,0,0,0,0,0,0,0,0
481347,1,1,1999,0,0,0,0,0,0,0,0,0,0
481347,2,1,1999,0,0,0,16,0,0,0,0,0,0
481348,1,1,1999,18,18,18,18,18,18,18,18,18,18
481349,1,1,1999,21,21,21,21,21,21,21,21,21,21
481350,1,1,1999,22,22,22,22,22,22,22,22,22,22
481351,1,1,1999,0,0,0,0,0,0,0,0,0,0
481351,2,1,1999,0,6,0,0,0,0,0,0,0,0
481352,1,1,1999,0,0,31,0,16,0,0,11,0,7
481353,0,1,1999,8,8,8,8,8,8,8,8,8,8
481353,1,1,1999,0,0,0,0,0,0,0,0,0,0
481354,1,1,1999,0,12,0,0,0,23,0,0,0,9
481354,2,1,1999,0,0,0,0,0,0,0,11,0,0
481354,3,1,1999,0,0,0,0,0,0,0,0,7,0
481355,1,1,1999,0,0,0,0,19,0,0,0,0,0
481355,2,1,1999,0,21,0,0,0,0,0,0,0,0
481356,1,1,1999,14,18,9,18,23,18,0,11,4,13
481356,2,1,1999,0,0,0,0,0,0,0,5,9,9
481357,1,1,1999,26,26,26,26,26,26,26,26,26,26
481357,2,1,1999,0,9,0,0,0,0,14,11,0,0
481358,1,1,1999,0,0,0,0,0,0,11,0,0,0
481358,2,1,1999,0,0,0,0,0,0,0,0,0,0
481359,1,1,1999,16,0,0,0,20,10,23,0,0,0
481359,2,1,1999,0,11,0,0,0,0,0,0,0,0
481360,1,1,1999,15,15,15,15,15,15,15,15,15,15
481361,1,1,1999,35,35,35,35,35,35,35,35,35,35
481362,1,1,1999,0,0,0,0,0,0,0,0,0,0
481362,2,1,1999,0,0,0,14,14,0,16,0,14,22
481363,0,1,1999,0,0,0,0,11,0,0,0,0,0
481363,0,2,1999,0,0,0,0,0,0,0,0,0,0
481363,1,1,1999,0,0,0,0,0,0,0,0,0,0
481364,1,1,1999,0,0,0,0,0,25,0,0,0,0
481364,2,1,1999,0,0,0,0,0,0,0,0,0,0
481365,1,1,1999,0,25,0,0,0,0,0,0,0,4
481365,2,1,1999,3,0,0,0,0,0,0,0,14,0
481365,3,1,1999,0,0,3,0,0,0,0,0,0,0
481366,1,1,1999,16,9,0,0,11,11,0,15,16,3
481367,1,1,1999,0,0,0,0,0,0,0,0,0,0
481368,1,1,1999,15,15,15,15,15,15,15,15,15,15
481368,2,1,1999,0,0,0,0,0,0,0,10,0,0
481369,1,1,1999,15,15,15,15,15,15,15,15,15,15
481369,2,1,1999,0,0,0,0,0,0,0,0,0,0
481370,0,1,1999,0,0,0,0,0,0,0,0,0,0
481370,1,1,1999,0,9,0,0,0,9,0,0,4,0
481371,1,1,1999,11,11,11,11,11,11,11,11,11,11
481372,1,1,1999,20,0,18,18,17,13,9,0,17,12
481373,1,1,1999,0,10,0,0,0,0,22,18,20,0
481373,2,1,1999,6,0,0,29,0,0,0,0,0,0
481374,0,1,1999,0,0,0,21,0,0,0,0,0,0
481374,1,1,1999,0,0,0,0,12,12,14,0,0,13
481375,1,1,1999,22,22,22,22,22,22,22,22,22,22
481376,1,1,1999,4,4,4,4,4,4,4,4,4,4
481377,1,1,1999,24,2,0,0,0,0,0,0,0,0
481378,1,1,1999,0,0,20,24,0,0,8,0,13,0
481378,2,1,1999,0,0,0,0,15,0,9,0,0,9
481379,1,1,1999,0,0,0,0,0,0,0,0,0,0
481379,2,1,1999,0,0,0,0,0,0,0,0,0,0
481380,0,1,1999,0,34,0,23,31,0,15,0,0,0
481380,1,1,1999,0,29,0,7,0,0,0,0,13,0
481381,1,1,1999,0,0,0,0,0,0,0,0,0,0
481381,2,1,1999,0,0,0,0,0,0,0,0,0,0
481382,1,1,1999,0,0,0,0,0,10,0,0,0,0
481382,2,1,1999,0,0,0,0,0,0,0,0,0,0
481383,1,1,1999,19,14,27,0,0,0,0,0,22,0
481384,1,1,1999,0,0,0,0,0,0,0,0,0,16
481385,1,1,1999,12,9,17,14,19,0,12,25,15,27
481386,1,1,1999,0,19,0,0,0,0,0,0,14,15
481386,2,1,1999,17,0,5,0,16,0,19,0,26,0
481387,1,1,1999,14,0,4,0,9,29,0,18,4,27
481388,1,1,1999,0,18,16,28,12,0,0,0,30,0
481389,1,1,1999,0,11,32,0,0,0,0,9,0,17
481390,1,1,1999,0,0,0,0,0,0,0,0,0,0
481390,2,1,1999,0,0,0,0,0,0,0,0,0,0
481390,3,1,1999,0,0,0,0,0,0,0,0,0,0
481391,1,1,1999,0,0,0,0,0,0,0,0,0,0
481391,2,1,1999,0,0,0,0,0,0,0,10,0,0
481392,1,1,1999,0,0,13,0,0,0,0,15,16,0
481393,1,1,1999,0,0,0,0,0,0,0,0,0,0
481393,2,1,1999,0,0,0,0,0,0,10,0,24,0
481394,1,1,1999,0,0,5,0,0,0,0,0,0,0
481394,2,1,1999,0,0,0,0,0,0,0,0,0,0
481395,1,1,1999,18,0,0,33,22,24,11,18,21,0
481396,1,1,1999,0,0,0,0,0,0,0,0,0,0
481396,2,1,1999,0,0,3,0,0,0,0,0,0,0
481396,3,1,1999,0,0,0,0,0,0,0,0,0,0
481397,1,1,1999,0,20,0,0,0,3,0,18,0,0
481398,1,1,1999,0,0,13,12,9,13,10,7,0,4
481398,2,1,1999,0,0,0,22,0,0,0,0,0,0
481399,1,1,1999,24,24,24,24,24,24,24,24,24,24
481400,1,1,1999,17,17,17,17,17,17,17,17,17,17
481401,1,1,1999,8,14,9,32,6,15,16,26,10,25
481402,1,1,1999,19,14,23,25,7,23,13,20,24,7
481402,2,1,1999,0,0,0,20,0,0,0,23,0,0
481403,1,1,1999,0,0,0,0,0,0,0,0,0,15
481403,2,1,1999,0,0,0,0,0,0,28,0,0,0
481404,0,1,1999,27,27,27,27,27,27,27,27,27,27
481404,1,1,1999,0,0,0,0,0,0,0,0,0,0
481405,1,1,1999,4,4,4,4,4,4,4,4,4,4
481406,1,1,1999,0,0,0,0,0,0,0,0,0,0
481407,1,1,1999,0,0,0,0,0,0,0,0,8,0
481407,2,1,1999,0,0,0,0,0,0,0,0,0,0
481408,0,1,1999,0,0,25,18,0,46,59,0,0,17
481408,1,1,1999,0,0,0,0,0,0,0,0,0,0
481409,1,1,1999,23,0,25,16,38,7,20,21,35,14
481410,0,1,1999,47,47,47,47,47,47,47,47,47,47
481410,1,1,1999,0,0,0,0,0,0,0,0,0,0
481411,1,1,1999,10,7,16,12,4,16,18,6,0,15
481411,2,1,1999,0,0,0,0,0,0,0,0,0,0
481412,1,1,1999,26,26,26,26,26,26,26,26,26,26
481412,2,1,1999,0,0,0,0,0,0,0,0,0,0
481413,1,1,1999,0,0,0,0,33,0,0,0,0,0
481413,2,1,1999,0,0,0,0,0,0,0,0,0,0
481414,1,1,1999,28,28,28,28,28,28,28,28,28,28
481414,2,1,1999,0,0,0,0,0,0,0,0,0,0
481415,1,1,1999,0,0,0,0,0,0,0,0,0,0
481415,2,1,1999,0,0,0,0,14,0,0,0,15,0
481416,1,1,1999,0,0,0,0,0,0,0,0,0,0
481417,1,1,1999,0,12,5,12,19,7,12,32,0,12
481417,2,1,1999,8,0,0,22,5,0,11,0,0,0
481418,0,1,1999,0,0,34,0,0,0,0,0,14,27
481418,1,1,1999,0,0,0,0,0,0,0,0,0,0
481419,1,1,1999,0,0,18,0,4,11,12,0,0,18
481420,1,1,1999,25,25,25,25,25,25,25,25,25,25
481421,1,1,1999,0,0,0,0,0,0,0,0,0,0
481421,2,1,1999,0,0,0,0,0,0,0,0,0,0
481422,1,1,1999,0,29,0,9,8,18,0,0,0,0
481423,1,1,1999,0,0,0,0,0,0,0,0,0,0
481423,2,1,1999,0,0,0,0,0,0,0,0,0,0
481423,3,1,1999,0,0,0,0,0,0,0,0,0,0
481423,4,1,1999,0,0,0,0,0,0,0,0,0,0
481424,1,1,1999,0,0,0,0,0,16,0,0,0,0
481425,1,1,1999,16,0,0,0,0,0,17,0,8,18
481426,1,1,1999,24,24,24,24,24,24,24,24,24,24
481427,1,1,1999,20,20,20,20,20,20,20,20,20,20
481428,1,1,1999,0,0,0,0,0,0,0,0,0,0
481428,2,1,1999,0,0,0,0,0,0,0,0,0,0
481429,1,1,1999,0,20,0,10,0,0,13,0,0,0
481429,2,1,1999,0,0,0,0,0,0,0,0,0,21
481430,1,1,1999,0,0,0,0,0,0,0,0,0,0
481430,2,1,1999,0,0,0,0,0,0,0,0,0,0
481431,1,1,1999,0,0,0,0,0,0,0,0,0,0
481431,2,1,1999,0,0,0,0,0,0,0,0,0,0
481432,1,1,1999,0,0,0,8,0,0,20,0,0,0
481433,1,1,1999,0,0,0,0,0,0,0,0,0,0
481434,1,1,1999,37,0,0,33,30,23,44,24,24,0
481435,1,1,1999,0,0,0,0,0,0,0,0,0,0
481435,2,1,1999,0,0,0,0,0,0,0,0,0,0
481435,3,1,1999,0,0,0,0,0,0,0,0,0,0
481436,1,1,1999,0,0,0,0,0,0,0,0,0,0
481436,2,1,1999,0,0,0,0,0,0,0,0,0,0
481437,0,1,1999,0,0,0,0,0,9,0,0,0,0
481437,1,1,1999,0,0,0,0,8,0,0,20,0,0
481438,1,1,1999,0,0,0,0,0,0,0,0,0,0
481439,1,1,1999,10,15,0,17,9,22,6,7,22,19
481440,1,1,1999,26,22,0,10,17,22,23,9,24,19
481441,1,1,1999,26,26,26,26,26,26,26,26,26,26
481441,2,1,1999,0,0,0,0,0,0,0,0,0,0
481442,1,1,1999,0,0,0,0,0,0,0,0,0,0
481442,2,1,1999,0,0,0,0,0,0,0,0,0,0
481443,1,1,1999,0,0,0,0,0,0,0,0,0,0
481443,2,1,1999,0,0,2,0,0,0,0,0,0,0
481444,1,1,1999,12,12,12,12,12,12,12,12,12,12
481445,1,1,1999,0,0,0,12,0,12,0,11,0,0
481445,2,1,1999,0,18,33,0,0,0,0,0,9,0
481446,1,1,1999,0,0,0,0,0,0,0,0,0,0
481446,2,1,1999,0,0,0,0,0,9,0,0,0,22
481447,1,1,1999,0,0,0,0,0,0,0,0,0,0
481448,1,1,1999,12,0,17,21,25,12,30,17,23,0
481449,0,1,1999,0,0,0,0,0,0,0,0,0,0
481449,1,1,1999,0,0,0,0,0,0,0,0,0,0
481450,1,1,1999,0,0,0,0,0,0,0,0,0,0
481450,2,1,1999,0,0,0,0,0,0,0,0,0,0
481451,1,1,1999,0,0,11,19,0,14,0,0,0,0
481452,1,1,1999,18,18,18,18,18,18,18,18,18,18
481453,1,1,1999,18,18,18,18,18,18,18,18,18,18
481454,1,1,1999,23,23,23,23,23,23,23,23,23,23
481454,2,1,1999,0,18,0,11,0,0,0,0,9,11
481454,3,1,1999,0,0,8,9,0,22,0,0,25,0
481455,0,1,1999,19,0,33,30,15,7,0,0,6,25
481455,1,1,1999,0,0,0,0,0,0,0,0,0,0
481456,1,1,1999,26,26,26,26,26,26,26,26,26,26
481457,1,1,1999,5,5,5,5,5,5,5,5,5,5
481457,2,1,1999,0,0,0,0,0,0,0,0,0,0
481458,1,1,1999,14,14,14,14,14,14,14,14,14,14
481458,2,1,1999,0,0,0,16,10,0,0,0,0,0
481458,3,1,1999,0,0,0,0,0,0,0,0,0,0
481459,1,1,1999,14,14,14,14,14,14,14,14,14,14
481460,1,1,1999,17,17,17,17,17,17,17,17,17,17
481461,1,1,1999,22,22,22,22,22,22,22,22,22,22
481461,2,1,1999,0,14,0,3,0,0,0,12,0,0
481462,1,1,1999,11,11,11,11,11,11,11,11,11,11
481462,2,1,1999,0,0,0,0,0,0,0,0,0,0
481463,1,1,1999,0,10,0,0,15,0,0,18,20,0
481464,1,1,1999,0,0,0,0,0,0,0,0,0,0
481464,2,1,1999,0,0,0,0,0,0,0,0,0,0
481464,3,1,1999,0,0,0,0,0,0,0,0,0,0
481465,1,1,1999,0,0,0,0,0,0,0,0,0,0
481465,2,1,1999,0,0,0,0,0,0,0,0,0,0
481466,1,1,1999,26,27,16,31,21,0,0,4,51,18
481467,1,1,1999,23,23,23,23,23,23,23,23,23,23
481468,1,1,1999,20,23,11,50,7,14,24,25,8,14
481469,1,1,1999,11,11,11,11,11,11,11,11,11,11
481470,1,1,1999,0,0,0,0,0,0,0,0,0,0
481470,2,1,1999,0,0,0,0,0,0,0,0,0,0
481471,0,1,1999,55,18,10,7,0,0,18,27,0,40
481471,1,1,1999,10,0,0,0,0,16,0,0,0,0
481472,1,1,1999,4,2,34,13,13,9,14,0,0,14
481473,1,1,1999,0,0,0,0,0,0,0,0,0,0
481473,2,1,1999,0,0,0,0,0,0,0,0,0,0
481475,1,1,1999,0,0,0,0,0,0,0,0,0,0
481475,2,1,1999,0,0,0,0,0,0,0,0,0,0
481476,1,1,1999,25,25,25,25,25,25,25,25,25,25
481477,1,1,1999,6,18,28,0,13,0,0,0,8,12
481478,1,1,1999,0,0,0,0,0,0,0,0,0,0
481479,1,1,1999,0,0,37,13,14,28,0,18,26,4
481480,1,1,1999,0,0,0,0,0,0,0,0,0,0
481480,2,1,1999,0,0,0,0,0,0,0,0,0,0
481481,1,1,1999,0,0,0,0,19,0,0,0,0,0
481482,1,1,1999,2,0,16,0,9,17,25,0,0,0
481483,1,1,1999,25,6,20,17,22,3,13,0,7,14
481484,1,1,1999,0,0,0,0,0,0,0,0,0,0
481484,2,1,1999,0,0,0,0,0,0,0,0,0,0
481485,1,1,1999,11,0,7,0,21,0,0,0,8,7
481486,1,1,1999,7,0,17,27,0,0,0,0,0,0
481486,2,1,1999,0,0,10,12,19,0,0,0,11,0
481486,3,1,1999,9,0,0,0,0,0,0,0,22,0
481486,4,1,1999,0,0,0,9,0,0,0,0,0,0
481486,5,1,1999,0,0,0,0,0,0,7,13,0,0
481486,6,1,1999,3,0,0,11,0,0,0,0,0,6
481486,7,1,1999,11,0,0,0,0,0,0,0,0,8
481486,8,1,1999,0,8,17,0,0,0,9,0,0,0
481487,1,1,1999,0,0,0,0,0,0,0,0,0,0
481487,2,1,1999,0,0,0,0,0,0,0,11,0,5
481488,0,1,1999,33,0,0,0,0,22,33,10,8,44
481488,1,1,1999,0,0,0,0,0,0,0,0,0,0
481489,0,1,1999,38,21,20,20,0,16,27,27,0,18
481489,1,1,1999,0,0,19,0,0,0,0,0,0,0
481490,1,1,1999,0,0,0,0,0,0,0,0,0,0
481490,2,1,1999,0,0,0,0,0,0,9,0,0,0
481491,0,1,1999,0,0,0,0,0,0,0,0,0,0
481491,1,1,1999,0,0,14,0,0,0,0,0,0,0
481492,1,1,1999,2,2,2,2,2,2,2,2,2,2
481493,1,1,1999,0,10,0,20,30,21,0,0,20,0
481494,1,1,1999,20,20,20,20,20,20,20,20,20,20
481495,1,1,1999,0,0,0,0,0,0,0,0,0,0
481495,2,1,1999,19,0,0,0,0,0,0,0,0,0
481496,1,1,1999,8,0,0,0,0,0,0,0,0,0
481496,2,1,1999,8,25,8,28,10,13,17,15,6,15
481497,0,1,1999,0,0,0,0,0,0,0,0,0,0
481497,1,1,1999,0,0,0,0,0,0,0,0,0,0
481498,0,1,1999,0,3,0,0,0,0,4,11,0,0
481498,1,1,1999,0,0,0,0,0,0,0,0,0,0
481499,1,1,1999,0,0,0,0,0,0,0,0,0,0
481499,2,1,1999,23,0,0,0,0,0,0,0,0,12
481500,1,1,1999,0,0,0,0,0,0,0,0,0,0
481501,1,1,1999,0,0,0,0,0,0,0,0,0,0
481501,2,1,1999,0,0,0,0,0,0,0,0,0,0
481502,1,1,1999,0,0,0,0,0,0,10,0,0,0
481502,2,1,1999,0,0,0,0,13,21,0,0,0,0
481503,1,1,1999,0,0,0,0,0,0,0,0,0,21
481504,0,1,1999,29,0,0,5,0,0,0,0,0,26
481504,1,1,1999,15,7,0,0,0,0,0,0,26,0
481505,1,1,1999,0,0,0,0,0,0,0,19,0,10
481505,2,1,1999,20,38,0,12,0,0,0,16,15,5
481506,1,1,1999,16,16,16,16,16,16,16,16,16,16
481507,1,1,1999,21,21,21,21,21,21,21,21,21,21
481507,2,1,1999,0,0,0,0,0,0,0,0,0,0
481508,1,1,1999,0,18,12,11,0,24,11,16,14,5
481509,1,1,1999,4,4,4,4,4,4,4,4,4,4
481510,1,1,1999,0,24,0,0,8,0,0,0,0,0
481511,1,1,1999,0,0,0,0,0,0,0,0,0,0
481512,1,1,1999,0,0,0,0,0,0,0,0,0,0
481512,2,1,1999,0,20,0,0,0,0,0,0,0,0
481513,1,1,1999,0,0,0,0,0,0,0,0,0,0
481514,1,1,1999,13,11,16,21,9,0,32,0,7,37
481515,1,1,1999,10,0,0,0,0,0,0,0,0,11
481515,2,1,1999,0,0,0,0,0,0,0,0,0,0
481516,1,1,1999,0,0,0,0,0,0,0,0,0,0
481517,1,1,1999,0,9,11,39,6,8,0,26,0,18
481518,1,1,1999,0,0,0,0,0,0,0,0,0,0
481518,2,1,1999,0,0,0,0,0,0,0,0,0,0
481518,3,1,1999,0,0,0,0,0,0,0,0,0,0
481518,4,1,1999,0,0,0,0,0,0,0,0,0,0
481518,5,1,1999,0,0,0,0,0,0,0,0,0,0
481518,6,1,1999,0,0,0,0,0,0,0,0,0,0
481519,0,1,1999,0,15,27,26,6,28,0,22,30,40
481519,1,1,1999,0,0,0,0,0,0,0,0,0,0
481520,1,1,1999,1,1,1,1,1,1,1,1,1,1
481521,1,1,1999,26,12,0,0,16,13,16,18,10,0
481521,2,1,1999,0,0,0,0,0,0,0,0,0,6
481522,1,1,1999,6,6,6,6,6,6,6,6,6,6
481523,1,1,1999,0,0,0,0,19,0,0,0,0,0
481523,2,1,1999,0,16,0,0,7,9,0,0,0,0
481523,3,1,1999,0,0,0,0,0,0,0,0,0,0
481524,1,1,1999,13,19,0,18,12,19,5,3,0,3
481525,1,1,1999,16,16,16,16,16,16,16,16,16,16
481526,1,1,1999,0,0,0,0,0,0,0,0,0,0
481526,2,1,1999,0,0,0,0,0,0,0,0,0,0
481527,1,1,1999,0,0,0,0,0,0,0,0,0,0
481527,2,1,1999,0,0,0,0,0,0,0,0,0,0
481527,3,1,1999,0,0,0,0,0,0,0,0,0,0
481527,4,1,1999,7,20,0,0,6,0,0,0,0,0
481527,5,1,1999,0,12,0,20,0,0,0,4,0,0
481528,1,1,1999,9,0,0,0,33,0,0,9,0,0
481528,2,1,1999,0,0,0,0,0,9,0,0,7,0
481529,1,1,1999,0,0,0,0,0,0,0,0,0,0
481529,2,1,1999,20,20,20,20,20,20,20,20,20,20
481530,0,1,1999,25,24,24,19,21,11,25,32,25,20
481530,1,1,1999,16,0,13,7,14,12,13,0,0,13
481531,1,1,1999,23,0,0,0,0,0,0,0,0,0
481532,1,1,1999,0,0,0,0,0,0,0,0,0,0
481532,2,1,1999,0,0,0,0,0,0,0,0,0,0
481533,1,1,1999,17,17,17,17,17,17,17,17,17,17
481534,1,1,1999,0,0,0,0,0,10,0,0,0,0
481534,2,1,1999,0,0,0,0,13,0,0,0,0,0
481535,1,1,1999,0,0,0,0,0,0,0,0,0,0
481535,2,1,1999,0,0,0,0,0,0,0,0,26,0
481536,1,1,1999,0,0,0,0,0,0,9,0,0,0
481537,1,1,1999,0,17,0,0,0,15,6,0,0,0
481537,2,1,1999,29,0,0,0,0,13,0,30,0,0
481538,0,1,1999,0,0,0,0,14,14,0,0,0,0
481538,1,1,1999,5,5,5,5,5,5,5,5,5,5
481539,1,1,1999,0,7,0,0,25,0,31,0,0,23
481540,1,1,1999,0,0,0,0,0,0,0,0,0,0
481540,2,1,1999,0,0,0,0,0,0,0,0,0,0
481541,0,1,1999,0,0,0,0,0,0,0,0,0,0
481541,1,1,1999,0,20,0,12,0,0,0,0,7,0
481542,1,1,1999,7,7,7,7,7,7,7,7,7,7
481543,1,1,1999,25,25,25,25,25,25,25,25,25,25
481543,2,1,1999,0,0,0,19,0,0,9,0,0,0
481544,1,1,1999,11,11,19,19,6,7,9,0,0,11
481544,2,1,1999,0,27,0,0,0,0,0,0,0,15
481545,1,1,1999,0,0,0,0,0,0,0,17,0,13
481546,0,1,1999,27,27,27,27,27,27,27,27,27,27
481546,1,1,1999,0,0,0,0,0,0,0,0,0,0
481547,1,1,1999,0,0,0,0,0,0,0,0,0,0
481547,2,1,1999,0,12,7,13,22,0,17,7,0,0
481548,1,1,1999,13,13,13,13,13,13,13,13,13,13
481549,1,1,1999,2,0,22,9,20,14,5,21,19,8
481549,2,1,1999,0,0,0,0,0,0,0,0,0,0
481549,3,1,1999,0,7,0,13,0,0,0,14,21,0
481550,1,1,1999,26,26,26,26,26,26,26,26,26,26
481550,2,1,1999,0,0,20,0,23,0,0,11,0,26
481551,1,1,1999,0,0,0,0,0,0,0,0,0,0
481551,2,1,1999,0,0,0,0,0,0,0,0,0,0
481552,1,1,1999,0,0,0,0,0,0,0,0,0,0
481552,2,1,1999,0,0,0,0,0,0,0,0,0,0
481553,1,1,1999,0,0,0,0,0,0,0,0,0,0
481553,2,1,1999,0,0,0,0,0,0,0,0,0,0
481553,3,1,1999,0,0,0,0,0,0,0,0,0,0
481554,1,1,1999,8,4,22,22,22,7,6,11,18,0
481554,2,1,1999,0,0,0,0,0,0,0,0,0,0
481554,3,1,1999,18,0,9,0,0,0,0,0,0,0
481554,4,1,1999,0,0,0,0,0,0,0,0,0,0