ST_CASE,VEH_NO,PER_NO,YEAR,P1,P2,P3,P4,P5,P6,P7,P8,P9,P10
481555,1,1,1999,7,7,7,7,7,7,7,7,7,7
481556,1,1,1999,0,0,0,0,26,32,0,0,16,0
481557,1,1,1999,0,0,0,0,0,0,0,0,0,0
481557,2,1,1999,0,0,0,0,0,0,0,0,0,0
481558,1,1,1999,0,0,0,0,0,0,22,0,0,0
481559,1,1,1999,0,0,0,0,0,0,20,0,0,0
481559,2,1,1999,0,0,0,0,0,0,0,10,0,0
481560,1,1,1999,0,0,13,0,0,0,0,0,0,0
481561,1,1,1999,6,6,6,6,6,6,6,6,6,6
481561,2,1,1999,14,0,0,0,0,0,0,0,0,0
481562,1,1,1999,0,0,0,7,0,0,11,0,0,0
481562,2,1,1999,11,11,11,11,11,11,11,11,11,11
481563,1,1,1999,0,0,4,0,0,0,0,0,0,0
481563,2,1,1999,0,0,0,0,0,0,0,0,0,0
481564,1,1,1999,15,15,15,15,15,15,15,15,15,15
481565,1,1,1999,0,0,0,0,0,0,0,0,0,0
481565,2,1,1999,19,19,19,19,19,19,19,19,19,19
481566,1,1,1999,0,0,0,9,9,6,0,20,14,0
481567,1,1,1999,4,16,0,0,0,14,13,0,10,0
481568,1,1,1999,0,0,0,0,0,0,0,0,0,0
481569,1,1,1999,0,0,0,0,0,0,0,12,0,14
481570,1,1,1999,5,5,5,5,5,5,5,5,5,5
481571,1,1,1999,13,13,13,13,13,13,13,13,13,13
481572,1,1,1999,0,0,0,0,0,0,0,0,0,0
481572,2,1,1999,0,0,0,0,0,0,0,0,0,0
481573,1,1,1999,0,0,0,0,0,0,0,0,0,0
481573,2,1,1999,0,0,0,0,0,0,0,0,0,0
481574,0,1,1999,0,0,0,0,0,0,0,0,0,0
481574,1,1,1999,17,17,17,17,17,17,17,17,17,17
481575,1,1,1999,0,0,0,0,0,0,0,0,0,0
481575,2,1,1999,0,0,0,0,0,0,0,0,0,0
481576,1,1,1999,25,0,0,12,0,0,0,0,0,15
481577,1,1,1999,0,0,0,0,0,0,0,0,0,0
481578,0,1,1999,31,25,39,26,0,0,18,0,0,0
481578,1,1,1999,0,0,0,13,0,0,9,0,0,0
481579,1,1,1999,22,22,22,22,22,22,22,22,22,22
481580,1,1,1999,19,19,19,19,19,19,19,19,19,19
481581,1,1,1999,0,18,0,0,0,13,0,0,10,0
481581,2,1,1999,12,16,17,15,0,17,23,26,10,16
481582,1,1,1999,0,0,0,0,0,0,0,0,0,0
481582,2,1,1999,0,0,0,21,0,0,0,0,0,0
481582,3,1,1999,0,0,11,0,0,0,0,0,0,0
481583,1,1,1999,0,0,0,0,10,0,0,0,5,0
481583,2,1,1999,0,0,0,14,0,0,22,16,0,0
481584,1,1,1999,0,0,0,0,0,0,0,0,0,0
481585,1,1,1999,0,0,0,16,0,0,0,0,4,0
481585,2,1,1999,0,0,0,0,0,0,0,0,0,0
481586,1,1,1999,10,10,10,10,10,10,10,10,10,10
481587,1,1,1999,25,25,25,25,25,25,25,25,25,25
481588,0,1,1999,0,0,0,0,22,0,18,15,0,3
481588,1,1,1999,20,27,25,26,21,9,5,2,18,7
481589,1,1,1999,0,0,0,0,0,0,17,0,0,11
481590,1,1,1999,9,9,9,9,9,9,9,9,9,9
481590,2,1,1999,0,0,0,0,0,0,0,0,0,0
481591,1,1,1999,0,0,0,0,0,0,0,0,0,0
481591,2,1,1999,16,0,0,0,0,7,0,0,0,0
481592,1,1,1999,13,0,0,0,0,0,13,0,14,0
481593,1,1,1999,0,0,0,0,0,0,0,0,0,0
481593,2,1,1999,0,0,0,0,0,0,0,0,0,0
481594,1,1,1999,0,0,0,0,0,0,0,0,0,0
481594,2,1,1999,0,0,4,0,0,47,0,0,5,21
481595,1,1,1999,16,19,15,4,28,5,6,37,9,9
481596,1,1,1999,11,0,8,0,7,0,0,0,13,16
481597,1,1,1999,0,0,0,0,0,0,0,0,0,17
481597,2,1,1999,0,0,0,0,0,0,0,0,0,0
481597,3,1,1999,0,0,0,0,0,0,0,0,0,0
481597,4,1,1999,0,0,0,0,0,0,20,0,0,0
481597,5,1,1999,0,0,0,0,0,0,0,0,0,0
481598,1,1,1999,0,0,0,0,0,0,0,0,0,0
481598,2,1,1999,0,0,0,0,0,0,0,0,0,0
481598,3,1,1999,0,0,0,0,16,12,0,0,14,0
481598,4,1,1999,0,0,0,0,0,0,0,0,0,0
481598,5,1,1999,0,0,0,0,7,0,0,0,0,0
481599,1,1,1999,0,21,31,14,27,2,9,19,0,26
481600,1,1,1999,22,22,22,22,22,22,22,22,22,22
481601,1,1,1999,0,0,0,0,12,0,0,0,0,0
481601,2,1,1999,0,0,0,0,0,0,0,0,0,0
481602,1,1,1999,14,0,0,18,24,14,0,14,17,0
481603,1,1,1999,0,0,0,0,0,0,0,0,0,0
481603,2,1,1999,0,0,0,0,0,0,0,0,0,0
481604,1,1,1999,0,0,0,0,0,0,0,0,0,0
481605,1,1,1999,24,24,10,14,0,12,0,0,24,21
481605,2,1,1999,0,0,0,0,15,0,0,0,0,0
481606,1,1,1999,22,22,22,22,22,22,22,22,22,22
481606,2,1,1999,0,0,0,0,0,0,0,0,0,0
481607,0,1,1999,0,0,20,13,0,36,0,0,0,0
481607,1,1,1999,0,0,0,0,0,0,0,0,0,0
481608,0,1,1999,0,0,0,26,0,21,0,20,45,0
481608,1,1,1999,0,0,7,0,0,0,0,13,0,0
481609,1,1,1999,0,0,0,0,0,0,0,0,0,0
481609,2,1,1999,0,0,0,0,0,0,0,0,0,0
481610,1,1,1999,0,0,0,0,0,0,0,0,0,0
481610,2,1,1999,0,0,0,0,0,0,0,0,0,0
481611,1,1,1999,0,0,0,0,0,0,0,0,0,0
481611,2,1,1999,0,0,0,0,0,0,0,0,0,0
481612,1,1,1999,0,0,0,0,0,24,0,0,0,0
481612,2,1,1999,0,0,0,0,0,0,0,0,0,0
481613,1,1,1999,0,0,0,16,0,0,0,0,16,0
481613,2,1,1999,0,0,0,0,0,0,0,0,0,0
481614,1,1,1999,0,0,30,11,0,0,10,0,0,22
481615,1,1,1999,0,0,0,0,0,0,0,0,0,0
481615,2,1,1999,0,0,0,0,0,0,0,0,0,0
481616,1,1,1999,0,0,0,0,0,0,0,0,0,0
481616,2,1,1999,0,0,0,0,0,31,0,0,0,0
481617,1,1,1999,0,14,0,0,0,0,0,0,0,0
481618,1,1,1999,11,15,44,0,29,18,15,0,11,9
481619,1,1,1999,0,0,0,0,0,0,0,0,0,0
481619,2,1,1999,0,0,0,0,0,0,0,0,0,0
481620,1,1,1999,0,0,0,0,0,0,0,0,0,0
481620,2,1,1999,0,0,0,0,0,0,0,0,0,0
481621,1,1,1999,0,0,0,0,0,0,0,0,0,0
481621,2,1,1999,0,0,0,0,0,0,0,0,0,0
481622,1,1,1999,0,0,0,0,0,0,0,0,0,0
481622,2,1,1999,0,0,0,0,0,0,0,0,0,0
481623,1,1,1999,17,19,30,0,20,22,0,21,18,4
481624,0,1,1999,0,19,4,37,0,0,5,13,10,6
481624,0,2,1999,0,10,14,5,0,0,0,0,13,25
481624,1,1,1999,0,0,0,0,0,0,0,0,0,0
481625,1,1,1999,0,0,0,0,0,0,0,0,0,0
481625,2,1,1999,0,0,0,0,0,0,0,0,0,7
481625,3,1,1999,0,0,0,0,0,0,0,0,0,0
481625,4,1,1999,0,0,0,0,5,0,0,0,0,0
481626,1,1,1999,25,25,25,25,25,25,25,25,25,25
481626,2,1,1999,0,0,0,16,0,0,0,0,0,0
481627,1,1,1999,0,0,0,0,0,0,0,0,0,0
481628,1,1,1999,12,12,12,12,12,12,12,12,12,12
481629,0,1,1999,20,20,20,20,20,20,20,20,20,20
481629,1,1,1999,0,0,0,8,15,0,0,0,29,0
481630,1,1,1999,0,10,0,0,0,0,0,0,0,0
481630,2,1,1999,0,0,0,0,0,0,0,0,0,0
481631,1,1,1999,0,0,11,31,0,25,0,0,9,0
481632,0,1,1999,0,0,0,0,0,0,0,0,0,0
481632,0,2,1999,0,0,0,0,0,0,0,0,0,0
481632,1,1,1999,0,0,5,0,0,0,0,0,0,0
481633,1,1,1999,25,10,24,0,4,0,10,0,0,0
481633,2,1,1999,0,0,2,8,0,7,0,0,14,0
481634,1,1,1999,26,16,17,0,22,21,15,14,9,2
481635,1,1,1999,0,0,0,0,0,0,0,0,0,0
481635,2,1,1999,30,30,30,30,30,30,30,30,30,30
481636,1,1,1999,0,0,0,0,0,0,0,0,0,0
481637,1,1,1999,0,0,0,0,0,0,0,0,0,10
481637,2,1,1999,0,0,0,0,0,0,0,0,0,9
481638,1,1,1999,0,0,0,0,0,0,0,0,0,0
481638,2,1,1999,0,0,0,0,0,0,0,0,0,21
481639,1,1,1999,0,0,0,0,0,0,0,0,12,0
481640,1,1,1999,0,0,0,0,0,0,0,0,0,0
481640,2,1,1999,0,0,0,0,0,0,0,0,0,0
481641,0,1,1999,10,0,8,0,0,20,0,0,18,0
481641,1,1,1999,0,0,0,11,0,9,0,0,0,0
481642,1,1,1999,0,17,0,17,0,0,0,0,23,0
481642,2,1,1999,0,0,17,0,8,0,9,7,0,0
481642,3,1,1999,25,0,0,21,17,0,0,0,0,0
481642,4,1,1999,0,0,0,0,0,0,0,0,0,0
481643,1,1,1999,6,18,0,10,0,0,0,11,0,9
481644,1,1,1999,0,0,0,0,0,0,0,0,0,0
481644,2,1,1999,0,0,0,0,14,0,0,0,0,0
481645,1,1,1999,0,0,0,0,0,0,0,0,0,0
481645,2,1,1999,0,0,0,0,0,0,0,0,0,0
481646,1,1,1999,0,0,0,0,0,0,0,0,0,0
481646,2,1,1999,0,0,0,0,0,0,0,0,0,0
481647,1,1,1999,25,25,25,25,25,25,25,25,25,25
481648,1,1,1999,0,0,0,0,0,0,0,0,0,0
481648,2,1,1999,0,0,0,0,0,0,14,0,0,4
481649,1,1,1999,0,0,0,0,0,0,0,0,0,0
481649,2,1,1999,0,0,0,0,0,0,0,0,0,0
481650,0,1,1999,0,14,7,0,15,0,8,26,15,0
481650,1,1,1999,0,7,0,0,0,15,0,0,0,0
481651,1,1,1999,0,0,0,0,0,0,0,0,0,0
481651,2,1,1999,0,0,0,0,0,0,0,0,0,0
481654,1,1,1999,0,0,0,0,0,0,0,0,0,0
481654,2,1,1999,0,0,0,0,0,0,4,0,0,0
481655,1,1,1999,0,18,0,21,0,13,0,13,0,0
481656,1,1,1999,0,11,0,33,8,0,10,14,45,0
481657,1,1,1999,0,0,0,0,0,0,0,0,0,0
481658,1,1,1999,0,0,0,0,0,0,0,0,0,0
481659,1,1,1999,16,16,16,16,16,16,16,16,16,16
481660,0,1,1999,24,24,24,24,24,24,24,24,24,24
481660,1,1,1999,9,0,7,0,0,0,0,0,0,0
481661,1,1,1999,17,0,0,0,0,0,6,29,0,0
481661,2,1,1999,0,0,15,0,4,0,0,0,0,0
481662,1,1,1999,6,15,0,0,10,0,17,20,22,12
481662,2,1,1999,0,0,0,0,0,0,0,0,12,26
481662,3,1,1999,0,0,0,0,0,0,0,0,0,0
481663,1,1,1999,0,0,0,0,0,0,0,0,0,0
481663,2,1,1999,0,0,0,0,0,0,0,0,0,0
481663,3,1,1999,0,0,0,0,0,0,0,0,15,0
481663,4,1,1999,10,15,0,0,0,0,0,0,6,0
481663,5,1,1999,0,0,0,0,4,0,0,0,0,0
481664,1,1,1999,0,0,0,0,0,0,0,0,0,0
481665,1,1,1999,0,0,0,0,0,0,0,0,0,0
481665,2,1,1999,0,0,0,0,0,0,0,0,0,0
481666,1,1,1999,35,5,0,0,0,0,0,0,0,0
481667,1,1,1999,11,11,11,11,11,11,11,11,11,11
481668,1,1,1999,0,0,0,0,0,0,0,0,0,0
481669,0,1,1999,23,0,19,6,0,30,0,16,0,7
481669,1,1,1999,16,10,0,28,15,15,0,0,25,0
481670,1,1,1999,0,0,0,0,0,0,0,0,13,13
481670,2,1,1999,16,23,28,25,12,17,22,13,15,17
481671,1,1,1999,0,0,0,0,0,0,0,0,0,0
481671,2,1,1999,0,0,0,0,0,0,0,0,0,0
481672,1,1,1999,26,26,26,26,26,26,26,26,26,26
481673,1,1,1999,0,0,21,0,0,0,14,0,0,13
481673,2,1,1999,0,0,0,0,0,0,0,0,0,0
481674,1,1,1999,15,0,4,0,0,12,0,19,8,0
481674,2,1,1999,0,0,10,8,0,0,8,0,9,0
481675,1,1,1999,17,17,17,17,17,17,17,17,17,17
481676,1,1,1999,0,0,0,0,0,0,0,0,0,0
481677,1,1,1999,19,0,0,0,19,10,4,18,0,0
481678,1,1,1999,23,23,23,23,23,23,23,23,23,23
481679,1,1,1999,0,0,0,6,0,0,0,0,0,0
481680,1,1,1999,22,22,22,22,22,22,22,22,22,22
481680,2,1,1999,16,0,0,0,0,0,16,0,14,25
481681,1,1,1999,26,0,0,0,0,0,10,16,0,7
481682,1,1,1999,0,0,0,0,0,0,0,0,0,0
481682,2,1,1999,0,0,0,0,0,0,0,0,0,0
481683,1,1,1999,0,0,0,8,0,0,10,0,0,0
481684,1,1,1999,0,0,0,0,0,0,0,0,0,0
481685,1,1,1999,10,0,18,0,0,0,0,0,0,0
481686,1,1,1999,0,0,0,0,0,0,0,0,0,0
481687,1,1,1999,0,14,16,0,0,14,20,0,8,0
481688,1,1,1999,0,0,9,0,13,15,0,9,29,11
481689,1,1,1999,0,0,0,0,0,0,0,0,0,0
481690,0,1,1999,0,0,0,0,0,0,0,0,0,0
481690,1,1,1999,0,0,0,0,0,0,0,0,0,0
481691,0,1,1999,5,0,0,19,0,3,0,10,0,0
481691,1,1,1999,0,0,0,0,0,0,0,0,0,0
481692,1,1,1999,0,0,0,0,0,0,0,0,34,0
481692,2,1,1999,0,0,0,0,0,0,0,0,0,0
481693,1,1,1999,0,0,0,0,0,0,0,0,0,0
481693,2,1,1999,0,0,0,0,0,0,0,0,0,0
481694,1,1,1999,0,0,0,0,0,0,0,0,0,0
481694,2,1,1999,0,0,0,0,0,0,0,0,0,0
481695,1,1,1999,0,0,18,0,0,0,0,0,0,0
481695,2,1,1999,0,0,0,0,0,0,0,0,0,0
481696,1,1,1999,0,0,0,0,0,0,0,0,0,0
481696,2,1,1999,0,0,0,0,0,0,0,0,0,0
481697,0,1,1999,24,24,0,22,0,0,16,33,18,0
481697,1,1,1999,0,0,0,0,18,0,0,0,0,0
481698,1,1,1999,0,10,36,0,0,16,15,0,20,9
481699,1,1,1999,0,0,0,0,0,0,0,0,0,0
481699,2,1,1999,0,12,0,0,0,0,0,0,20,0
481700,1,1,1999,2,2,2,2,2,2,2,2,2,2
481701,1,1,1999,17,0,0,12,21,0,22,10,20,0
481701,2,1,1999,0,0,0,0,0,0,0,0,0,0
481701,3,1,1999,0,0,0,0,0,0,0,16,0,0
481702,1,1,1999,0,0,0,0,0,0,0,0,0,0
481702,2,1,1999,0,0,0,0,0,0,0,0,0,0
481702,3,1,1999,0,0,0,16,0,0,0,0,0,0
481702,4,1,1999,0,0,0,6,25,0,0,5,0,0
481702,5,1,1999,0,0,0,0,0,0,0,0,0,0
481702,6,1,1999,0,0,0,0,0,0,0,0,0,0
481702,7,1,1999,0,0,0,0,0,0,0,0,0,0
481702,8,1,1999,0,0,0,0,0,0,0,0,0,0
481703,1,1,1999,0,0,0,0,0,0,0,0,0,0
481703,2,1,1999,0,0,0,0,0,0,0,0,0,0
481704,0,1,1999,44,0,14,0,0,19,0,0,19,10
481704,1,1,1999,0,0,0,0,0,0,0,0,0,0
481705,1,1,1999,0,0,10,11,8,0,35,0,19,25
481706,0,1,1999,24,36,21,0,0,0,13,0,0,16
481706,1,1,1999,12,12,12,12,12,12,12,12,12,12
481707,1,1,1999,21,42,15,26,17,0,14,10,0,0
481708,1,1,1999,0,0,0,0,0,0,0,0,0,0
481708,2,1,1999,11,11,11,11,11,11,11,11,11,11
481709,1,1,1999,0,0,0,0,0,17,17,0,0,0
481709,2,1,1999,27,27,27,27,27,27,27,27,27,27
481710,1,1,1999,0,0,0,0,0,0,0,0,0,0
481710,2,1,1999,0,0,0,0,23,7,13,0,0,0
481711,1,1,1999,0,0,0,0,19,0,22,19,0,0
481711,2,1,1999,0,0,0,14,0,0,0,5,0,0
481712,0,1,1999,0,0,0,0,0,0,0,0,0,0
481712,1,1,1999,0,0,0,0,0,0,0,0,0,0
481713,0,1,1999,3,13,0,23,0,3,0,18,31,0
481713,1,1,1999,0,0,0,0,10,0,0,0,0,0
481714,1,1,1999,0,0,0,0,0,0,0,0,0,0
481715,1,1,1999,10,10,10,10,10,10,10,10,10,10
481716,1,1,1999,0,0,0,0,0,0,0,0,0,0
481716,2,1,1999,30,30,30,30,30,30,30,30,30,30
481717,0,1,1999,42,23,32,6,23,27,28,39,11,24
481717,2,1,1999,27,27,27,27,27,27,27,27,27,27
481718,1,1,1999,20,20,20,20,20,20,20,20,20,20
481718,2,1,1999,0,0,0,0,19,0,0,18,0,0
481718,3,1,1999,16,0,9,5,0,0,0,0,0,0
481719,1,1,1999,18,18,18,18,18,18,18,18,18,18
481719,2,1,1999,0,8,20,13,30,0,0,0,18,15
481720,1,1,1999,6,6,6,6,6,6,6,6,6,6
481721,1,1,1999,21,0,0,0,0,13,0,0,0,0
481721,2,1,1999,20,0,0,24,0,0,0,8,0,0
481722,0,1,1999,14,14,14,14,14,14,14,14,14,14
481722,1,1,1999,0,0,18,0,0,0,0,0,0,0
481723,1,1,1999,14,14,14,14,14,14,14,14,14,14
481724,1,1,1999,0,0,0,0,0,0,0,0,0,0
481724,2,1,1999,0,0,0,0,0,0,0,0,0,0
481725,1,1,1999,0,20,12,0,0,0,0,0,0,10
481726,1,1,1999,0,0,0,0,0,0,0,0,0,0
481726,2,1,1999,0,0,0,0,0,0,0,0,0,0
481727,1,1,1999,0,0,0,0,0,0,0,0,0,0
481727,2,1,1999,0,0,0,0,0,0,0,0,0,0
481728,1,1,1999,15,15,15,15,15,15,15,15,15,15
481729,1,1,1999,0,0,0,0,0,0,0,0,0,0
481729,2,1,1999,0,0,0,0,0,0,0,0,0,0
481730,1,1,1999,0,0,9,0,0,0,0,0,0,0
481730,2,1,1999,0,0,0,0,0,0,0,0,0,0
481731,1,1,1999,0,0,0,0,0,0,0,0,0,0
481732,1,1,1999,0,0,0,0,0,0,9,0,0,0
481733,1,1,1999,8,15,5,6,27,5,13,17,14,21
481734,1,1,1999,0,19,6,0,11,37,0,14,0,22
481734,2,1,1999,0,0,0,0,0,0,21,0,6,0
481735,1,1,1999,0,0,0,0,0,0,0,0,0,0
481735,2,1,1999,0,0,0,0,0,0,0,0,0,0
481736,1,1,1999,0,0,0,0,0,0,0,0,0,0
481736,2,1,1999,0,0,0,0,0,0,0,0,0,0
481737,1,1,1999,0,0,0,0,0,0,0,0,0,0
481737,2,1,1999,0,0,0,0,0,0,0,0,0,0
481738,1,1,1999,0,0,0,0,0,7,0,0,0,0
481739,1,1,1999,18,18,18,18,18,18,18,18,18,18
481739,2,1,1999,0,0,0,15,0,0,0,0,0,0
481740,0,1,1999,0,15,0,0,20,27,0,30,0,0
481740,1,1,1999,0,0,0,0,0,0,0,0,0,0
481741,1,1,1999,0,0,0,0,0,0,0,0,0,0
481742,1,1,1999,0,0,0,0,0,0,0,0,0,0
481742,2,1,1999,0,0,0,0,0,0,0,0,0,0
481743,1,1,1999,24,29,10,0,0,0,23,0,0,0
481744,0,1,1999,0,0,0,0,0,0,0,0,0,0
481744,1,1,1999,0,0,0,17,0,0,0,0,0,0
481745,1,1,1999,0,0,0,0,0,0,0,0,0,0
481745,2,1,1999,0,0,0,0,0,0,0,0,0,0
481745,3,1,1999,0,13,0,0,0,0,0,0,0,0
481745,4,1,1999,0,0,0,0,0,0,0,0,0,0
481746,0,1,1999,33,0,22,0,25,0,18,29,40,33
481746,0,2,1999,5,19,8,0,9,0,21,20,13,20
481746,0,3,1999,18,16,7,17,27,21,0,20,0,39
481746,1,1,1999,22,2,20,0,7,0,0,18,0,0
481747,1,1,1999,0,0,0,0,0,0,0,0,0,0
481747,2,1,1999,0,0,0,0,0,0,0,0,0,0
481748,1,1,1999,1,1,1,1,1,1,1,1,1,1
481749,1,1,1999,0,0,0,0,0,0,0,0,0,0
481749,2,1,1999,0,0,0,0,18,0,0,0,0,0
481750,1,1,1999,0,0,0,0,0,0,0,0,0,0
481751,1,1,1999,0,0,0,0,0,0,0,0,0,0
481751,2,1,1999,0,0,9,14,0,0,0,17,0,0
481751,3,1,1999,0,0,0,0,0,0,0,0,0,0
481752,1,1,1999,21,21,21,21,21,21,21,21,21,21
481753,1,1,1999,0,0,0,0,0,0,0,0,0,0
481753,2,1,1999,0,0,0,0,0,0,0,0,0,0
481754,1,1,1999,0,0,0,0,0,0,0,0,0,0
481755,1,1,1999,23,14,3,12,28,24,35,0,18,13
481756,1,1,1999,12,14,22,8,14,7,21,22,28,21
481757,1,1,1999,25,25,25,25,25,25,25,25,25,25
481758,1,1,1999,23,23,23,23,23,23,23,23,23,23
481759,1,1,1999,0,0,0,0,0,0,0,10,0,0
481759,2,1,1999,0,0,0,0,0,0,0,0,0,0
481760,1,1,1999,31,0,0,0,0,4,0,0,0,0
481761,1,1,1999,3,7,12,28,12,18,9,10,8,26
481761,2,1,1999,22,15,17,33,46,17,32,29,6,15
481762,1,1,1999,22,41,32,19,16,21,15,7,18,15
481763,1,1,1999,0,0,0,0,0,0,0,0,0,0
481763,2,1,1999,0,0,0,0,0,0,0,0,0,0
481764,0,1,1999,0,0,0,0,25,0,0,0,0,0
481764,0,2,1999,0,0,13,0,0,0,0,0,0,0
481764,1,1,1999,0,0,0,0,0,0,0,0,0,0
481765,0,1,1999,21,21,21,21,21,21,21,21,21,21
481765,1,1,1999,0,12,0,0,0,17,0,0,9,5
481766,1,1,1999,0,0,0,0,0,0,0,0,0,0
481766,2,1,1999,0,0,0,0,0,0,0,0,0,0
481767,1,1,1999,18,18,18,18,18,18,18,18,18,18
481768,1,1,1999,10,10,10,10,10,10,10,10,10,10
481769,1,1,1999,0,14,30,0,0,15,11,0,11,12
481770,1,1,1999,23,23,23,23,23,23,23,23,23,23
481770,2,1,1999,0,0,0,0,0,0,0,0,0,0
481770,3,1,1999,0,15,0,0,0,0,0,0,0,0
481771,1,1,1999,29,0,18,24,0,0,0,0,15,15
481772,1,1,1999,0,0,0,0,0,0,0,0,0,0
481773,1,1,1999,0,0,0,6,0,0,0,0,24,27
481773,2,1,1999,0,10,0,17,19,0,14,0,0,0
481774,1,1,1999,0,0,0,0,0,0,0,0,0,0
481774,2,1,1999,0,0,0,0,0,0,0,0,0,0
481774,3,1,1999,0,0,0,0,0,0,0,0,0,0
481775,1,1,1999,0,0,0,0,0,0,0,0,14,0
481775,2,1,1999,0,0,0,0,0,0,0,0,0,0
481776,1,1,1999,0,0,0,0,0,0,0,0,0,0
481777,1,1,1999,10,10,10,10,10,10,10,10,10,10
481778,1,1,1999,0,0,5,0,4,0,11,0,11,6
481779,1,1,1999,0,0,0,0,0,0,0,0,0,0
481779,2,1,1999,0,0,11,0,0,0,0,0,0,0
481780,1,1,1999,11,11,11,11,11,11,11,11,11,11
481781,1,1,1999,20,24,7,9,22,15,19,10,28,26
481782,1,1,1999,0,0,0,0,0,0,0,0,0,0
481782,2,1,1999,0,0,0,0,0,0,0,0,0,0
481783,1,1,1999,0,0,0,0,0,0,0,0,0,0
481783,2,1,1999,0,0,0,0,0,0,0,0,0,0
481784,1,1,1999,10,0,0,11,23,0,22,28,14,0
481785,1,1,1999,0,0,0,0,0,0,0,0,0,0
481786,1,1,1999,10,10,10,10,10,10,10,10,10,10
481787,1,1,1999,0,0,0,0,0,0,0,0,0,11
481788,1,1,1999,13,18,15,11,12,15,10,21,0,21
481788,2,1,1999,25,16,0,17,0,12,7,25,4,0
481789,1,1,1999,0,0,0,0,0,0,0,0,0,0
481790,1,1,1999,16,16,16,16,16,16,16,16,16,16
481791,1,1,1999,16,30,0,8,15,29,17,13,13,8
481792,1,1,1999,32,11,0,0,27,9,21,15,25,28
481793,1,1,1999,0,0,0,0,0,0,0,0,0,0
481794,1,1,1999,5,5,5,5,5,5,5,5,5,5
481795,1,1,1999,0,0,0,0,0,0,0,0,0,0
481795,2,1,1999,0,0,0,0,0,0,0,0,0,0
481796,1,1,1999,9,9,9,9,9,9,9,9,9,9
481796,2,1,1999,0,0,0,0,0,0,0,0,0,0
481797,1,1,1999,0,0,0,0,0,0,0,0,0,0
481797,2,1,1999,0,0,0,0,0,0,0,0,0,0
481798,1,1,1999,32,32,32,32,32,32,32,32,32,32
481799,1,1,1999,0,0,0,0,0,0,0,0,0,0
481799,2,1,1999,0,0,0,0,0,0,11,0,0,0
481800,0,1,1999,12,37,0,26,5,0,5,0,15,0
481800,1,1,1999,0,0,0,0,0,0,0,0,0,0
481801,1,1,1999,6,6,6,6,6,6,6,6,6,6
481802,1,1,1999,0,0,0,0,12,7,0,0,15,0
481802,2,1,1999,0,0,0,0,0,0,0,0,0,0
481804,0,1,1999,0,0,0,21,0,0,0,0,0,0
481804,1,1,1999,0,0,0,0,0,0,0,0,0,0
481805,1,1,1999,0,0,0,0,0,0,0,0,0,0
481805,2,1,1999,0,0,0,0,0,0,0,0,0,0
481806,1,1,1999,25,25,25,25,25,25,25,25,25,25
481807,1,1,1999,18,0,0,27,0,20,0,0,0,0
481808,1,1,1999,21,21,21,21,21,21,21,21,21,21
481809,1,1,1999,0,0,0,0,0,17,0,0,0,22
481810,1,3,1999,0,0,0,0,0,0,0,0,0,0
481811,1,1,1999,8,20,23,23,9,19,27,16,28,32
481812,1,1,1999,0,0,0,0,14,0,0,22,0,0
481813,1,1,1999,0,0,0,0,0,2,0,0,0,0
481814,1,1,1999,0,0,0,0,0,15,0,17,0,0
481815,1,1,1999,18,18,18,18,18,18,18,18,18,18
481816,1,1,1999,22,0,0,0,15,0,3,0,0,0
481817,1,1,1999,0,0,0,0,0,0,0,0,0,0
481817,2,1,1999,0,0,0,0,0,0,0,0,0,0
481818,1,1,1999,19,13,0,14,11,16,15,24,5,12
481818,2,1,1999,0,14,0,0,0,0,0,0,0,0
481818,3,1,1999,0,0,0,0,0,0,0,0,0,0
481818,4,1,1999,0,0,0,0,0,0,0,0,0,0
481819,1,1,1999,17,17,17,17,17,17,17,17,17,17
481819,2,1,1999,0,0,0,16,0,0,0,0,0,0
481820,1,1,1999,0,0,0,0,0,0,0,0,0,0
481820,2,1,1999,0,0,0,0,0,0,0,0,0,7
481821,1,1,1999,0,0,0,0,0,0,0,0,0,0
481821,2,1,1999,17,0,0,0,0,0,0,0,0,0
481822,0,1,1999,14,14,14,14,14,14,14,14,14,14
481822,1,1,1999,16,16,16,16,16,16,16,16,16,16
481822,2,1,1999,15,15,15,15,15,15,15,15,15,15
481823,1,1,1999,23,23,23,23,23,23,23,23,23,23
481824,1,1,1999,18,6,18,13,24,11,10,10,15,17
481824,2,1,1999,0,0,0,0,0,0,0,0,0,0
481825,1,1,1999,6,0,0,0,0,0,0,0,0,0
481825,2,1,1999,19,6,9,18,25,18,0,12,0,0
481826,1,1,1999,0,0,0,0,26,0,6,0,0,0
481826,2,1,1999,9,2,3,14,29,11,2,0,14,17
481827,1,1,1999,0,0,0,4,0,0,0,0,0,0
481827,2,1,1999,0,0,0,0,0,0,14,0,0,0
481828,1,1,1999,0,0,0,0,0,0,0,0,0,0