ST_CASE,VEH_NO,PER_NO,YEAR,P1,P2,P3,P4,P5,P6,P7,P8,P9,P10
481828,2,1,1999,20,20,20,20,20,20,20,20,20,20
481829,1,1,1999,15,15,15,15,15,15,15,15,15,15
481829,2,1,1999,0,0,0,0,0,0,0,0,0,0
481830,1,1,1999,18,6,4,8,7,29,21,22,14,19
481830,2,1,1999,4,0,0,0,0,0,0,0,0,7
481831,1,1,1999,0,0,0,0,0,0,0,0,0,0
481831,2,1,1999,0,0,0,0,0,0,0,0,0,0
481832,1,1,1999,0,0,0,0,0,0,0,0,0,0
481832,2,1,1999,0,0,0,0,0,0,0,0,0,0
481833,1,1,1999,0,0,0,0,0,0,0,0,0,0
481834,1,1,1999,0,0,0,0,0,0,0,0,0,3
481834,2,1,1999,4,4,4,4,4,4,4,4,4,4
481835,0,1,1999,9,25,5,31,27,20,0,0,26,11
481835,1,1,1999,0,0,0,0,0,0,0,0,0,0
481836,0,1,1999,0,0,5,0,0,0,6,0,0,0
481836,1,1,1999,0,0,0,0,0,0,0,0,0,0
481837,1,1,1999,19,19,19,19,19,19,19,19,19,19
481838,1,1,1999,1,1,1,1,1,1,1,1,1,1
481839,1,1,1999,0,0,0,0,0,0,0,0,0,0
481839,2,1,1999,0,0,0,0,0,0,0,0,0,0
481840,1,1,1999,0,0,0,0,0,0,12,0,0,10
481840,2,1,1999,0,0,0,0,0,0,0,0,0,0
481841,1,1,1999,19,26,22,20,16,11,3,7,0,0
481842,0,1,1999,23,0,0,0,0,0,0,0,9,0
481842,1,1,1999,18,0,0,0,0,0,0,0,0,0
481843,1,1,1999,0,0,0,0,11,0,15,0,0,0
481843,2,1,1999,3,15,30,24,15,14,18,0,0,0
481844,1,1,1999,0,0,0,0,0,0,0,0,0,0
481844,2,1,1999,0,0,0,0,0,0,0,0,0,0
481845,1,1,1999,30,30,30,30,30,30,30,30,30,30
481846,1,1,1999,0,0,0,0,0,0,0,0,0,0
481846,2,1,1999,0,0,0,0,5,0,0,0,0,0
481847,1,1,1999,0,0,0,0,0,4,13,0,0,0
481848,1,1,1999,0,18,0,0,0,0,0,0,13,0
481849,0,1,1999,20,20,20,20,20,20,20,20,20,20
481849,1,1,1999,0,0,0,0,27,0,4,0,0,0
481850,0,1,1999,29,35,0,13,19,12,18,18,28,15
481850,1,1,1999,0,0,0,0,0,14,0,0,0,0
481851,1,1,1999,0,0,0,0,0,0,0,0,0,0
481852,1,1,1999,17,17,17,17,17,17,17,17,17,17
481853,1,1,1999,0,0,0,0,0,0,0,0,0,0
481853,2,1,1999,0,0,0,0,0,0,0,0,0,0
481854,1,1,1999,0,0,9,0,41,0,10,0,0,0
481855,1,1,1999,15,15,15,15,15,15,15,15,15,15
481855,2,1,1999,0,19,0,0,0,0,0,0,0,0
481855,3,1,1999,0,12,0,0,0,0,9,3,0,0
481855,4,1,1999,0,0,0,0,0,0,12,0,0,0
481856,1,1,1999,0,0,0,0,0,0,0,0,0,0
481856,2,1,1999,37,0,0,18,0,0,25,30,0,0
481856,3,1,1999,0,0,0,0,0,0,0,0,0,0
481857,1,1,1999,25,25,25,25,25,25,25,25,25,25
481858,1,1,1999,13,0,0,7,0,18,0,0,0,0
481858,2,1,1999,0,0,0,0,0,0,0,0,0,0
481859,1,1,1999,25,32,21,7,38,12,13,38,16,11
481860,1,1,1999,0,0,0,0,0,0,0,0,0,0
481860,2,1,1999,0,0,0,0,0,0,0,0,0,0
481861,1,1,1999,0,0,0,0,0,0,0,0,0,0
481862,0,1,1999,0,0,0,0,0,0,0,0,0,0
481862,1,1,1999,5,5,5,5,5,5,5,5,5,5
481863,0,1,1999,0,0,0,0,0,0,0,36,7,25
481863,1,1,1999,0,0,0,0,0,0,0,11,0,0
481864,1,1,1999,0,0,0,0,0,0,0,0,0,0
481864,2,1,1999,0,0,0,0,7,0,0,0,0,0
481865,1,1,1999,0,0,0,0,0,0,0,0,0,0
481866,1,1,1999,0,0,0,0,0,0,0,0,0,0
481866,2,1,1999,0,0,0,0,0,0,0,0,0,0
481867,1,1,1999,20,20,20,20,20,20,20,20,20,20
481868,1,1,1999,20,20,20,20,20,20,20,20,20,20
481869,1,1,1999,9,9,9,9,9,9,9,9,9,9
481870,1,1,1999,3,3,3,3,3,3,3,3,3,3
481871,1,1,1999,0,0,0,0,18,0,0,0,0,4
481871,2,1,1999,0,0,0,0,0,0,0,0,0,0
481872,1,1,1999,0,0,0,0,0,0,0,0,0,0
481873,1,1,1999,0,0,0,0,0,0,0,0,0,0
481873,2,1,1999,0,0,0,0,0,0,0,0,0,0
481874,1,1,1999,12,0,0,0,0,0,0,0,19,0
481874,2,1,1999,0,0,0,0,0,0,13,0,0,0
481874,3,1,1999,0,0,0,0,14,0,13,0,0,10
481875,1,1,1999,18,0,21,0,8,20,9,15,29,0
481876,1,1,1999,0,4,0,0,0,0,0,0,0,0
481876,2,1,1999,0,0,0,0,0,0,0,0,7,0
481877,1,1,1999,20,20,20,20,20,20,20,20,20,20
481878,0,1,1999,0,0,27,0,0,22,0,0,24,25
481878,1,1,1999,14,0,18,0,0,0,12,0,0,0
481879,1,1,1999,0,0,0,0,0,0,0,0,0,14
481879,2,1,1999,0,0,0,0,0,0,0,0,0,0
481880,1,1,1999,29,29,29,29,29,29,29,29,29,29
481880,2,1,1999,11,20,0,24,29,17,7,14,0,0
481880,3,1,1999,0,0,21,0,0,0,0,0,0,0
481880,4,1,1999,0,0,0,0,4,0,0,0,0,0
481881,1,1,1999,22,22,0,0,0,28,33,21,0,13
481882,1,1,1999,9,9,9,9,9,9,9,9,9,9
481882,2,1,1999,20,0,0,0,0,0,0,0,28,12
481883,1,1,1999,0,0,27,0,8,14,24,0,43,0
481884,0,1,1999,35,35,37,19,15,23,13,23,24,20
481884,1,1,1999,0,0,15,6,0,0,0,0,0,11
481885,1,1,1999,0,0,32,22,22,11,23,15,0,18
481886,0,1,1999,0,0,0,21,0,0,0,0,0,21
481886,1,1,1999,29,0,0,20,11,15,6,22,8,23
481887,1,1,1999,0,0,0,0,0,0,0,0,0,0
481887,2,1,1999,0,0,0,0,0,0,0,0,0,0
481888,1,1,1999,10,10,10,10,10,10,10,10,10,10
481889,1,1,1999,19,0,0,0,9,0,0,0,0,0
481890,1,1,1999,29,18,20,13,4,26,7,23,15,0
481890,2,1,1999,0,11,25,5,9,28,0,22,0,0
481891,1,1,1999,0,0,0,0,0,0,0,23,0,0
481892,1,1,1999,8,8,8,8,8,8,8,8,8,8
481893,1,1,1999,0,0,0,0,0,0,0,0,0,0
481893,2,1,1999,0,0,8,14,5,0,16,0,0,0
481894,1,1,1999,22,18,0,12,0,30,20,13,0,0
481895,1,1,1999,0,0,0,0,0,0,0,0,6,0
481895,2,1,1999,0,0,0,0,0,0,0,0,0,0
481896,1,1,1999,0,0,0,0,0,0,0,0,0,0
481896,2,1,1999,0,0,0,0,0,0,0,0,0,0
481897,1,1,1999,0,0,0,0,0,0,0,0,0,0
481897,2,1,1999,0,0,0,0,0,0,0,0,0,0
481898,1,1,1999,9,9,9,9,9,9,9,9,9,9
481899,1,1,1999,17,17,17,17,17,17,17,17,17,17
481899,2,1,1999,0,12,0,0,0,14,7,0,13,12
481900,1,1,1999,18,18,18,18,18,18,18,18,18,18
481901,1,1,1999,0,15,11,19,26,13,12,0,0,25
481902,1,1,1999,0,0,0,0,0,0,0,0,0,0
481902,2,1,1999,0,0,0,0,0,5,0,0,0,0
481903,1,1,1999,0,0,0,0,0,0,0,0,0,0
481903,2,1,1999,0,0,0,0,0,0,0,0,0,0
481904,1,1,1999,0,0,0,0,0,0,0,0,0,0
481904,2,1,1999,0,0,0,0,0,0,0,0,0,0
481904,3,1,1999,0,0,0,0,0,0,0,0,0,19
481905,1,1,1999,0,0,0,0,0,0,0,0,0,0
481905,2,1,1999,0,0,0,0,0,0,0,0,0,0
481906,1,1,1999,0,0,0,0,0,0,0,0,0,0
481907,1,1,1999,0,0,0,0,0,0,0,0,0,0
481907,2,1,1999,0,0,0,0,0,0,0,0,0,0
481908,0,1,1999,0,16,0,3,10,12,21,33,7,16
481908,1,1,1999,0,0,0,0,0,0,0,0,0,0
481908,2,1,1999,0,0,0,0,0,0,0,0,0,0
481909,1,1,1999,0,0,0,0,0,0,0,0,0,0
481910,1,1,1999,9,46,22,11,10,22,14,23,17,23
481910,2,1,1999,8,8,8,8,8,8,8,8,8,8
481911,1,1,1999,24,24,24,24,24,24,24,24,24,24
481912,1,1,1999,6,16,0,11,6,10,0,0,0,7
481913,1,1,1999,0,0,5,0,0,0,0,0,0,0
481914,1,1,1999,0,0,0,0,0,31,13,0,0,19
481915,1,1,1999,30,30,30,30,30,30,30,30,30,30
481916,0,1,1999,27,29,30,29,12,24,21,32,18,25
481916,1,1,1999,0,0,0,0,0,0,0,8,0,0
481917,1,1,1999,6,6,6,6,6,6,6,6,6,6
481918,1,1,1999,0,0,0,0,0,0,0,0,0,0
481918,2,1,1999,0,9,0,0,0,0,0,0,0,0
481919,1,1,1999,8,8,8,8,8,8,8,8,8,8
481920,1,1,1999,0,0,0,0,0,0,0,0,0,0
481921,1,1,1999,0,0,0,0,0,0,0,0,0,0
481921,2,1,1999,0,0,0,0,0,0,0,0,0,0
481922,1,1,1999,0,0,0,0,0,0,0,0,0,0
481922,2,1,1999,0,0,0,0,0,0,0,0,0,0
481922,3,1,1999,0,0,9,0,0,0,0,0,0,0
481923,1,1,1999,32,0,20,1,5,0,0,0,0,0
481923,2,1,1999,17,17,17,17,17,17,17,17,17,17
481924,1,1,1999,0,0,0,0,0,0,0,0,0,0
481924,2,1,1999,0,0,0,0,0,0,0,0,0,0
481925,0,1,1999,21,0,6,30,9,0,28,0,31,0
481925,1,1,1999,0,0,0,0,0,0,0,0,24,0
481926,1,1,1999,20,4,0,10,0,9,10,9,10,0
481927,1,1,1999,0,0,0,0,0,0,0,0,0,0
481927,2,1,1999,0,0,0,0,0,0,0,0,0,0
481928,1,1,1999,0,0,0,0,0,0,0,0,0,0
481928,2,1,1999,14,0,0,0,0,0,0,0,0,0
481929,1,1,1999,0,0,0,0,11,0,0,0,14,35
481929,2,1,1999,0,0,0,0,0,0,0,0,0,0
481930,1,1,1999,13,13,13,13,13,13,13,13,13,13
481931,1,1,1999,0,0,0,0,0,0,0,0,0,0
481931,2,1,1999,0,0,0,0,0,0,0,0,0,0
481932,1,1,1999,0,0,0,0,0,0,0,7,7,0
481932,2,1,1999,0,0,0,0,0,0,0,0,0,0
481933,1,1,1999,13,12,0,4,9,8,15,5,10,0
481934,1,1,1999,7,7,7,7,7,7,7,7,7,7
481935,1,1,1999,0,0,0,0,1,0,0,0,8,0
481936,1,1,1999,0,11,0,0,0,0,0,20,0,0
481936,2,1,1999,8,0,0,0,0,0,0,0,0,0
481937,1,1,1999,0,5,0,0,0,0,0,0,2,0
481937,2,1,1999,0,0,0,0,0,0,0,0,0,0
481938,1,1,1999,0,25,0,7,0,0,0,0,0,0
481938,2,1,1999,0,0,0,9,0,18,15,27,0,0
481939,1,1,1999,0,0,20,0,12,0,0,11,17,0
481940,1,1,1999,0,0,0,0,0,0,0,0,0,0
481940,2,1,1999,2,0,0,0,0,0,0,0,0,0
481941,1,1,1999,27,6,20,38,12,0,19,6,12,26
481942,1,1,1999,22,19,0,12,0,5,30,16,20,27
481943,0,1,1999,18,18,18,18,18,18,18,18,18,18
481943,1,1,1999,0,0,0,0,0,0,0,0,0,0
481944,1,1,1999,0,0,0,0,0,14,0,16,0,0
481945,0,1,1999,0,0,0,0,0,0,0,0,0,0
481945,1,1,1999,0,0,0,0,0,0,0,0,0,0
481946,1,1,1999,7,25,13,10,12,27,19,14,36,22
481947,1,1,1999,0,0,0,22,0,0,0,0,0,0
481948,1,1,1999,0,0,0,0,0,0,0,37,0,9
481949,1,1,1999,0,23,14,13,24,0,0,0,10,0
481949,2,1,1999,0,0,0,22,0,0,0,19,7,5
481950,1,1,1999,17,24,25,0,0,16,23,5,9,0
481950,2,1,1999,0,0,0,0,0,0,0,0,0,0
481951,1,1,1999,17,0,20,12,0,12,0,0,0,0
481951,2,1,1999,0,0,0,0,0,0,0,0,0,0
481952,0,1,1999,35,16,18,9,20,25,0,0,0,27
481952,1,1,1999,0,0,0,0,0,0,0,0,0,0
481953,1,1,1999,0,0,0,0,0,0,0,0,0,24
481953,2,1,1999,0,0,0,0,0,0,0,6,0,0
481953,3,1,1999,0,0,0,0,0,0,0,0,0,0
481953,4,1,1999,0,0,0,0,0,0,0,0,0,0
481954,1,1,1999,19,0,13,0,0,0,0,0,0,0
481954,2,1,1999,0,0,0,0,0,0,0,0,0,0
481955,0,1,1999,0,22,0,10,16,10,0,0,12,13
481955,1,1,1999,0,0,0,4,0,0,0,0,0,0
481956,0,1,1999,0,17,0,0,10,26,0,0,10,0
481956,1,1,1999,17,20,25,23,20,28,26,19,25,18
481957,1,1,1999,11,11,11,11,11,11,11,11,11,11
481958,1,1,1999,0,0,0,0,0,0,0,0,0,0
481958,2,1,1999,16,16,16,16,16,16,16,16,16,16
481959,1,1,1999,18,18,18,18,18,18,18,18,18,18
481960,1,1,1999,10,10,10,10,10,10,10,10,10,10
481961,1,1,1999,0,0,0,0,26,0,0,0,0,0
481962,1,1,1999,0,0,0,0,0,0,0,0,0,0
481962,2,1,1999,0,0,0,0,0,0,0,0,0,0
481963,1,1,1999,0,0,0,0,0,0,0,0,0,0
481963,2,1,1999,0,0,0,0,0,0,0,0,0,0
481964,1,1,1999,0,0,0,20,0,0,0,20,0,0
481965,1,1,1999,0,14,0,20,0,0,0,0,0,0
481965,2,1,1999,0,0,0,0,0,0,0,0,0,0
481965,3,1,1999,0,0,0,0,0,34,0,15,0,0
481966,1,1,1999,0,0,0,0,0,0,0,0,0,0
481966,2,1,1999,9,26,10,15,18,9,13,15,8,0
481967,1,1,1999,30,30,30,30,30,30,30,30,30,30
481968,1,1,1999,0,0,0,0,0,11,0,0,0,0
481968,2,1,1999,0,0,0,0,0,0,0,0,0,0
481969,1,1,1999,0,0,0,0,0,0,0,0,0,0
481970,1,1,1999,9,0,0,0,0,0,0,9,0,0
481970,2,1,1999,0,0,0,0,0,0,0,0,0,0
481971,0,1,1999,0,0,10,12,13,20,0,0,0,0
481971,1,1,1999,0,11,0,3,0,0,0,0,0,14
481972,1,1,1999,0,0,0,0,0,0,0,0,0,0
481973,1,1,1999,5,11,10,20,19,6,15,5,20,18
481973,2,1,1999,10,0,15,0,20,22,10,16,0,13
481974,1,1,1999,0,0,0,0,0,0,0,0,0,0
481974,2,1,1999,0,0,0,0,0,0,0,0,0,0
481975,1,1,1999,14,14,14,14,14,14,14,14,14,14
481975,2,1,1999,0,0,0,8,0,0,0,0,0,0
481976,1,1,1999,25,29,10,6,0,0,0,7,28,0
481976,2,1,1999,0,0,0,10,0,0,0,0,0,0
481977,1,1,1999,28,28,28,28,28,28,28,28,28,28
481978,1,1,1999,28,0,32,17,11,21,30,17,27,6
481979,1,1,1999,0,0,0,0,0,0,0,0,0,0
481980,1,1,1999,32,32,32,32,32,32,32,32,32,32
481981,1,1,1999,0,0,0,0,0,0,0,0,0,0
481981,2,1,1999,0,0,0,21,0,14,0,14,0,0
481982,1,1,1999,0,0,0,0,0,0,0,0,0,0
481982,2,1,1999,0,0,0,0,0,0,0,0,0,0
481982,3,1,1999,0,0,0,0,0,0,0,0,0,0
481983,1,1,1999,0,4,20,0,11,26,0,0,0,15
481984,1,1,1999,0,0,14,0,0,6,0,0,0,0
481984,2,1,1999,4,0,0,20,0,0,0,0,23,0
481985,1,1,1999,0,0,0,0,0,0,0,0,0,0
481985,2,1,1999,0,0,0,0,0,0,0,0,0,0
481986,1,1,1999,0,0,0,0,0,0,0,0,0,0
481987,1,1,1999,0,21,0,0,0,0,0,0,0,0
481988,0,1,1999,0,16,43,21,14,0,40,29,33,17
481988,1,1,1999,0,0,0,0,0,0,0,0,0,0
481989,1,1,1999,11,11,11,11,11,11,11,11,11,11
481990,0,1,1999,28,0,0,17,38,0,20,25,0,0
481990,1,1,1999,0,14,0,0,0,0,0,0,8,0
481991,0,1,1999,20,0,0,0,0,12,0,0,0,15
481991,1,1,1999,23,33,12,0,0,0,16,24,0,0
481992,1,1,1999,38,0,21,10,14,0,34,20,3,21
481993,0,1,1999,0,0,0,23,0,30,0,18,0,0
481993,1,1,1999,14,0,13,0,0,0,0,0,0,0
481994,1,1,1999,13,12,14,14,19,11,10,3,12,16
481994,2,1,1999,0,0,0,0,0,0,0,0,0,9
481995,1,1,1999,32,32,32,32,32,32,32,32,32,32
481996,1,1,1999,19,19,19,19,19,19,19,19,19,19
481996,2,1,1999,0,0,0,0,0,0,0,0,0,0
481996,3,1,1999,0,0,0,11,8,0,0,0,4,0
481997,1,1,1999,0,0,0,0,0,0,0,0,0,0
481997,2,1,1999,0,0,0,0,0,0,0,0,0,0
481998,1,1,1999,9,27,22,12,0,11,0,28,20,8
481999,1,1,1999,27,26,17,7,14,8,15,7,9,16
481999,2,1,1999,13,0,21,18,15,0,18,0,0,10
482000,1,1,1999,0,0,0,0,0,0,0,0,0,0
482001,1,1,1999,24,21,12,0,36,0,18,0,11,18
482002,1,1,1999,0,13,0,7,11,24,7,0,2,9
482002,2,1,1999,0,0,0,0,19,0,0,0,0,0
482003,1,1,1999,13,0,0,12,0,0,0,0,4,0
482004,1,1,1999,18,0,0,0,0,0,0,0,0,0
482004,2,1,1999,0,0,0,0,0,0,0,0,0,0
482005,1,1,1999,0,0,0,0,0,0,0,0,0,0
482005,2,1,1999,0,0,0,0,0,0,0,0,0,0
482005,3,1,1999,0,0,0,0,0,0,0,0,0,0
482005,4,1,1999,0,0,0,0,0,0,0,0,0,0
482006,1,1,1999,0,0,0,0,0,0,0,0,0,0
482006,2,1,1999,0,0,0,0,0,0,0,0,0,0
482007,1,1,1999,29,24,30,13,17,14,24,16,17,23
482008,1,1,1999,16,16,16,16,16,16,16,16,16,16
482009,1,1,1999,0,14,0,11,0,6,0,0,17,0
482010,1,1,1999,0,0,21,0,0,25,0,12,18,0
482011,1,1,1999,0,0,0,0,0,0,23,0,0,0
482011,2,1,1999,0,0,0,0,0,0,0,0,0,0
482012,1,1,1999,7,7,7,7,7,7,7,7,7,7
482013,0,1,1999,26,0,0,21,0,0,0,0,0,0
482013,1,1,1999,0,0,0,0,0,0,0,0,0,0
482014,1,1,1999,10,10,10,15,11,12,5,4,7,13
482015,1,1,1999,0,0,0,11,0,0,0,0,0,0
482015,2,1,1999,0,0,0,0,0,0,0,0,0,0
482016,1,1,1999,15,18,0,0,11,0,0,0,22,0
482017,0,1,1999,24,24,24,24,24,24,24,24,24,24
482017,1,1,1999,0,0,0,0,0,0,0,0,0,0
482018,1,1,1999,0,0,0,0,0,0,0,0,0,0
482018,2,1,1999,0,0,6,35,0,28,0,0,0,0
482019,1,1,1999,13,26,14,21,9,16,18,4,9,9
482020,1,1,1999,0,0,0,0,0,0,0,11,0,0
482021,1,1,1999,19,18,17,11,26,12,19,0,22,35
482022,1,1,1999,24,24,24,24,24,24,24,24,24,24
482023,1,1,1999,10,18,26,11,0,14,0,23,12,11
482024,1,1,1999,18,18,18,18,18,18,18,18,18,18
482025,1,1,1999,26,26,26,26,26,26,26,26,26,26
482026,1,1,1999,6,6,6,6,6,6,6,6,6,6
482027,1,1,1999,14,14,14,14,14,14,14,14,14,14
482028,1,1,1999,0,0,0,0,0,0,0,0,0,0
482028,2,1,1999,0,0,0,0,0,0,0,0,0,0
482029,1,1,1999,0,0,0,10,0,0,0,0,0,0
482030,1,1,1999,0,0,0,0,0,0,0,0,0,0
482031,1,1,1999,0,0,23,0,0,0,0,0,0,0
482032,1,1,1999,0,0,0,0,0,0,0,0,0,0
482032,2,1,1999,0,0,0,0,0,0,0,0,0,0
482033,1,1,1999,0,0,0,0,0,0,0,0,0,0
482034,1,1,1999,13,16,26,20,32,8,34,28,24,9
482035,1,1,1999,0,0,0,0,0,0,0,0,0,0
482036,1,1,1999,0,0,0,0,0,0,0,0,0,0
482036,2,1,1999,0,0,0,0,0,0,0,0,0,0
482037,1,1,1999,0,0,0,15,0,0,0,0,0,0
482037,2,1,1999,0,0,0,0,0,0,0,0,0,0
482038,1,1,1999,10,10,10,10,10,10,10,10,10,10
482039,1,1,1999,20,20,20,20,20,20,20,20,20,20
482039,2,1,1999,0,0,0,0,0,0,0,0,0,0
482040,1,1,1999,19,0,23,0,15,16,0,19,0,25
482041,1,1,1999,0,0,0,0,0,0,0,0,0,0
482041,2,1,1999,0,0,0,0,0,0,0,0,0,0
482042,1,1,1999,0,0,0,0,0,0,0,0,0,0
482042,2,1,1999,0,0,0,0,0,0,0,0,0,0
482043,1,1,1999,0,0,0,0,6,18,0,20,0,0
482043,2,1,1999,0,0,0,0,0,0,0,0,0,0
482044,1,1,1999,0,0,0,0,0,0,0,0,0,0
482044,2,1,1999,0,0,0,0,0,0,0,0,0,0
482045,1,1,1999,0,0,0,0,0,7,0,0,0,0
482045,2,1,1999,0,0,0,0,0,0,0,0,0,0
482046,1,1,1999,0,0,0,0,0,0,17,0,0,0
482046,2,1,1999,0,0,0,0,0,0,0,0,0,0
482047,1,1,1999,0,0,0,0,0,0,0,0,0,0
482047,2,1,1999,13,13,13,13,13,13,13,13,13,13
482048,1,1,1999,0,0,0,0,0,0,0,0,0,0
482048,2,1,1999,0,0,0,0,10,0,0,0,0,0
482049,1,1,1999,25,14,10,17,4,17,22,2,21,13
482050,1,1,1999,1,1,1,1,1,1,1,1,1,1
482051,1,1,1999,0,0,0,0,0,0,0,15,0,0
482051,2,1,1999,0,0,0,0,0,0,0,0,0,0
482052,1,1,1999,13,23,0,0,26,0,0,27,0,0
482053,1,1,1999,0,0,0,0,0,0,0,0,0,0
482054,1,1,1999,11,0,17,6,8,26,0,0,0,5
482055,1,1,1999,15,13,11,24,30,25,17,2,11,18
482056,1,1,1999,0,0,0,0,0,0,0,0,0,0
482056,2,1,1999,14,14,14,14,14,14,14,14,14,14
482057,1,1,1999,0,0,0,0,0,0,0,0,0,0
482057,2,1,1999,0,0,0,0,0,0,0,0,0,0
482058,1,1,1999,12,17,19,0,21,10,8,0,0,19
482059,0,1,1999,28,21,6,27,15,32,15,11,33,0
482059,1,1,1999,0,0,0,0,0,0,0,0,0,0
482060,0,1,1999,34,0,35,9,0,0,0,0,16,27
482060,1,1,1999,0,11,15,3,6,0,0,0,8,0
482061,1,1,1999,0,0,0,0,0,0,0,0,0,0
482062,1,1,1999,0,0,0,0,0,0,0,0,0,13
482063,1,1,1999,0,0,0,0,0,0,0,0,0,0
482063,2,1,1999,8,0,0,0,0,0,0,0,0,0
482064,1,1,1999,26,16,0,8,17,0,26,31,8,0
482064,2,1,1999,0,0,10,18,0,7,0,0,0,0
482065,0,1,1999,23,0,0,16,10,0,25,10,7,5
482065,1,1,1999,4,0,0,0,0,0,0,0,0,0
482066,1,1,1999,0,0,0,0,0,0,0,0,0,0
482066,2,1,1999,20,0,0,16,0,19,0,0,0,0
482067,1,1,1999,11,34,8,0,0,0,0,6,0,12
482067,2,1,1999,0,22,18,26,31,0,0,0,10,14
482068,1,1,1999,0,0,0,0,10,0,0,0,0,0
482068,2,1,1999,0,25,24,15,0,0,21,0,25,0
482069,1,1,1999,0,0,0,0,0,0,0,0,0,0
482069,2,1,1999,0,0,0,0,0,0,0,0,0,0
482070,1,1,1999,7,7,0,0,0,9,0,23,7,9
482070,2,1,1999,0,21,15,13,0,16,0,18,0,11
482071,1,1,1999,0,0,0,0,0,18,8,0,0,0
482071,2,1,1999,0,0,13,0,0,0,0,0,0,0
482072,1,1,1999,0,0,0,0,0,0,0,0,0,0
482072,2,1,1999,0,0,0,0,0,0,0,0,0,0
482073,1,1,1999,0,0,12,0,0,0,0,0,0,41
482073,2,1,1999,0,0,0,0,3,0,0,0,0,0
482074,1,1,1999,0,0,0,0,0,0,0,0,0,0
482074,2,1,1999,0,0,0,0,0,0,0,0,0,0
482074,3,1,1999,0,0,0,0,0,0,0,0,0,0
482075,0,1,1999,9,9,9,9,9,9,9,9,9,9
482075,1,1,1999,35,18,9,10,21,16,9,13,27,5
482076,1,1,1999,19,31,0,13,9,0,0,13,25,23
482077,1,1,1999,20,20,20,20,20,20,20,20,20,20
482078,1,1,1999,22,0,0,0,0,0,26,0,0,0
482079,1,1,1999,12,12,12,12,12,12,12,12,12,12
482080,1,1,1999,22,22,22,22,22,22,22,22,22,22
482081,1,1,1999,22,22,22,22,22,22,22,22,22,22
482082,1,1,1999,13,0,35,0,17,0,12,15,11,0
482083,1,1,1999,0,0,0,0,0,0,0,0,0,0
482083,2,1,1999,0,0,0,0,0,0,0,0,0,0
482083,3,1,1999,0,0,0,0,0,0,0,0,0,0
482084,1,1,1999,12,9,6,15,8,19,19,6,0,27
482085,1,1,1999,0,13,0,0,0,0,0,0,0,10
482086,1,1,1999,0,4,0,0,0,0,0,0,0,0
482086,2,1,1999,0,0,0,0,0,0,0,0,0,0
482087,0,1,1999,0,0,0,0,12,0,0,0,0,0
482087,1,1,1999,0,0,15,0,0,0,0,0,0,0
482088,1,1,1999,0,0,0,0,0,0,0,0,0,0
482088,2,1,1999,0,0,0,0,0,0,0,0,0,0
482089,1,1,1999,0,23,0,0,17,0,0,15,0,0
482089,2,1,1999,0,0,0,0,0,0,0,0,0,0
482090,1,1,1999,15,16,23,0,15,22,18,17,10,15
482091,1,1,1999,0,0,0,0,0,0,3,0,0,0
482092,1,1,1999,0,0,0,0,18,0,0,0,0,0
482092,2,1,1999,0,0,0,0,0,0,11,14,0,0
482093,1,1,1999,0,0,0,0,0,0,0,0,0,0
482093,2,1,1999,0,12,0,0,0,0,0,0,0,0
482094,1,1,1999,0,0,0,0,0,0,0,0,0,0
482094,2,1,1999,0,24,0,0,0,0,0,0,0,0
482095,1,1,1999,0,0,0,2,0,6,0,0,14,0
482095,2,1,1999,0,0,0,0,0,0,0,0,0,0
482096,1,1,1999,19,19,19,19,19,19,19,19,19,19
482097,1,1,1999,0,0,0,0,0,0,0,0,0,0
482097,2,1,1999,19,0,0,0,30,11,0,23,0,0
482098,1,1,1999,0,0,0,0,0,0,0,0,0,0
482098,2,1,1999,0,0,0,0,0,0,0,0,0,0
482099,1,1,1999,0,0,0,0,0,0,0,0,0,0
482099,2,1,1999,0,0,0,0,0,0,0,0,0,0
482100,1,1,1999,0,0,0,0,0,0,0,0,0,0
482101,1,1,1999,0,0,0,0,0,0,0,0,0,0
482101,2,1,1999,0,0,0,0,0,0,0,0,0,0
482102,1,1,1999,0,0,0,0,0,0,0,0,0,0
482102,2,1,1999,13,0,0,0,0,0,0,0,0,0
482103,1,1,1999,0,0,0,0,18,0,0,0,0,0
482103,2,1,1999,0,0,0,0,0,0,0,0,0,0
482104,1,1,1999,18,18,18,18,18,18,18,18,18,18
482105,1,1,1999,18,18,18,18,18,18,18,18,18,18
482106,1,1,1999,14,0,0,0,0,0,0,0,0,0
482107,1,1,1999,6,0,26,0,0,11,25,0,0,0
482107,2,1,1999,8,0,0,0,0,0,0,0,22,0
482108,1,1,1999,27,21,0,15,4,32,21,13,0,0
482109,1,1,1999,23,0,10,21,11,13,9,17,17,3
482109,2,1,1999,0,10,0,0,0,34,0,0,0,0