ST_CASE,VEH_NO,PER_NO,YEAR,P1,P2,P3,P4,P5,P6,P7,P8,P9,P10
482110,1,1,1999,0,0,0,0,0,0,0,0,0,0
482110,2,1,1999,0,0,0,0,0,0,0,0,0,0
482111,1,1,1999,0,0,0,0,0,0,0,0,0,0
482111,2,1,1999,0,0,0,0,0,0,0,0,0,0
482112,1,1,1999,0,0,0,0,0,0,0,0,0,0
482112,2,1,1999,0,0,0,0,0,0,0,0,0,0
482113,0,1,1999,9,0,0,0,0,0,0,0,0,0
482113,1,1,1999,0,0,0,0,0,0,0,0,0,3
482114,1,1,1999,0,0,0,0,0,21,0,0,0,0
482114,2,1,1999,25,0,0,19,0,10,12,12,16,13
482115,1,1,1999,0,0,0,0,0,0,0,0,0,0
482116,1,1,1999,0,0,0,16,0,4,13,0,9,0
482117,1,1,1999,0,0,0,0,0,0,0,0,0,0
482117,2,1,1999,17,17,17,17,17,17,17,17,17,17
482118,1,1,1999,0,19,0,0,11,0,0,11,8,18
482118,2,1,1999,0,0,0,0,0,0,0,0,0,0
482119,1,1,1999,0,0,0,0,0,0,18,0,19,0
482119,2,1,1999,0,0,0,0,0,0,0,0,0,8
482119,3,1,1999,0,0,0,0,0,0,0,0,0,0
482120,1,1,1999,0,0,0,0,8,0,0,0,0,8
482121,1,1,1999,0,0,0,0,0,0,0,0,0,0
482122,1,1,1999,0,0,0,0,0,0,0,0,0,0
482123,1,1,1999,0,0,0,0,0,0,0,0,0,0
482123,2,1,1999,0,0,0,0,0,0,0,0,0,0
482124,1,1,1999,0,11,0,0,0,0,0,29,0,0
482125,1,1,1999,0,0,0,0,0,0,0,0,17,0
482126,1,1,1999,0,9,0,21,0,0,15,0,0,0
482126,2,1,1999,0,6,0,0,0,16,0,0,11,0
482126,3,1,1999,4,0,19,19,27,0,20,0,0,0
482127,1,1,1999,12,29,43,6,15,18,43,19,28,11
482128,0,1,1999,6,6,6,6,6,6,6,6,6,6
482128,1,1,1999,22,22,22,22,22,22,22,22,22,22
482129,1,1,1999,10,19,26,33,5,10,7,23,40,33
482130,0,1,1999,0,0,17,0,27,0,0,0,0,0
482130,1,1,1999,0,0,0,0,0,0,0,0,0,0
482131,0,1,1999,0,10,20,23,0,0,28,12,0,24
482131,1,1,1999,7,9,16,23,16,8,0,21,0,0
482132,0,1,1999,0,0,20,0,0,24,10,0,0,0
482132,1,1,1999,0,0,0,0,0,0,0,0,0,0
482133,1,1,1999,0,0,0,0,0,0,0,0,0,0
482134,1,1,1999,22,22,22,22,22,22,22,22,22,22
482134,2,1,1999,13,0,0,0,0,0,0,14,0,0
482135,1,1,1999,22,22,22,22,22,22,22,22,22,22
482136,1,1,1999,12,0,13,9,8,11,8,0,0,0
482136,2,1,1999,16,17,15,20,11,13,13,0,20,0
482137,1,1,1999,22,22,22,22,22,22,22,22,22,22
482138,1,1,1999,0,0,0,0,0,0,0,0,0,0
482138,2,1,1999,0,0,0,0,0,0,0,0,0,0
482139,1,1,1999,0,5,16,13,0,0,0,0,0,10
482140,1,1,1999,0,0,0,0,0,0,0,0,5,0
482140,2,1,1999,0,0,0,0,0,0,0,0,0,0
482141,1,1,1999,0,0,0,0,0,0,0,0,0,0
482141,2,1,1999,0,0,0,0,0,0,0,0,0,0
482141,3,1,1999,0,28,0,0,0,0,0,0,0,0
482142,1,1,1999,0,0,0,0,0,0,0,0,0,0
482142,2,1,1999,0,7,0,0,0,0,0,0,0,0
482143,1,1,1999,0,0,0,0,0,0,0,0,0,0
482143,2,1,1999,0,0,0,0,0,0,0,0,0,0
482145,1,1,1999,0,23,22,24,24,32,6,27,19,11
482146,1,1,1999,0,0,0,0,0,0,0,0,0,0
482146,2,1,1999,0,0,0,0,0,0,0,0,0,0
482147,1,1,1999,0,0,0,0,0,0,23,0,0,0
482147,2,1,1999,17,0,0,0,0,0,0,15,0,12
482148,1,1,1999,0,0,0,0,0,0,0,0,0,0
482148,2,1,1999,0,0,0,0,0,0,0,0,0,0
482149,1,1,1999,10,10,10,10,10,10,10,10,10,10
482150,1,1,1999,11,11,11,11,11,11,11,11,11,11
482151,1,1,1999,0,0,23,0,0,0,0,0,0,0
482151,2,1,1999,0,0,0,0,0,0,0,4,0,0
482152,1,1,1999,0,0,0,0,0,0,0,0,0,0
482152,2,1,1999,0,0,0,0,0,0,0,0,0,0
482152,3,1,1999,0,0,0,0,0,0,0,0,10,0
482153,1,1,1999,8,15,5,18,12,12,24,17,25,15
482154,1,1,1999,0,0,12,0,0,0,0,0,0,0
482154,2,1,1999,0,0,0,0,0,0,0,0,0,0
482155,1,1,1999,0,0,0,0,0,0,0,0,0,0
482156,1,1,1999,0,0,0,0,16,0,13,0,0,21
482157,1,1,1999,23,23,23,23,23,23,23,23,23,23
482159,1,1,1999,16,30,14,19,11,7,7,14,14,7
482160,1,1,1999,0,0,0,0,0,0,0,0,0,0
482160,2,1,1999,0,0,0,0,0,0,0,0,0,0
482161,1,1,1999,23,21,30,0,6,10,15,22,29,7
482161,2,1,1999,0,0,0,0,0,0,0,0,0,0
482161,3,1,1999,16,15,0,0,0,0,0,0,0,0
482161,4,1,1999,14,0,13,0,7,0,14,0,28,0
482162,1,1,1999,0,14,0,0,0,0,0,17,0,0
482163,1,1,1999,0,0,0,0,0,0,0,0,0,0
482163,2,1,1999,0,0,0,0,0,0,0,0,0,0
482163,3,1,1999,0,29,0,0,13,0,0,10,0,0
482164,1,1,1999,17,12,0,16,15,10,8,6,3,11
482164,2,1,1999,25,0,0,0,0,0,0,0,7,0
482165,1,1,1999,21,21,21,21,21,21,21,21,21,21
482166,0,1,1999,0,0,0,0,0,0,0,0,0,0
482166,1,1,1999,0,0,0,0,0,0,0,0,0,0
482167,1,1,1999,13,13,13,13,13,13,13,13,13,13
482168,1,1,1999,0,0,0,0,0,0,0,0,0,0
482169,0,1,1999,0,0,0,0,0,0,0,0,0,0
482169,1,1,1999,0,0,0,0,0,0,0,0,0,0
482170,1,1,1999,10,10,10,10,10,10,10,10,10,10
482171,1,1,1999,0,0,0,0,0,0,0,0,0,19
482171,2,1,1999,0,0,0,0,0,0,0,0,0,0
482172,1,1,1999,0,0,0,0,0,0,0,0,0,0
482173,0,1,1999,0,0,0,0,0,0,0,0,0,0
482173,1,1,1999,0,0,0,0,0,0,0,0,0,0
482174,1,1,1999,13,0,0,0,0,0,0,8,0,0
482174,2,1,1999,30,0,0,0,0,0,0,0,0,0
482175,1,1,1999,24,0,0,0,0,0,14,0,0,17
482176,0,1,1999,0,0,0,26,0,0,0,0,0,0
482176,1,1,1999,0,0,0,0,0,0,0,0,0,0
482176,2,1,1999,0,0,0,0,2,4,0,0,0,0
482177,1,1,1999,0,0,0,0,0,0,0,0,0,0
482177,2,1,1999,0,0,0,0,0,0,0,0,0,0
482178,1,1,1999,0,0,0,0,0,0,0,0,0,0
482179,1,1,1999,0,0,0,0,0,0,0,0,0,0
482179,2,1,1999,0,0,0,0,0,0,0,0,0,0
482180,1,1,1999,0,0,0,0,0,0,0,0,0,0
482181,1,1,1999,0,0,0,0,0,0,0,0,0,0
482181,2,1,1999,0,0,0,0,0,0,0,0,0,0
482182,1,1,1999,0,0,0,0,5,0,0,0,0,0
482182,2,1,1999,0,15,0,0,0,18,0,0,16,0
482183,1,1,1999,0,0,0,0,0,0,0,0,0,0
482183,2,1,1999,0,0,0,0,0,0,0,0,0,0
482184,1,1,1999,0,0,0,0,0,0,0,0,0,0
482185,1,1,1999,19,0,4,0,17,20,27,27,15,0
482186,1,1,1999,0,0,0,0,0,0,13,0,0,0
482187,1,1,1999,0,0,0,0,0,0,0,0,0,0
482187,2,1,1999,0,0,0,0,0,26,0,0,0,5
482188,1,1,1999,0,0,0,0,0,0,0,0,0,0
482188,2,1,1999,0,29,32,0,0,17,0,5,0,0
482189,1,1,1999,0,0,0,0,0,0,0,0,0,0
482189,2,1,1999,0,0,0,4,0,0,14,0,0,0
482190,1,1,1999,0,0,0,0,0,0,0,0,17,0
482190,2,1,1999,0,0,0,0,0,0,0,0,0,0
482191,1,1,1999,27,4,19,0,0,10,0,20,0,19
482192,1,1,1999,0,0,0,0,0,0,0,0,0,0
482193,1,1,1999,0,13,0,0,33,0,0,0,31,0
482194,1,1,1999,27,27,27,27,27,27,27,27,27,27
482195,1,1,1999,20,20,20,20,20,20,20,20,20,20
482196,1,1,1999,0,0,0,0,0,0,0,0,0,0
482197,1,1,1999,26,26,26,26,26,26,26,26,26,26
482198,1,1,1999,0,0,0,0,0,0,0,0,0,0
482198,2,1,1999,0,0,0,0,0,0,0,0,0,0
482199,1,1,1999,0,0,24,0,0,16,16,0,19,11
482200,1,1,1999,21,21,21,21,21,21,21,21,21,21
482201,0,1,1999,0,0,0,0,0,0,0,0,0,0
482201,1,1,1999,0,0,0,0,0,0,0,0,0,0
482202,1,1,1999,0,0,0,0,0,0,0,0,0,0
482202,2,1,1999,0,0,0,0,0,0,0,0,0,0
482203,1,1,1999,9,17,0,0,0,20,0,0,0,0
482204,1,1,1999,0,0,0,0,0,0,0,0,0,0
482204,2,1,1999,0,24,26,0,0,0,0,0,0,0
482205,1,1,1999,6,0,0,0,0,0,0,0,0,0
482205,2,1,1999,0,0,0,0,0,0,0,0,0,0
482206,1,1,1999,13,10,12,25,6,13,14,11,10,7
482206,2,1,1999,12,16,3,7,5,11,3,15,25,12
482207,1,1,1999,0,0,0,0,0,0,0,0,0,0
482208,0,1,1999,32,17,30,27,9,35,22,14,0,0
482208,1,1,1999,14,23,11,25,16,0,0,0,0,0
482209,1,1,1999,0,0,0,0,0,13,0,0,0,0
482210,1,1,1999,0,0,0,0,0,0,0,0,0,0
482210,2,1,1999,0,0,0,0,0,0,0,0,0,0
482211,1,1,1999,21,21,21,21,21,21,21,21,21,21
482212,1,1,1999,25,25,25,25,25,25,25,25,25,25
482213,1,1,1999,20,20,20,20,20,20,20,20,20,20
482214,1,1,1999,0,0,0,0,0,0,0,0,0,0
482214,2,1,1999,0,0,0,0,0,0,0,0,0,0
482214,3,1,1999,0,0,0,0,0,0,4,0,0,0
482215,1,1,1999,25,17,21,24,22,39,0,23,29,27
482216,1,1,1999,24,24,24,24,24,24,24,24,24,24
482217,1,1,1999,0,0,0,18,0,21,12,0,14,0
482217,2,1,1999,0,0,0,0,0,0,0,0,0,0
482218,1,1,1999,0,0,0,0,0,0,0,0,0,0
482219,1,1,1999,14,15,20,22,22,9,19,0,12,47
482220,1,1,1999,10,10,10,10,10,10,10,10,10,10
482221,1,1,1999,0,0,21,17,0,0,0,0,16,28
482222,1,1,1999,31,0,31,29,19,14,25,34,0,23
482223,1,1,1999,0,0,0,12,0,15,0,0,0,0
482223,2,1,1999,0,0,10,0,11,0,12,0,17,0
482224,1,1,1999,0,0,0,0,0,0,0,0,0,0
482224,2,1,1999,0,0,0,0,0,0,0,0,0,0
482225,1,1,1999,15,15,15,15,15,15,15,15,15,15
482226,1,1,1999,0,0,0,0,0,0,0,0,0,0
482226,2,1,1999,0,0,0,0,12,0,0,16,0,0
482227,1,1,1999,0,0,0,0,0,0,0,0,0,0
482227,2,1,1999,0,0,0,0,0,0,0,0,0,0
482228,0,1,1999,27,0,0,41,0,19,0,0,0,0
482228,1,1,1999,0,0,0,0,0,0,0,0,0,0
482229,1,1,1999,6,25,20,16,17,0,20,15,4,0
482230,1,1,1999,0,0,0,0,0,0,0,0,0,0
482230,2,1,1999,0,14,0,0,0,0,0,0,0,0
482231,1,1,1999,25,25,25,25,25,25,25,25,25,25
482232,1,1,1999,0,0,0,0,0,0,0,0,24,0
482232,2,1,1999,0,0,0,0,0,0,0,0,0,0
482233,1,1,1999,0,0,0,0,0,0,0,0,0,0
482233,2,1,1999,0,0,0,0,0,0,0,0,0,0
482234,0,1,1999,0,0,0,0,0,0,0,19,0,0
482234,1,1,1999,0,0,0,0,0,0,0,0,0,0
482234,2,1,1999,0,0,0,0,0,0,0,10,0,0
482234,3,1,1999,0,0,0,0,0,0,0,0,0,0
482235,1,1,1999,0,0,0,0,0,0,0,0,0,0
482235,2,1,1999,0,0,0,0,0,0,0,0,0,0
482236,1,1,1999,0,0,0,0,0,0,0,0,0,0
482236,2,1,1999,10,0,0,0,0,0,0,0,0,0
482237,1,1,1999,12,12,12,12,12,12,12,12,12,12
482238,1,1,1999,15,15,15,15,15,15,15,15,15,15
482239,1,1,1999,17,0,9,0,8,0,0,23,22,34
482240,0,1,1999,0,0,0,0,0,0,0,4,0,0
482240,1,1,1999,0,19,0,0,0,7,0,0,0,0
482241,1,1,1999,0,0,0,0,0,0,0,0,0,0
482241,2,1,1999,0,0,5,0,0,0,0,0,0,0
482242,0,1,1999,0,0,0,0,0,0,0,0,0,0
482242,1,1,1999,0,0,0,0,0,0,0,0,0,0
482242,2,1,1999,0,10,0,0,0,0,0,0,0,0
482243,1,1,1999,0,0,0,0,0,0,0,0,0,0
482243,2,1,1999,4,4,4,4,4,4,4,4,4,4
482244,1,1,1999,0,23,0,0,0,0,0,0,0,0
482245,1,1,1999,0,0,0,15,0,0,0,0,0,0
482245,2,1,1999,0,0,0,6,0,0,0,0,0,0
482246,1,1,1999,2,0,0,0,0,0,6,0,0,0
482246,2,1,1999,0,0,0,0,0,0,0,0,0,0
482247,1,1,1999,0,0,0,0,0,0,0,0,0,0
482247,2,1,1999,0,0,0,0,0,0,0,0,0,0
482248,0,1,1999,0,0,0,0,0,0,0,0,0,0
482248,1,1,1999,11,0,0,0,18,22,0,0,0,0
482249,1,1,1999,18,0,10,20,18,21,19,20,16,21
482250,1,1,1999,21,18,36,14,14,10,8,18,3,0
482251,1,1,1999,0,0,0,0,0,0,0,0,0,0
482251,2,1,1999,0,0,0,0,0,0,0,0,0,0
482251,3,1,1999,0,0,0,0,0,0,0,0,0,0
482252,1,1,1999,0,0,0,0,0,0,0,0,0,0
482252,2,1,1999,0,0,0,0,0,0,0,0,0,0
482253,1,1,1999,0,0,0,0,13,0,0,26,0,0
482254,1,1,1999,11,0,0,10,0,0,0,15,3,0
482254,2,1,1999,25,23,0,0,17,18,0,0,0,2
482255,0,1,1999,18,18,18,18,18,18,18,18,18,18
482255,1,1,1999,0,21,0,14,0,0,0,0,0,0
482256,0,1,1999,0,0,0,0,0,0,9,0,0,0
482256,1,1,1999,0,0,0,0,0,0,0,0,0,0
482257,1,1,1999,14,11,12,0,22,5,11,13,14,20
482257,2,1,1999,15,27,0,0,15,19,28,7,4,0
482258,1,1,1999,21,15,0,12,17,14,21,12,25,9
482258,2,1,1999,0,13,0,7,20,8,0,0,17,0
482259,1,1,1999,0,0,0,0,0,0,0,0,0,0
482260,1,1,1999,0,22,25,13,10,0,0,26,36,25
482261,1,1,1999,0,0,0,0,0,0,0,21,0,0
482261,2,1,1999,0,0,0,0,0,17,0,18,0,0
482262,1,1,1999,16,16,16,16,16,16,16,16,16,16
482262,2,1,1999,0,0,0,13,0,0,9,0,0,0
482263,1,1,1999,0,15,0,0,0,20,19,0,17,17
482264,1,1,1999,0,0,0,0,0,0,0,0,0,0
482264,2,1,1999,0,0,0,0,0,0,0,0,0,0
482265,0,1,1999,20,0,0,16,0,0,13,25,0,0
482265,1,1,1999,0,0,10,0,0,0,0,22,0,0
482266,1,1,1999,0,6,14,0,0,0,31,0,15,0
482266,2,1,1999,0,9,0,30,0,0,16,0,0,10
482267,1,1,1999,0,18,0,0,15,0,0,0,0,0
482267,2,1,1999,0,0,0,0,0,0,0,0,0,12
482268,1,1,1999,11,11,11,11,11,11,11,11,11,11
482268,2,1,1999,0,0,0,0,0,0,0,0,0,0
482269,1,1,1999,0,0,0,0,0,0,0,0,0,0
482269,2,1,1999,0,0,0,0,0,0,0,0,0,0
482270,1,1,1999,0,0,0,8,12,11,5,0,0,20
482271,1,1,1999,11,0,0,0,0,0,0,0,0,15
482271,2,1,1999,0,0,0,0,0,0,0,0,0,0
482272,1,1,1999,0,0,0,0,0,0,15,0,13,0
482273,1,1,1999,0,0,0,0,13,25,0,0,0,0
482273,2,1,1999,0,0,0,0,0,0,0,25,0,0
482274,1,1,1999,0,0,0,0,0,0,0,0,0,0
482274,2,1,1999,0,0,0,0,0,0,0,0,0,0
482275,1,1,1999,0,0,0,0,0,0,0,0,4,0
482275,2,1,1999,0,0,0,0,0,0,0,0,0,0
482276,1,1,1999,0,0,0,0,0,0,0,0,0,0
482276,2,1,1999,2,2,2,2,2,2,2,2,2,2
482277,1,1,1999,0,0,0,0,0,15,0,0,0,0
482278,1,1,1999,0,0,21,0,0,0,0,0,0,0
482278,2,1,1999,0,0,0,0,0,0,22,0,0,0
482279,1,1,1999,0,0,0,0,0,0,0,0,0,0
482279,2,1,1999,0,0,0,0,0,0,0,0,0,0
482280,0,1,1999,0,0,0,0,0,0,0,0,0,0
482280,1,1,1999,0,0,0,0,0,0,0,0,0,0
482281,1,1,1999,33,33,33,33,33,33,33,33,33,33
482282,1,1,1999,0,0,0,0,0,0,0,0,0,0
482283,0,1,1999,28,28,28,28,28,28,28,28,28,28
482283,1,1,1999,0,0,10,0,15,0,6,0,0,19
482284,1,1,1999,0,0,0,0,0,0,0,0,0,0
482284,2,1,1999,0,0,0,0,0,0,0,0,0,0
482285,1,1,1999,0,0,31,23,0,0,0,0,0,0
482286,1,1,1999,0,0,0,0,0,0,0,0,0,0
482286,2,1,1999,0,0,0,0,12,0,10,0,0,0
482287,1,1,1999,3,3,3,3,3,3,3,3,3,3
482288,1,1,1999,29,15,33,11,30,15,18,16,16,31
482289,1,1,1999,23,24,36,12,13,20,0,34,18,16
482290,1,1,1999,0,0,0,0,0,0,0,0,0,0
482291,1,1,1999,0,0,17,0,17,0,0,0,0,0
482292,1,1,1999,0,0,0,0,0,0,0,0,0,0
482292,2,1,1999,15,15,15,15,15,15,15,15,15,15
482293,1,1,1999,0,30,19,27,31,34,14,23,35,14
482294,1,1,1999,21,21,21,21,21,21,21,21,21,21
482294,2,1,1999,0,16,0,12,18,8,0,0,14,0
482295,1,1,1999,19,19,19,19,19,19,19,19,19,19
482296,1,1,1999,0,0,0,0,0,0,0,0,0,0
482296,2,1,1999,29,29,29,29,29,29,29,29,29,29
482297,1,1,1999,0,0,0,0,0,8,0,0,0,0
482297,2,1,1999,12,0,0,16,0,0,0,15,0,0
482298,1,1,1999,15,17,12,22,0,12,13,38,0,0
482299,1,1,1999,18,0,0,9,12,11,17,13,6,0
482300,1,1,1999,0,2,5,0,0,7,19,0,21,11
482301,1,1,1999,27,17,24,19,0,8,8,16,15,11
482302,1,1,1999,11,11,11,11,11,11,11,11,11,11
482302,2,1,1999,0,0,0,0,0,0,0,0,0,0
482303,1,1,1999,27,27,27,27,27,27,27,27,27,27
482304,0,1,1999,23,23,23,23,23,23,23,23,23,23
482304,1,1,1999,0,8,0,0,0,12,0,0,0,0
482305,1,1,1999,0,0,0,0,0,0,0,0,0,0
482305,2,1,1999,0,0,0,0,0,0,0,0,0,0
482306,1,1,1999,10,10,10,10,10,10,10,10,10,10
482307,1,1,1999,0,0,0,0,0,4,0,29,25,20
482307,2,1,1999,0,4,0,8,0,0,0,6,8,0
482307,3,1,1999,0,0,0,0,0,0,0,0,0,0
482308,1,1,1999,0,0,0,0,0,0,0,0,0,0
482309,0,1,1999,0,0,23,0,0,31,38,17,0,0
482309,0,2,1999,38,13,20,0,23,0,0,14,30,0
482309,1,1,1999,0,0,0,0,0,0,0,0,0,0
482309,2,1,1999,0,0,0,0,0,0,0,0,0,0
482310,1,1,1999,0,0,0,0,0,0,0,0,0,0
482310,2,1,1999,0,0,9,0,10,19,0,0,14,0
482311,1,1,1999,0,0,0,0,0,0,0,0,0,0
482311,2,1,1999,0,0,0,0,0,0,0,0,0,0
482312,1,1,1999,29,29,29,29,29,29,29,29,29,29
482313,1,1,1999,0,12,0,12,34,24,37,19,17,11
482314,1,1,1999,0,0,0,0,0,0,0,0,0,0
482314,2,1,1999,0,0,0,0,0,0,0,0,0,0
482315,1,1,1999,0,0,0,0,0,0,0,0,1,0
482315,2,1,1999,0,0,0,0,0,0,0,0,0,0
482316,1,1,1999,30,30,30,30,30,30,30,30,30,30
482317,1,1,1999,29,29,29,29,29,29,29,29,29,29
482317,2,1,1999,0,0,0,0,0,0,0,0,0,0
482318,1,1,1999,0,0,0,0,0,0,0,0,0,10
482318,2,1,1999,0,0,0,0,0,0,0,0,0,0
482319,1,1,1999,7,2,3,9,3,3,0,13,9,0
482319,2,1,1999,0,0,0,0,0,0,0,0,0,0
482320,0,1,1999,14,14,14,14,14,14,14,14,14,14
482320,1,1,1999,0,8,0,0,14,12,0,26,0,0
482321,1,1,1999,0,0,0,0,0,0,0,0,0,0
482321,2,1,1999,0,0,0,0,0,0,0,0,0,0
482322,1,1,1999,0,0,0,0,0,0,0,0,0,0
482323,1,1,1999,9,0,0,17,10,20,22,37,16,24
482324,1,1,1999,0,0,0,0,0,0,19,0,0,0
482324,2,1,1999,14,0,0,6,0,20,19,0,0,0
482324,3,1,1999,0,0,0,1,0,0,0,0,0,0
482325,1,1,1999,0,0,0,0,0,0,0,0,0,0
482326,1,1,1999,1,1,1,1,1,1,1,1,1,1
482327,1,1,1999,0,0,0,15,18,0,21,16,16,0
482327,2,1,1999,2,2,2,2,2,2,2,2,2,2
482328,1,1,1999,0,0,0,0,0,0,0,0,0,0
482328,2,1,1999,0,0,0,0,0,0,0,0,0,0
482329,1,1,1999,14,14,14,14,14,14,14,14,14,14
482329,2,1,1999,0,0,0,0,0,0,0,0,0,0
482330,1,1,1999,0,17,13,18,0,0,0,7,0,37
482331,1,1,1999,0,0,0,0,0,0,0,0,0,0
482331,2,1,1999,17,17,17,17,17,17,17,17,17,17
482332,1,1,1999,10,10,10,10,10,10,10,10,10,10
482333,1,1,1999,0,0,0,3,0,0,0,0,0,0
482333,2,1,1999,0,0,0,0,0,0,0,0,0,0
482334,1,1,1999,0,0,0,0,0,12,0,0,0,0
482334,2,1,1999,0,0,0,0,0,0,0,0,0,13
482335,0,1,1999,0,0,0,0,0,0,0,0,0,0
482335,0,2,1999,0,0,0,0,0,0,0,0,0,0
482335,1,1,1999,0,2,8,11,15,0,28,20,24,39
482336,0,1,1999,0,22,0,0,11,36,23,0,0,16
482336,1,1,1999,0,0,0,0,0,0,0,0,12,0
482337,1,1,1999,0,0,0,0,0,0,0,0,0,0
482337,2,1,1999,0,0,0,0,0,0,0,0,0,0
482338,1,1,1999,26,0,18,19,0,12,10,8,15,7
482338,2,1,1999,0,6,0,0,0,30,7,0,21,0
482339,1,1,1999,15,0,0,0,0,0,0,0,0,0
482340,1,1,1999,0,0,0,0,0,0,0,0,0,0
482340,2,1,1999,0,0,0,0,0,0,0,0,0,0
482341,1,1,1999,34,34,34,34,34,34,34,34,34,34
482342,1,1,1999,13,0,11,15,9,21,18,8,7,15
482343,1,1,1999,0,0,0,0,0,0,0,0,0,0
482343,2,1,1999,0,0,0,0,0,0,0,0,0,0
482343,3,1,1999,0,0,0,0,0,0,0,0,0,0
482344,1,1,1999,0,15,0,0,0,11,23,24,11,0
482344,2,1,1999,17,13,11,12,20,0,12,8,4,7
482344,3,1,1999,18,0,14,0,0,10,0,0,7,0
482344,4,1,1999,6,0,0,0,19,0,8,14,0,11
482345,1,1,1999,18,10,0,9,11,10,18,0,18,0
482345,2,1,1999,0,0,14,0,5,0,17,0,8,17
482346,1,1,1999,0,0,0,0,0,0,0,0,0,0
482347,1,1,1999,0,0,0,0,0,0,0,0,0,0
482348,0,1,1999,0,0,7,0,0,0,0,0,0,0
482348,1,1,1999,0,0,0,5,0,8,0,4,0,0
482349,0,1,1999,0,11,15,0,0,22,0,0,0,0
482349,1,1,1999,0,0,0,19,0,0,5,0,0,0
482350,1,1,1999,17,9,25,15,0,12,7,0,0,20
482351,1,1,1999,22,6,0,0,16,6,0,0,33,0
482352,1,1,1999,0,0,0,0,16,6,0,0,0,0
482353,1,1,1999,0,0,4,0,0,0,0,0,0,0
482354,1,1,1999,0,0,0,0,0,0,0,0,0,0
482354,2,1,1999,0,0,0,0,0,0,0,0,0,0
482355,1,1,1999,0,5,0,0,0,0,0,0,0,0
482356,1,1,1999,0,0,0,0,0,0,0,0,0,0
482356,2,1,1999,0,0,0,0,0,0,0,0,0,0
482357,1,1,1999,0,0,0,0,0,0,0,0,0,0
482357,2,1,1999,0,0,0,0,0,0,0,0,0,0
482358,1,1,1999,0,0,0,0,0,0,0,0,0,22
482358,2,1,1999,0,0,0,0,0,0,0,0,0,0
482359,0,1,1999,0,16,0,0,0,19,10,0,0,10
482359,1,1,1999,29,22,3,14,16,17,15,12,10,11
482360,1,1,1999,0,0,0,0,0,0,0,0,0,0
482360,2,1,1999,0,0,0,0,11,0,0,0,12,0
482361,0,1,1999,0,0,0,12,0,0,0,0,0,21
482361,1,1,1999,0,10,0,0,13,11,0,0,0,7
482362,1,1,1999,0,0,0,0,7,0,0,0,0,0
482362,2,1,1999,0,0,0,0,4,0,17,0,13,7
482363,0,1,1999,0,0,29,0,0,0,0,0,12,0
482363,1,1,1999,0,0,0,0,0,0,0,0,0,0
482364,1,1,1999,0,11,0,0,0,0,0,0,0,0
482364,2,1,1999,0,0,0,0,0,0,0,0,0,0
482364,3,1,1999,0,0,0,0,0,0,0,0,0,0
482365,1,1,1999,0,27,18,0,0,0,0,0,8,0
482365,2,1,1999,3,26,13,0,0,0,9,8,13,0
482366,1,1,1999,19,0,0,5,0,39,0,0,0,33
482367,1,1,1999,0,0,0,0,0,4,0,0,0,12
482367,2,1,1999,0,0,0,0,0,0,0,0,0,0
482368,1,1,1999,0,0,0,0,0,0,0,0,0,0
482368,2,1,1999,0,0,0,0,0,0,0,0,0,0
482369,1,1,1999,0,6,21,15,14,0,0,0,0,0
482370,1,1,1999,0,0,0,0,0,18,0,0,0,0
482371,1,1,1999,25,25,25,25,25,25,25,25,25,25
482371,2,1,1999,0,0,0,0,0,0,0,0,0,0
482372,1,1,1999,0,0,0,6,37,6,0,12,17,0
482373,0,1,1999,0,0,0,0,0,0,0,0,0,0
482373,1,1,1999,0,0,0,0,0,0,0,0,0,0
482374,0,1,1999,0,0,8,0,10,0,0,0,21,0
482374,1,1,1999,8,6,8,12,14,0,0,29,3,17
482374,2,1,1999,21,21,21,21,21,21,21,21,21,21
482375,1,1,1999,9,23,30,10,24,19,0,11,13,19
482376,1,1,1999,0,0,0,0,0,0,0,0,0,0
482376,2,1,1999,0,0,0,0,0,0,0,0,0,0
482377,1,1,1999,0,0,16,0,0,0,0,0,0,0
482377,2,1,1999,0,0,0,0,0,0,0,0,0,0
482378,1,1,1999,0,0,0,0,0,0,0,0,0,0
482378,2,1,1999,0,0,0,0,0,0,0,0,0,0
482379,1,1,1999,8,8,8,8,8,8,8,8,8,8
482379,2,1,1999,0,0,0,5,0,0,9,2,0,11
482380,0,1,1999,0,0,33,0,28,0,24,14,30,23
482380,1,1,1999,0,7,0,16,0,0,18,18,0,0
482381,1,1,1999,26,26,26,26,26,26,26,26,26,26
482382,1,1,1999,0,0,0,0,0,0,0,0,0,0
482383,1,1,1999,0,0,0,0,0,0,0,0,0,0
482383,2,1,1999,0,0,0,0,0,0,0,0,0,0
482384,1,1,1999,22,22,22,22,22,22,22,22,22,22
482384,2,1,1999,0,0,0,0,0,14,0,0,0,0
482385,0,1,1999,0,0,0,0,0,0,0,5,0,0
482385,1,1,1999,20,20,20,20,20,20,20,20,20,20