ST_CASE,VEH_NO,PER_NO,YEAR,P1,P2,P3,P4,P5,P6,P7,P8,P9,P10
482386,1,1,1999,0,0,0,0,0,0,0,0,0,0
482386,2,1,1999,0,0,0,0,16,0,0,0,0,0
482387,0,1,1999,0,0,0,0,0,0,0,0,0,0
482387,1,1,1999,0,0,0,0,0,0,0,0,0,0
482387,2,1,1999,0,0,0,0,0,0,0,0,18,0
482388,1,1,1999,0,0,0,0,0,0,0,0,0,19
482389,1,1,1999,8,0,15,0,0,16,0,0,0,0
482389,2,1,1999,0,0,0,0,0,0,0,0,0,0
482390,1,1,1999,12,12,23,16,10,16,12,14,7,20
482391,1,1,1999,0,0,0,6,0,0,0,0,13,12
482392,1,1,1999,24,0,19,16,35,14,24,0,0,20
482393,1,1,1999,0,0,0,0,0,0,0,18,0,0
482394,1,1,1999,0,14,0,0,0,0,0,19,19,0
482395,1,1,1999,0,0,0,0,0,0,0,0,0,0
482396,1,1,1999,14,24,33,14,24,13,30,17,17,22
482397,1,1,1999,22,7,15,11,9,18,34,10,11,8
482397,2,1,1999,0,0,0,0,0,0,0,0,0,0
482398,1,1,1999,0,0,0,0,0,0,0,0,0,0
482398,2,1,1999,0,0,0,8,0,0,0,0,0,0
482399,0,1,1999,0,0,0,0,0,0,0,0,0,0
482399,1,1,1999,0,0,0,0,0,0,0,0,0,0
482399,2,1,1999,0,0,0,0,0,0,0,0,0,0
482400,0,1,1999,19,19,19,19,19,19,19,19,19,19
482400,1,1,1999,9,0,0,0,0,17,6,13,9,7
482400,2,1,1999,0,0,0,0,0,14,0,0,0,0
482401,1,1,1999,14,25,0,0,28,0,0,27,31,0
482401,2,1,1999,0,10,0,0,0,0,0,17,10,7
482401,3,1,1999,0,0,0,0,0,0,0,0,0,0
482401,4,1,1999,0,0,0,0,0,0,0,0,18,0
482402,1,1,1999,0,11,0,0,0,0,0,0,0,0
482403,1,1,1999,14,15,29,14,14,16,28,8,13,13
482404,1,1,1999,0,0,0,0,0,0,0,0,0,0
482404,2,1,1999,0,0,0,0,0,0,0,0,0,0
482405,1,1,1999,19,19,19,19,19,19,19,19,19,19
482405,2,1,1999,0,9,0,0,0,5,0,0,0,0
482406,1,1,1999,8,0,0,0,0,0,0,0,0,0
482406,2,1,1999,10,0,0,0,0,0,10,0,0,0
482407,1,1,1999,0,0,0,0,0,0,0,0,0,0
482408,1,1,1999,0,0,13,0,0,0,0,0,0,0
482408,2,1,1999,0,0,0,0,17,0,0,0,0,0
482409,1,1,1999,19,19,19,19,19,19,19,19,19,19
482410,1,1,1999,0,0,0,0,0,0,0,0,0,0
482410,2,1,1999,0,0,0,0,0,0,0,0,0,0
482410,3,1,1999,0,0,0,0,0,0,24,0,0,0
482410,4,1,1999,0,0,0,0,0,0,0,0,0,0
482410,5,1,1999,0,0,0,0,0,0,0,0,0,0
482410,6,1,1999,0,0,0,0,0,0,5,0,0,0
482410,7,1,1999,0,0,0,0,0,0,0,0,0,0
482410,8,1,1999,0,0,0,0,0,0,0,0,5,0
482410,9,1,1999,0,0,0,0,0,0,0,0,0,0
482410,10,1,1999,0,0,0,0,0,0,0,0,0,0
482410,11,1,1999,0,0,0,0,0,0,0,0,0,0
482410,12,1,1999,0,0,0,0,0,12,0,0,0,0
482410,13,1,1999,0,0,0,0,0,0,0,0,0,0
482410,14,1,1999,0,0,0,0,0,0,0,0,0,0
482410,15,1,1999,0,0,0,0,0,11,0,0,0,0
482411,0,1,1999,0,0,0,0,0,0,0,0,0,0
482411,1,1,1999,0,0,0,0,0,0,0,0,0,0
482412,1,1,1999,0,0,0,0,13,0,0,0,0,0
482412,2,1,1999,8,0,5,0,7,0,0,6,0,0
482413,0,1,1999,0,0,0,0,0,0,0,0,0,0
482413,0,2,1999,0,0,0,0,0,0,0,0,0,0
482413,0,3,1999,0,0,0,0,0,0,0,0,0,0
482413,1,1,1999,0,0,0,0,0,0,0,9,0,0
482414,1,1,1999,14,14,14,14,14,14,14,14,14,14
482414,2,1,1999,0,0,0,0,0,0,0,0,0,0
482415,0,1,1999,27,27,27,27,27,27,27,27,27,27
482415,1,1,1999,0,9,0,0,11,0,0,15,0,0
482416,0,1,1999,9,9,9,9,9,9,9,9,9,9
482416,1,1,1999,0,0,0,0,0,0,0,0,0,0
482417,1,1,1999,0,38,0,0,12,24,16,25,0,8
482418,0,1,1999,11,14,26,19,0,23,0,19,0,14
482418,1,1,1999,16,4,22,28,6,5,16,3,19,11
482419,1,1,1999,0,0,0,0,0,8,11,0,0,11
482420,1,1,1999,25,25,25,25,25,25,25,25,25,25
482421,1,1,1999,0,0,0,0,0,0,0,0,0,0
482421,2,1,1999,23,23,23,23,23,23,23,23,23,23
482422,1,1,1999,17,0,0,0,0,0,0,15,0,0
482423,1,1,1999,13,0,0,0,0,0,0,0,0,0
482424,1,1,1999,0,0,0,0,0,0,0,0,0,0
482424,2,1,1999,0,0,0,0,23,0,0,0,0,0
482425,1,1,1999,0,0,0,0,0,0,0,0,0,0
482425,2,1,1999,0,0,0,0,0,0,0,0,0,0
482426,1,1,1999,10,10,10,10,10,10,10,10,10,10
482427,1,1,1999,0,0,0,2,0,0,0,0,0,0
482427,2,1,1999,0,0,0,0,0,0,0,0,0,0
482428,1,1,1999,0,0,0,0,11,0,13,0,0,0
482428,2,1,1999,0,6,0,0,0,0,7,0,27,0
482429,1,1,1999,0,0,0,0,0,0,0,0,0,0
482430,1,1,1999,18,0,10,0,0,0,0,0,0,0
482430,2,1,1999,0,0,0,0,0,5,0,0,0,0
482430,3,1,1999,0,15,0,0,0,0,0,0,0,0
482431,1,1,1999,9,14,5,32,15,27,11,28,14,11
482432,1,1,1999,0,0,0,0,0,0,0,0,0,0
482432,2,1,1999,0,0,0,0,0,0,0,23,0,0
482433,1,1,1999,0,0,0,0,0,0,0,0,0,0
482433,2,1,1999,0,0,0,0,0,0,0,0,0,0
482434,1,1,1999,17,16,11,22,0,0,16,0,17,0
482435,1,1,1999,0,0,0,10,0,0,8,0,0,28
482437,1,1,1999,0,0,0,0,0,0,0,0,0,0
482438,1,1,1999,16,5,15,0,15,0,0,0,0,0
482438,2,1,1999,0,0,0,0,0,0,0,0,15,0
482439,1,1,1999,0,0,0,0,0,0,15,20,0,0
482439,2,1,1999,0,0,0,0,0,0,0,0,0,0
482440,1,1,1999,15,15,15,15,15,15,15,15,15,15
482441,1,1,1999,0,0,0,0,0,0,0,0,10,0
482441,2,1,1999,0,0,0,0,0,0,0,0,0,0
482442,1,1,1999,10,10,10,10,10,10,10,10,10,10
482443,1,1,1999,0,0,0,0,0,0,0,0,0,0
482443,2,1,1999,0,0,0,0,0,0,0,0,0,0
482444,1,1,1999,0,9,0,7,0,0,7,0,19,0
482444,2,1,1999,0,14,21,0,0,14,0,20,0,0
482445,0,1,1999,0,0,14,24,12,13,16,0,0,0
482445,1,1,1999,0,0,25,0,0,19,0,0,0,0
482446,1,1,1999,0,18,5,0,9,8,25,11,0,12
482447,1,1,1999,0,0,0,0,0,0,4,0,0,0
482448,1,1,1999,0,0,0,0,0,0,0,0,0,0
482448,2,1,1999,14,14,14,14,14,14,14,14,14,14
482449,1,1,1999,0,6,0,0,0,0,0,17,0,0
482450,1,1,1999,0,11,0,0,0,0,0,0,0,0
482451,1,1,1999,0,0,0,0,0,0,0,0,0,0
482451,2,1,1999,0,15,0,0,0,0,0,0,0,0
482451,3,1,1999,0,0,0,0,0,0,18,15,0,0
482452,1,1,1999,0,0,0,0,0,12,0,28,0,0
482452,2,1,1999,23,23,23,23,23,23,23,23,23,23
482453,1,1,1999,0,0,0,0,0,0,0,0,0,0
482453,2,1,1999,0,0,0,0,0,0,0,0,0,0
482453,3,1,1999,0,0,0,0,0,0,0,0,0,0
482453,4,1,1999,0,0,0,0,0,0,0,0,0,0
482454,1,1,1999,11,11,11,11,11,11,11,11,11,11
482454,2,1,1999,7,0,0,0,0,0,0,0,27,0
482455,1,1,1999,25,25,25,25,25,25,25,25,25,25
482456,1,1,1999,22,22,22,22,22,22,22,22,22,22
482457,1,1,1999,0,0,0,0,0,0,0,0,0,0
482457,2,1,1999,0,0,0,0,0,0,0,0,0,0
482458,1,1,1999,0,0,0,0,0,0,0,0,0,0
482458,2,1,1999,10,0,0,0,0,0,6,22,0,0
482459,1,1,1999,0,0,0,0,0,0,0,0,0,0
482460,0,1,1999,0,0,24,10,24,23,13,31,20,0
482460,1,1,1999,16,16,16,16,16,16,16,16,16,16
482461,1,1,1999,18,0,18,0,0,0,0,22,0,0
482462,1,1,1999,0,0,0,0,0,0,0,0,28,0
482463,1,1,1999,0,0,0,0,0,15,0,0,0,0
482463,2,1,1999,0,0,0,0,0,0,0,0,0,0
482464,1,1,1999,18,20,23,9,23,34,10,15,26,26
482465,1,1,1999,18,18,18,18,18,18,18,18,18,18
482466,1,1,1999,35,24,22,28,26,30,28,20,28,14
482467,1,1,1999,0,0,0,0,0,0,0,0,0,0
482467,2,1,1999,0,0,0,0,0,0,0,0,0,0
482468,1,1,1999,42,16,17,18,0,0,20,0,19,0
482468,2,1,1999,2,0,0,0,12,7,0,0,0,13
482469,1,1,1999,25,25,25,25,25,25,25,25,25,25
482469,2,1,1999,0,0,0,0,0,0,0,0,0,0
482470,1,1,1999,0,0,0,0,0,0,0,0,0,0
482470,2,1,1999,0,0,0,0,0,0,0,0,0,0
482470,3,1,1999,0,0,0,0,0,0,0,0,0,0
482471,1,1,1999,20,20,20,20,20,20,20,20,20,20
482472,1,1,1999,21,7,0,19,14,0,0,0,0,16
482473,1,1,1999,0,0,23,0,13,11,0,0,0,14
482474,0,1,1999,0,0,0,0,0,0,0,0,0,0
482474,1,1,1999,0,0,0,0,0,0,0,7,0,0
482475,1,1,1999,0,13,29,9,0,24,15,22,27,0
482476,1,1,1999,0,0,0,0,0,3,0,0,0,0
482476,2,1,1999,0,0,0,0,0,0,0,0,0,0
482477,0,1,1999,15,15,15,15,15,15,15,15,15,15
482477,1,1,1999,0,0,0,0,0,0,0,0,0,0
482478,1,1,1999,20,20,20,20,20,20,20,20,20,20
482479,0,1,1999,0,15,0,0,10,0,0,0,0,33
482480,1,1,1999,0,0,0,6,0,0,0,0,12,0
482480,2,1,1999,0,0,0,0,0,0,0,0,0,0
482481,1,1,1999,0,0,0,0,0,0,4,0,2,19
482481,2,1,1999,0,0,0,0,0,0,0,0,0,0
482482,1,1,1999,14,14,14,14,14,14,14,14,14,14
482483,1,1,1999,0,0,0,0,0,0,0,0,0,0
482484,1,1,1999,16,0,18,15,18,17,15,0,17,22
482485,1,1,1999,8,12,11,14,21,16,17,19,13,10
482485,2,1,1999,0,0,0,26,0,0,0,0,0,0
482486,1,1,1999,0,0,0,3,0,4,27,22,0,9
482487,1,1,1999,18,23,21,8,9,26,27,14,6,9
482488,0,1,1999,0,0,0,0,0,0,0,0,0,0
482488,1,1,1999,0,0,11,0,10,0,0,0,0,0
482489,0,1,1999,22,22,22,22,22,22,22,22,22,22
482489,1,1,1999,17,0,0,0,0,0,16,0,0,0
482490,1,1,1999,24,24,24,24,24,24,24,24,24,24
482490,2,1,1999,0,0,0,0,0,0,0,0,0,0
482491,1,1,1999,0,0,0,0,0,0,0,0,0,0
482492,1,1,1999,0,17,19,12,39,26,0,39,7,0
482493,1,1,1999,22,22,22,22,22,22,22,22,22,22
482494,1,1,1999,5,5,5,5,5,5,5,5,5,5
482494,2,1,1999,0,0,0,0,0,0,0,0,0,0
482494,3,1,1999,15,0,0,0,0,0,0,0,0,0
482495,1,1,1999,0,0,0,0,0,0,0,0,0,0
482496,1,1,1999,21,0,6,15,16,15,21,20,13,28
482496,2,1,1999,0,15,0,0,0,0,0,0,12,0
482497,0,1,1999,41,0,14,0,17,9,0,24,0,19
482497,1,1,1999,13,0,0,0,13,0,21,19,27,0
482498,1,1,1999,19,19,19,19,19,19,19,19,19,19
482499,1,1,1999,22,22,22,22,22,22,22,22,22,22
482500,1,1,1999,28,0,0,13,14,0,19,15,24,27
482501,1,1,1999,0,0,0,0,0,0,0,0,0,0
482501,2,1,1999,0,0,0,0,0,0,0,0,0,0
482502,1,1,1999,0,0,0,0,0,0,0,0,0,0
482502,2,1,1999,0,0,0,7,0,0,0,0,0,0
482503,1,1,1999,0,0,0,0,0,0,0,0,0,0
482504,1,1,1999,0,0,4,0,0,0,0,12,0,0
482504,2,1,1999,0,0,0,0,0,0,0,0,0,0
482505,0,1,1999,0,0,0,0,0,0,0,0,0,13
482505,0,2,1999,0,0,0,0,0,0,0,0,0,0
482505,1,1,1999,0,0,0,0,0,0,0,1,0,8
482506,1,1,1999,0,0,0,0,0,0,0,0,0,0
482506,2,1,1999,0,0,0,0,16,0,0,6,0,0
482507,1,1,1999,13,25,23,19,23,0,12,29,8,23
482507,2,1,1999,0,15,0,0,0,4,0,0,14,0
482508,1,1,1999,19,19,19,19,19,19,19,19,19,19
482508,2,1,1999,0,0,0,0,0,0,0,0,9,0
482509,1,1,1999,0,0,0,0,0,0,0,0,0,0
482510,1,1,1999,0,0,0,0,0,0,0,0,0,0
482510,2,1,1999,0,0,0,21,0,0,0,0,0,19
482510,3,1,1999,0,0,0,0,0,0,0,0,0,0
482511,1,1,1999,0,0,0,0,0,0,0,0,0,0
482511,2,1,1999,0,0,0,0,0,0,0,0,0,0
482512,1,1,1999,0,0,0,0,0,0,0,0,0,0
482512,2,1,1999,0,29,0,0,0,0,0,0,0,0
482512,3,1,1999,0,0,0,0,0,0,0,0,0,0
482513,1,1,1999,14,18,10,7,15,18,24,12,17,19
482513,2,1,1999,0,9,0,0,0,0,0,0,0,0
482514,1,1,1999,0,0,0,0,5,0,0,0,0,0
482514,2,1,1999,0,0,0,0,0,0,0,0,0,10
482515,1,1,1999,0,0,6,0,0,12,0,0,0,0
482515,2,1,1999,0,0,0,0,0,0,0,0,0,0
482515,3,1,1999,0,17,0,0,0,0,0,0,0,0
482516,1,1,1999,16,16,16,16,16,16,16,16,16,16
482517,1,1,1999,13,20,22,19,4,18,11,9,9,11
482518,1,1,1999,0,0,0,0,0,11,0,22,0,0
482519,1,1,1999,22,22,22,22,22,22,22,22,22,22
482521,1,1,1999,21,21,21,21,21,21,21,21,21,21
482521,2,1,1999,15,0,0,0,21,0,0,0,0,16
482522,1,1,1999,0,34,0,9,0,0,0,0,12,0
482522,2,1,1999,0,0,0,0,0,0,0,0,0,0
482522,3,1,1999,0,0,0,0,0,0,0,0,0,0
482523,1,1,1999,0,0,0,0,0,0,0,0,0,0
482523,2,1,1999,4,4,4,4,4,4,4,4,4,4
482524,1,1,1999,0,7,10,0,33,0,19,0,20,13
482525,0,1,1999,0,0,0,0,0,0,0,0,0,0
482525,1,1,1999,0,0,0,0,0,0,0,0,0,0
482526,1,1,1999,13,13,13,13,13,13,13,13,13,13
482527,0,1,1999,22,22,22,22,22,22,22,22,22,22
482527,1,1,1999,0,0,0,0,0,0,0,0,0,0
482528,1,1,1999,16,16,16,16,16,16,16,16,16,16
482529,0,1,1999,0,0,0,0,0,0,0,0,12,7
482529,1,1,1999,0,0,0,0,0,0,0,16,0,6
482530,1,1,1999,0,0,0,0,0,0,0,0,0,0
482530,2,1,1999,0,24,0,0,0,0,0,0,24,0
482531,1,1,1999,8,0,13,15,25,34,0,4,18,0
482532,0,1,1999,27,13,14,0,22,50,0,0,0,27
482532,1,1,1999,0,0,0,0,0,0,0,0,0,0
482533,1,1,1999,0,0,0,0,0,0,0,0,0,0
482533,2,1,1999,0,0,0,0,0,0,0,0,0,0
482534,1,1,1999,0,0,0,0,0,19,0,16,26,0
482534,2,1,1999,0,14,12,17,0,24,0,5,0,0
482535,1,1,1999,0,0,0,0,0,0,0,0,0,0
482535,2,1,1999,0,0,0,0,0,29,0,0,0,0
482536,1,1,1999,0,0,0,0,0,0,0,0,0,0
482536,2,1,1999,0,0,0,0,0,0,0,0,0,0
482537,1,1,1999,0,0,0,0,0,0,0,0,0,0
482537,2,1,1999,0,0,0,0,0,0,0,0,0,0
482538,0,1,1999,15,15,15,15,15,15,15,15,15,15
482538,1,1,1999,29,29,29,29,29,29,29,29,29,29
482539,1,1,1999,0,0,0,0,0,0,0,0,0,0
482540,1,1,1999,0,0,0,0,0,0,0,0,0,0
482541,1,1,1999,0,0,0,0,0,0,0,0,0,0
482542,1,1,1999,0,0,0,0,0,0,0,3,0,0
482543,1,3,1999,0,0,0,0,0,0,0,0,0,0
482544,1,1,1999,25,25,25,25,25,25,25,25,25,25
482545,1,1,1999,28,19,20,0,33,13,20,18,18,0
482546,1,1,1999,0,13,0,0,0,0,0,0,0,0
482547,1,1,1999,0,0,0,0,0,0,0,0,0,0
482547,2,1,1999,0,0,0,0,0,0,0,0,0,0
482548,1,1,1999,0,0,0,23,0,0,0,0,0,0
482549,1,1,1999,0,0,0,0,0,0,0,0,0,0
482550,1,1,1999,0,0,0,0,0,0,0,0,0,0
482550,2,1,1999,0,0,0,0,0,3,0,0,0,0
482551,1,1,1999,0,9,24,0,27,0,20,24,0,0
482552,1,1,1999,12,0,0,0,0,25,0,20,9,0
482553,1,1,1999,15,15,15,15,15,15,15,15,15,15
482553,2,1,1999,0,6,0,0,0,23,10,0,0,0
482554,1,1,1999,0,5,0,0,0,0,0,16,0,0
482554,2,1,1999,0,0,0,0,0,0,11,17,18,0
482554,3,1,1999,10,0,0,15,15,8,35,0,0,0
482554,4,1,1999,0,0,8,16,11,0,0,0,0,0
482555,1,1,1999,0,0,0,0,0,0,0,0,0,0
482556,1,1,1999,25,25,25,25,25,25,25,25,25,25
482557,1,1,1999,0,0,0,0,0,0,0,0,0,0
482557,2,1,1999,0,0,0,0,0,0,0,0,0,0
482557,3,1,1999,0,0,0,0,0,0,0,0,0,0
482558,1,1,1999,0,0,0,0,0,0,0,0,0,0
482559,1,1,1999,0,0,0,0,0,0,0,0,0,0
482559,2,1,1999,0,0,0,0,0,0,0,0,0,0
482560,1,1,1999,26,26,26,26,26,26,26,26,26,26
482561,1,1,1999,0,0,0,0,0,0,0,0,0,0
482561,2,1,1999,0,0,0,0,0,0,0,0,0,0
482562,1,1,1999,0,0,0,0,0,0,0,0,0,0
482562,2,1,1999,0,0,0,0,0,0,0,0,0,0
482563,1,1,1999,0,0,0,0,0,0,0,0,0,0
482564,1,1,1999,0,22,0,0,0,0,0,0,0,13
482564,2,1,1999,0,0,0,13,0,16,0,0,0,0
482565,0,1,1999,11,11,11,11,11,11,11,11,11,11
482565,1,1,1999,0,0,0,0,0,0,0,0,0,0
482566,0,1,1999,0,0,0,0,31,0,0,11,0,8
482566,1,1,1999,0,0,0,0,0,0,0,0,0,0
482567,1,1,1999,0,0,0,0,0,0,0,0,0,0
482567,2,1,1999,0,0,0,0,0,0,0,0,0,0
482568,1,1,1999,29,0,0,0,0,16,0,0,0,27
482569,0,1,1999,0,0,0,11,0,0,10,0,0,0
482569,1,1,1999,0,0,0,0,0,16,0,0,0,0
482570,1,1,1999,15,15,15,15,15,15,15,15,15,15
482571,1,1,1999,0,0,27,13,11,0,0,9,0,16
482572,1,1,1999,0,0,0,17,0,0,13,0,0,0
482572,2,1,1999,0,0,0,0,0,0,0,0,0,0
482572,3,1,1999,13,0,0,0,0,0,0,0,0,0
482573,1,1,1999,0,0,0,0,0,0,0,0,0,0
482573,2,1,1999,8,8,8,8,8,8,8,8,8,8
482574,1,1,1999,0,0,0,5,0,3,0,0,0,0
482574,2,1,1999,0,0,0,0,0,0,0,0,0,0
482575,1,1,1999,0,41,0,0,0,0,0,13,0,12
482576,1,1,1999,7,0,0,11,0,0,0,0,0,0
482577,1,1,1999,0,0,0,0,0,0,0,0,0,0
482578,1,1,1999,0,17,0,0,0,10,0,0,19,34
482578,2,1,1999,21,0,0,0,0,0,0,0,29,0
482578,3,1,1999,0,0,0,0,0,0,0,0,0,0
482578,4,1,1999,0,0,0,0,0,0,0,0,0,0
482578,5,1,1999,0,0,0,0,0,0,0,0,0,6
482578,6,1,1999,12,0,0,0,6,0,0,0,21,0
482578,7,1,1999,0,0,0,0,8,0,15,0,0,0
482579,0,1,1999,12,17,17,0,14,41,13,24,27,8
482579,0,2,1999,0,27,28,42,11,22,25,34,0,20
482579,1,1,1999,0,0,0,0,0,0,0,0,0,0
482580,1,1,1999,0,0,0,0,0,0,0,0,0,0
482581,1,1,1999,15,15,15,15,15,15,15,15,15,15
482582,1,1,1999,0,0,0,0,0,0,0,0,0,0
482583,1,1,1999,4,4,4,4,4,4,4,4,4,4
482584,0,1,1999,15,0,22,24,0,0,0,23,8,0
482584,1,1,1999,14,0,0,0,0,7,11,34,34,27
482584,2,1,1999,0,0,0,0,0,0,8,0,0,0
482585,1,1,1999,0,0,0,0,0,0,18,0,0,0
482586,1,1,1999,0,0,0,0,0,0,0,0,0,0
482586,2,1,1999,0,0,0,0,0,0,0,0,0,0
482586,3,1,1999,0,0,0,0,0,0,0,0,0,0
482587,1,1,1999,0,0,0,0,0,0,0,0,0,0
482588,1,1,1999,19,19,19,19,19,19,19,19,19,19
482589,0,1,1999,24,53,12,0,30,20,8,12,0,10
482589,0,2,1999,21,46,8,0,0,0,33,18,0,0
482589,1,1,1999,7,15,16,19,18,10,31,11,7,8
482589,3,1,1999,7,0,0,0,0,0,0,0,0,19
482590,1,1,1999,0,0,0,0,0,0,0,0,0,0
482590,2,1,1999,0,0,0,0,13,0,25,16,0,0
482591,0,1,1999,0,21,0,0,0,0,0,41,0,0
482591,1,1,1999,0,0,0,0,0,0,0,0,0,0
482592,0,1,1999,26,33,0,0,10,0,0,0,0,0
482592,1,1,1999,4,18,19,5,12,19,0,12,11,10
482593,1,1,1999,13,27,14,20,22,9,14,25,42,26
482594,1,1,1999,0,0,0,0,0,0,0,0,0,0
482594,2,1,1999,0,0,0,0,0,0,0,0,0,0
482594,3,1,1999,0,0,0,0,0,0,0,0,0,0
482595,1,1,1999,22,22,22,22,22,22,22,22,22,22
482595,2,1,1999,42,0,9,0,0,0,0,0,12,0
482596,0,1,1999,21,15,0,15,31,32,39,19,35,26
482596,1,1,1999,8,0,0,3,0,16,0,0,0,0
482596,2,1,1999,0,0,0,0,0,0,0,0,0,0
482596,3,1,1999,8,0,0,0,0,0,0,0,0,0
482596,4,1,1999,0,0,17,0,0,0,0,0,0,0
482597,0,1,1999,38,38,12,19,8,36,26,18,30,29
482597,1,1,1999,0,0,0,0,0,0,0,0,0,0
482598,0,1,1999,0,13,16,17,14,0,0,11,27,0
482598,1,1,1999,12,8,0,24,0,0,18,0,0,0
482599,1,1,1999,0,22,0,7,24,0,0,0,0,0
482599,2,1,1999,14,0,0,0,0,0,0,0,0,21
482600,1,1,1999,0,0,0,0,0,0,0,14,0,0
482601,1,1,1999,1,1,1,1,1,1,1,1,1,1
482602,0,1,1999,13,24,15,27,20,38,5,0,11,18
482602,1,1,1999,0,0,18,6,0,0,0,0,8,0
482603,0,1,1999,12,0,0,0,0,20,16,21,18,29
482603,1,1,1999,21,21,21,21,21,21,21,21,21,21
482604,0,1,1999,35,35,35,35,35,35,35,35,35,35
482604,1,1,1999,0,0,0,0,0,0,0,0,15,0
482604,2,1,1999,0,0,0,0,0,0,0,0,0,0
482604,3,1,1999,0,0,0,0,0,0,0,0,0,0
482605,1,1,1999,0,0,0,0,0,0,0,0,0,0
482606,0,1,1999,0,6,17,10,18,24,16,29,0,25
482606,0,2,1999,0,0,0,0,17,0,0,0,0,0
482606,0,3,1999,0,0,17,0,0,0,0,0,0,0
482606,0,4,1999,0,23,18,0,14,18,0,0,0,14
482606,0,5,1999,0,9,0,8,0,22,23,20,0,25
482606,0,6,1999,0,4,0,0,0,0,8,0,0,0
482606,0,7,1999,23,0,0,12,3,17,0,0,20,5
482606,0,8,1999,0,0,34,24,15,15,0,0,0,0
482606,1,1,1999,0,32,23,12,12,41,0,14,0,0
482607,1,1,1999,0,0,5,0,0,0,0,0,0,33
482607,2,1,1999,0,0,0,0,0,0,0,0,0,0
482608,1,1,1999,0,0,0,0,0,0,0,0,0,0
482608,2,1,1999,0,0,0,0,0,0,0,0,0,0
482609,0,1,1999,0,0,0,10,0,20,0,0,0,0
482609,1,1,1999,0,17,0,0,0,0,0,0,0,0
482609,2,1,1999,0,0,0,0,0,7,3,0,0,0
482610,0,1,1999,35,35,35,35,35,35,35,35,35,35
482610,1,1,1999,0,0,0,0,0,0,0,0,0,0
482611,1,1,1999,0,0,0,0,0,0,0,0,0,0
482612,1,1,1999,0,10,0,0,0,0,0,0,0,0
482613,0,1,1999,19,19,19,19,19,19,19,19,19,19
482613,1,1,1999,17,17,17,17,17,17,17,17,17,17
482614,1,1,1999,15,15,15,15,15,15,15,15,15,15
482615,0,1,1999,0,0,0,0,0,0,19,0,0,0
482615,1,1,1999,17,17,17,17,17,17,17,17,17,17
482616,1,1,1999,15,15,15,15,15,15,15,15,15,15
482617,1,1,1999,0,0,0,0,0,0,0,0,0,0
482617,2,1,1999,0,0,0,0,0,0,0,0,0,0
482618,1,1,1999,0,0,0,0,0,0,0,0,0,0
482618,2,1,1999,0,0,0,0,0,0,0,17,0,0
482618,3,1,1999,0,0,0,0,0,0,0,0,0,0
482619,1,1,1999,15,15,15,15,15,15,15,15,15,15
482619,2,1,1999,0,14,0,14,0,0,0,0,0,0
482619,3,1,1999,0,0,0,0,0,0,0,0,0,0
482619,4,1,1999,0,11,0,0,0,0,0,0,0,0
482619,5,1,1999,0,0,0,0,0,0,0,0,11,0
482619,6,1,1999,14,0,0,8,0,0,0,0,0,0
482620,1,1,1999,0,0,0,0,0,0,0,0,0,0
482620,2,1,1999,0,0,0,0,0,0,0,0,0,0
482621,1,1,1999,0,0,0,0,0,0,0,0,0,0
482621,2,1,1999,0,0,0,0,0,0,0,0,0,0
482622,1,1,1999,0,0,0,5,0,0,0,0,0,0
482623,0,1,1999,0,27,0,0,0,0,0,0,0,0
482623,0,2,1999,0,0,0,0,0,13,0,0,0,0
482623,0,3,1999,0,0,0,0,0,0,0,0,0,0
482623,0,4,1999,0,0,0,0,0,0,0,0,0,0
482623,1,1,1999,0,0,0,0,0,0,0,0,14,0
482624,1,1,1999,0,0,0,0,0,0,0,0,0,0
482624,2,1,1999,0,0,0,0,0,0,0,0,0,0
482625,1,1,1999,22,25,0,9,15,11,15,26,10,11
482626,1,1,1999,0,0,0,0,0,0,15,0,0,0
482626,2,1,1999,13,0,0,0,0,0,0,0,0,0
482626,3,1,1999,0,0,0,0,0,0,0,0,0,0
482626,4,1,1999,0,0,0,0,0,0,0,0,0,0
482626,5,1,1999,0,0,0,0,0,0,0,0,0,0
482627,1,1,1999,0,0,0,0,0,0,22,0,11,0
482627,2,1,1999,0,0,0,0,0,0,19,0,0,0
482627,3,1,1999,0,0,8,0,0,0,0,0,0,0
482628,1,1,1999,12,12,12,12,12,12,12,12,12,12
482628,2,1,1999,0,5,0,10,22,15,0,0,0,0
482629,1,1,1999,25,25,25,25,25,25,25,25,25,25
482630,1,1,1999,0,14,9,0,0,25,0,0,0,0
482630,2,1,1999,0,0,0,0,0,0,0,0,0,0
482631,1,1,1999,8,8,8,8,8,8,8,8,8,8
482632,1,1,1999,0,0,0,0,0,0,0,0,0,0
482632,2,1,1999,0,0,0,0,0,0,0,0,0,0
482633,1,1,1999,0,0,0,0,0,0,0,0,0,0