ST_CASE,VEH_NO,PER_NO,YEAR,P1,P2,P3,P4,P5,P6,P7,P8,P9,P10
482634,1,1,1999,0,0,0,0,0,0,0,0,0,0
482635,1,1,1999,0,0,0,0,0,0,0,0,0,0
482635,2,1,1999,4,0,0,0,0,0,0,0,0,0
482635,3,1,1999,25,0,0,0,0,0,0,0,0,15
482636,1,1,1999,16,0,0,0,0,0,0,0,0,0
482636,2,1,1999,0,0,0,0,0,0,0,0,0,0
482636,3,1,1999,0,0,0,0,0,0,0,0,0,0
482637,1,1,1999,0,0,0,0,0,0,0,0,0,0
482638,1,1,1999,11,0,0,0,0,0,0,14,0,0
482639,1,1,1999,30,30,30,30,30,30,30,30,30,30
482640,1,1,1999,17,0,0,7,0,19,0,0,0,7
482640,2,1,1999,0,0,0,0,0,0,0,0,0,0
482641,1,1,1999,0,0,0,0,0,0,0,0,0,0
482641,2,1,1999,0,0,0,0,0,0,0,0,0,0
482642,1,1,1999,17,17,17,17,17,17,17,17,17,17
482642,2,1,1999,0,0,0,0,11,0,0,0,13,0
482643,1,1,1999,0,0,0,0,0,0,0,0,0,0
482643,2,1,1999,0,0,0,0,0,0,0,0,0,15
482644,1,1,1999,6,21,28,25,25,19,39,9,5,26
482644,2,1,1999,19,0,0,16,16,20,16,20,0,0
482645,1,1,1999,19,16,25,12,7,14,18,16,11,16
482646,1,1,1999,0,0,0,0,0,0,0,0,0,0
482646,2,1,1999,0,0,0,0,0,0,0,0,0,0
482647,1,1,1999,0,0,15,0,0,0,0,19,0,0
482647,2,1,1999,0,0,0,0,0,0,0,0,0,0
482648,1,1,1999,0,0,0,0,0,0,0,0,0,0
482648,2,1,1999,0,0,0,0,0,0,0,0,0,0
482649,1,1,1999,16,12,5,9,26,6,0,0,0,0
482649,2,1,1999,8,8,6,0,17,18,20,0,20,15
482650,1,1,1999,22,22,22,22,22,22,22,22,22,22
482651,0,1,1999,0,0,20,0,0,0,22,0,23,14
482651,1,1,1999,0,0,26,0,0,0,0,0,0,0
482651,2,1,1999,0,0,0,0,0,7,0,0,0,0
482651,3,1,1999,0,0,0,0,0,13,0,0,0,0
482651,4,1,1999,0,0,0,0,0,0,8,0,0,0
482651,5,1,1999,0,0,0,0,0,0,0,0,0,0
482651,6,1,1999,0,0,0,0,0,5,0,0,0,0
482652,1,1,1999,15,15,15,15,15,15,15,15,15,15
482653,1,1,1999,0,0,0,0,0,27,25,0,12,0
482654,1,1,1999,11,0,0,12,9,0,0,13,0,0
482655,1,1,1999,9,9,9,9,9,9,9,9,9,9
482655,2,1,1999,0,0,0,0,0,0,0,0,0,0
482656,1,1,1999,0,0,0,0,0,0,0,0,0,0
482657,1,1,1999,0,0,0,0,0,0,0,0,0,0
482657,2,1,1999,0,0,0,0,0,0,0,0,0,0
482658,1,1,1999,1,1,1,1,1,1,1,1,1,1
482658,2,1,1999,0,0,0,15,0,0,0,0,0,0
482659,1,1,1999,6,16,24,0,21,20,14,0,0,31
482660,1,1,1999,0,0,0,0,0,17,0,0,0,0
482661,1,1,1999,0,4,0,0,0,0,0,0,0,0
482661,2,1,1999,7,0,0,0,0,0,0,0,8,0
482661,3,1,1999,0,0,0,0,0,0,0,0,0,0
482662,1,1,1999,11,0,18,25,26,0,0,5,0,0
482663,1,1,1999,16,16,16,16,16,16,16,16,16,16
482663,2,1,1999,0,0,0,0,0,6,0,0,0,14
482663,3,1,1999,0,10,0,0,0,9,17,0,0,0
482664,1,1,1999,0,0,0,0,0,0,0,0,0,0
482665,1,1,1999,11,0,0,0,0,0,0,0,0,0
482666,1,1,1999,0,0,0,0,0,0,0,0,0,0
482666,2,1,1999,0,0,0,0,0,0,0,0,0,0
482666,3,1,1999,7,0,0,0,0,0,0,0,0,0
482667,1,1,1999,0,0,18,0,0,0,0,0,0,18
482667,2,1,1999,0,0,0,0,0,0,0,0,0,6
482667,3,1,1999,0,0,0,0,0,0,0,0,0,0
482668,1,1,1999,0,0,0,0,0,0,0,0,0,0
482668,2,1,1999,0,0,0,0,0,0,0,0,0,0
482669,1,1,1999,0,0,0,0,0,0,0,0,0,0
482670,1,1,1999,7,7,7,7,7,7,7,7,7,7
482670,2,1,1999,0,0,22,0,0,17,23,0,20,0
482671,1,1,1999,0,0,0,0,0,0,0,0,0,0
482672,1,1,1999,15,15,15,15,15,15,15,15,15,15
482673,0,1,1999,0,0,0,0,0,0,0,0,0,0
482673,1,1,1999,0,0,0,0,0,0,0,0,16,0
482674,0,1,1999,0,0,0,0,0,0,0,0,0,0
482674,1,1,1999,0,0,0,0,0,0,0,0,0,0
482675,1,1,1999,0,0,0,0,0,0,0,0,0,0
482676,0,1,1999,0,0,0,0,0,0,0,0,0,0
482676,1,1,1999,0,0,0,0,0,8,4,0,0,0
482677,1,1,1999,0,0,0,0,0,0,0,0,0,0
482678,0,1,1999,0,26,17,0,0,14,2,0,0,0
482678,1,1,1999,0,0,0,0,0,0,0,0,0,0
482679,1,1,1999,0,0,7,0,0,0,0,0,0,0
482680,0,1,1999,0,18,0,0,11,0,0,0,0,0
482680,1,1,1999,0,0,0,0,0,0,0,0,0,0
482681,0,1,1999,0,0,0,0,0,0,0,0,0,12
482681,1,1,1999,0,0,0,0,0,0,0,0,0,0
482682,1,1,1999,0,0,0,0,0,0,0,0,0,0
482683,1,1,1999,0,0,12,23,21,0,23,6,15,0
482684,0,1,1999,0,0,0,0,0,9,0,18,19,24
482684,1,1,1999,0,21,0,13,0,0,0,0,24,0
482685,1,1,1999,0,0,0,0,0,0,0,0,0,0
482686,1,1,1999,32,32,32,32,32,32,32,32,32,32
482687,1,1,1999,14,14,14,14,14,14,14,14,14,14
482688,1,1,1999,0,10,0,0,0,0,0,0,30,0
482688,2,1,1999,11,0,0,0,0,0,0,0,0,0
482689,1,1,1999,19,19,19,19,19,19,19,19,19,19
482690,1,1,1999,23,0,9,23,0,0,0,0,0,20
482691,1,1,1999,6,26,14,6,14,10,7,8,29,13
482692,1,1,1999,0,0,0,0,0,0,0,0,13,0
482692,2,1,1999,0,0,0,0,0,9,0,0,0,0
482693,1,1,1999,0,0,0,6,19,0,0,0,0,0
482693,2,1,1999,0,0,0,23,0,0,4,0,0,0
482694,1,1,1999,0,0,0,0,0,0,0,0,0,0
482694,2,1,1999,5,0,0,0,0,0,0,0,0,0
482695,1,1,1999,15,0,14,17,19,19,20,0,7,0
482696,1,1,1999,21,21,21,21,21,21,21,21,21,21
482697,1,1,1999,13,2,0,8,0,11,0,11,19,0
482698,1,1,1999,16,20,0,15,20,17,7,17,6,2
482698,2,1,1999,16,5,12,21,6,0,0,7,17,6
482699,1,1,1999,0,0,0,0,0,0,0,0,0,0
482699,2,1,1999,22,0,0,0,0,0,0,0,0,0
482700,1,1,1999,0,0,0,0,0,0,0,0,0,0
482700,2,1,1999,0,0,0,0,0,0,0,0,8,0
482701,1,1,1999,10,0,0,0,0,0,0,0,0,0
482701,2,1,1999,0,0,0,0,0,0,0,0,0,0
482701,3,1,1999,0,0,0,0,0,0,0,0,0,0
482702,1,1,1999,6,6,6,6,6,6,6,6,6,6
482702,2,1,1999,25,0,0,0,20,15,0,16,0,0
482703,1,1,1999,10,10,10,10,10,10,10,10,10,10
482703,2,1,1999,0,0,0,0,0,0,0,0,0,0
482704,1,1,1999,19,14,26,17,39,20,8,0,24,6
482705,1,1,1999,0,0,22,16,10,17,13,0,0,14
482706,0,1,1999,0,0,0,0,0,0,0,0,0,0
482706,1,1,1999,0,0,0,0,0,0,0,0,0,0
482707,1,1,1999,0,0,0,0,0,0,0,0,0,0
482707,2,1,1999,1,1,1,1,1,1,1,1,1,1
482708,1,1,1999,0,0,0,22,0,0,17,26,14,18
482709,1,1,1999,0,0,20,9,0,0,0,0,0,0
482710,0,1,1999,0,0,0,0,0,13,0,0,0,4
482710,1,1,1999,0,0,0,0,0,0,0,0,0,0
482711,1,1,1999,0,0,0,0,0,0,10,0,0,0
482711,2,1,1999,0,0,0,0,0,0,0,0,0,16
482711,3,1,1999,0,23,0,0,0,0,0,0,0,0
482712,1,1,1999,0,0,0,0,0,0,0,29,0,0
482712,2,1,1999,0,0,0,0,0,0,0,0,0,0
482712,3,1,1999,0,0,0,0,0,0,0,0,15,0
482712,4,1,1999,0,0,0,15,0,0,0,0,0,0
482713,1,1,1999,0,0,0,14,14,0,0,21,0,0
482713,2,1,1999,18,9,0,17,9,21,10,26,11,15
482714,1,1,1999,0,0,13,0,0,0,0,0,0,0
482714,2,1,1999,0,0,0,0,0,0,0,7,0,0
482715,1,1,1999,0,0,0,0,0,0,0,0,0,0
482716,1,1,1999,0,0,0,19,0,0,0,0,0,0
482716,2,1,1999,0,0,0,0,0,0,0,0,0,0
482716,3,1,1999,0,0,0,0,0,0,0,0,0,0
482717,0,1,1999,35,35,35,35,35,35,35,35,35,35
482717,1,1,1999,19,10,0,0,0,0,0,0,0,26
482718,0,1,1999,0,17,18,0,16,11,0,15,0,0
482718,1,1,1999,9,0,0,0,0,0,0,0,0,0
482719,1,1,1999,0,0,0,0,0,0,0,0,0,0
482719,2,1,1999,0,0,0,0,0,0,0,0,0,0
482720,1,1,1999,19,19,19,19,19,19,19,19,19,19
482720,2,1,1999,0,0,0,0,0,0,0,0,0,0
482721,0,1,1999,25,25,25,25,25,25,25,25,25,25
482721,1,1,1999,0,7,15,16,0,16,21,21,0,0
482722,1,1,1999,14,4,16,4,14,8,0,16,30,10
482723,1,1,1999,19,19,19,19,19,19,19,19,19,19
482724,1,1,1999,0,0,0,0,0,0,0,0,0,0
482724,2,1,1999,0,0,0,0,0,0,0,0,0,0
482725,1,1,1999,0,0,0,15,14,0,0,0,0,0
482725,2,1,1999,0,0,0,0,0,0,0,0,0,9
482726,1,1,1999,0,0,0,0,0,0,0,0,0,0
482727,1,1,1999,0,0,0,0,0,0,0,0,0,0
482727,2,1,1999,1,1,1,1,1,1,1,1,1,1
482728,1,1,1999,0,0,0,0,0,0,0,0,0,0
482728,2,1,1999,20,0,0,0,0,0,10,15,4,18
482729,0,1,1999,0,7,19,0,0,0,0,0,0,20
482729,1,1,1999,0,0,0,0,0,0,0,0,0,0
482730,1,1,1999,0,0,0,0,0,0,0,0,0,0
482730,2,1,1999,22,22,22,22,22,22,22,22,22,22
482731,1,1,1999,25,25,25,25,25,25,25,25,25,25
482732,1,1,1999,0,0,0,0,0,0,0,0,0,0
482732,2,1,1999,0,0,20,0,0,0,0,18,0,0
482733,1,1,1999,0,0,0,0,0,0,0,0,0,0
482733,2,1,1999,0,0,0,0,0,0,0,0,0,0
482733,3,1,1999,0,0,0,0,0,0,0,0,0,15
482734,1,1,1999,13,13,13,13,13,13,13,13,13,13
482735,1,1,1999,0,0,0,0,0,0,0,0,0,0
482735,2,1,1999,0,0,0,0,0,0,0,0,0,0
482736,1,1,1999,15,0,0,0,0,0,0,0,16,0
482736,2,1,1999,0,0,0,0,0,0,0,0,0,0
482737,1,1,1999,0,0,0,0,0,0,0,0,0,0
482737,2,1,1999,0,0,0,0,0,0,0,0,0,0
482738,1,1,1999,18,18,18,18,18,18,18,18,18,18
482739,1,1,1999,0,10,29,29,5,25,0,19,29,14
482740,0,1,1999,0,0,0,25,0,0,16,0,0,19
482740,1,1,1999,0,0,4,0,0,0,0,0,0,0
482741,1,1,1999,0,0,0,0,0,0,0,0,0,0
482742,1,1,1999,27,26,17,26,43,33,21,3,16,10
482743,1,1,1999,18,0,29,13,13,0,0,26,0,0
482744,1,1,1999,22,14,15,22,20,0,21,0,18,0
482744,2,1,1999,0,0,7,0,0,11,0,10,0,13
482744,3,1,1999,0,0,0,0,8,0,0,0,0,0
482745,1,1,1999,0,0,18,12,0,0,0,0,0,0
482745,2,1,1999,0,4,0,0,0,0,0,0,0,0
482745,3,1,1999,8,0,0,0,0,0,0,0,0,0
482746,1,1,1999,10,9,12,12,0,0,0,15,7,5
482746,2,1,1999,0,0,0,0,0,9,0,0,6,0
482747,1,1,1999,23,23,23,23,23,23,23,23,23,23
482748,1,1,1999,28,0,0,0,0,0,0,0,0,0
482748,2,1,1999,0,0,0,0,0,19,0,0,0,0
482749,1,1,1999,17,17,17,17,17,17,17,17,17,17
482750,0,1,1999,21,0,0,15,15,0,10,23,48,39
482750,1,1,1999,2,0,0,0,0,0,0,0,0,0
482751,1,1,1999,0,0,0,0,0,0,0,0,0,0
482752,0,1,1999,19,14,0,0,0,0,18,20,0,12
482752,1,1,1999,0,0,0,15,12,14,0,0,0,25
482753,1,1,1999,0,0,0,0,0,0,0,0,0,0
482753,2,1,1999,0,0,0,0,0,0,0,0,0,0
482754,0,1,1999,0,39,13,0,0,0,0,22,15,0
482754,1,1,1999,0,0,0,0,0,0,0,0,0,0
482754,2,1,1999,0,0,0,0,0,0,0,0,0,0
482754,3,1,1999,0,0,0,0,29,0,0,0,25,0
482755,1,1,1999,0,0,14,11,23,0,16,0,26,23
482756,1,1,1999,0,0,0,0,11,0,0,0,8,0
482756,2,1,1999,8,0,0,0,0,0,0,0,11,0
482756,3,1,1999,0,0,0,12,0,14,9,0,0,0
482757,1,1,1999,13,13,9,17,24,6,20,9,16,9
482758,0,1,1999,0,41,20,0,0,10,0,0,0,0
482758,1,1,1999,0,0,0,0,0,0,0,0,0,0
482759,1,1,1999,8,0,0,10,21,20,0,17,0,18
482760,1,1,1999,11,19,7,23,11,8,5,19,13,9
482761,1,1,1999,0,0,0,0,0,0,0,0,0,0
482761,2,1,1999,0,0,0,0,0,0,0,0,0,0
482761,3,1,1999,0,0,0,0,0,0,0,0,5,0
482762,1,1,1999,10,30,0,0,0,0,19,25,0,18
482763,1,1,1999,0,0,0,0,0,0,0,0,0,0
482763,2,1,1999,0,0,0,0,0,0,0,0,0,0
482764,1,1,1999,17,0,0,21,10,0,8,0,22,0
482765,1,1,1999,3,18,3,6,9,18,12,22,19,11
482766,0,1,1999,20,20,20,20,20,20,20,20,20,20
482766,1,1,1999,0,0,0,0,0,0,0,0,0,0
482766,2,1,1999,0,0,0,0,0,0,0,0,0,0
482767,0,1,1999,0,25,0,0,0,0,0,0,0,0
482767,1,1,1999,0,0,0,0,0,0,0,0,0,0
482768,0,1,1999,27,51,13,34,10,26,0,0,21,18
482768,1,1,1999,0,0,0,15,0,0,7,0,15,0
482769,1,1,1999,0,17,15,10,0,18,17,14,15,30
482770,1,1,1999,0,0,0,0,0,0,0,0,0,0
482771,1,1,1999,0,0,0,0,0,0,0,0,0,0
482772,1,1,1999,13,18,0,0,0,0,9,0,28,0
482772,2,1,1999,2,2,2,2,2,2,2,2,2,2
482773,0,1,1999,12,13,26,0,0,0,0,0,0,19
482773,1,1,1999,0,0,0,0,0,0,0,0,0,0
482774,1,1,1999,0,0,0,0,0,0,0,0,0,0
482775,1,1,1999,0,0,10,0,0,0,0,0,0,0
482775,2,1,1999,0,0,0,0,0,0,0,26,0,0
482776,1,1,1999,0,0,0,0,0,0,0,0,0,0
482776,2,1,1999,0,0,0,0,0,0,0,0,0,0
482777,1,1,1999,0,0,28,0,0,0,0,0,0,0
482777,2,1,1999,0,0,10,0,10,0,0,0,0,0
482778,1,1,1999,0,10,0,0,0,16,0,13,0,8
482778,2,1,1999,0,0,0,0,17,0,0,0,0,0
482779,0,1,1999,0,0,0,0,0,0,0,0,0,0
482779,1,1,1999,0,0,0,0,0,0,0,0,0,0
482780,1,1,1999,19,19,19,19,19,19,19,19,19,19
482781,0,1,1999,13,0,0,36,0,28,0,0,11,27
482781,1,1,1999,10,4,0,0,0,0,0,0,0,12
482782,1,1,1999,0,0,0,0,0,0,0,0,0,0
482782,2,1,1999,0,0,0,0,0,0,0,0,0,0
482783,1,1,1999,0,0,0,16,0,0,29,0,0,0
482784,1,1,1999,0,0,0,0,0,0,0,0,0,0
482784,2,1,1999,0,0,0,0,0,0,0,0,0,0
482785,1,1,1999,0,20,0,0,0,6,8,19,0,0
482786,1,1,1999,0,0,0,0,0,26,0,24,0,23
482787,1,1,1999,25,25,25,25,25,25,25,25,25,25
482787,2,1,1999,0,0,0,0,0,0,0,14,8,0
482788,1,1,1999,0,0,0,5,0,0,0,17,0,0
482788,2,1,1999,0,0,0,0,0,0,0,0,0,0
482789,1,1,1999,0,0,0,18,0,0,10,0,0,0
482789,2,1,1999,0,0,0,0,0,0,0,0,0,0
482789,3,1,1999,0,0,0,0,0,0,0,0,0,0
482790,1,1,1999,21,21,21,21,21,21,21,21,21,21
482791,0,1,1999,0,0,0,0,0,0,0,0,0,0
482791,1,1,1999,0,0,0,0,0,0,0,0,0,0
482792,0,1,1999,0,0,0,0,0,0,0,0,0,0
482792,1,1,1999,0,0,0,0,0,0,0,0,0,0
482793,0,1,1999,0,19,0,6,23,0,0,16,18,10
482793,1,1,1999,0,0,8,0,0,0,0,0,0,0
482794,1,1,1999,0,0,23,23,20,10,0,0,20,7
482795,1,1,1999,31,17,20,9,9,17,14,15,31,9
482795,2,1,1999,0,0,0,19,0,0,0,0,0,0
482796,0,1,1999,24,24,24,24,24,24,24,24,24,24
482796,1,1,1999,16,16,16,16,16,16,16,16,16,16
482797,1,1,1999,0,0,0,0,0,0,0,0,0,0
482797,2,1,1999,11,7,16,33,6,0,3,11,12,27
482798,1,1,1999,12,12,12,12,12,12,12,12,12,12
482798,2,1,1999,0,0,0,0,0,0,0,0,0,0
482799,0,1,1999,3,0,0,0,0,0,0,0,0,37
482799,1,1,1999,0,0,0,0,0,0,0,0,0,0
482800,1,1,1999,0,0,0,0,0,0,0,0,0,0
482801,1,1,1999,23,17,0,12,0,0,7,4,9,24
482802,1,1,1999,0,0,0,0,0,0,0,0,0,0
482802,2,1,1999,0,0,0,0,26,0,0,0,0,0
482803,1,1,1999,0,0,0,0,0,25,0,0,0,0
482804,1,1,1999,0,0,24,14,12,0,25,27,0,0
482805,0,1,1999,36,36,36,36,36,36,36,36,36,36
482805,1,1,1999,0,0,14,0,27,0,0,0,0,14
482806,1,1,1999,0,31,0,0,0,0,0,0,0,0
482807,1,1,1999,0,0,0,0,0,0,0,0,0,0
482807,2,1,1999,17,0,0,0,0,0,0,0,1,0
482808,1,1,1999,11,11,11,11,11,11,11,11,11,11
482808,2,1,1999,0,0,0,0,0,0,0,0,0,0
482809,1,1,1999,0,0,0,0,0,0,0,0,0,0
482809,2,1,1999,0,0,0,0,0,0,0,0,0,0
482810,1,1,1999,0,0,0,0,0,0,0,0,0,0
482810,2,1,1999,0,0,0,0,0,0,0,0,0,0
482811,1,1,1999,0,0,6,0,0,0,0,0,0,0
482812,1,1,1999,0,0,0,0,0,0,0,11,0,0
482812,2,1,1999,0,0,0,0,0,0,0,0,0,0
482813,1,1,1999,0,0,0,0,0,0,0,0,0,0
482813,2,1,1999,0,0,0,0,9,0,0,0,13,0
482814,1,1,1999,0,7,15,36,0,0,0,0,0,5
482814,2,1,1999,0,0,0,0,7,0,0,0,0,0
482815,1,1,1999,0,0,7,21,0,0,0,15,18,29
482816,1,1,1999,0,0,0,0,0,0,0,0,0,0
482816,2,1,1999,0,0,0,0,0,0,0,0,0,0
482817,1,1,1999,14,17,26,15,29,30,27,27,45,37
482818,0,1,1999,0,0,0,0,0,0,0,0,0,0
482818,1,1,1999,0,0,0,0,0,6,14,0,0,0
482819,1,1,1999,0,0,0,0,13,0,15,22,0,0
482820,1,1,1999,0,0,0,28,0,0,0,0,0,0
482820,2,1,1999,0,0,0,0,0,0,0,0,0,0
482821,1,1,1999,29,22,8,5,0,14,23,0,0,19
482821,2,1,1999,0,0,0,0,0,0,0,0,0,0
482822,0,1,1999,0,0,19,19,16,0,18,5,14,12
482822,1,1,1999,0,7,0,0,0,0,0,0,0,0
482823,1,1,1999,0,0,0,0,0,0,0,0,0,0
482823,2,1,1999,0,0,6,0,0,0,0,0,0,0
482824,1,1,1999,33,36,26,23,11,17,19,17,20,6
482825,1,1,1999,0,0,0,0,0,0,0,0,0,0
482825,2,1,1999,0,0,0,0,0,0,0,0,0,0
482826,1,1,1999,0,0,0,0,0,0,0,0,0,0
482826,2,1,1999,0,0,0,0,0,0,0,0,0,0
482827,1,1,1999,0,0,0,0,0,0,0,0,0,0
482827,2,1,1999,0,0,0,20,9,0,21,0,0,0
482828,0,1,1999,0,45,0,0,0,6,0,0,0,11
482828,1,1,1999,0,0,0,0,13,15,0,0,0,0
482829,1,1,1999,0,0,29,0,0,0,0,11,0,0
482830,1,1,1999,0,0,0,0,0,0,0,0,0,0
482830,2,1,1999,0,0,0,0,0,0,0,0,0,0
482831,0,1,1999,15,29,0,0,32,0,0,13,3,0
482831,1,1,1999,0,0,0,0,0,0,0,0,0,0
482832,1,1,1999,24,28,22,31,12,15,36,21,23,0
482833,0,1,1999,0,0,0,0,0,0,18,0,0,0
482833,0,2,1999,0,0,0,0,0,0,0,0,0,0
482833,1,1,1999,0,0,0,0,0,0,0,0,0,0
482834,1,1,1999,6,0,0,11,0,0,18,0,6,17
482834,2,1,1999,0,0,0,0,17,0,0,0,0,33
482835,1,1,1999,0,0,0,0,0,0,0,0,0,0
482835,2,1,1999,0,0,0,0,0,0,0,0,0,0
482836,1,1,1999,0,0,0,0,0,0,0,0,0,0
482836,2,1,1999,0,0,0,0,0,0,0,15,0,0
482837,1,1,1999,2,2,2,2,2,2,2,2,2,2
482837,2,1,1999,0,0,0,0,0,0,0,0,0,0
482838,0,1,1999,4,0,37,0,0,21,0,19,32,25
482838,1,1,1999,0,0,0,0,20,0,0,0,0,0
482839,0,1,1999,0,0,0,0,0,0,0,0,0,0
482839,0,2,1999,0,0,0,0,0,0,0,0,0,0
482839,1,1,1999,26,0,0,0,0,0,0,0,0,0
482840,1,1,1999,0,0,0,0,0,0,0,0,0,0
482840,2,1,1999,0,0,0,0,0,0,0,0,0,0
482841,1,1,1999,20,20,20,20,20,20,20,20,20,20
482841,2,1,1999,0,14,0,0,15,28,0,18,0,0
482841,3,1,1999,5,0,0,20,25,3,0,0,0,11
482842,1,1,1999,0,0,0,0,0,16,0,0,0,0
482842,2,1,1999,0,0,0,16,0,0,0,0,0,0
482842,3,1,1999,0,0,0,0,0,0,0,0,0,0
482842,4,1,1999,5,0,0,0,0,0,0,0,0,0
482842,5,1,1999,15,35,0,2,22,14,0,0,0,0
482842,6,1,1999,0,0,0,0,0,7,0,0,0,0
482843,0,1,1999,13,20,19,0,8,11,25,19,0,18
482843,1,1,1999,0,0,0,0,0,0,10,0,0,14
482844,1,1,1999,23,17,11,16,34,15,20,29,29,25
482845,1,1,1999,22,22,22,22,22,22,22,22,22,22
482846,1,1,1999,0,0,0,0,0,0,0,0,0,9
482847,1,1,1999,14,28,0,6,14,2,16,4,11,0
482848,0,1,1999,0,0,0,0,0,0,0,0,0,0
482848,1,1,1999,0,12,0,0,0,0,13,0,0,0
482849,1,1,1999,0,15,0,12,4,22,17,8,19,3
482849,2,1,1999,0,0,0,0,0,0,0,18,0,0
482850,1,1,1999,18,0,11,13,0,21,8,0,0,0
482851,1,1,1999,0,0,0,0,0,0,0,0,0,0
482852,1,1,1999,13,3,12,16,10,12,10,19,5,20
482853,1,1,1999,0,0,0,0,0,0,0,3,0,0
482853,2,1,1999,0,0,14,9,0,25,13,10,4,26
482854,1,1,1999,28,20,0,0,0,31,0,9,0,0
482855,1,1,1999,20,41,0,9,20,20,22,13,18,7
482856,1,1,1999,8,8,8,8,8,8,8,8,8,8
482857,0,1,1999,0,9,0,2,8,7,0,0,0,0
482857,0,2,1999,0,0,0,0,0,0,17,0,0,42
482857,1,1,1999,0,0,0,0,0,11,0,7,0,0
482858,1,1,1999,0,2,0,20,6,11,15,0,0,0
482859,1,1,1999,26,26,26,26,26,26,26,26,26,26
482859,2,1,1999,11,18,36,0,0,0,36,23,0,0
482860,1,1,1999,10,14,23,4,29,1,17,11,7,13
482861,1,1,1999,0,0,0,0,37,0,0,0,0,0
482862,1,1,1999,8,8,8,8,8,8,8,8,8,8
482863,1,1,1999,12,12,12,12,12,12,12,12,12,12
482863,2,1,1999,0,0,0,0,0,0,0,0,0,0
482864,1,1,1999,0,0,0,0,0,0,0,0,0,0
482864,2,1,1999,0,0,0,0,0,0,0,0,0,0
482865,0,1,1999,35,35,35,35,35,35,35,35,35,35
482865,1,1,1999,0,0,0,0,0,0,0,0,7,0
482866,1,1,1999,0,0,0,0,0,0,0,0,0,0
482866,2,1,1999,0,0,0,0,0,0,0,0,0,0
482867,0,1,1999,21,21,21,21,21,21,21,21,21,21
482867,1,1,1999,0,0,0,22,0,0,0,0,0,27
482868,0,1,1999,30,30,30,30,30,30,30,30,30,30
482868,1,1,1999,0,0,0,0,0,0,0,0,0,0
482869,1,1,1999,0,0,0,0,0,0,0,0,0,0
482869,2,1,1999,0,0,0,0,0,0,0,0,0,0
482870,1,1,1999,21,37,13,18,14,43,35,25,24,13
482871,0,1,1999,0,0,0,0,0,0,0,0,0,0
482871,1,1,1999,0,0,0,0,0,0,0,0,0,0
482872,1,1,1999,0,0,0,0,0,0,0,28,0,0
482873,1,1,1999,0,0,0,0,0,0,0,0,0,0
482874,1,1,1999,0,0,0,0,0,15,0,0,0,0
482875,1,1,1999,18,18,18,18,18,18,18,18,18,18
482876,0,1,1999,0,0,0,8,15,19,0,0,16,0
482876,1,1,1999,0,0,0,0,0,0,0,0,0,3
482877,1,1,1999,0,20,0,0,0,0,17,23,0,27
482877,2,1,1999,0,0,0,0,0,0,0,0,0,0
482877,3,1,1999,0,0,0,0,0,0,0,0,0,0
482878,1,1,1999,0,0,12,0,0,0,0,0,0,0
482878,2,1,1999,0,0,0,9,0,0,0,0,0,0
482879,1,1,1999,0,0,0,22,0,0,0,0,0,0
482879,2,1,1999,18,0,40,0,9,0,0,0,0,0
482880,1,1,1999,8,8,8,8,8,8,8,8,8,8
482880,2,1,1999,11,16,0,0,0,0,0,0,0,0
482881,1,1,1999,0,0,0,0,0,14,0,0,0,0
482882,1,1,1999,21,21,21,21,21,21,21,21,21,21
482882,2,1,1999,0,0,0,0,22,0,0,0,0,0
482883,1,1,1999,8,8,0,0,0,5,0,0,0,0
482884,0,1,1999,0,0,0,0,0,0,0,0,0,0
482884,1,1,1999,0,0,0,0,0,0,0,0,0,0
482885,1,1,1999,0,0,0,0,0,0,0,0,0,0
482885,2,1,1999,0,0,0,0,15,0,0,0,0,0
482885,3,1,1999,0,0,0,0,0,0,0,0,0,0
482886,1,1,1999,31,21,0,18,23,0,20,0,9,45
482887,1,1,1999,33,33,33,33,33,33,33,33,33,33
482888,1,1,1999,28,28,28,28,28,28,28,28,28,28
482888,2,1,1999,0,0,0,0,0,0,0,0,0,0
482889,0,1,1999,0,0,0,0,0,8,38,23,30,0
482889,0,2,1999,0,18,33,0,24,0,0,28,0,0
482889,0,3,1999,0,0,13,0,26,13,0,19,30,0
482889,1,1,1999,0,0,0,0,0,0,0,0,0,0
482889,2,1,1999,0,0,0,0,0,0,0,0,16,0
482890,1,1,1999,0,0,0,0,0,12,0,0,0,0
482890,2,1,1999,0,0,0,0,0,0,0,0,22,0
482891,1,1,1999,0,0,0,0,0,0,0,0,0,0
482891,2,1,1999,0,0,0,0,0,0,5,0,0,0
482891,3,1,1999,0,0,0,0,0,0,0,0,0,0
482892,1,1,1999,0,21,0,0,0,0,0,0,0,0
482892,2,1,1999,0,0,0,0,0,0,0,0,0,0
482893,1,1,1999,12,7,3,11,15,4,3,15,7,19
482893,2,1,1999,0,0,3,0,0,14,0,0,0,0
482894,1,1,1999,0,0,5,0,0,0,0,0,0,18