ST_CASE,VEH_NO,PER_NO,YEAR,P1,P2,P3,P4,P5,P6,P7,P8,P9,P10
482895,1,1,1999,0,15,14,23,0,20,8,14,0,16
482896,1,1,1999,0,0,0,0,0,0,0,0,0,0
482896,2,1,1999,0,0,0,0,0,0,0,0,0,0
482897,1,1,1999,22,10,0,0,20,0,18,0,0,0
482897,2,1,1999,0,0,0,0,0,0,0,0,0,0
482898,1,1,1999,0,0,0,0,0,0,0,0,0,0
482898,2,1,1999,0,0,0,0,0,0,0,0,0,0
482899,1,1,1999,0,0,0,0,0,0,0,0,0,0
482899,2,1,1999,0,0,3,11,4,0,0,11,0,0
482899,3,1,1999,0,0,0,0,0,0,0,0,0,0
482900,1,1,1999,0,0,0,0,15,0,0,0,0,0
482900,2,1,1999,0,0,0,0,0,0,0,0,0,0
482901,1,1,1999,10,10,10,10,10,10,10,10,10,10
482901,2,1,1999,26,26,26,26,26,26,26,26,26,26
482902,1,1,1999,12,12,12,12,12,12,12,12,12,12
482903,1,1,1999,4,12,0,17,17,26,14,3,0,15
482904,1,1,1999,0,0,8,17,0,3,0,13,0,0
482904,2,1,1999,0,0,0,0,6,0,0,0,8,0
482904,3,1,1999,8,0,0,19,0,0,0,0,15,0
482905,1,1,1999,21,21,21,21,21,21,21,21,21,21
482906,1,1,1999,17,17,17,17,17,17,17,17,17,17
482907,1,1,1999,27,27,27,27,27,27,27,27,27,27
482908,1,1,1999,0,0,0,16,0,0,0,0,0,0
482909,1,1,1999,10,10,10,10,10,10,10,10,10,10
482910,1,1,1999,9,4,0,0,0,18,0,0,0,0
482910,2,1,1999,32,32,32,32,32,32,32,32,32,32
482911,1,1,1999,23,23,23,23,23,23,23,23,23,23
482912,1,1,1999,15,15,15,15,15,15,15,15,15,15
482913,1,1,1999,0,0,0,0,0,0,0,0,0,0
482913,2,1,1999,0,0,0,0,0,0,0,0,0,6
482913,3,1,1999,0,0,0,0,0,0,0,0,0,0
482914,1,1,1999,13,34,7,26,28,21,13,15,22,12
482915,0,1,1999,0,10,0,14,21,21,0,0,0,29
482915,1,1,1999,0,12,7,17,0,0,0,9,0,0
482915,2,1,1999,11,0,0,0,0,0,0,0,0,0
482916,1,1,1999,0,14,0,0,0,0,0,0,0,17
482917,1,1,1999,14,14,14,14,14,14,14,14,14,14
482918,1,1,1999,0,0,0,0,0,0,0,0,0,0
482919,0,1,1999,0,0,0,15,31,29,0,27,0,22
482919,0,2,1999,11,12,0,0,0,15,0,11,0,0
482919,2,1,1999,3,3,3,3,3,3,3,3,3,3
482920,0,1,1999,0,0,0,0,0,0,31,0,0,0
482920,1,1,1999,0,0,0,7,0,0,0,0,0,0
482921,1,1,1999,0,0,0,29,0,6,0,20,26,0
482921,2,1,1999,0,0,0,0,0,0,0,0,0,0
482922,1,1,1999,0,28,0,0,0,0,0,24,22,0
482923,1,1,1999,0,0,0,0,0,0,0,0,0,0
482923,2,1,1999,0,0,0,0,0,0,0,0,0,0
482924,1,1,1999,5,0,0,0,0,0,0,0,0,0
482925,1,1,1999,16,16,16,16,16,16,16,16,16,16
482926,1,1,1999,14,18,18,13,18,6,4,21,15,12
482926,2,1,1999,0,0,0,0,0,0,0,0,0,0
482927,0,1,1999,0,12,0,22,41,15,37,32,0,26
482927,1,1,1999,20,0,0,0,0,22,0,0,0,0
482928,0,1,1999,38,40,0,0,26,0,0,9,0,9
482928,1,1,1999,0,0,0,8,0,17,0,13,0,0
482929,1,1,1999,0,0,32,0,0,0,0,0,0,0
482929,2,1,1999,0,0,0,0,0,0,0,0,0,0
482930,0,1,1999,0,0,0,0,0,0,0,0,0,0
482930,1,1,1999,0,0,0,0,0,0,0,0,0,0
482931,0,1,1999,0,0,0,24,22,0,17,22,10,0
482931,1,1,1999,0,0,0,0,0,0,0,0,0,0
482932,1,1,1999,40,40,40,40,40,40,40,40,40,40
482933,1,1,1999,20,11,19,25,11,16,14,0,31,14
482933,2,1,1999,0,0,0,0,0,0,0,0,0,0
482934,1,1,1999,0,0,0,0,0,0,0,0,0,0
482935,1,1,1999,14,0,21,2,37,0,6,0,14,8
482936,1,1,1999,0,0,7,0,0,0,0,0,0,0
482936,2,1,1999,27,27,27,27,27,27,27,27,27,27
482937,1,1,1999,31,31,31,31,31,31,31,31,31,31
482937,2,1,1999,14,14,14,14,14,14,14,14,14,14
482938,1,1,1999,0,0,0,0,0,0,0,0,19,16
482938,2,1,1999,0,0,0,0,0,0,0,0,0,0
482938,3,1,1999,0,0,0,0,0,0,0,0,0,15
482939,1,1,1999,17,17,17,17,17,17,17,17,17,17
482939,2,1,1999,8,8,8,8,8,8,8,8,8,8
482940,1,1,1999,23,37,20,0,0,21,28,12,9,0
482941,1,1,1999,22,25,25,9,28,14,13,43,11,18
482942,1,1,1999,0,32,0,0,9,0,0,0,0,0
482942,2,1,1999,0,0,0,0,0,0,0,0,0,0
482942,3,1,1999,0,0,0,0,0,0,0,0,0,0
482943,1,1,1999,0,0,0,0,0,0,0,0,0,0
482943,2,1,1999,0,0,0,0,0,0,0,0,0,0
482944,0,1,1999,0,0,0,0,0,0,0,0,0,0
482944,1,1,1999,12,16,3,5,10,19,16,0,13,0
482945,1,1,1999,0,8,12,0,0,0,19,11,0,9
482945,2,1,1999,8,6,0,0,18,23,19,26,12,0
482946,1,1,1999,0,0,0,0,0,0,0,0,0,0
482947,1,1,1999,0,0,0,0,0,0,0,0,0,0
482948,1,1,1999,0,0,0,0,0,0,0,0,0,0
482949,1,1,1999,0,0,0,0,0,0,0,8,0,0
482950,0,1,1999,27,0,0,0,0,0,0,0,0,0
482950,1,1,1999,0,0,0,6,0,0,0,0,0,0
482950,2,1,1999,0,0,0,0,0,0,0,0,0,0
482951,1,1,1999,9,9,9,9,9,9,9,9,9,9
482952,0,1,1999,29,24,12,31,22,0,29,24,24,38
482952,1,1,1999,14,0,0,0,0,0,0,0,9,0
482953,1,1,1999,0,0,12,0,0,0,0,0,0,0
482954,0,1,1999,0,21,0,0,0,0,17,0,17,34
482954,1,1,1999,0,0,0,18,0,0,5,0,0,21
482955,1,1,1999,19,19,19,19,19,19,19,19,19,19
482956,1,1,1999,30,42,10,27,0,0,12,0,0,0
482957,1,1,1999,0,0,0,0,0,0,0,0,0,0
482958,0,1,1999,0,15,0,0,0,0,0,0,0,8
482958,1,1,1999,0,0,0,0,0,6,0,0,0,0
482959,1,1,1999,0,0,0,0,0,0,0,0,0,0
482959,2,1,1999,0,0,0,0,0,0,0,0,0,0
482960,1,1,1999,0,0,0,0,0,0,0,0,0,0
482960,2,1,1999,0,0,0,0,0,0,0,0,0,0
482961,1,1,1999,21,21,21,21,21,21,21,21,21,21
482962,1,1,1999,0,0,0,0,0,0,0,0,0,0
482962,2,1,1999,0,0,0,0,0,0,0,0,0,0
482963,1,1,1999,0,0,0,0,0,0,0,0,0,0
482964,1,1,1999,0,0,0,0,0,0,0,0,0,0
482964,2,1,1999,0,0,0,0,0,0,0,0,0,0
482965,0,1,1999,0,27,0,0,0,20,0,0,0,33
482965,1,1,1999,0,0,0,0,0,0,0,0,0,0
482966,1,1,1999,0,0,0,0,0,0,0,0,0,0
482966,2,1,1999,9,9,9,9,9,9,9,9,9,9
482967,1,1,1999,17,17,17,17,17,17,17,17,17,17
482968,1,1,1999,0,0,0,0,0,27,0,0,0,0
482969,1,1,1999,20,20,20,20,20,20,20,20,20,20
482970,1,1,1999,17,17,17,17,17,17,17,17,17,17
482970,2,1,1999,0,0,0,0,0,0,0,0,0,0
482971,1,1,1999,0,0,0,0,0,0,0,0,0,0
482971,2,1,1999,0,0,0,0,0,0,0,0,5,0
482972,1,1,1999,0,9,13,0,0,0,0,20,0,0
482972,2,1,1999,0,0,23,0,6,0,16,16,0,0
482973,1,1,1999,4,0,0,0,13,0,0,0,11,0
482973,2,1,1999,0,0,0,0,0,0,0,0,0,0
482974,0,1,1999,0,10,0,0,0,12,0,0,0,23
482974,1,1,1999,0,0,0,0,0,28,0,0,0,0
482975,1,1,1999,0,0,0,0,0,0,0,0,0,0
482975,2,1,1999,0,0,0,14,0,0,0,0,13,0
482976,1,1,1999,0,0,0,0,0,0,0,0,0,0
482976,2,1,1999,26,26,26,26,26,26,26,26,26,26
482977,1,1,1999,0,0,0,0,0,0,0,21,0,0
482978,0,1,1999,20,20,20,20,20,20,20,20,20,20
482978,1,1,1999,0,0,0,0,0,0,10,0,0,0
482979,1,1,1999,0,0,0,0,0,0,0,0,0,0
482980,0,1,1999,18,20,24,15,17,15,18,0,23,12
482980,1,1,1999,0,0,0,0,6,8,0,0,0,0
482981,1,1,1999,0,18,0,0,12,0,0,0,0,39
482981,2,1,1999,4,4,3,2,8,7,10,4,11,3
482982,1,1,1999,0,0,0,0,0,0,23,0,0,0
482982,2,1,1999,0,0,0,0,0,0,0,0,0,0
482983,1,1,1999,0,0,0,0,0,0,0,0,0,0
482984,1,1,1999,0,0,22,0,0,0,0,0,0,0
482984,2,1,1999,0,0,0,0,0,0,0,0,0,0
482984,3,1,1999,0,0,0,0,0,0,0,0,0,0
482984,4,1,1999,0,0,0,0,0,0,12,0,0,0
482985,1,1,1999,0,0,0,0,0,0,0,0,0,0
482985,2,1,1999,0,0,0,0,0,0,0,0,0,0
482986,1,1,1999,0,0,0,0,0,0,0,0,0,0
482987,1,1,1999,16,16,16,16,16,16,16,16,16,16
482988,1,1,1999,0,6,0,0,0,0,0,0,0,0
482989,0,1,1999,0,0,0,0,0,0,0,0,0,0
482989,1,1,1999,0,0,0,16,0,0,0,0,0,0
482990,0,1,1999,0,0,0,0,0,0,0,0,0,0
482990,1,1,1999,0,0,0,0,0,0,0,0,0,0
482991,1,1,1999,12,12,12,12,12,12,12,12,12,12
482991,2,1,1999,0,0,0,0,0,0,0,0,0,0
482992,1,1,1999,15,5,0,0,0,12,13,36,19,0
482992,2,1,1999,0,20,0,0,25,0,0,0,0,0
482993,1,1,1999,0,0,0,0,0,0,0,0,0,0
482993,2,1,1999,0,0,6,0,0,10,0,0,4,0
482994,1,1,1999,0,0,0,21,0,0,0,0,0,0
482994,2,1,1999,0,0,0,0,0,0,0,0,0,0
482995,1,1,1999,21,29,18,16,13,9,19,14,17,13
482996,1,1,1999,0,0,23,0,6,0,0,0,0,0
482996,2,1,1999,0,0,0,0,0,0,0,0,0,0
482997,1,1,1999,0,0,0,0,17,0,0,6,0,0
482997,2,1,1999,4,4,4,4,4,4,4,4,4,4
482997,3,1,1999,0,0,0,2,0,0,0,0,0,0
482998,1,1,1999,0,0,0,0,0,0,0,0,0,0
482998,2,1,1999,0,0,0,0,0,0,11,0,0,0
482999,0,1,1999,29,0,28,0,20,25,0,26,0,0
482999,1,1,1999,14,14,14,14,14,14,14,14,14,14
483000,1,1,1999,0,0,15,15,0,0,0,0,0,0
483000,2,1,1999,0,0,0,0,0,0,12,0,0,0
483001,1,1,1999,0,0,0,0,0,0,0,0,0,14
483001,2,1,1999,0,0,0,0,0,0,0,0,0,0
483001,3,1,1999,0,0,0,8,0,0,0,0,0,0
483002,1,1,1999,0,0,0,0,0,0,0,0,0,0
483002,2,1,1999,0,0,0,0,0,11,6,0,0,0
483003,0,1,1999,21,31,11,24,30,16,46,17,19,14
483003,0,2,1999,38,20,0,11,21,0,0,0,16,0
483003,0,3,1999,0,0,0,16,10,24,17,29,36,20
483003,1,1,1999,5,0,0,20,22,0,0,0,0,0
483004,1,1,1999,0,0,0,0,0,0,20,0,0,0
483004,2,1,1999,0,0,0,0,0,0,0,0,0,0
483005,1,1,1999,0,0,0,0,0,0,0,0,0,0
483005,2,1,1999,0,0,0,0,0,0,0,0,0,0
483006,0,1,1999,0,0,0,0,0,0,0,0,0,0
483006,1,1,1999,17,17,17,17,17,17,17,17,17,17
483007,1,1,1999,0,0,0,0,0,10,0,0,0,0
483008,1,1,1999,0,0,0,0,0,0,0,0,0,0
483008,2,1,1999,21,0,0,0,0,0,0,0,0,0
483008,3,1,1999,0,0,11,0,18,0,0,0,0,0
483009,1,1,1999,15,0,17,0,0,0,0,0,7,16
483009,2,1,1999,24,24,24,24,24,24,24,24,24,24
483009,3,1,1999,0,0,0,0,0,0,9,0,0,0
483010,0,1,1999,28,0,9,16,11,15,0,0,0,0
483010,1,1,1999,0,0,0,0,0,0,0,0,0,0
483011,1,1,1999,0,0,0,0,0,0,0,0,0,0
483011,2,1,1999,0,0,0,0,0,0,0,0,0,0
483012,1,1,1999,0,0,0,0,0,0,0,0,0,0
483013,0,1,1999,22,0,0,0,14,0,0,0,27,0
483013,0,2,1999,20,8,22,34,11,31,33,0,24,27
483013,1,1,1999,0,0,0,0,0,0,0,0,0,0
483014,1,1,1999,0,0,15,24,22,0,16,0,15,0
483015,1,1,1999,0,0,0,0,0,0,0,0,0,0
483015,2,1,1999,0,0,0,0,0,0,0,0,0,0
483015,3,1,1999,0,0,0,0,0,0,0,0,0,0
483016,1,1,1999,0,0,0,0,0,0,0,0,0,0
483016,2,1,1999,0,0,0,0,0,0,0,0,0,0
483017,1,1,1999,0,5,0,0,0,0,0,0,0,0
483017,2,1,1999,0,0,0,0,0,0,0,0,0,0
483018,1,1,1999,0,0,0,0,0,0,0,0,0,0
483018,2,1,1999,0,0,0,0,0,0,0,0,0,0
483018,3,1,1999,0,0,0,0,0,0,0,0,0,0
483018,4,1,1999,0,0,0,0,0,0,0,0,11,4
483019,1,1,1999,24,24,24,24,24,24,24,24,24,24
483020,1,1,1999,0,0,0,0,0,0,0,0,0,0
483021,0,1,1999,0,0,0,0,0,15,0,0,0,0
483021,1,1,1999,0,0,0,0,0,0,0,0,0,0
483022,1,1,1999,21,27,9,16,26,22,22,17,24,19
483023,1,1,1999,6,11,0,0,2,12,0,0,7,0
483024,1,1,1999,2,2,2,2,2,2,2,2,2,2
483025,1,1,1999,7,7,7,7,7,7,7,7,7,7
483025,2,1,1999,0,10,0,0,18,0,21,0,0,0
483025,3,1,1999,0,0,0,0,0,0,0,0,0,7
483026,0,1,1999,0,0,0,0,0,0,0,0,30,0
483026,1,1,1999,0,0,0,0,0,0,0,0,0,0
483027,1,1,1999,23,0,15,0,18,22,24,28,0,8
483028,1,1,1999,0,0,0,0,0,0,0,0,0,0
483028,2,1,1999,0,0,0,0,0,0,0,0,0,0
483029,1,1,1999,0,4,4,2,0,13,0,0,0,13
483030,1,1,1999,22,0,0,0,12,11,0,0,30,0
483031,1,1,1999,16,21,18,6,31,9,4,24,12,3
483031,2,1,1999,13,17,19,26,0,22,8,8,4,16
483032,1,1,1999,0,0,0,0,0,0,0,0,0,0
483033,0,1,1999,0,0,22,31,22,0,17,7,0,7
483033,1,1,1999,0,0,0,0,0,0,0,0,0,0
483034,1,1,1999,0,25,0,0,0,8,0,10,0,0
483034,2,1,1999,0,0,0,0,0,0,0,0,0,0
483035,1,1,1999,28,28,28,28,28,28,28,28,28,28
483037,0,1,1999,20,20,20,20,20,20,20,20,20,20
483037,1,1,1999,0,0,13,19,0,0,0,0,19,23
483038,1,1,1999,0,0,0,0,0,0,0,0,0,0
483038,2,1,1999,16,16,16,16,16,16,16,16,16,16
483039,1,1,1999,19,19,19,19,19,19,19,19,19,19
483039,2,1,1999,17,0,0,15,21,14,0,0,0,12
483039,3,1,1999,0,0,0,17,0,4,0,0,0,0
483040,0,1,1999,0,23,32,18,23,13,30,0,0,30
483040,1,1,1999,0,0,0,0,0,0,0,0,0,0
483041,1,1,1999,17,0,0,0,0,0,0,0,0,0
483041,2,1,1999,0,0,0,0,0,0,0,0,0,0
483042,1,1,1999,28,28,28,28,28,28,28,28,28,28
483043,0,1,1999,0,0,0,0,0,0,0,0,0,0
483043,1,1,1999,0,0,0,0,0,0,0,0,0,0
483044,1,1,1999,14,18,20,12,18,26,5,6,11,22
483045,1,1,1999,21,0,15,22,28,9,11,0,0,17
483045,2,1,1999,13,0,0,11,0,0,20,0,13,10
483046,0,1,1999,0,19,22,0,10,15,26,0,0,0
483046,1,1,1999,0,0,0,0,0,0,0,0,0,0
483047,1,1,1999,29,19,0,15,0,12,13,12,0,0
483048,1,1,1999,0,0,0,0,0,0,0,0,0,0
483048,2,1,1999,0,0,0,0,0,0,0,0,0,0
483049,1,1,1999,0,0,12,0,6,0,0,13,0,0
483049,2,1,1999,0,0,0,0,0,19,0,0,0,0
483049,3,1,1999,0,0,0,0,0,2,0,0,0,0
483049,4,1,1999,0,0,0,0,13,0,0,0,0,0
483049,5,1,1999,0,0,0,0,0,0,0,0,0,0
483050,1,1,1999,0,0,0,0,0,0,0,0,0,0
483050,2,1,1999,0,0,0,0,0,0,0,0,0,0
483051,1,1,1999,0,0,0,0,0,0,0,0,0,0
483051,2,1,1999,0,0,0,0,0,0,0,0,0,0
483052,1,1,1999,0,0,0,0,0,0,0,0,0,0
483052,2,1,1999,0,0,0,0,0,0,0,0,0,0
483053,0,1,1999,0,0,0,0,0,0,0,0,0,0
483053,0,2,1999,0,0,0,0,0,11,0,0,0,0
483053,0,3,1999,0,0,28,0,0,0,21,21,39,0
483053,0,4,1999,0,0,0,0,0,0,0,0,0,0
483053,0,5,1999,0,0,0,0,0,0,0,0,0,0
483053,0,6,1999,0,0,0,0,0,0,0,0,0,0
483053,1,1,1999,9,19,30,11,0,13,0,29,10,14
483054,1,1,1999,0,0,0,0,0,0,0,0,0,0
483055,0,1,1999,0,0,13,0,0,0,0,0,0,0
483055,1,1,1999,0,20,0,0,0,0,0,0,0,0
483056,1,1,1999,27,6,23,24,12,0,0,34,19,0
483057,1,1,1999,0,0,0,28,0,0,21,0,0,0
483058,1,1,1999,0,29,0,11,14,6,0,11,0,0
483059,0,1,1999,0,0,0,0,0,0,0,0,0,0
483059,1,1,1999,0,0,0,0,0,0,0,0,0,0
483060,1,1,1999,0,0,0,0,0,0,0,0,0,0
483061,0,1,1999,0,0,0,0,0,0,0,0,0,0
483061,1,1,1999,0,0,0,0,0,13,0,0,0,0
483062,0,1,1999,0,10,0,25,4,3,0,0,6,17
483062,1,1,1999,23,23,23,23,23,23,23,23,23,23
483063,0,1,1999,0,0,20,0,0,26,0,0,0,0
483063,1,1,1999,21,0,0,0,0,0,0,0,0,0
483063,2,1,1999,0,0,0,0,0,0,0,0,12,0
483064,1,1,1999,0,0,0,0,0,0,0,0,0,0
483065,0,1,1999,0,0,0,0,0,0,0,0,0,0
483065,1,1,1999,8,0,0,14,0,0,0,0,0,0
483066,0,1,1999,30,4,21,3,26,41,34,26,20,0
483066,1,1,1999,0,0,0,9,0,0,0,17,0,7
483067,1,1,1999,23,22,33,19,28,23,24,15,3,20
483068,1,1,1999,0,0,0,0,5,0,0,0,0,0
483069,1,1,1999,0,0,0,0,0,0,0,0,0,0
483070,1,1,1999,0,0,0,0,0,0,0,0,0,0
483070,2,1,1999,0,3,0,0,15,9,0,0,0,21
483071,0,1,1999,22,17,7,15,11,17,17,29,13,10
483071,1,1,1999,0,0,0,0,26,0,0,0,0,0
483072,1,1,1999,0,19,0,0,0,0,0,0,0,0
483073,1,1,1999,0,0,0,0,0,0,0,0,0,0
483073,2,1,1999,0,0,0,0,0,0,0,0,0,0
483074,1,1,1999,0,0,0,0,0,0,0,0,0,0
483075,0,1,1999,0,0,0,15,0,0,0,0,18,0
483075,1,1,1999,14,0,6,0,6,7,0,0,0,0
483076,0,1,1999,0,8,29,47,23,0,6,16,24,24
483076,1,1,1999,0,0,14,0,0,0,0,0,0,0
483077,1,1,1999,0,0,0,0,0,0,0,0,0,0
483077,2,1,1999,0,0,0,0,0,0,0,0,0,25
483078,1,1,1999,0,0,0,0,0,0,0,0,0,0
483079,1,1,1999,25,0,17,0,0,0,0,0,0,0
483079,2,1,1999,0,0,0,0,0,0,0,10,0,0
483080,1,1,1999,0,21,0,0,0,0,0,0,0,0
483081,0,1,1999,0,13,0,0,0,11,0,11,30,0
483081,0,2,1999,13,0,0,13,7,8,39,0,0,25
483081,1,1,1999,13,7,8,11,9,16,4,12,7,12
483082,1,1,1999,22,22,22,22,22,22,22,22,22,22
483083,1,1,1999,21,8,16,0,23,0,15,39,31,16
483084,0,1,1999,0,0,0,0,0,0,0,0,0,0
483084,1,1,1999,5,9,0,0,0,0,0,0,0,0
483085,1,1,1999,0,0,0,0,0,0,0,0,0,0
483085,2,1,1999,0,0,0,0,0,0,7,8,0,0
483085,3,1,1999,0,0,0,0,0,0,0,0,0,0
483086,1,1,1999,0,0,0,0,0,0,0,0,0,0
483086,2,1,1999,0,0,0,0,0,0,0,0,0,0
483087,0,1,1999,18,10,0,5,16,0,22,17,46,0
483087,1,1,1999,0,0,0,0,0,0,0,13,0,0
483087,2,1,1999,0,0,20,0,6,0,0,0,0,0
483088,1,1,1999,23,17,0,26,0,21,0,17,0,25
483088,2,1,1999,14,0,13,0,0,13,0,15,0,0
483088,3,1,1999,0,0,0,20,0,0,13,16,0,15
483089,1,1,1999,0,0,0,0,0,0,0,0,0,5
483090,1,1,1999,0,0,13,0,0,16,0,0,0,0
483091,0,1,1999,0,0,0,0,0,17,0,0,23,20
483091,1,1,1999,0,9,0,0,0,0,0,0,0,0
483091,2,1,1999,0,0,0,0,0,0,0,0,0,0
483091,3,1,1999,0,0,0,0,10,21,0,0,0,6
483092,1,1,1999,22,29,12,0,0,0,0,0,0,0
483093,0,1,1999,0,13,0,0,0,29,0,12,0,27
483093,0,2,1999,37,7,29,30,0,39,0,13,0,0
483093,1,1,1999,0,0,0,0,0,0,6,0,0,0
483094,1,1,1999,0,0,0,0,0,0,0,0,0,0
483094,2,1,1999,0,0,14,0,0,0,0,5,0,0
483094,3,1,1999,0,0,0,0,0,0,0,0,0,0
483095,1,1,1999,0,15,13,13,6,0,8,26,11,0
483096,1,1,1999,25,0,20,0,0,0,31,21,0,8
483096,2,1,1999,0,0,0,0,0,0,0,0,0,0
483097,1,1,1999,0,0,22,0,20,0,13,0,0,0
483097,2,1,1999,0,0,0,0,0,0,0,0,0,0
483098,1,1,1999,0,9,0,0,0,0,0,0,0,0
483099,1,1,1999,0,0,0,0,0,0,0,0,0,0
483099,2,1,1999,0,0,0,0,0,0,0,0,0,0
483100,1,1,1999,0,0,0,0,0,0,0,0,0,0
483101,1,1,1999,0,0,0,0,0,8,0,0,17,0
483102,1,1,1999,19,7,20,18,17,7,18,8,17,0
483103,1,1,1999,0,0,0,0,0,0,0,0,0,0
483103,2,1,1999,12,20,19,14,20,17,0,13,20,19
483104,1,1,1999,8,0,12,0,18,9,15,0,12,11
483105,1,1,1999,0,0,0,0,0,0,0,0,0,0
483106,1,1,1999,0,0,0,0,3,0,0,0,0,0
483107,1,1,1999,0,0,0,0,0,0,0,0,0,0
483108,1,1,1999,0,0,30,0,0,0,0,0,0,0
483108,2,1,1999,0,0,0,0,0,0,0,0,0,0
483108,3,1,1999,0,0,0,0,0,0,18,0,0,0
483109,1,1,1999,0,0,0,0,0,0,0,0,0,0
483110,0,1,1999,0,0,17,0,0,0,35,0,0,0
483110,1,1,1999,0,0,0,0,0,0,0,0,0,0
483111,1,1,1999,0,0,0,0,0,0,26,0,0,0
483112,1,1,1999,0,0,0,0,0,0,0,0,0,0
483112,2,1,1999,0,0,0,0,0,0,0,0,0,0
483112,3,1,1999,0,0,0,0,0,0,0,0,0,0
483113,1,1,1999,0,0,0,0,5,7,13,0,0,0
483113,2,1,1999,15,12,19,0,7,10,0,20,10,5
483114,1,1,1999,15,15,15,15,15,15,15,15,15,15
483114,2,1,1999,0,0,0,0,0,0,0,0,0,0
483115,0,1,1999,0,0,0,0,0,0,18,14,0,0
483115,1,1,1999,0,0,0,0,0,0,0,0,0,0
483115,2,1,1999,0,0,0,0,0,0,0,0,0,0
483116,1,1,1999,0,0,15,0,18,16,0,0,0,0
483117,1,1,1999,13,0,0,16,0,0,0,0,0,0
483118,1,1,1999,24,21,24,14,0,0,0,13,39,35
483119,1,1,1999,0,0,0,0,0,0,0,0,0,0
483119,2,1,1999,6,0,0,3,0,0,0,4,0,0
490001,0,1,1999,0,0,0,0,0,0,0,0,0,0
490001,1,1,1999,0,0,0,0,0,0,0,0,0,0
490002,1,1,1999,0,0,0,0,0,0,0,0,0,0
490002,2,1,1999,0,0,0,0,0,0,0,0,0,0
490003,1,1,1999,0,0,0,0,0,0,0,12,0,0
490003,2,1,1999,0,0,0,0,0,0,0,0,0,0
490004,1,1,1999,30,30,30,30,30,30,30,30,30,30
490005,1,1,1999,0,0,0,0,0,0,0,0,0,0
490005,2,1,1999,0,0,0,0,0,0,0,0,0,0
490006,1,1,1999,0,0,0,0,0,0,0,0,0,0
490006,2,1,1999,0,7,0,0,0,0,0,0,0,0
490007,1,1,1999,0,0,0,0,0,0,0,0,0,0
490007,2,1,1999,0,0,0,0,0,0,0,0,0,0
490008,1,1,1999,25,25,25,25,25,25,25,25,25,25
490009,1,1,1999,0,0,0,0,0,0,0,0,0,0
490010,1,1,1999,0,0,0,0,0,0,0,0,0,0
490011,1,1,1999,0,19,0,0,11,0,0,0,0,0
490012,1,1,1999,10,10,10,10,10,10,10,10,10,10
490013,1,1,1999,0,0,0,0,0,0,0,0,0,0
490013,2,1,1999,0,0,0,0,0,0,0,0,0,0
490013,3,1,1999,0,0,0,0,0,0,0,0,6,0
490013,4,1,1999,0,0,0,0,0,0,0,0,0,0
490014,1,1,1999,0,0,0,0,0,0,0,0,0,0
490015,1,1,1999,0,0,0,0,0,0,0,0,0,0
490015,2,1,1999,0,0,0,0,0,0,0,0,0,0
490016,1,1,1999,0,0,0,0,0,2,14,0,0,0
490017,1,1,1999,0,0,0,0,0,0,0,0,0,0
490017,2,1,1999,0,0,0,0,0,0,0,0,0,0
490018,0,1,1999,0,0,0,0,0,0,0,0,0,0
490018,1,1,1999,0,0,0,0,0,0,0,0,0,0
490019,1,1,1999,0,0,0,0,0,0,0,0,0,0
490019,2,1,1999,0,0,0,13,0,0,12,0,0,0
490020,1,1,1999,14,0,0,0,0,0,0,0,12,0
490021,1,1,1999,6,0,0,0,0,0,0,0,0,18
490022,0,1,1999,3,3,3,3,3,3,3,3,3,3
490022,1,1,1999,0,0,0,0,0,0,0,0,0,0
490023,0,1,1999,0,0,0,0,0,0,0,0,0,0
490023,1,1,1999,0,0,0,0,0,0,0,0,0,0
490024,1,1,1999,0,0,0,0,0,0,0,0,0,0
490024,2,1,1999,0,0,0,0,0,0,0,0,0,0
490025,1,1,1999,0,7,0,0,0,0,0,0,12,12
490026,1,1,1999,0,0,0,0,0,0,0,0,0,0
490026,2,1,1999,0,0,0,0,0,0,0,0,0,0
490027,0,1,1999,0,0,0,0,0,0,0,0,0,0
490027,1,1,1999,0,0,0,0,0,0,0,0,0,0
490028,1,1,1999,0,0,0,0,0,0,0,0,0,0
490028,2,1,1999,0,0,0,0,0,0,0,0,0,0
490029,0,1,1999,10,10,10,10,10,10,10,10,10,10
490029,1,1,1999,0,0,0,0,0,0,0,0,0,0
490030,0,1,1999,0,0,0,0,0,0,0,0,0,0
490030,1,1,1999,0,0,0,0,0,0,0,0,0,0
490031,1,1,1999,0,0,0,0,0,0,0,0,0,0
490032,1,1,1999,0,0,0,0,0,0,0,0,0,4
490032,2,1,1999,0,0,0,0,0,0,0,0,0,0
490033,1,1,1999,9,12,0,8,10,0,11,0,0,0
490034,1,1,1999,30,30,30,30,30,30,30,30,30,30
490035,1,1,1999,0,0,0,0,0,0,0,0,0,0
490035,2,1,1999,0,0,0,0,0,0,0,0,0,0
490036,1,1,1999,0,0,0,0,0,0,0,0,0,0
490036,2,1,1999,0,0,0,0,0,0,0,0,0,0