ST_CASE,VEH_NO,PER_NO,YEAR,P1,P2,P3,P4,P5,P6,P7,P8,P9,P10
510233,2,1,1999,0,0,0,0,0,0,0,0,0,0
510234,1,1,1999,25,25,25,25,25,25,25,25,25,25
510235,1,1,1999,0,10,0,0,0,1,0,0,8,0
510236,1,1,1999,18,18,18,18,18,18,18,18,18,18
510237,1,1,1999,0,0,0,0,0,0,0,0,0,0
510237,2,1,1999,0,0,0,0,0,0,0,0,0,0
510238,1,1,1999,0,0,0,0,0,0,0,0,0,0
510238,2,1,1999,0,0,0,0,0,0,0,0,0,0
510239,1,1,1999,0,0,0,0,0,0,0,0,0,0
510239,2,1,1999,0,0,0,0,0,0,0,0,0,0
510240,1,1,1999,0,0,0,0,0,0,0,0,0,0
510241,1,1,1999,0,0,0,0,0,0,0,0,0,0
510241,2,1,1999,0,8,0,0,0,0,0,0,0,0
510242,1,1,1999,2,2,2,2,2,2,2,2,2,2
510243,1,1,1999,0,0,0,0,0,0,0,0,0,0
510243,2,1,1999,3,21,16,20,32,10,7,18,8,14
510244,1,1,1999,0,23,0,10,0,14,13,32,0,15
510245,0,1,1999,0,0,0,0,0,0,0,0,0,0
510245,1,1,1999,0,10,0,0,20,15,0,0,0,0
510246,1,1,1999,31,12,11,8,24,12,10,14,10,27
510247,1,1,1999,0,0,0,0,0,0,0,0,0,0
510247,2,1,1999,0,0,0,0,0,0,0,0,0,0
510247,3,1,1999,0,0,0,0,4,0,0,0,0,0
510248,0,1,1999,23,0,26,26,31,10,17,10,0,44
510248,0,2,1999,30,48,16,0,15,23,22,0,0,24
510248,0,3,1999,3,19,22,0,5,14,14,22,36,0
510248,1,1,1999,8,20,2,15,0,21,16,26,11,4
510249,1,1,1999,0,0,0,0,0,0,0,0,0,0
510249,2,1,1999,16,0,0,0,0,0,0,0,0,0
510250,1,1,1999,0,0,0,0,0,0,0,0,0,0
510251,1,1,1999,0,0,0,0,0,0,12,0,0,0
510252,1,1,1999,0,11,0,0,0,0,0,0,0,0
510252,2,1,1999,0,0,0,0,0,0,0,0,0,0
510253,1,1,1999,0,0,0,0,0,0,0,0,0,0
510253,2,1,1999,15,0,0,0,0,0,0,0,0,0
510254,1,1,1999,0,0,0,0,0,0,0,0,0,0
510255,1,1,1999,0,0,0,0,0,0,0,0,0,0
510255,2,1,1999,14,0,0,0,0,0,0,0,0,0
510256,1,1,1999,42,42,42,42,42,42,42,42,42,42
510257,1,1,1999,13,18,20,16,16,10,11,13,21,16
510257,2,1,1999,0,0,11,0,13,0,0,12,0,0
510258,1,1,1999,0,0,0,0,0,0,0,0,0,0
510258,2,1,1999,0,0,0,0,0,0,0,0,0,0
510259,0,1,1999,0,0,0,0,0,0,0,0,0,0
510259,1,1,1999,0,0,0,0,0,0,0,0,0,0
510260,1,1,1999,17,0,18,4,11,9,14,22,23,0
510261,1,1,1999,0,0,0,0,0,0,0,0,0,0
510261,2,1,1999,0,0,0,0,0,0,0,0,0,0
510262,1,1,1999,0,0,0,0,0,0,0,0,0,0
510263,1,1,1999,0,0,0,0,0,0,0,0,0,0
510264,1,1,1999,0,0,0,0,0,0,0,0,0,0
510264,2,1,1999,0,0,0,0,0,16,0,6,0,0
510265,1,1,1999,0,0,0,0,0,0,0,0,0,0
510266,1,1,1999,24,24,24,24,24,24,24,24,24,24
510267,1,1,1999,26,9,20,17,10,0,6,0,18,0
510268,1,1,1999,0,0,0,0,0,0,0,0,0,0
510268,2,1,1999,0,0,0,0,0,10,0,0,12,0
510268,3,1,1999,0,9,12,5,0,0,0,0,0,0
510268,4,1,1999,0,0,0,0,0,0,0,0,0,0
510269,1,1,1999,0,17,0,12,13,3,18,6,0,15
510270,1,1,1999,0,0,0,0,0,0,0,0,0,0
510270,2,1,1999,0,0,0,0,0,0,0,0,0,0
510271,1,1,1999,0,0,0,0,0,0,0,0,0,0
510272,1,1,1999,0,0,0,0,0,0,0,0,0,0
510273,1,1,1999,0,19,11,14,13,13,0,12,24,8
510274,1,1,1999,0,0,0,0,0,0,0,0,0,0
510275,1,1,1999,27,27,27,27,27,27,27,27,27,27
510275,2,1,1999,0,0,0,0,0,0,0,0,0,0
510275,3,1,1999,0,0,0,0,0,0,0,0,0,0
510276,1,1,1999,19,19,19,19,19,19,19,19,19,19
510277,1,1,1999,0,0,0,0,0,0,0,0,0,0
510278,1,1,1999,0,0,0,7,0,0,14,0,12,0
510278,2,1,1999,0,15,0,13,21,0,25,23,0,0
510279,1,1,1999,0,0,0,0,0,0,0,0,0,0
510280,1,1,1999,0,0,0,0,0,0,0,0,0,0
510281,1,1,1999,0,0,0,0,0,0,0,0,0,0
510282,1,1,1999,36,36,36,36,36,36,36,36,36,36
510283,1,1,1999,0,0,0,0,0,0,0,0,0,0
510283,2,1,1999,0,0,0,0,0,0,0,0,0,0
510284,1,2,1999,14,19,0,15,18,6,25,0,23,0
510285,1,1,1999,0,0,0,0,0,0,0,0,0,0
510285,2,1,1999,0,0,0,0,0,0,0,0,0,0
510286,1,1,1999,0,0,0,0,0,0,0,0,0,0
510286,2,1,1999,0,0,0,0,0,0,0,0,0,0
510286,3,1,1999,0,0,0,0,0,0,0,0,0,0
510287,1,1,1999,0,0,0,0,0,0,0,0,0,0
510287,2,1,1999,0,0,0,0,0,0,0,0,0,0
510288,1,1,1999,0,0,0,0,0,0,0,0,0,0
510288,2,1,1999,0,0,0,0,0,0,0,0,0,0
510289,1,1,1999,0,0,0,0,0,0,0,0,0,3
510289,2,1,1999,0,0,0,0,0,0,0,0,0,0
510290,1,1,1999,0,0,0,0,0,0,0,0,0,0
510290,2,1,1999,0,0,0,0,0,0,0,0,0,0
510291,1,1,1999,0,0,0,0,0,0,0,0,0,0
510292,0,1,1999,0,0,0,0,0,0,0,0,0,0
510292,1,1,1999,0,0,0,0,0,5,0,0,0,0
510293,1,1,1999,0,0,0,0,0,0,14,0,0,0
510293,2,1,1999,0,0,0,0,0,0,0,0,0,0
510294,1,1,1999,0,0,0,0,0,0,0,0,0,0
510295,1,1,1999,0,0,0,0,0,0,0,0,0,0
510296,1,1,1999,0,0,0,0,0,0,0,0,0,0
510296,2,1,1999,0,0,0,0,0,0,0,0,0,0
510297,0,1,1999,0,0,0,0,0,0,0,0,0,0
510297,1,1,1999,15,14,17,18,8,22,15,10,10,14
510298,1,1,1999,17,17,17,17,17,17,17,17,17,17
510299,1,1,1999,0,0,0,0,0,0,0,0,0,0
510299,2,1,1999,0,0,0,0,0,0,0,0,0,0
510300,1,1,1999,9,0,4,9,0,4,0,9,5,4
510301,1,1,1999,15,15,15,15,15,15,15,15,15,15
510302,1,1,1999,0,0,0,0,0,0,0,0,0,0
510302,2,1,1999,0,0,0,0,0,0,0,0,0,0
510303,1,1,1999,0,0,0,0,0,0,0,0,0,0
510303,2,1,1999,0,0,0,0,0,0,0,0,0,0
510304,1,1,1999,25,25,25,25,25,25,25,25,25,25
510305,1,1,1999,16,31,7,11,17,20,8,35,18,8
510306,1,1,1999,0,0,0,0,0,0,0,0,0,0
510307,1,1,1999,0,0,0,0,0,0,0,0,0,0
510308,1,1,1999,0,0,0,0,0,0,0,0,0,0
510309,1,1,1999,0,0,0,0,0,0,0,0,0,0
510310,1,1,1999,0,0,0,0,0,0,0,0,0,0
510310,2,1,1999,0,0,8,0,0,16,0,0,0,0
510311,1,1,1999,24,24,24,24,24,24,24,24,24,24
510312,0,1,1999,0,0,0,0,0,0,0,0,0,0
510312,1,1,1999,0,0,0,0,0,0,0,0,0,0
510313,1,1,1999,0,0,0,0,0,0,0,0,0,0
510313,2,1,1999,0,0,0,0,0,0,0,0,0,0
510313,3,1,1999,0,0,0,0,0,0,0,0,0,0
510314,1,1,1999,0,0,0,0,0,0,0,0,0,0
510314,2,1,1999,0,0,0,0,0,0,0,0,0,0
510314,3,1,1999,0,0,0,0,0,0,0,0,0,0
510315,1,1,1999,0,0,0,0,0,0,0,0,0,0
510315,2,1,1999,0,0,0,0,0,0,0,0,0,0
510316,1,1,1999,28,28,28,28,28,28,28,28,28,28
510317,1,1,1999,0,0,0,0,0,0,0,0,0,0
510317,2,1,1999,0,0,0,0,0,0,0,0,0,0
510318,1,1,1999,0,0,0,0,0,0,0,0,0,0
510319,1,1,1999,0,0,0,0,0,0,0,0,0,0
510319,2,1,1999,0,0,0,0,0,0,0,0,0,0
510319,3,1,1999,0,0,0,0,0,0,0,0,0,0
510319,4,1,1999,0,0,0,0,0,0,0,0,0,0
510320,1,1,1999,0,0,0,0,0,0,0,0,0,0
510320,2,1,1999,0,0,0,0,0,0,0,0,0,0
510321,1,1,1999,0,11,0,0,0,0,0,15,14,0
510322,1,1,1999,0,0,0,0,0,0,0,0,0,0
510323,1,1,1999,0,0,6,0,0,0,0,0,0,0
510323,2,1,1999,0,0,0,0,0,0,0,0,0,0
510324,1,1,1999,0,0,0,0,0,0,0,0,0,0
510324,2,1,1999,0,15,0,0,0,0,0,0,0,0
510324,3,1,1999,0,0,0,0,0,0,0,0,0,0
510325,0,1,1999,0,0,0,0,0,0,0,0,0,0
510325,1,1,1999,0,0,0,0,0,0,0,0,0,0
510326,1,1,1999,0,0,0,0,0,0,0,0,0,0
510327,1,1,1999,0,0,0,0,0,0,0,0,0,0
510327,2,1,1999,0,0,0,0,0,0,0,0,0,0
510328,0,1,1999,0,0,0,0,0,0,0,0,0,0
510328,1,1,1999,20,0,0,0,0,0,0,16,0,0
510329,0,1,1999,0,0,0,0,0,0,0,0,0,0
510329,1,1,1999,0,0,0,0,0,0,0,0,0,0
510330,1,1,1999,27,6,20,22,12,3,0,9,0,6
510331,1,1,1999,0,0,0,0,0,0,0,0,0,0
510331,2,1,1999,0,0,0,0,0,0,0,0,0,0
510332,1,1,1999,0,0,0,0,0,0,0,0,0,0
510333,1,1,1999,1,1,1,1,1,1,1,1,1,1
510334,1,1,1999,0,0,0,0,0,0,0,0,0,0
510334,2,1,1999,0,0,0,0,0,0,0,0,0,0
510335,1,1,1999,15,0,9,8,0,37,7,14,7,12
510335,2,1,1999,0,0,0,0,0,0,0,0,0,0
510335,3,1,1999,0,0,0,0,0,0,0,0,0,0
510335,4,1,1999,0,0,0,0,0,0,0,0,0,0
510336,1,1,1999,0,0,0,0,0,0,0,0,0,0
510337,0,1,1999,0,0,0,0,0,0,0,0,0,0
510337,1,1,1999,0,0,0,0,0,0,0,0,0,0
510338,1,1,1999,0,0,0,0,0,0,0,0,0,0
510338,2,1,1999,0,0,0,0,0,0,0,0,0,0
510338,3,1,1999,0,0,0,0,0,0,0,0,0,0
510339,0,1,1999,0,0,0,0,0,0,0,0,0,0
510339,1,1,1999,0,0,0,0,0,0,0,0,0,0
510340,1,1,1999,0,0,0,0,0,0,0,0,0,0
510341,1,1,1999,10,10,10,10,10,10,10,10,10,10
510341,2,1,1999,0,0,0,0,0,0,0,0,0,0
510342,1,1,1999,14,6,6,20,27,14,7,13,14,15
510342,2,1,1999,0,0,0,0,0,0,0,0,0,0
510342,3,1,1999,0,0,0,0,0,0,9,0,0,0
510343,0,1,1999,27,0,0,0,0,0,0,0,0,0
510343,0,2,1999,0,0,0,0,0,0,0,0,0,0
510343,1,1,1999,0,0,0,0,0,0,0,0,0,0
510344,1,1,1999,12,12,12,12,12,12,12,12,12,12
510345,1,1,1999,0,0,0,0,0,0,0,0,0,0
510346,1,1,1999,15,15,15,15,15,15,15,15,15,15
510347,1,1,1999,0,0,0,25,0,0,0,0,0,0
510348,1,1,1999,27,27,27,27,27,27,27,27,27,27
510349,1,1,1999,14,14,14,14,14,14,14,14,14,14
510350,1,1,1999,0,0,0,0,0,0,0,0,0,0
510351,1,1,1999,24,24,24,24,24,24,24,24,24,24
510352,1,1,1999,2,2,2,2,2,2,2,2,2,2
510352,2,1,1999,0,0,0,0,0,0,0,0,0,0
510352,3,1,1999,0,0,0,0,0,0,0,6,0,0
510352,4,1,1999,0,0,0,0,0,0,0,0,0,0
510353,1,1,1999,0,22,30,5,21,15,16,0,0,26
510354,1,1,1999,0,0,0,0,0,0,0,0,0,0
510355,1,1,1999,0,0,0,0,0,0,0,0,0,0
510355,2,1,1999,0,0,0,0,0,0,0,0,0,0
510356,1,1,1999,11,0,0,0,13,16,0,0,0,0
510357,1,1,1999,24,24,24,24,24,24,24,24,24,24
510358,1,1,1999,2,2,2,2,2,2,2,2,2,2
510358,2,1,1999,0,0,0,0,0,0,0,0,0,0
510359,1,1,1999,0,0,0,0,0,0,0,0,0,0
510360,1,1,1999,17,17,17,17,17,17,17,17,17,17
510361,1,1,1999,22,9,22,14,16,6,29,0,17,11
510362,1,1,1999,0,0,0,0,0,0,0,0,0,0
510362,2,1,1999,0,0,0,0,0,0,0,0,0,0
510363,1,1,1999,0,0,0,0,0,0,0,0,0,0
510364,1,1,1999,9,29,10,28,18,19,6,11,8,35
510365,1,1,1999,18,18,12,4,10,16,15,11,8,4
510366,1,1,1999,18,32,15,24,14,10,23,12,36,18
510367,1,1,1999,0,0,0,0,0,7,0,0,0,0
510368,1,1,1999,0,0,0,0,0,0,0,0,0,0
510369,1,1,1999,12,12,12,12,12,12,12,12,12,12
510370,0,1,1999,0,0,23,0,26,0,0,5,0,0
510370,1,1,1999,0,0,0,0,0,0,0,0,3,0
510371,1,1,1999,0,0,0,0,0,0,0,0,0,0
510372,0,1,1999,5,5,5,5,5,5,5,5,5,5
510372,1,1,1999,0,0,0,0,0,16,9,0,0,14
510373,1,1,1999,0,0,0,0,0,0,0,0,0,0
510373,2,1,1999,2,2,2,2,2,2,2,2,2,2
510374,1,1,1999,0,0,0,0,0,0,0,0,0,0
510375,1,1,1999,0,0,0,0,0,0,0,0,0,0
510376,1,1,1999,0,0,0,0,0,0,0,0,0,0
510377,1,1,1999,5,5,5,5,5,5,5,5,5,5
510377,2,1,1999,0,0,0,0,0,0,0,0,0,0
510378,1,1,1999,0,0,0,0,0,0,0,0,0,0
510378,2,1,1999,0,0,0,0,0,0,0,0,0,0
510378,3,1,1999,0,0,0,0,0,0,0,0,0,0
510379,1,1,1999,4,4,4,4,4,4,4,4,4,4
510379,2,1,1999,0,0,0,0,0,0,0,0,0,0
510380,1,1,1999,0,0,0,0,0,0,0,0,0,0
510380,2,1,1999,0,0,0,0,0,0,0,0,0,0
510381,1,1,1999,21,15,18,23,16,30,15,17,0,14
510382,1,1,1999,18,18,18,18,18,18,18,18,18,18
510383,1,1,1999,0,0,0,0,0,0,0,0,0,0
510384,1,1,1999,0,0,0,0,0,0,10,0,0,0
510385,1,1,1999,0,0,0,0,0,0,0,0,0,0
510385,2,1,1999,0,0,0,0,0,0,0,0,0,0
510386,1,1,1999,0,0,16,0,0,13,25,7,0,0
510387,1,1,1999,0,0,0,0,0,0,0,0,0,0
510387,2,1,1999,0,0,0,0,0,0,0,0,0,0
510388,1,1,1999,0,0,0,0,0,0,0,0,0,0
510389,1,1,1999,0,7,18,10,0,17,0,25,17,23
510390,1,1,1999,0,0,0,0,0,0,0,0,0,0
510391,0,1,1999,0,0,0,0,0,0,0,0,0,0
510391,1,1,1999,0,0,0,0,0,0,0,0,0,0
510392,1,1,1999,0,0,0,0,0,0,0,0,0,0
510392,2,1,1999,0,0,0,0,0,0,0,0,0,0
510393,0,1,1999,0,0,0,0,0,0,0,0,0,0
510393,1,1,1999,0,0,0,0,0,0,0,0,0,0
510394,1,1,1999,0,0,0,0,0,0,0,0,0,0
510395,1,1,1999,13,13,13,13,13,13,13,13,13,13
510396,1,1,1999,6,6,6,6,6,6,6,6,6,6
510397,1,1,1999,0,0,0,18,0,0,15,0,0,0
510397,2,1,1999,0,0,0,0,0,0,24,0,0,0
510398,1,1,1999,15,15,15,15,15,15,15,15,15,15
510399,1,1,1999,0,0,20,0,0,0,0,0,0,0
510399,2,1,1999,0,0,0,0,0,0,0,0,0,0
510400,1,1,1999,21,4,12,13,14,18,27,0,8,17
510401,1,1,1999,0,0,0,0,0,0,0,0,0,0
510402,1,1,1999,0,0,0,0,0,0,0,0,0,0
510402,2,1,1999,0,0,0,0,0,0,0,0,0,0
510402,3,1,1999,0,0,0,0,0,0,0,0,0,0
510402,4,1,1999,0,0,0,0,0,0,0,0,0,0
510403,0,1,1999,0,0,0,0,0,0,0,0,0,0
510403,1,1,1999,0,0,0,0,0,0,0,0,0,0
510404,1,1,1999,0,0,0,0,0,0,0,0,0,0
510405,1,1,1999,0,0,0,0,0,0,0,0,0,0
510407,0,1,1999,0,0,0,0,0,9,0,13,0,0
510407,1,1,1999,0,0,0,0,11,16,18,16,18,20
510408,1,1,1999,0,0,0,0,0,0,0,0,0,0
510409,1,1,1999,15,15,15,15,15,15,15,15,15,15
510410,1,1,1999,0,0,0,0,0,0,0,0,0,0
510410,2,1,1999,0,0,0,0,0,0,0,0,0,0
510410,3,1,1999,0,0,0,0,0,0,0,0,0,0
510411,1,1,1999,0,0,0,0,0,0,0,0,0,0
510411,2,1,1999,0,0,0,0,0,0,0,0,0,0
510412,1,1,1999,0,0,0,0,0,0,0,0,0,0
510413,1,1,1999,0,0,0,0,0,0,0,0,0,0
510414,1,1,1999,0,0,0,0,0,0,0,0,0,0
510414,2,1,1999,0,0,0,0,0,0,0,0,0,0
510415,1,1,1999,0,0,0,0,0,0,0,10,0,0
510416,1,1,1999,14,14,14,14,14,14,14,14,14,14
510416,2,1,1999,19,0,0,0,5,0,0,0,0,6
510417,1,1,1999,0,0,0,0,0,0,0,0,0,0
510418,1,1,1999,20,20,20,20,20,20,20,20,20,20
510419,1,1,1999,6,13,21,21,15,8,11,19,4,10
510419,2,1,1999,0,0,0,0,0,0,0,0,0,0
510419,3,1,1999,0,0,0,0,0,0,0,0,0,0
510420,1,1,1999,7,0,25,20,18,13,7,12,10,9
510420,2,1,1999,17,17,17,17,17,17,17,17,17,17
510421,1,1,1999,0,0,0,0,0,0,0,0,0,0
510421,2,1,1999,0,0,0,6,0,21,0,0,0,0
510422,1,1,1999,0,0,0,0,0,0,0,0,0,0
510423,0,1,1999,0,0,0,0,0,0,0,0,0,0
510423,1,1,1999,26,10,9,10,9,16,15,5,19,12
510423,2,1,1999,0,0,0,0,0,0,0,0,0,0
510424,1,1,1999,0,0,0,0,0,0,0,0,0,0
510425,1,1,1999,0,0,0,0,0,0,0,0,0,0
510425,2,1,1999,0,0,0,0,0,0,0,0,0,0
510426,1,1,1999,0,0,0,0,0,0,0,0,0,0
510426,2,1,1999,0,0,0,0,0,0,0,0,0,0
510427,1,1,1999,0,0,0,0,0,0,0,0,0,0
510428,1,1,1999,17,17,17,17,17,17,17,17,17,17
510429,1,2,1999,21,17,16,15,17,13,25,24,17,16
510430,1,1,1999,0,0,0,13,0,0,0,15,0,19
510431,1,1,1999,0,18,0,31,0,0,0,0,0,0
510432,1,1,1999,6,7,0,0,0,0,19,0,0,0
510433,1,1,1999,0,0,0,0,0,0,0,0,0,0
510433,2,1,1999,9,0,0,0,0,0,0,0,0,0
510434,1,1,1999,2,2,2,2,2,2,2,2,2,2
510435,1,1,1999,0,0,0,0,25,0,0,0,2,0
510436,1,1,1999,2,2,2,2,2,2,2,2,2,2
510437,1,1,1999,0,0,0,0,0,0,0,0,0,0
510438,1,1,1999,0,9,34,20,13,17,0,7,0,0
510439,1,1,1999,0,0,0,0,0,0,0,0,0,0
510439,2,1,1999,0,0,0,0,0,0,0,0,0,0
510440,1,1,1999,0,0,0,0,0,0,0,0,0,0
510440,2,1,1999,0,0,0,0,0,0,0,0,0,0
510441,0,1,1999,21,8,34,25,21,26,28,24,12,23
510441,1,1,1999,0,0,0,0,0,0,0,0,0,0
510442,1,1,1999,15,23,14,9,8,23,8,23,6,20
510443,1,1,1999,0,0,0,0,0,0,0,0,0,0
510444,1,1,1999,0,0,0,0,0,0,0,0,0,0
510444,2,1,1999,0,0,0,0,0,0,0,0,0,0
510445,1,1,1999,0,0,0,0,0,0,0,0,0,0
510446,1,1,1999,0,0,0,0,0,0,0,0,0,0
510446,2,1,1999,0,0,0,0,0,0,0,0,0,0
510447,1,1,1999,0,0,0,0,0,0,0,0,0,0
510447,2,1,1999,0,0,0,0,0,0,0,0,0,0
510448,0,1,1999,0,0,0,0,0,0,0,0,0,0
510448,1,1,1999,0,0,0,0,0,0,0,0,0,0
510449,1,1,1999,0,0,0,0,0,0,0,0,0,0
510450,1,1,1999,0,0,0,0,0,0,0,0,0,0
510451,1,1,1999,0,0,0,0,0,0,0,0,0,0
510451,2,1,1999,0,0,0,0,0,0,0,0,0,0
510451,3,1,1999,0,0,0,0,0,0,22,0,0,0
510451,4,1,1999,0,0,0,0,0,0,0,0,0,0
510452,1,1,1999,0,0,0,0,0,0,0,0,0,0
510452,2,1,1999,0,0,0,0,0,0,0,0,0,0
510453,1,1,1999,0,0,0,0,0,0,0,0,0,0
510453,2,1,1999,0,0,4,0,0,0,0,0,0,0
510454,1,1,1999,0,0,0,0,0,0,0,0,0,0
510455,1,1,1999,10,0,0,9,0,40,18,0,0,0
510456,1,1,1999,0,0,0,0,0,0,0,0,0,0
510457,1,1,1999,9,9,9,9,9,9,9,9,9,9
510458,1,1,1999,0,0,0,0,0,0,0,0,0,0
510459,1,1,1999,0,0,0,0,0,0,0,0,0,0
510460,1,1,1999,0,0,11,29,26,10,13,5,9,10
510461,1,1,1999,0,0,0,0,20,0,0,0,0,0
510461,2,1,1999,0,0,0,0,0,0,0,0,0,0
510462,1,1,1999,0,0,0,0,0,0,0,0,0,0
510462,2,1,1999,0,0,0,0,0,0,0,0,0,0
510463,0,1,1999,0,0,0,0,0,0,0,0,0,0
510463,1,1,1999,0,0,0,0,0,0,0,0,14,0
510464,1,1,1999,12,4,6,9,0,17,13,7,14,9
510464,2,1,1999,0,0,0,0,0,0,0,0,0,0
510465,1,1,1999,0,0,0,0,0,0,0,0,0,0
510465,2,1,1999,0,0,0,0,0,0,0,0,0,0
510466,1,1,1999,0,0,0,0,0,15,0,14,21,0
510466,2,1,1999,0,0,0,0,0,0,0,0,0,0
510467,1,1,1999,0,0,0,0,0,28,0,0,0,0
510468,1,1,1999,23,23,23,23,23,23,23,23,23,23
510468,2,1,1999,0,0,0,0,0,0,0,19,0,16
510469,1,1,1999,0,0,0,0,0,0,0,0,0,0
510470,1,1,1999,0,17,0,0,0,5,0,0,0,0
510471,1,1,1999,0,0,0,0,0,6,0,0,0,0
510472,1,1,1999,10,32,27,20,18,22,29,15,16,33
510473,0,1,1999,0,0,0,0,0,0,0,0,0,0
510473,0,2,1999,14,0,0,0,0,11,0,0,0,0
510473,0,3,1999,0,0,0,0,0,0,0,0,0,0
510473,1,1,1999,0,0,0,0,0,0,0,0,0,0
510473,2,1,1999,0,0,0,0,0,0,0,0,0,0
510473,3,1,1999,14,0,0,0,0,0,0,0,0,0
510474,1,1,1999,0,18,17,0,0,0,0,0,0,6
510475,1,1,1999,33,23,17,24,25,30,17,11,16,10
510476,1,1,1999,0,0,0,14,0,0,0,16,11,0
510477,1,1,1999,16,0,0,0,0,7,0,0,0,0
510478,1,1,1999,0,0,0,0,0,0,0,0,0,0
510478,2,1,1999,0,0,0,0,0,0,0,0,0,0
510479,0,1,1999,17,17,17,17,17,17,17,17,17,17
510479,1,1,1999,10,0,0,10,0,0,0,3,22,0
510480,0,1,1999,0,0,0,0,0,0,0,0,0,0
510480,1,1,1999,0,0,0,0,0,0,0,19,0,0
510481,0,1,1999,22,22,22,22,22,22,22,22,22,22
510481,1,1,1999,0,0,0,0,0,0,0,0,19,0
510482,1,1,1999,26,26,26,26,26,26,26,26,26,26
510483,1,1,1999,12,12,12,12,12,12,12,12,12,12
510484,0,1,1999,25,21,19,42,18,16,6,13,47,26
510484,1,1,1999,0,0,14,0,0,0,0,0,0,0
510486,1,1,1999,0,0,7,0,0,0,0,18,0,0
510487,1,1,1999,13,11,10,25,0,7,12,19,11,8
510488,1,1,1999,7,7,7,7,7,7,7,7,7,7
510489,1,1,1999,0,8,4,0,0,19,17,3,26,22
510489,2,1,1999,0,0,0,0,0,0,0,0,0,0
510490,0,1,1999,13,21,36,0,41,34,23,0,50,13
510490,1,1,1999,0,0,0,0,0,0,0,0,0,0
510491,1,1,1999,6,18,12,8,14,12,12,20,13,28
510492,1,1,1999,0,0,0,0,0,0,0,0,0,0
510493,0,1,1999,0,0,0,0,0,0,0,0,0,0
510493,1,1,1999,0,0,0,0,0,0,0,0,0,0
510494,1,1,1999,0,0,0,0,0,0,0,0,0,0
510495,1,1,1999,0,0,0,12,0,0,0,0,25,0
510496,1,1,1999,4,4,4,4,4,4,4,4,4,4
510497,1,1,1999,0,0,0,0,0,0,0,0,0,0
510498,1,1,1999,0,0,0,0,0,0,0,0,0,0
510498,2,1,1999,0,0,0,0,0,0,0,0,0,0
510499,1,1,1999,35,32,28,12,13,12,25,21,11,23
510500,1,1,1999,23,23,23,23,23,23,23,23,23,23
510500,2,1,1999,0,0,0,0,0,0,0,0,0,0
510501,1,1,1999,0,0,0,0,0,0,0,0,0,0
510501,2,1,1999,0,0,0,0,0,0,0,0,0,0
510501,3,1,1999,7,0,0,0,0,0,0,5,0,0
510502,1,1,1999,0,0,0,0,0,0,0,0,0,0
510503,1,1,1999,0,0,0,0,0,0,0,0,0,0
510503,2,1,1999,0,0,0,0,0,0,0,0,0,0
510504,1,1,1999,14,14,14,14,14,14,14,14,14,14
510505,1,1,1999,0,0,0,0,0,0,0,0,0,0
510505,2,1,1999,0,0,0,0,0,0,0,0,0,0
510506,1,1,1999,0,0,0,0,0,0,0,0,0,0
510506,2,1,1999,0,0,0,0,0,0,0,0,0,0
510507,1,1,1999,11,11,11,11,11,11,11,11,11,11
510508,1,1,1999,0,0,0,0,0,0,0,0,0,0
510509,1,1,1999,33,24,22,24,18,6,25,36,34,9
510510,0,1,1999,0,0,0,0,0,0,0,0,0,0
510510,1,1,1999,0,0,0,0,0,0,0,0,0,0
510511,1,1,1999,5,5,5,5,5,5,5,5,5,5
510512,1,1,1999,19,5,12,20,9,11,15,0,22,12
510513,1,1,1999,0,0,0,0,0,0,0,0,0,0
510513,2,1,1999,0,0,0,0,0,0,0,0,0,0
510514,1,1,1999,1,1,1,1,1,1,1,1,1,1
510515,1,1,1999,26,44,31,12,34,18,26,12,30,11
510516,1,1,1999,0,0,0,0,0,0,0,0,0,0
510517,0,1,1999,0,0,0,0,0,0,0,0,0,0
510517,1,1,1999,0,0,0,0,0,0,0,0,0,0
510518,1,1,1999,0,0,0,0,0,0,0,0,0,0
510518,2,1,1999,0,0,0,0,0,0,0,0,0,0
510519,1,1,1999,0,0,0,0,0,0,0,0,0,0
510519,2,1,1999,0,0,0,0,0,0,0,0,0,0
510520,1,1,1999,0,0,0,0,0,0,0,0,0,0
510520,2,1,1999,0,0,0,0,0,0,0,0,0,0
510521,1,1,1999,20,20,20,20,20,20,20,20,20,20
510522,1,1,1999,0,0,0,0,0,0,0,0,0,0
510522,2,1,1999,0,0,0,0,0,0,0,5,0,0
510523,1,1,1999,15,0,0,21,7,17,13,8,12,8
510523,2,1,1999,4,0,0,0,0,0,0,0,0,0
510524,1,1,1999,0,0,0,0,0,0,0,5,0,0
510524,2,1,1999,0,0,0,0,0,0,0,0,0,0
510525,1,1,1999,0,0,0,0,0,0,0,0,0,0
510526,1,1,1999,0,0,0,0,0,0,0,0,0,0
510527,1,1,1999,20,16,22,11,0,10,20,24,18,22
510528,1,1,1999,0,0,0,0,0,0,0,0,0,0
510528,2,1,1999,0,0,0,0,0,0,0,0,0,0
510529,1,1,1999,10,10,10,10,10,10,10,10,10,10
510529,2,1,1999,3,5,0,0,0,0,0,0,0,0
510530,1,1,1999,0,2,0,16,6,32,16,0,18,16
510531,1,1,1999,0,0,0,0,0,0,0,0,0,0
510532,1,1,1999,0,0,0,0,0,0,0,0,0,0
510532,2,1,1999,0,0,0,0,0,0,0,0,0,0