ST_CASE,VEH_NO,PER_NO,YEAR,P1,P2,P3,P4,P5,P6,P7,P8,P9,P10
530028,2,1,1999,9,0,0,0,0,0,0,0,0,0
530029,1,1,1999,32,32,32,32,32,32,32,32,32,32
530030,1,1,1999,0,0,0,0,0,0,0,0,0,0
530030,2,1,1999,0,0,0,0,0,0,0,0,0,0
530031,1,1,1999,4,4,4,4,4,4,4,4,4,4
530032,1,1,1999,17,17,17,17,17,17,17,17,17,17
530032,2,1,1999,23,23,23,23,23,23,23,23,23,23
530033,1,1,1999,0,21,0,13,0,0,0,0,0,0
530033,2,1,1999,0,0,0,0,0,0,0,0,0,0
530033,3,1,1999,0,0,0,0,0,0,0,0,0,19
530034,1,1,1999,0,0,0,0,0,0,0,0,0,0
530034,2,1,1999,6,0,0,0,0,0,0,0,0,0
530035,1,1,1999,9,9,9,9,9,9,9,9,9,9
530035,2,1,1999,23,0,0,0,0,0,0,0,29,0
530036,1,1,1999,0,0,0,0,0,0,0,0,0,0
530037,1,1,1999,10,10,10,10,10,10,10,10,10,10
530038,1,1,1999,6,11,8,6,10,0,16,21,10,11
530038,2,1,1999,0,0,0,0,0,0,0,0,0,0
530039,1,1,1999,0,0,0,0,0,0,0,0,0,0
530039,2,1,1999,0,0,0,0,0,0,0,0,0,0
530039,3,1,1999,0,0,0,0,0,0,0,0,0,0
530040,1,1,1999,0,0,0,0,0,0,0,0,0,0
530041,1,1,1999,14,14,14,14,14,14,14,14,14,14
530042,1,1,1999,0,0,0,0,0,0,0,0,0,0
530042,2,1,1999,0,0,0,0,0,0,0,0,0,0
530043,0,1,1999,0,0,0,0,0,0,0,0,0,0
530043,1,1,1999,0,0,0,0,0,0,0,0,0,0
530044,1,1,1999,14,14,14,14,14,14,14,14,14,14
530044,2,1,1999,0,0,0,0,0,0,0,0,0,0
530045,1,1,1999,0,0,0,0,0,0,0,0,0,0
530046,1,1,1999,0,0,0,18,0,0,0,0,0,0
530047,1,1,1999,23,23,23,23,23,23,23,23,23,23
530047,2,1,1999,0,0,0,0,0,0,0,0,0,0
530048,1,1,1999,0,0,0,0,0,0,0,0,0,0
530048,2,1,1999,0,0,0,0,0,0,0,0,0,0
530049,1,1,1999,0,0,0,0,0,0,0,0,0,0
530049,2,1,1999,0,0,0,0,0,0,0,0,0,0
530050,0,1,1999,0,0,0,0,0,0,0,0,0,0
530050,1,1,1999,0,0,0,0,0,0,0,0,0,0
530051,1,1,1999,0,0,0,0,0,0,0,0,0,0
530051,2,1,1999,0,0,0,0,0,0,0,0,0,0
530052,1,1,1999,0,0,0,0,0,0,0,0,0,0
530052,2,1,1999,0,0,0,0,0,0,0,0,0,0
530053,1,1,1999,10,10,10,10,10,10,10,10,10,10
530054,1,1,1999,0,0,0,0,0,0,0,0,0,0
530054,2,1,1999,0,0,0,0,0,0,0,0,0,0
530055,1,1,1999,26,26,26,26,26,26,26,26,26,26
530056,0,1,1999,0,0,0,0,0,0,0,0,0,0
530056,1,1,1999,0,0,0,0,0,0,0,0,0,0
530057,1,1,1999,18,18,18,18,18,18,18,18,18,18
530058,1,1,1999,18,18,18,18,18,18,18,18,18,18
530059,0,1,1999,25,25,25,25,25,25,25,25,25,25
530059,1,1,1999,0,0,0,0,0,0,0,0,0,0
530060,1,1,1999,16,16,16,16,16,16,16,16,16,16
530061,1,1,1999,0,0,0,0,0,0,0,0,0,0
530061,2,1,1999,0,0,0,0,0,0,0,0,0,0
530062,1,1,1999,28,28,28,28,28,28,28,28,28,28
530062,2,1,1999,0,0,0,0,0,0,0,0,0,0
530063,1,1,1999,0,0,0,0,0,0,0,0,0,0
530063,2,1,1999,0,0,0,0,0,0,0,0,0,0
530064,1,1,1999,0,0,0,0,0,0,0,0,0,0
530065,1,1,1999,14,14,14,14,14,14,14,14,14,14
530066,1,1,1999,0,0,0,0,0,0,0,0,0,0
530066,2,1,1999,0,0,0,0,0,0,0,0,0,0
530067,0,1,1999,0,0,0,0,0,0,0,0,0,0
530067,1,1,1999,0,4,0,0,22,0,0,0,0,0
530068,1,1,1999,0,0,0,0,0,0,0,0,0,0
530068,2,1,1999,0,0,0,0,0,0,0,0,0,0
530069,1,1,1999,0,0,0,0,0,0,0,0,0,11
530070,1,1,1999,27,27,27,27,27,27,27,27,27,27
530071,1,1,1999,12,12,12,12,12,12,12,12,12,12
530071,2,1,1999,0,0,0,0,0,0,0,0,0,0
530072,1,1,1999,0,0,0,0,0,0,0,0,0,0
530073,1,1,1999,0,0,0,0,0,0,0,0,0,0
530073,2,1,1999,0,0,0,0,0,0,0,0,0,0
530074,1,1,1999,7,7,7,7,7,7,7,7,7,7
530075,0,1,1999,0,0,0,0,0,0,0,0,0,0
530075,1,1,1999,0,0,0,0,27,0,0,0,0,0
530076,1,1,1999,12,12,12,12,12,12,12,12,12,12
530077,1,1,1999,0,0,0,0,0,0,0,0,0,0
530077,2,1,1999,14,14,14,14,14,14,14,14,14,14
530078,1,1,1999,14,8,24,0,29,31,22,13,22,31
530079,1,1,1999,0,0,0,0,0,0,0,0,0,0
530080,1,1,1999,30,30,30,30,30,30,30,30,30,30
530080,2,1,1999,25,0,0,7,0,0,0,0,0,0
530081,1,1,1999,20,20,20,20,20,20,20,20,20,20
530082,1,1,1999,0,0,0,0,0,0,0,0,18,0
530082,2,1,1999,0,0,0,0,0,0,0,0,20,0
530083,1,1,1999,27,27,27,27,27,27,27,27,27,27
530084,1,1,1999,0,0,0,0,0,17,0,0,0,0
530085,1,1,1999,15,15,15,15,15,15,15,15,15,15
530085,2,1,1999,0,0,0,0,0,0,0,0,0,0
530086,1,1,1999,25,25,25,25,25,25,25,25,25,25
530087,1,1,1999,0,0,0,0,0,0,0,0,0,0
530088,1,1,1999,14,14,14,14,14,14,14,14,14,14
530089,0,1,1999,0,0,0,8,0,0,0,0,0,0
530089,1,1,1999,0,0,0,0,0,0,0,0,0,0
530090,1,1,1999,10,0,10,11,17,6,6,18,8,10
530091,1,1,1999,0,0,0,0,0,0,0,0,0,0
530091,2,1,1999,0,0,0,0,0,0,0,0,0,0
530092,1,1,1999,0,0,0,0,0,0,0,0,0,0
530093,0,1,1999,0,0,0,0,0,0,0,0,0,0
530093,1,1,1999,0,0,0,0,0,0,0,0,0,0
530094,1,1,1999,32,32,32,32,32,32,32,32,32,32
530094,2,1,1999,0,0,0,0,0,0,0,0,0,0
530095,1,1,1999,0,0,0,0,0,0,0,0,0,0
530096,1,1,1999,0,0,0,0,0,0,0,0,0,0
530097,1,1,1999,19,19,19,19,19,19,19,19,19,19
530098,1,1,1999,0,0,0,0,0,0,0,0,0,0
530098,2,1,1999,0,0,0,0,0,0,0,0,0,0
530099,1,1,1999,23,23,23,23,23,23,23,23,23,23
530100,1,1,1999,0,0,0,0,0,0,0,0,0,0
530100,2,1,1999,0,0,0,0,0,0,0,0,0,0
530101,1,1,1999,0,0,0,0,0,0,0,0,0,0
530101,2,1,1999,0,0,0,0,0,0,0,0,0,0
530101,3,1,1999,0,0,0,0,0,0,0,0,0,0
530102,0,1,1999,0,0,0,0,0,0,0,0,0,0
530102,1,1,1999,0,0,0,0,0,0,0,0,0,0
530103,1,1,1999,9,9,9,9,9,9,9,9,9,9
530103,2,1,1999,0,0,0,0,0,0,0,0,0,0
530104,1,1,1999,0,0,0,0,0,0,0,0,0,0
530104,2,1,1999,19,19,19,19,19,19,19,19,19,19
530105,1,1,1999,19,19,19,19,19,19,19,19,19,19
530105,2,1,1999,0,0,0,0,0,0,0,0,0,0
530106,1,1,1999,8,8,8,8,8,8,8,8,8,8
530107,1,1,1999,16,16,16,16,16,16,16,16,16,16
530108,1,1,1999,13,13,13,13,13,13,13,13,13,13
530109,1,1,1999,0,0,0,0,0,0,0,0,0,0
530109,2,1,1999,0,0,0,0,0,0,0,0,0,0
530110,1,1,1999,0,0,0,0,0,0,0,0,0,0
530110,2,1,1999,0,0,0,0,0,0,0,0,0,0
530111,1,1,1999,10,2,23,0,0,0,0,14,0,0
530112,1,1,1999,25,25,25,25,25,25,25,25,25,25
530113,1,1,1999,8,8,8,8,8,8,8,8,8,8
530113,2,1,1999,13,13,13,13,13,13,13,13,13,13
530114,1,1,1999,25,25,25,25,25,25,25,25,25,25
530115,1,1,1999,14,14,14,14,14,14,14,14,14,14
530116,0,1,1999,0,0,19,0,0,0,0,0,0,0
530116,1,1,1999,0,0,0,0,0,0,0,0,0,0
530117,1,1,1999,21,21,21,21,21,21,21,21,21,21
530118,1,1,1999,0,0,0,0,0,0,0,0,0,0
530118,2,1,1999,0,0,0,0,0,0,0,0,0,0
530119,1,1,1999,14,14,14,14,14,14,14,14,14,14
530119,2,1,1999,0,0,0,0,0,0,0,0,0,0
530120,1,1,1999,0,0,0,0,0,0,0,0,0,0
530120,2,1,1999,0,0,0,0,0,0,0,0,0,0
530121,1,1,1999,18,18,18,18,18,18,18,18,18,18
530121,2,1,1999,0,0,0,0,0,0,0,0,0,0
530121,3,1,1999,0,0,0,0,0,0,0,0,0,0
530122,0,1,1999,0,20,0,0,0,0,12,0,0,0
530122,1,1,1999,0,0,0,0,0,0,0,0,0,0
530122,3,1,1999,0,0,0,0,0,0,0,0,0,0
530123,1,1,1999,0,0,0,0,0,0,0,0,0,0
530124,1,1,1999,0,0,6,0,0,0,0,0,0,0
530124,2,1,1999,0,0,0,0,0,0,0,0,0,0
530125,0,1,1999,10,10,10,10,10,10,10,10,10,10
530125,1,1,1999,0,0,0,0,0,0,0,0,10,0
530126,1,1,1999,14,14,14,14,14,14,14,14,14,14
530127,1,1,1999,14,14,14,14,14,14,14,14,14,14
530128,1,1,1999,0,0,0,0,0,0,0,0,0,0
530129,1,1,1999,16,27,13,24,17,10,35,12,17,22
530130,1,1,1999,14,14,14,14,14,14,14,14,14,14
530130,2,1,1999,0,0,0,0,6,0,27,0,0,0
530131,1,1,1999,0,0,0,0,0,0,0,0,0,0
530132,1,1,1999,0,0,0,0,0,0,0,0,0,0
530132,2,1,1999,0,0,0,0,0,0,0,0,0,0
530133,1,1,1999,0,0,0,0,0,0,0,0,0,0
530133,2,1,1999,0,0,0,0,0,0,0,0,0,0
530134,1,1,1999,0,0,0,0,0,0,0,0,0,0
530135,1,1,1999,21,21,21,21,21,21,21,21,21,21
530136,1,1,1999,14,12,20,0,18,0,14,17,8,22
530137,1,1,1999,0,0,0,0,0,0,0,0,0,0
530138,1,1,1999,0,0,0,0,0,0,0,0,0,0
530139,1,1,1999,0,0,0,0,0,0,0,0,0,0
530139,2,1,1999,18,0,0,0,0,0,18,0,0,0
530139,3,1,1999,0,0,0,0,0,0,0,0,0,0
530140,1,1,1999,21,21,21,21,21,21,21,21,21,21
530141,1,1,1999,15,0,13,0,0,15,19,23,0,16
530142,1,1,1999,0,0,0,0,0,0,0,0,0,0
530143,1,1,1999,0,0,0,0,0,0,0,0,0,0
530143,2,1,1999,0,0,0,0,0,0,0,0,0,0
530144,1,1,1999,25,25,25,25,25,25,25,25,25,25
530145,0,1,1999,0,0,0,0,0,0,0,0,0,0
530145,1,1,1999,0,0,0,0,0,0,0,0,0,0
530146,1,1,1999,30,30,30,30,30,30,30,30,30,30
530147,1,1,1999,0,0,0,0,0,0,0,0,0,0
530147,2,1,1999,0,0,0,0,0,0,0,0,0,0
530147,3,1,1999,0,0,0,0,0,0,0,0,0,0
530148,1,1,1999,0,0,0,0,0,0,0,0,0,0
530149,1,1,1999,0,0,0,0,0,0,0,0,0,0
530149,2,1,1999,0,0,0,0,0,0,0,0,0,0
530150,1,1,1999,0,0,0,0,0,0,0,0,0,0
530151,1,1,1999,0,0,0,0,0,0,9,0,0,0
530151,2,1,1999,0,0,0,0,0,0,17,0,7,15
530152,1,1,1999,25,25,25,25,25,25,25,25,25,25
530152,2,1,1999,0,0,0,0,0,0,0,0,0,0
530153,1,1,1999,17,17,17,17,17,17,17,17,17,17
530154,1,1,1999,0,0,0,0,0,0,0,0,0,0
530155,1,1,1999,8,8,8,8,8,8,8,8,8,8
530156,1,1,1999,0,0,0,0,0,0,0,0,0,0
530157,1,1,1999,0,0,0,0,0,0,0,0,0,0
530157,2,1,1999,0,0,0,0,0,0,0,0,0,0
530157,3,1,1999,0,0,0,0,0,0,0,0,0,0
530158,1,1,1999,0,0,0,0,0,0,0,0,0,0
530158,2,1,1999,0,0,0,0,0,0,0,0,0,0
530159,1,1,1999,0,0,0,0,0,0,0,0,0,0
530160,1,1,1999,0,34,0,0,0,16,0,0,21,16
530161,0,1,1999,0,0,0,0,0,0,0,0,0,0
530161,1,1,1999,0,0,0,0,0,0,0,14,0,0
530162,1,1,1999,24,24,24,24,24,24,24,24,24,24
530163,1,1,1999,0,0,0,16,0,0,0,0,0,8
530163,2,1,1999,0,0,0,0,0,0,0,0,0,0
530164,1,1,1999,0,0,0,0,0,0,0,0,0,0
530164,2,1,1999,0,0,0,0,0,0,18,0,0,0
530164,3,1,1999,0,0,0,0,0,0,0,0,0,0
530165,1,1,1999,0,28,0,0,0,25,0,0,0,0
530165,2,1,1999,0,0,0,0,0,0,0,0,0,0
530166,1,1,1999,0,0,19,0,0,0,0,0,0,0
530167,0,1,1999,0,0,0,0,0,0,0,0,0,0
530167,0,2,1999,0,0,0,0,0,0,0,0,0,30
530167,1,1,1999,0,0,0,0,0,0,0,25,0,0
530168,1,1,1999,21,21,21,21,21,21,21,21,21,21
530169,1,1,1999,0,0,0,0,0,0,0,0,0,0
530170,1,1,1999,7,7,7,7,7,7,7,7,7,7
530171,1,1,1999,10,10,10,10,10,10,10,10,10,10
530172,1,1,1999,1,1,1,1,1,1,1,1,1,1
530172,2,1,1999,0,12,0,0,0,0,0,0,0,0
530173,1,1,1999,17,17,17,17,17,17,17,17,17,17
530174,0,1,1999,22,22,22,22,22,22,22,22,22,22
530174,1,1,1999,0,0,0,0,0,0,0,0,0,0
530175,1,1,1999,0,0,0,0,0,0,0,0,0,0
530176,1,1,1999,13,13,13,13,13,13,13,13,13,13
530177,1,1,1999,7,0,0,0,0,0,0,0,0,0
530178,1,1,1999,26,26,26,26,26,26,26,26,26,26
530179,1,1,1999,9,9,9,9,9,9,9,9,9,9
530180,1,1,1999,0,0,0,0,0,0,0,0,0,0
530182,1,1,1999,12,12,12,12,12,12,12,12,12,12
530183,1,1,1999,10,10,10,10,10,10,10,10,10,10
530184,1,1,1999,0,0,0,0,0,0,0,0,0,0
530184,2,1,1999,0,0,0,0,0,0,0,0,0,0
530184,3,1,1999,0,0,0,0,0,0,0,0,0,0
530185,1,1,1999,0,0,0,0,0,0,0,0,0,0
530185,2,1,1999,18,0,0,0,0,0,0,0,0,0
530186,1,1,1999,14,14,14,14,14,14,14,14,14,14
530186,2,1,1999,0,0,0,0,0,0,0,0,0,0
530187,1,1,1999,0,0,0,0,0,0,0,0,0,0
530187,2,1,1999,0,0,0,0,0,0,0,0,0,0
530187,3,1,1999,0,0,0,0,0,0,0,0,0,0
530187,4,1,1999,0,0,0,0,0,0,0,0,0,0
530188,1,1,1999,3,0,14,0,12,0,0,0,0,0
530189,1,1,1999,0,0,0,0,0,0,0,0,0,0
530189,2,1,1999,0,0,0,0,0,0,0,0,0,0
530189,3,1,1999,0,0,0,0,0,0,0,0,0,0
530190,1,1,1999,0,0,0,0,0,0,0,0,0,0
530190,2,1,1999,25,25,25,25,25,25,25,25,25,25
530191,1,1,1999,0,0,0,0,0,0,0,0,0,0
530191,2,1,1999,0,0,0,0,0,0,0,0,0,0
530191,3,1,1999,0,0,0,0,0,0,0,0,0,0
530192,0,1,1999,0,0,0,0,0,0,0,0,0,0
530192,1,1,1999,0,0,0,0,0,0,0,0,0,0
530193,1,1,1999,0,0,0,0,0,0,0,0,0,0
530194,1,1,1999,0,20,0,0,0,0,0,0,26,0
530195,1,1,1999,0,0,0,0,0,0,0,0,0,0
530195,2,1,1999,0,0,0,0,0,0,0,0,0,0
530196,1,1,1999,35,35,35,35,35,35,35,35,35,35
530197,1,1,1999,0,0,0,0,0,0,0,0,0,0
530197,2,1,1999,0,0,0,0,0,0,0,0,0,0
530198,1,1,1999,0,0,0,0,0,0,0,0,0,0
530198,2,1,1999,0,0,0,0,0,0,0,0,0,0
530199,1,1,1999,0,0,0,0,0,0,0,0,0,0
530200,1,1,1999,0,0,0,0,0,0,0,0,0,0
530201,1,1,1999,26,26,26,26,26,26,26,26,26,26
530202,1,1,1999,0,0,0,0,0,0,0,0,0,0
530203,1,1,1999,22,22,22,22,22,22,22,22,22,22
530203,2,1,1999,0,0,0,0,0,0,0,0,0,0
530204,0,1,1999,30,30,30,30,30,30,30,30,30,30
530204,1,1,1999,0,0,0,0,0,0,0,0,0,0
530205,1,1,1999,18,18,18,18,18,18,18,18,18,18
530206,0,1,1999,37,37,37,37,37,37,37,37,37,37
530206,1,1,1999,0,0,0,0,0,0,0,0,0,0
530207,1,1,1999,0,0,0,0,0,0,0,0,0,0
530207,2,1,1999,0,0,0,10,0,0,0,0,0,0
530208,1,1,1999,0,0,0,0,0,0,0,0,0,0
530208,2,1,1999,0,0,0,0,0,0,0,0,0,0
530209,1,1,1999,23,23,23,23,23,23,23,23,23,23
530210,1,1,1999,17,17,17,17,17,17,17,17,17,17
530210,2,1,1999,0,0,0,0,0,0,0,0,0,0
530211,1,1,1999,0,0,0,0,0,0,0,0,0,0
530212,1,1,1999,0,0,0,0,0,0,0,0,0,0
530212,2,1,1999,0,0,0,0,0,0,0,0,0,0
530213,1,1,1999,0,0,0,0,0,0,0,0,0,0
530214,1,1,1999,17,17,17,17,17,17,17,17,17,17
530215,1,1,1999,0,0,0,0,0,0,0,0,0,0
530216,1,1,1999,12,12,12,12,12,12,12,12,12,12
530217,1,1,1999,0,0,0,0,0,0,0,0,0,0
530218,1,1,1999,3,3,3,3,3,3,3,3,3,3
530218,2,1,1999,0,0,0,0,0,0,0,0,0,0
530218,3,1,1999,0,0,0,0,0,0,0,0,0,0
530219,0,1,1999,11,11,11,11,11,11,11,11,11,11
530219,0,2,1999,10,17,0,19,12,22,23,10,0,0
530219,1,1,1999,20,5,22,26,0,11,22,10,28,8
530220,1,1,1999,0,0,0,0,0,12,0,0,0,0
530221,1,1,1999,0,0,0,0,0,0,0,0,0,0
530222,1,1,1999,11,11,11,11,11,11,11,11,11,11
530223,1,1,1999,0,0,0,0,0,0,0,0,0,0
530223,2,1,1999,0,0,0,0,0,0,0,0,0,0
530224,1,1,1999,0,0,0,0,0,0,0,0,0,0
530224,2,1,1999,0,0,0,0,0,0,0,0,0,0
530225,1,1,1999,0,0,0,0,0,0,0,0,0,0
530225,2,1,1999,0,0,0,0,0,0,0,0,0,0
530226,1,1,1999,9,9,9,9,9,9,9,9,9,9
530226,2,1,1999,0,0,0,0,0,0,0,0,0,0
530227,1,1,1999,0,0,0,0,0,0,0,0,0,0
530228,0,1,1999,20,20,20,20,20,20,20,20,20,20
530228,1,1,1999,0,0,0,0,0,0,0,0,0,0
530229,1,1,1999,10,10,10,10,10,10,10,10,10,10
530230,1,1,1999,20,0,0,0,17,0,0,12,0,0
530230,2,1,1999,0,0,0,0,0,0,0,0,0,0
530231,1,1,1999,23,23,23,23,23,23,23,23,23,23
530232,1,1,1999,13,13,13,13,13,13,13,13,13,13
530233,1,1,1999,12,12,12,12,12,12,12,12,12,12
530233,2,1,1999,0,0,0,0,0,0,0,0,0,0
530234,1,1,1999,2,2,2,2,2,2,2,2,2,2
530234,2,1,1999,0,0,0,0,0,0,0,0,0,0
530235,1,1,1999,39,39,39,39,39,39,39,39,39,39
530236,1,1,1999,0,0,0,0,0,0,0,0,0,0
530236,2,1,1999,0,0,0,0,0,0,0,0,0,0
530237,0,1,1999,36,36,36,36,36,36,36,36,36,36
530237,1,1,1999,3,0,0,17,0,0,0,0,13,0
530238,0,1,1999,35,35,35,35,35,35,35,35,35,35
530238,1,1,1999,0,0,0,0,0,0,0,0,0,0
530239,1,1,1999,0,0,0,0,0,0,0,0,0,0
530240,1,1,1999,0,0,0,0,0,0,0,0,0,0
530241,1,1,1999,14,14,14,14,14,14,14,14,14,14
530242,1,1,1999,0,0,0,0,0,0,0,0,0,0
530242,2,1,1999,0,0,0,0,0,0,31,0,0,0
530244,1,1,1999,0,0,0,0,0,0,0,0,0,0
530244,2,1,1999,0,0,0,0,0,0,0,0,0,0
530245,1,1,1999,0,0,0,0,0,0,0,0,0,0
530246,1,1,1999,0,0,0,0,0,0,0,0,0,0
530246,2,1,1999,0,0,0,0,0,0,0,0,0,0
530247,1,1,1999,0,0,0,0,0,0,0,0,0,0
530247,2,1,1999,0,0,0,0,0,0,0,0,0,0
530248,1,1,1999,24,24,24,24,24,24,24,24,24,24
530249,1,1,1999,0,0,0,0,0,0,0,0,0,0
530249,2,1,1999,0,0,0,0,0,0,0,0,0,0
530250,1,1,1999,0,0,0,0,0,0,0,0,0,0
530250,2,1,1999,0,0,0,0,0,0,0,0,0,0
530251,0,1,1999,27,27,27,27,27,27,27,27,27,27
530251,1,1,1999,3,3,3,3,3,3,3,3,3,3
530252,1,1,1999,0,0,0,0,0,0,0,0,0,0
530253,1,1,1999,17,17,17,17,17,17,17,17,17,17
530254,1,1,1999,14,14,14,14,14,14,14,14,14,14
530255,1,1,1999,20,20,20,20,20,20,20,20,20,20
530256,1,1,1999,0,0,0,0,0,0,0,0,0,0
530256,2,1,1999,0,0,0,0,0,0,0,0,0,0
530257,1,1,1999,0,0,0,0,0,0,0,0,0,0
530257,2,1,1999,0,0,0,0,0,0,0,0,0,0
530258,1,1,1999,20,20,20,20,20,20,20,20,20,20
530259,0,1,1999,0,0,0,0,19,0,0,0,0,0
530259,1,1,1999,0,0,0,0,0,0,0,0,0,0
530259,2,1,1999,0,0,0,0,0,0,9,0,0,0
530260,1,1,1999,0,0,0,0,0,0,0,0,0,0
530260,2,1,1999,0,0,0,0,0,0,0,0,0,0
530260,3,1,1999,0,0,7,0,0,0,0,0,0,0
530260,4,1,1999,0,0,0,0,0,0,0,0,0,0
530260,5,1,1999,0,0,0,0,0,0,0,0,0,0
530261,1,1,1999,0,0,0,0,0,0,0,0,0,0
530262,0,1,1999,0,0,0,0,0,0,0,0,0,0
530262,1,1,1999,0,0,0,0,0,0,0,0,0,0
530263,1,1,1999,0,0,0,0,0,0,0,0,0,0
530264,0,1,1999,0,0,0,0,0,0,0,0,0,0
530264,0,2,1999,0,0,0,0,0,29,0,0,0,0
530264,0,3,1999,0,0,14,0,17,0,11,0,0,0
530264,1,1,1999,0,2,0,0,0,0,0,0,0,0
530265,1,1,1999,16,16,16,16,16,16,16,16,16,16
530266,1,1,1999,2,2,2,2,2,2,2,2,2,2
530266,2,1,1999,0,0,0,0,0,0,0,0,0,0
530267,1,1,1999,33,33,33,33,33,33,33,33,33,33
530268,1,1,1999,0,0,0,0,0,0,0,0,0,0
530268,2,1,1999,0,0,0,0,0,14,0,0,0,0
530269,1,1,1999,0,0,0,0,0,0,0,0,0,0
530269,2,1,1999,0,0,0,0,0,0,0,0,0,0
530270,1,1,1999,9,9,9,9,9,9,9,9,9,9
530270,2,1,1999,0,0,0,0,0,0,0,0,0,0
530271,1,1,1999,0,0,0,0,0,0,0,0,0,0
530271,2,1,1999,0,0,0,0,0,0,0,0,0,0
530272,1,1,1999,0,0,0,0,0,0,0,0,0,0
530272,2,1,1999,0,0,0,0,0,0,9,0,0,0
530273,0,1,1999,19,19,19,19,19,19,19,19,19,19
530273,1,1,1999,4,4,4,4,4,4,4,4,4,4
530274,1,1,1999,0,0,0,0,0,0,0,0,0,0
530275,1,1,1999,0,0,0,0,0,0,4,0,0,0
530275,2,1,1999,0,0,0,0,0,0,0,0,0,0
530276,1,1,1999,28,28,28,28,28,28,28,28,28,28
530276,2,1,1999,0,0,0,0,0,0,0,0,0,0
530277,1,1,1999,0,0,0,0,0,0,0,0,0,0
530278,1,1,1999,0,0,0,0,0,0,0,0,0,0
530279,1,1,1999,0,0,0,0,0,0,0,0,0,0
530280,0,1,1999,0,0,0,0,0,0,0,0,0,0
530280,1,1,1999,0,0,0,0,0,0,0,0,0,0
530281,1,1,1999,0,0,0,0,6,5,0,0,0,0
530281,2,1,1999,0,0,0,0,0,0,0,0,0,0
530282,1,1,1999,17,17,17,17,17,17,17,17,17,17
530283,1,1,1999,0,0,0,0,0,0,0,0,0,0
530283,2,1,1999,0,0,0,13,0,0,10,0,0,0
530284,1,1,1999,5,0,0,17,0,0,0,0,0,0
530285,1,1,1999,0,0,0,0,0,0,0,0,0,0
530285,2,1,1999,0,7,0,0,0,0,0,0,0,0
530286,1,1,1999,0,0,0,0,0,0,0,0,0,0
530287,1,1,1999,0,0,0,0,0,0,0,0,0,0
530287,2,1,1999,0,0,0,0,0,0,0,0,0,0
530288,1,1,1999,0,0,0,0,0,0,0,0,0,0
530288,2,1,1999,0,0,0,0,0,0,0,0,0,0
530289,1,1,1999,0,0,0,0,0,0,0,0,0,0
530289,2,1,1999,0,0,0,0,0,0,0,0,0,0
530290,1,1,1999,0,0,0,0,0,0,0,0,0,0
530290,2,1,1999,0,0,0,0,0,0,0,0,0,0
530291,1,1,1999,0,0,0,0,0,0,0,0,0,0
530291,2,1,1999,0,0,0,0,0,0,0,0,0,0
530292,1,1,1999,0,0,0,0,0,0,0,0,0,0
530293,1,1,1999,0,0,0,0,0,0,0,0,0,0
530294,1,1,1999,0,0,0,0,0,0,0,0,0,0
530295,1,1,1999,0,0,0,0,0,0,0,0,0,0
530295,2,1,1999,0,0,0,0,0,0,0,0,0,0
530296,0,1,1999,0,0,0,0,0,0,19,0,22,0
530296,1,1,1999,0,0,0,0,0,0,0,0,0,0
530297,1,1,1999,11,11,11,11,11,11,11,11,11,11
530297,2,1,1999,0,0,0,0,0,0,0,0,0,0
530298,1,1,1999,10,10,10,10,10,10,10,10,10,10
530298,2,1,1999,0,0,0,0,0,0,0,0,0,0
530299,1,1,1999,0,0,0,0,0,0,0,0,0,0
530300,1,1,1999,0,0,0,0,0,0,0,0,0,0
530301,1,1,1999,0,0,0,0,0,0,0,0,0,0
530302,1,1,1999,0,0,0,0,0,0,0,0,0,0
530303,1,1,1999,0,0,0,0,0,0,0,0,0,0
530303,2,1,1999,0,0,0,0,0,0,0,0,0,0
530304,1,1,1999,0,0,0,0,0,0,0,0,0,0
530304,2,1,1999,7,0,0,0,8,8,0,18,0,0
530305,1,1,1999,32,32,32,32,32,32,32,32,32,32
530305,2,1,1999,0,0,0,0,0,0,0,0,0,0
530306,1,1,1999,25,25,25,25,25,25,25,25,25,25
530306,2,1,1999,0,0,0,0,0,0,0,0,0,0
530307,1,1,1999,0,0,0,0,0,0,0,0,0,0
530308,1,1,1999,0,0,0,0,0,0,0,0,0,0
530308,2,1,1999,8,8,8,8,8,8,8,8,8,8
530309,0,1,1999,15,15,15,15,15,15,15,15,15,15
530309,1,1,1999,0,0,0,0,0,0,0,0,0,0
530310,1,1,1999,0,0,0,0,0,0,0,0,0,0
530310,2,1,1999,0,0,0,0,0,0,0,0,0,0
530311,1,1,1999,0,0,0,0,0,0,0,0,0,0
530312,1,1,1999,10,10,10,10,10,10,10,10,10,10
530313,1,1,1999,15,15,15,15,15,15,15,15,15,15
530314,1,1,1999,0,0,0,0,0,0,0,0,0,0
530315,1,1,1999,0,0,0,0,0,0,0,0,0,0
530315,2,1,1999,0,0,0,0,0,0,0,0,0,0
530316,0,1,1999,0,0,0,0,0,0,0,0,0,0