ST_CASE,VEH_NO,PER_NO,YEAR,P1,P2,P3,P4,P5,P6,P7,P8,P9,P10
530316,1,1,1999,0,0,0,0,0,0,0,0,0,0
530317,1,1,1999,0,0,0,0,0,0,0,0,0,0
530318,1,1,1999,0,0,0,0,0,0,0,0,0,0
530318,2,1,1999,28,28,28,28,28,28,28,28,28,28
530319,1,1,1999,0,0,0,0,0,0,0,0,0,0
530320,1,1,1999,12,12,12,12,12,12,12,12,12,12
530321,1,1,1999,0,0,0,0,0,6,6,0,0,0
530322,1,1,1999,0,0,0,0,0,0,0,0,0,0
530322,2,1,1999,0,0,0,0,0,0,0,0,0,0
530323,1,1,1999,0,0,0,0,0,0,0,0,0,0
530324,1,1,1999,0,0,0,0,0,0,0,0,0,0
530325,1,1,1999,0,0,0,0,0,0,0,0,0,0
530326,1,1,1999,26,21,33,12,28,18,6,24,23,8
530327,1,1,1999,0,0,0,0,0,0,0,0,0,0
530327,2,1,1999,0,0,0,0,0,0,0,0,0,0
530328,1,1,1999,0,0,0,0,0,0,0,0,0,0
530329,1,1,1999,0,0,0,0,0,0,0,0,0,0
530330,0,1,1999,0,0,0,0,0,0,0,0,0,0
530330,1,1,1999,0,0,0,0,0,0,0,0,0,0
530331,1,1,1999,0,0,0,0,0,0,0,0,0,0
530331,2,1,1999,0,0,0,0,0,0,0,0,0,0
530332,1,1,1999,4,4,4,4,4,4,4,4,4,4
530333,1,1,1999,30,30,30,30,30,30,30,30,30,30
530334,1,1,1999,17,17,17,17,17,17,17,17,17,17
530335,0,1,1999,0,0,0,0,0,0,0,0,0,0
530335,1,1,1999,0,0,0,0,9,0,0,0,0,0
530336,1,1,1999,15,15,15,15,15,15,15,15,15,15
530337,1,1,1999,0,0,0,0,0,0,0,0,0,13
530338,1,1,1999,0,0,0,0,0,0,0,0,0,0
530339,0,1,1999,0,0,0,0,0,0,0,0,0,0
530339,1,1,1999,0,0,0,0,0,0,0,0,0,0
530340,1,1,1999,19,19,19,19,19,19,19,19,19,19
530341,1,1,1999,5,5,5,5,5,5,5,5,5,5
530342,1,1,1999,19,19,19,19,19,19,19,19,19,19
530343,1,1,1999,4,4,4,4,4,4,4,4,4,4
530344,0,1,1999,0,0,0,0,0,0,0,0,0,0
530344,1,1,1999,0,0,0,0,0,0,0,0,0,0
530345,1,1,1999,0,0,0,0,0,0,0,0,0,0
530345,2,1,1999,0,0,0,0,0,0,0,0,0,0
530346,1,1,1999,7,7,7,7,7,7,7,7,7,7
530346,2,1,1999,0,0,0,0,0,0,0,0,0,0
530347,1,1,1999,0,0,0,0,0,0,0,0,0,0
530347,2,1,1999,0,0,0,0,0,0,7,0,0,0
530348,1,1,1999,28,28,28,28,28,28,28,28,28,28
530348,2,1,1999,0,0,0,0,0,10,0,0,8,0
530349,1,1,1999,0,0,0,0,0,0,0,0,0,0
530350,1,1,1999,4,19,7,12,18,14,13,7,41,11
530350,2,1,1999,23,18,30,17,32,21,19,5,31,13
530351,1,1,1999,0,0,0,0,0,0,0,0,0,0
530351,2,1,1999,0,0,0,0,0,0,0,0,0,0
530352,1,1,1999,0,0,0,0,0,0,0,0,0,0
530352,2,1,1999,0,0,0,0,0,0,0,0,0,0
530353,1,1,1999,0,0,0,0,0,0,0,0,0,0
530353,2,1,1999,0,0,0,0,0,0,0,0,0,0
530354,1,1,1999,20,20,20,20,20,20,20,20,20,20
530354,2,1,1999,0,0,0,0,0,0,0,0,0,0
530355,1,1,1999,13,13,13,13,13,13,13,13,13,13
530355,2,1,1999,0,0,0,0,0,0,24,0,0,0
530356,1,1,1999,0,0,0,0,0,0,0,0,0,0
530357,1,1,1999,24,24,24,24,24,24,24,24,24,24
530358,0,1,1999,17,17,17,17,17,17,17,17,17,17
530358,1,1,1999,0,0,0,0,0,0,0,0,0,0
530359,1,1,1999,5,0,0,0,0,0,0,0,0,0
530359,2,1,1999,6,0,15,0,32,0,0,0,0,8
530359,3,1,1999,0,0,0,0,0,0,0,0,0,0
530360,0,1,1999,0,0,0,0,0,0,0,0,0,0
530360,1,1,1999,0,0,0,0,0,0,0,0,0,0
530361,1,1,1999,0,0,0,0,0,0,0,0,0,0
530361,2,1,1999,0,0,0,0,0,0,0,0,0,0
530362,1,1,1999,0,0,0,0,0,0,0,0,0,0
530362,2,1,1999,0,0,0,0,0,0,0,0,0,0
530362,3,1,1999,0,0,0,0,0,0,0,0,0,0
530363,1,1,1999,0,0,0,0,0,0,0,0,0,0
530363,2,1,1999,28,28,28,28,28,28,28,28,28,28
530364,1,1,1999,3,3,3,3,3,3,3,3,3,3
530365,1,1,1999,0,0,0,0,0,0,0,0,0,0
530365,2,1,1999,0,0,0,0,0,0,0,0,0,0
530366,1,1,1999,0,0,0,0,0,0,0,0,0,0
530366,2,1,1999,0,0,0,0,0,0,3,0,0,0
530367,1,1,1999,4,0,0,18,0,0,0,0,0,0
530368,1,1,1999,0,0,0,0,0,0,0,0,0,0
530368,2,1,1999,0,0,0,0,0,0,0,0,0,0
530369,1,1,1999,0,0,0,0,0,0,0,0,0,0
530370,1,1,1999,16,16,16,16,16,16,16,16,16,16
530371,1,1,1999,0,0,0,0,0,0,0,0,0,0
530372,1,1,1999,18,18,18,18,18,18,18,18,18,18
530373,1,1,1999,17,17,17,17,17,17,17,17,17,17
530374,1,1,1999,0,0,0,0,0,0,0,0,0,0
530375,1,1,1999,0,0,0,0,0,0,0,0,0,0
530376,1,1,1999,19,19,19,19,19,19,19,19,19,19
530377,1,1,1999,2,2,2,2,2,2,2,2,2,2
530377,2,1,1999,0,0,0,0,0,20,0,0,0,0
530378,1,1,1999,0,0,0,0,0,0,0,0,0,0
530378,2,1,1999,0,0,0,0,0,0,0,0,0,0
530379,1,1,1999,0,0,0,0,0,0,0,0,0,0
530379,2,1,1999,0,0,0,0,0,0,0,0,0,0
530380,1,1,1999,0,0,0,0,0,0,0,0,0,0
530380,2,1,1999,0,0,0,0,0,0,0,0,0,0
530381,1,1,1999,0,0,0,0,0,0,0,0,0,0
530381,2,1,1999,0,0,0,0,0,0,0,0,0,0
530382,1,1,1999,0,0,0,0,0,0,0,0,0,0
530382,2,1,1999,0,0,0,0,0,0,0,0,0,0
530383,0,1,1999,0,0,0,0,0,0,0,0,0,0
530383,1,1,1999,0,0,0,0,0,0,0,0,0,0
530384,1,1,1999,33,33,33,33,33,33,33,33,33,33
530385,1,1,1999,16,16,16,16,16,16,16,16,16,16
530385,2,1,1999,0,0,0,0,0,0,0,0,0,0
530386,1,1,1999,0,0,0,0,0,0,0,0,0,0
530386,2,1,1999,0,0,0,0,0,0,0,0,0,0
530386,3,1,1999,0,0,0,0,0,0,0,0,0,0
530387,1,1,1999,0,0,0,0,0,0,0,0,0,0
530387,2,1,1999,0,0,0,0,0,0,0,0,0,0
530388,1,1,1999,0,0,0,0,0,0,0,0,0,0
530388,2,1,1999,0,0,0,10,0,0,0,0,0,0
530388,3,1,1999,0,13,0,0,0,0,0,0,0,0
530389,1,1,1999,0,0,0,0,0,0,0,0,0,0
530390,1,1,1999,0,0,0,0,0,0,0,0,0,0
530390,2,1,1999,0,0,0,0,0,0,0,0,0,0
530391,1,1,1999,0,0,0,0,0,0,0,0,0,0
530391,2,1,1999,9,0,0,0,0,0,0,0,0,0
530392,1,1,1999,0,0,0,0,0,0,0,0,0,0
530392,2,1,1999,0,0,0,0,0,0,0,0,0,0
530393,1,1,1999,28,28,28,28,28,28,28,28,28,28
530393,2,1,1999,0,0,0,0,0,0,0,0,0,0
530393,3,1,1999,0,0,10,0,0,0,0,0,0,0
530393,4,1,1999,0,0,0,0,0,0,0,0,0,0
530394,1,1,1999,35,35,35,35,35,35,35,35,35,35
530395,1,1,1999,6,6,6,6,6,6,6,6,6,6
530395,2,1,1999,0,0,0,0,0,0,0,0,0,0
530396,1,1,1999,0,0,0,0,0,0,0,0,0,0
530397,1,1,1999,13,13,13,13,13,13,13,13,13,13
530398,1,1,1999,0,0,0,0,0,0,0,0,0,0
530399,1,1,1999,0,0,0,0,0,0,0,0,0,0
530400,1,1,1999,0,0,0,0,0,0,0,0,0,0
530400,2,1,1999,0,0,0,0,0,0,0,0,0,0
530401,1,1,1999,0,0,0,0,0,0,0,0,0,0
530401,2,1,1999,0,0,0,0,0,0,0,0,0,0
530402,0,1,1999,0,0,0,0,0,0,0,0,0,0
530402,1,1,1999,0,0,0,0,0,0,0,0,0,26
530403,1,1,1999,14,14,14,14,14,14,14,14,14,14
530404,0,1,1999,0,0,0,0,0,0,0,0,0,0
530404,1,1,1999,0,0,0,3,0,0,0,0,0,0
530405,1,1,1999,4,4,4,4,4,4,4,4,4,4
530406,1,1,1999,0,0,0,0,0,0,0,0,0,0
530406,2,1,1999,0,0,0,0,0,0,0,0,0,0
530407,1,1,1999,31,31,31,31,31,31,31,31,31,31
530408,1,1,1999,0,0,0,0,0,0,0,0,0,0
530408,2,1,1999,12,12,12,12,12,12,12,12,12,12
530409,1,1,1999,0,0,0,0,0,0,0,0,0,0
530410,1,1,1999,0,0,0,0,0,0,0,0,0,0
530410,2,1,1999,0,0,0,0,0,0,0,0,0,0
530410,3,1,1999,0,0,0,0,0,0,0,0,0,0
530411,1,1,1999,6,6,6,6,6,6,6,6,6,6
530412,1,2,1999,7,7,25,21,38,4,16,0,18,13
530414,1,1,1999,0,0,0,0,0,0,0,0,0,0
530414,2,1,1999,0,0,0,0,0,0,0,0,0,0
530415,1,1,1999,31,31,31,31,31,31,31,31,31,31
530415,2,1,1999,0,0,0,0,0,0,0,0,0,0
530415,3,1,1999,0,0,0,0,0,0,0,0,0,20
530416,1,1,1999,25,25,25,25,25,25,25,25,25,25
530417,1,1,1999,0,0,0,0,0,0,0,0,0,0
530418,0,1,1999,0,0,0,0,0,0,0,0,0,0
530418,1,1,1999,0,0,0,0,0,0,0,0,0,0
530419,1,1,1999,25,25,25,25,25,25,25,25,25,25
530420,0,1,1999,0,0,0,0,0,0,0,0,0,0
530420,1,1,1999,0,0,0,0,0,0,0,0,0,0
530421,1,1,1999,0,0,0,0,0,0,0,0,0,0
530421,2,1,1999,0,0,0,0,0,0,0,0,0,0
530422,1,1,1999,27,27,27,27,27,27,27,27,27,27
530423,1,1,1999,0,8,0,0,0,0,0,0,0,0
530423,2,1,1999,0,0,0,0,0,0,0,0,0,0
530424,1,1,1999,0,0,0,0,0,0,0,0,0,0
530425,1,1,1999,16,16,16,16,16,16,16,16,16,16
530425,2,1,1999,0,0,0,0,0,0,0,0,0,0
530426,1,1,1999,0,0,0,0,0,0,0,0,0,0
530426,2,1,1999,0,0,0,0,0,0,0,0,0,0
530427,1,1,1999,0,0,0,0,0,0,0,0,0,0
530427,2,1,1999,0,0,0,0,0,0,0,0,0,0
530428,0,1,1999,15,15,15,15,15,15,15,15,15,15
530428,1,1,1999,0,0,0,0,0,0,0,0,0,0
530429,1,1,1999,26,26,26,26,26,26,26,26,26,26
530429,2,1,1999,0,0,0,0,0,0,0,0,0,0
530430,1,1,1999,0,0,0,0,0,0,0,0,0,0
530431,1,1,1999,19,19,19,19,19,19,19,19,19,19
530432,1,1,1999,0,0,0,0,0,0,0,0,0,0
530433,1,1,1999,0,0,0,0,0,0,0,0,0,0
530433,2,1,1999,0,0,0,0,0,0,0,0,0,0
530434,1,1,1999,0,0,0,0,0,0,0,0,0,0
530434,2,1,1999,0,0,0,0,0,0,0,0,0,0
530435,1,1,1999,25,25,25,25,25,25,25,25,25,25
530436,1,1,1999,0,0,0,0,0,0,0,0,0,0
530436,2,1,1999,0,0,0,0,0,0,0,0,0,0
530437,1,1,1999,0,0,0,0,0,0,0,0,0,0
530438,1,1,1999,0,0,0,0,0,0,0,0,0,0
530438,2,1,1999,0,0,0,0,0,0,0,0,0,0
530439,1,1,1999,0,0,0,0,0,0,0,0,0,0
530439,2,1,1999,0,0,0,0,0,0,0,0,0,0
530440,0,1,1999,0,0,0,0,0,0,0,0,0,0
530440,1,1,1999,0,0,0,0,0,0,0,0,0,0
530441,1,1,1999,18,18,18,18,18,18,18,18,18,18
530442,1,1,1999,13,13,13,13,13,13,13,13,13,13
530443,1,1,1999,0,0,0,0,0,0,0,0,0,0
530444,1,1,1999,18,18,18,18,18,18,18,18,18,18
530445,0,1,1999,0,0,0,0,0,0,0,0,0,0
530445,1,1,1999,0,0,0,0,0,0,0,0,0,0
530446,1,1,1999,0,0,0,0,0,0,0,0,0,0
530446,2,1,1999,0,0,0,0,0,0,0,0,0,0
530446,3,1,1999,0,0,0,0,0,0,0,0,0,0
530446,4,1,1999,0,0,0,0,0,0,0,0,14,0
530447,1,1,1999,0,0,0,8,0,0,0,0,0,0
530448,1,1,1999,0,0,0,0,0,0,0,0,0,0
530448,2,1,1999,0,0,0,0,0,0,0,0,0,0
530448,3,1,1999,0,0,0,0,0,0,0,0,0,0
530448,4,1,1999,0,0,0,0,0,0,0,0,0,0
530449,1,1,1999,20,20,20,20,20,20,20,20,20,20
530450,1,1,1999,0,0,0,0,0,0,0,0,0,0
530451,1,1,1999,0,0,0,0,0,0,0,0,0,0
530451,2,1,1999,0,0,0,0,0,0,0,0,0,0
530452,1,1,1999,0,0,0,0,0,0,0,23,0,0
530452,2,1,1999,0,0,0,0,0,0,0,0,0,0
530453,1,1,1999,12,12,12,12,12,12,12,12,12,12
530453,2,1,1999,0,0,0,0,0,0,0,0,0,0
530454,1,1,1999,15,15,15,15,15,15,15,15,15,15
530455,1,1,1999,0,0,0,0,0,0,0,0,0,0
530455,2,1,1999,0,0,0,0,0,0,0,0,0,0
530456,0,1,1999,20,20,20,20,20,20,20,20,20,20
530456,1,1,1999,0,0,0,17,0,0,8,0,13,20
530457,1,1,1999,0,0,0,0,0,0,0,0,0,0
530457,2,1,1999,0,0,0,0,0,0,0,0,10,0
530458,1,1,1999,0,0,0,0,0,0,0,0,0,0
530458,2,1,1999,0,0,0,0,0,0,0,0,0,0
530459,1,1,1999,0,0,0,0,12,0,0,9,0,0
530460,1,1,1999,11,11,11,11,11,11,11,11,11,11
530461,1,1,1999,0,0,23,0,0,0,0,0,0,0
530462,1,1,1999,24,24,24,24,24,24,24,24,24,24
530462,2,1,1999,31,31,31,31,31,31,31,31,31,31
530462,3,1,1999,0,0,0,0,0,0,0,0,0,0
530463,1,1,1999,17,17,17,17,17,17,17,17,17,17
530464,1,1,1999,0,0,0,0,0,0,0,0,0,0
530464,2,1,1999,0,0,0,0,0,0,0,0,0,0
530465,1,1,1999,0,0,0,0,0,0,0,0,0,0
530466,0,1,1999,12,12,12,12,12,12,12,12,12,12
530466,1,1,1999,12,12,12,12,12,12,12,12,12,12
530467,1,1,1999,16,16,16,16,16,16,16,16,16,16
530468,1,1,1999,0,0,0,0,0,0,0,0,0,0
530468,2,1,1999,0,17,0,23,13,0,13,0,0,0
530469,1,1,1999,0,0,0,0,0,0,0,0,0,0
530471,0,1,1999,0,0,0,0,0,0,0,0,0,0
530471,1,1,1999,0,0,0,0,0,0,0,0,15,0
530472,1,1,1999,27,27,27,27,27,27,27,27,27,27
530473,0,1,1999,23,23,23,23,23,23,23,23,23,23
530473,1,1,1999,6,6,6,6,6,6,6,6,6,6
530475,1,1,1999,20,20,20,20,20,20,20,20,20,20
530475,2,1,1999,0,0,0,0,23,0,0,0,0,0
530475,3,1,1999,0,0,0,0,0,0,0,12,0,0
530475,4,1,1999,0,0,0,0,0,0,0,0,0,0
530475,5,1,1999,0,0,17,0,0,0,0,0,0,0
530475,6,1,1999,0,0,0,0,0,0,0,0,0,0
530476,1,1,1999,0,0,0,0,0,0,0,0,0,0
530477,0,1,1999,32,32,32,32,32,32,32,32,32,32
530477,1,1,1999,0,3,0,0,0,0,0,0,0,0
530478,1,1,1999,0,0,0,0,0,0,0,0,0,0
530478,2,1,1999,0,0,0,0,0,0,0,0,0,0
530479,0,1,1999,0,0,0,0,0,0,0,0,0,0
530479,1,1,1999,0,0,0,0,0,0,0,0,0,0
530480,0,1,1999,0,20,0,0,0,0,0,0,0,19
530480,1,1,1999,25,25,25,25,25,25,25,25,25,25
530481,1,1,1999,0,0,0,0,0,0,0,0,0,0
530482,1,1,1999,0,0,0,0,0,15,5,0,0,0
530482,2,1,1999,0,0,0,0,0,0,0,0,0,0
530483,1,1,1999,29,29,29,29,29,29,29,29,29,29
530483,2,1,1999,3,12,0,12,0,0,7,15,0,0
530484,0,1,1999,23,19,22,2,5,10,18,30,15,30
530484,1,1,1999,0,0,0,0,0,0,0,0,0,0
530485,1,1,1999,0,0,0,0,0,0,0,0,0,0
530486,1,1,1999,0,0,0,0,0,0,0,0,0,0
530486,2,1,1999,0,0,0,0,0,0,0,0,0,0
530486,3,1,1999,0,0,0,0,0,0,0,0,0,0
530487,1,1,1999,25,25,25,25,25,25,25,25,25,25
530488,1,1,1999,0,0,0,0,0,0,0,0,0,0
530488,2,1,1999,0,0,0,0,0,0,0,0,0,0
530488,3,1,1999,0,0,0,0,0,0,0,0,0,0
530489,1,1,1999,25,25,25,25,25,25,25,25,25,25
530490,1,1,1999,8,8,8,8,8,8,8,8,8,8
530490,2,1,1999,8,8,8,8,8,8,8,8,8,8
530491,1,1,1999,17,17,17,17,17,17,17,17,17,17
530491,2,1,1999,0,0,0,0,0,0,0,0,0,0
530492,1,1,1999,19,19,19,19,19,19,19,19,19,19
530493,1,1,1999,14,14,14,14,14,14,14,14,14,14
530493,2,1,1999,0,0,0,0,0,0,0,0,0,0
530494,1,1,1999,0,0,0,0,0,0,0,0,0,0
530495,1,1,1999,20,20,20,20,20,20,20,20,20,20
530496,1,1,1999,40,40,40,40,40,40,40,40,40,40
530497,1,1,1999,0,0,0,0,0,0,0,0,0,0
530498,1,1,1999,0,0,0,0,0,0,0,0,0,0
530498,2,1,1999,0,0,0,0,0,0,0,0,0,0
530499,1,1,1999,0,0,0,0,0,0,0,0,0,0
530500,1,1,1999,0,0,0,0,0,0,0,0,0,0
530500,2,1,1999,0,0,0,0,0,0,0,0,0,0
530500,3,1,1999,0,0,0,0,0,0,0,0,0,0
530501,1,1,1999,26,26,26,26,26,26,26,26,26,26
530502,1,1,1999,0,0,0,0,0,0,0,0,0,0
530503,1,1,1999,12,12,12,12,12,12,12,12,12,12
530504,1,1,1999,0,0,0,0,0,0,0,0,0,0
530504,2,1,1999,0,0,0,0,0,0,0,0,0,0
530505,1,1,1999,18,17,19,16,0,29,12,25,14,0
530506,0,1,1999,0,0,0,0,0,0,0,0,0,0
530506,1,1,1999,0,0,0,0,0,0,0,0,0,0
530507,1,1,1999,0,0,0,0,14,0,0,0,0,0
530508,1,1,1999,0,0,0,0,0,0,0,0,10,0
530509,1,1,1999,0,0,0,0,16,0,0,0,0,0
530510,1,1,1999,0,0,0,0,0,0,0,0,0,0
530510,2,1,1999,0,0,0,0,0,0,0,0,0,0
530511,1,1,1999,14,14,14,14,14,14,14,14,14,14
530511,2,1,1999,0,0,0,0,0,0,0,0,0,0
530511,3,1,1999,0,0,0,0,0,0,0,0,0,0
530512,1,1,1999,0,0,0,0,0,0,0,0,0,0
530512,2,1,1999,0,0,0,0,0,0,0,0,0,0
530513,1,1,1999,17,17,17,17,17,17,17,17,17,17
530514,1,1,1999,0,0,0,0,0,0,0,0,0,0
530514,2,1,1999,0,0,0,0,0,0,0,0,0,0
530515,1,1,1999,10,10,10,10,10,10,10,10,10,10
530516,0,1,1999,0,17,32,35,27,26,24,31,33,21
530516,1,1,1999,0,0,0,0,0,0,0,0,0,0
530517,1,1,1999,0,0,0,0,0,0,0,0,0,0
530518,1,1,1999,0,0,0,0,0,0,0,0,0,0
530519,1,1,1999,0,0,0,0,0,0,0,0,0,0
530519,2,1,1999,0,2,0,4,18,0,0,0,0,0
530520,1,1,1999,0,0,0,0,0,0,0,0,0,0
530520,2,1,1999,0,0,0,0,0,0,0,0,0,0
530521,1,1,1999,24,24,24,24,24,24,24,24,24,24
530522,1,1,1999,26,26,26,26,26,26,26,26,26,26
530523,1,1,1999,0,15,0,11,0,0,16,9,0,3
530524,0,1,1999,0,0,0,0,0,0,0,0,0,0
530524,1,1,1999,0,0,0,0,0,0,0,0,0,0
530525,0,1,1999,29,17,0,0,0,45,27,0,0,0
530525,1,1,1999,0,0,0,0,0,0,0,0,0,0
530526,1,1,1999,4,4,4,4,4,4,4,4,4,4
530527,1,1,1999,0,0,0,0,0,0,0,0,0,0
530527,2,1,1999,0,0,0,0,0,0,0,0,0,0
530527,3,1,1999,0,0,0,0,0,0,0,0,0,0
530528,1,1,1999,13,6,16,0,16,0,0,0,0,0
530529,1,1,1999,0,0,0,0,0,0,0,0,0,0
530529,2,1,1999,0,0,0,0,0,0,0,0,0,0
530530,1,1,1999,9,9,9,9,9,9,9,9,9,9
530531,1,1,1999,0,0,0,0,0,0,0,0,0,0
530532,1,1,1999,0,0,0,0,0,0,0,0,0,0
530533,1,1,1999,0,0,0,0,0,0,0,0,0,0
530534,1,1,1999,0,0,0,0,0,0,0,0,0,0
530535,0,1,1999,0,0,0,0,0,0,0,0,0,0
530535,1,1,1999,0,0,0,0,0,0,0,0,0,0
530536,1,1,1999,0,0,0,0,0,0,0,0,0,0
530536,2,1,1999,0,0,0,0,0,0,0,0,0,0
530537,1,1,1999,0,0,0,0,0,0,0,0,0,0
530538,1,1,1999,26,26,26,26,26,26,26,26,26,26
530539,1,1,1999,25,25,25,25,25,25,25,25,25,25
530540,1,1,1999,0,0,0,0,0,0,0,0,0,0
530540,2,1,1999,0,0,0,0,0,0,0,0,0,0
530541,1,1,1999,0,0,0,0,0,0,0,0,0,0
530541,2,1,1999,0,14,0,0,0,0,0,0,0,0
530542,1,1,1999,0,0,0,0,0,0,0,0,0,0
530543,1,1,1999,10,10,10,10,10,10,10,10,10,10
530543,2,1,1999,0,0,0,0,0,0,0,0,0,0
530544,1,1,1999,0,0,0,0,0,0,0,0,0,0
530545,1,1,1999,0,0,0,0,0,0,0,0,0,0
530546,1,1,1999,0,0,0,0,0,0,0,21,0,0
530547,1,1,1999,0,0,0,0,0,0,0,0,0,0
530548,1,1,1999,27,27,27,27,27,27,27,27,27,27
530549,1,1,1999,18,18,18,18,18,18,18,18,18,18
530550,1,1,1999,8,8,8,8,8,8,8,8,8,8
530551,0,1,1999,4,4,4,4,4,4,4,4,4,4
530551,1,1,1999,0,0,0,0,13,0,0,0,0,0
530552,1,1,1999,0,0,0,0,0,0,0,0,0,0
530552,2,1,1999,0,0,0,0,0,0,0,0,0,0
530553,1,1,1999,0,0,0,0,0,0,0,0,0,0
530553,2,1,1999,0,0,0,0,0,0,0,0,0,0
530553,3,1,1999,0,0,0,0,0,0,0,0,0,0
530554,1,1,1999,35,35,35,35,35,35,35,35,35,35
530554,2,1,1999,0,0,0,0,0,0,0,0,0,0
530555,1,1,1999,0,0,0,0,0,0,0,0,0,0
530555,2,1,1999,0,0,0,0,0,0,0,0,0,0
530555,3,1,1999,0,0,0,0,0,0,0,0,22,0
530556,1,1,1999,24,24,24,24,24,24,24,24,24,24
530556,2,1,1999,0,29,0,6,15,35,9,0,0,0
530558,0,1,1999,16,16,16,16,16,16,16,16,16,16
530558,1,1,1999,11,11,11,11,11,11,11,11,11,11
530559,1,1,1999,0,0,0,0,0,0,0,0,0,0
530560,1,1,1999,18,18,18,18,18,18,18,18,18,18
530561,1,1,1999,13,13,13,13,13,13,13,13,13,13
530562,1,1,1999,17,17,17,17,17,17,17,17,17,17
530563,0,1,1999,7,7,7,7,7,7,7,7,7,7
530563,1,1,1999,10,10,10,10,10,10,10,10,10,10
530564,1,1,1999,21,21,21,21,21,21,21,21,21,21
530564,2,1,1999,0,3,0,0,0,0,18,0,0,0
530565,1,1,1999,0,0,0,0,0,0,0,0,0,0
530566,1,1,1999,19,19,19,19,19,19,19,19,19,19
530567,1,1,1999,0,0,0,0,0,0,0,0,0,0
530568,1,1,1999,0,0,0,0,0,0,0,0,0,0
530568,2,1,1999,0,0,0,0,0,0,0,0,0,0
530568,3,1,1999,0,0,0,0,0,0,0,0,0,0
530568,4,1,1999,0,0,0,0,0,0,0,0,0,0
530569,1,1,1999,0,0,0,0,0,0,0,0,0,0
530570,1,1,1999,8,8,8,8,8,8,8,8,8,8
530571,0,1,1999,36,36,36,36,36,36,36,36,36,36
530571,1,1,1999,0,0,0,0,0,0,0,0,0,0
530572,0,1,1999,0,0,26,0,0,0,0,0,0,0
530572,0,2,1999,0,0,0,0,0,0,0,0,0,0
530572,1,1,1999,0,0,0,0,0,0,0,0,0,0
530573,1,1,1999,0,0,0,0,0,0,0,0,0,0
530573,2,1,1999,0,0,0,0,0,0,0,0,0,0
530574,1,1,1999,0,0,0,14,0,0,0,0,0,0
530574,2,1,1999,0,0,0,0,0,0,0,0,0,0
530575,0,1,1999,5,5,5,5,5,5,5,5,5,5
530575,1,1,1999,27,0,20,0,0,19,0,0,0,0
530576,1,1,1999,0,0,0,0,0,0,0,0,0,0
530577,0,1,1999,21,18,17,12,12,18,12,13,12,22
530577,1,1,1999,0,0,0,0,0,0,0,0,11,0
530578,1,1,1999,0,0,0,0,0,0,0,0,0,0
530580,1,1,1999,0,0,0,0,0,0,0,0,0,0
530580,2,1,1999,12,0,0,0,0,11,19,0,31,7
530580,3,1,1999,0,0,0,0,0,0,0,0,0,0
530581,1,1,1999,0,21,10,17,16,0,0,0,23,0
540001,1,1,1999,3,3,3,3,3,3,3,3,3,3
540002,1,1,1999,19,19,19,19,19,19,19,19,19,19
540003,1,1,1999,16,16,16,16,16,16,16,16,16,16
540004,1,1,1999,0,0,0,0,0,0,0,0,0,0
540005,1,1,1999,0,0,0,0,0,0,0,0,0,0
540006,1,1,1999,0,0,0,0,0,0,0,0,0,0
540006,2,1,1999,30,30,30,30,30,30,30,30,30,30
540007,1,1,1999,0,0,0,0,0,0,0,0,0,0
540007,2,1,1999,0,0,0,0,0,0,0,0,0,0
540008,1,1,1999,10,10,10,10,10,10,10,10,10,10
540009,1,1,1999,0,0,0,0,0,6,0,0,0,0
540009,2,1,1999,0,0,0,0,0,0,0,0,0,0
540009,3,1,1999,0,0,0,0,0,0,0,0,0,0
540009,4,1,1999,0,0,0,0,0,0,0,0,0,0
540009,5,1,1999,0,0,10,0,0,0,0,0,9,0
540010,1,1,1999,0,0,0,0,0,0,0,0,0,0
540010,2,1,1999,0,0,0,0,0,0,0,0,0,0
540011,1,1,1999,15,15,15,15,15,15,15,15,15,15
540011,2,1,1999,0,0,0,0,0,0,0,0,0,0
540012,1,1,1999,0,0,0,0,0,0,0,0,0,0
540012,2,1,1999,0,0,10,0,0,0,0,0,0,0
540013,1,1,1999,6,6,6,6,6,6,6,6,6,6
540014,1,1,1999,6,6,6,6,6,6,6,6,6,6
540015,1,1,1999,0,0,0,0,0,0,0,0,0,0
540015,2,1,1999,0,0,0,0,0,0,0,0,0,0
540016,1,1,1999,0,0,0,0,0,0,0,0,0,0
540016,2,1,1999,0,0,0,0,0,0,0,0,0,0
540017,1,1,1999,0,0,0,0,0,0,0,0,0,0
540018,1,1,1999,0,0,0,0,0,0,0,0,0,0
540018,2,1,1999,0,0,0,0,0,0,0,0,0,0
540019,1,1,1999,0,0,0,0,0,0,0,0,0,0
540020,1,1,1999,12,12,12,12,12,12,12,12,12,12
540021,1,1,1999,0,0,0,0,0,0,0,0,0,0
540022,1,1,1999,0,0,0,0,0,0,0,0,0,0
540023,1,1,1999,9,9,9,9,9,9,9,9,9,9
540024,1,1,1999,11,11,11,11,11,11,11,11,11,11