ST_CASE,VEH_NO,PER_NO,YEAR,P1,P2,P3,P4,P5,P6,P7,P8,P9,P10
60001,1,1,1999,18,18,13,1,12,16,11,22,29,23
60002,0,1,1999,0,0,0,0,0,0,0,0,0,0
60002,1,1,1999,0,0,0,0,0,0,0,0,0,0
60003,1,1,1999,0,0,0,0,0,0,0,0,0,0
60004,0,1,1999,38,38,38,38,38,38,38,38,38,38
60004,1,1,1999,0,0,0,0,0,0,0,0,0,13
60005,1,1,1999,0,17,0,0,0,19,3,0,0,0
60006,1,1,1999,14,14,14,14,14,14,14,14,14,14
60007,1,1,1999,0,0,0,0,0,0,0,0,0,0
60007,2,1,1999,0,0,0,0,0,0,0,0,0,0
60008,1,1,1999,0,0,0,0,0,0,0,0,0,0
60008,2,1,1999,0,0,0,0,0,0,0,0,0,0
60009,1,1,1999,0,0,0,0,0,17,0,0,0,0
60009,2,1,1999,0,0,0,0,0,0,14,0,0,0
60010,0,1,1999,24,24,24,24,24,24,24,24,24,24
60010,0,2,1999,24,26,14,42,16,32,28,18,16,21
60010,1,1,1999,0,0,0,0,0,0,0,0,0,0
60011,1,1,1999,0,0,0,0,0,0,0,0,0,0
60011,2,1,1999,14,0,0,12,11,0,0,0,0,0
60012,1,1,1999,0,0,0,0,0,0,0,0,0,0
60013,1,1,1999,0,0,0,0,0,0,0,0,0,0
60013,2,1,1999,0,10,0,0,0,0,0,0,0,0
60013,3,1,1999,0,0,0,0,0,0,0,0,0,0
60013,4,1,1999,0,0,0,0,0,0,0,0,0,0
60014,1,1,1999,0,0,0,0,0,0,0,0,0,0
60014,2,1,1999,0,0,0,0,0,0,0,0,0,0
60015,1,1,1999,0,0,0,0,0,0,0,0,0,0
60015,2,1,1999,0,0,0,0,0,0,0,0,0,0
60016,1,1,1999,9,9,9,9,9,9,9,9,9,9
60017,1,1,1999,0,0,0,0,0,0,0,0,0,0
60017,2,1,1999,0,0,0,0,0,0,0,0,0,0
60017,3,1,1999,0,0,0,0,0,0,0,0,0,0
60018,1,1,1999,20,20,20,20,20,20,20,20,20,20
60018,2,1,1999,0,0,0,0,0,0,0,0,0,0
60019,1,1,1999,0,0,0,0,0,0,0,0,0,0
60020,0,1,1999,28,28,28,28,28,28,28,28,28,28
60020,1,1,1999,0,0,0,0,0,0,0,0,0,0
60021,0,1,1999,0,0,0,0,0,0,0,0,0,0
60021,1,1,1999,0,0,0,0,0,0,0,0,0,0
60022,1,1,1999,4,0,0,0,0,0,0,0,0,0
60022,2,1,1999,12,8,18,0,11,0,0,0,0,9
60023,1,1,1999,0,0,0,0,0,0,0,0,0,0
60023,2,1,1999,0,0,0,0,0,0,0,0,0,0
60024,1,1,1999,0,0,0,0,0,0,0,0,0,0
60024,2,1,1999,0,0,0,0,0,0,0,0,0,0
60025,1,1,1999,15,15,15,15,15,15,15,15,15,15
60025,2,1,1999,4,0,0,0,0,0,0,0,8,0
60025,3,1,1999,0,0,0,0,0,0,0,0,0,0
60026,1,1,1999,0,0,0,0,0,0,0,0,0,0
60027,1,1,1999,26,0,0,18,0,12,24,0,6,0
60028,0,1,1999,0,0,0,0,0,0,0,0,0,0
60028,1,1,1999,0,0,0,0,0,0,0,0,0,0
60029,1,1,1999,36,36,36,36,36,36,36,36,36,36
60030,1,1,1999,0,0,0,12,0,0,21,0,0,0
60030,2,1,1999,0,0,0,0,0,0,0,0,0,0
60031,1,1,1999,18,18,18,18,18,18,18,18,18,18
60032,1,1,1999,0,0,0,0,0,0,0,0,0,0
60033,0,1,1999,0,0,0,0,0,0,0,0,0,0
60033,1,1,1999,0,0,0,0,0,0,0,0,0,0
60034,1,1,1999,13,13,13,13,13,13,13,13,13,13
60034,2,1,1999,17,0,0,0,0,0,27,0,0,0
60035,1,1,1999,0,0,0,0,0,0,0,0,0,0
60036,1,1,1999,0,0,0,0,0,0,0,0,0,0
60037,1,1,1999,27,27,27,27,27,27,27,27,27,27
60038,1,1,1999,0,0,0,0,0,0,0,0,0,0
60039,1,1,1999,11,11,11,11,11,11,11,11,11,11
60040,1,1,1999,17,17,17,17,17,17,17,17,17,17
60040,2,1,1999,0,0,0,0,0,0,0,0,0,0
60040,3,1,1999,0,0,0,0,0,0,0,0,0,0
60041,0,1,1999,28,28,28,28,28,28,28,28,28,28
60041,1,1,1999,0,0,17,0,0,0,0,0,0,0
60042,1,1,1999,40,40,40,40,40,40,40,40,40,40
60043,1,5,1999,36,0,0,31,0,0,0,0,21,20
60044,1,1,1999,0,0,0,0,0,0,0,0,0,0
60044,2,1,1999,0,0,0,0,0,0,0,0,0,0
60045,1,1,1999,0,0,0,0,0,0,0,0,0,0
60045,2,1,1999,0,0,0,0,0,0,0,0,0,0
60045,3,1,1999,0,0,0,0,0,0,0,0,0,0
60046,1,1,1999,0,0,0,0,0,0,0,0,0,0
60046,2,1,1999,0,0,0,0,0,0,0,0,0,0
60047,0,1,1999,0,0,0,0,0,0,0,0,0,0
60047,1,1,1999,0,0,0,0,0,0,0,0,0,9
60047,2,1,1999,0,0,0,0,0,0,0,0,0,0
60048,1,1,1999,24,24,24,24,24,24,24,24,24,24
60049,1,1,1999,12,12,12,12,12,12,12,12,12,12
60050,1,1,1999,0,0,0,0,0,0,0,0,0,0
60051,1,1,1999,0,0,0,0,0,0,0,0,0,0
60052,1,1,1999,20,20,20,20,20,20,20,20,20,20
60053,1,1,1999,18,18,18,18,18,18,18,18,18,18
60054,1,1,1999,0,0,0,0,0,0,0,0,0,0
60055,1,1,1999,0,0,0,0,0,0,0,0,0,0
60056,0,1,1999,0,0,0,0,0,0,0,0,0,0
60056,0,2,1999,9,0,33,12,14,0,4,11,15,0
60056,1,1,1999,27,0,0,20,0,30,25,5,7,18
60057,1,1,1999,16,16,16,16,16,16,16,16,16,16
60058,1,1,1999,0,0,0,0,0,0,0,0,0,0
60058,2,1,1999,0,0,0,0,0,0,0,0,0,0
60059,1,1,1999,0,0,0,0,0,0,0,0,0,0
60060,0,1,1999,35,35,35,35,35,35,35,35,35,35
60060,1,1,1999,3,3,3,3,3,3,3,3,3,3
60061,1,1,1999,0,0,0,0,0,0,0,0,0,0
60061,2,1,1999,0,0,0,0,0,0,0,0,0,0
60062,1,1,1999,16,16,16,16,16,16,16,16,16,16
60063,1,1,1999,0,0,0,0,0,0,0,0,0,0
60064,0,1,1999,25,25,25,25,25,25,25,25,25,25
60064,1,1,1999,0,0,0,0,0,0,0,0,0,0
60065,0,1,1999,0,0,0,0,0,0,0,0,0,0
60065,1,1,1999,0,0,0,0,0,5,0,0,0,0
60066,0,1,1999,0,8,0,0,0,0,0,0,8,15
60066,1,1,1999,0,0,0,0,0,0,0,0,0,0
60067,0,1,1999,0,0,0,0,0,0,0,0,0,0
60067,1,1,1999,0,0,0,0,0,0,0,0,0,0
60068,0,1,1999,15,15,15,15,15,15,15,15,15,15
60068,1,1,1999,0,0,0,0,0,0,0,15,0,0
60069,0,1,1999,0,0,0,0,0,0,0,0,0,0
60069,1,1,1999,0,0,0,0,0,0,0,0,0,0
60070,0,1,1999,0,0,0,0,0,0,0,0,0,0
60070,1,1,1999,0,0,0,0,0,0,0,0,0,0
60071,0,1,1999,0,0,0,0,0,0,0,0,0,0
60071,1,1,1999,0,0,0,0,0,0,0,0,0,0
60072,0,1,1999,0,0,0,0,0,17,0,0,0,0
60072,1,1,1999,0,0,0,0,0,0,0,0,0,0
60073,0,1,1999,24,24,24,24,24,24,24,24,24,24
60073,1,1,1999,0,0,0,0,0,0,0,0,0,0
60074,1,1,1999,21,21,21,21,21,21,21,21,21,21
60075,0,1,1999,30,30,30,30,30,30,30,30,30,30
60075,1,1,1999,0,0,0,0,0,0,0,0,0,0
60076,0,1,1999,0,0,0,0,0,0,0,0,0,0
60076,1,1,1999,0,0,0,0,0,0,0,0,0,0
60077,1,1,1999,11,11,11,11,11,11,11,11,11,11
60078,1,1,1999,20,20,20,20,20,20,20,20,20,20
60079,0,1,1999,0,0,0,0,0,0,0,0,0,0
60079,1,1,1999,0,0,0,0,0,0,0,0,0,0
60080,0,1,1999,20,20,20,20,20,20,20,20,20,20
60080,1,1,1999,0,0,0,0,0,0,0,0,0,0
60080,2,1,1999,16,0,0,0,0,0,0,0,0,0
60081,1,1,1999,1,1,1,1,1,1,1,1,1,1
60081,2,1,1999,0,0,0,0,0,0,0,0,0,0
60082,1,1,1999,0,0,0,0,0,0,0,0,0,0
60082,2,1,1999,0,0,0,0,0,0,0,0,0,0
60083,0,1,1999,40,40,40,40,40,40,40,40,40,40
60083,1,1,1999,0,0,0,0,0,0,0,0,0,0
60083,2,1,1999,0,0,0,13,0,0,0,0,0,0
60084,1,1,1999,19,19,19,19,19,19,19,19,19,19
60085,1,1,1999,6,6,6,6,6,6,6,6,6,6
60086,1,1,1999,12,12,12,12,12,12,12,12,12,12
60087,1,1,1999,0,0,0,0,0,0,0,0,0,0
60088,1,1,1999,0,0,0,0,0,0,0,0,0,0
60088,2,1,1999,0,0,0,0,0,0,0,0,0,0
60089,1,1,1999,24,24,24,24,24,24,24,24,24,24
60089,2,1,1999,0,0,0,0,0,0,0,0,0,0
60090,1,1,1999,0,0,0,0,0,0,0,0,0,0
60090,2,1,1999,0,0,0,0,0,0,0,0,0,0
60091,0,1,1999,0,0,0,0,0,0,0,0,0,0
60091,1,1,1999,0,0,0,0,0,0,0,0,0,0
60092,1,1,1999,0,0,0,0,0,0,0,0,0,0
60092,2,1,1999,25,25,25,25,25,25,25,25,25,25
60093,1,1,1999,0,0,0,0,0,0,0,0,0,0
60093,2,1,1999,0,0,0,0,0,0,0,0,0,0
60094,0,1,1999,23,6,0,0,23,20,0,0,17,0
60094,1,1,1999,0,0,18,0,0,0,0,3,0,0
60095,0,1,1999,17,17,17,17,17,17,17,17,17,17
60095,1,1,1999,0,0,0,0,0,0,0,0,0,0
60096,1,1,1999,15,15,15,15,15,15,15,15,15,15
60097,1,1,1999,4,4,4,4,4,4,4,4,4,4
60098,1,1,1999,8,8,8,8,8,8,8,8,8,8
60099,1,1,1999,0,0,0,0,0,0,0,0,0,0
60100,1,1,1999,0,0,0,0,0,0,0,0,0,0
60101,1,1,1999,0,0,0,0,0,0,0,0,0,0
60101,2,1,1999,0,0,0,0,0,0,0,0,0,0
60102,1,1,1999,6,6,6,6,6,6,6,6,6,6
60103,1,1,1999,0,0,0,0,0,0,0,0,0,0
60103,2,1,1999,0,0,0,0,0,0,0,0,0,0
60104,1,1,1999,0,0,0,0,0,0,0,0,0,0
60104,2,1,1999,0,0,0,0,0,0,0,0,0,0
60105,1,1,1999,0,6,0,0,0,0,0,0,0,0
60105,2,1,1999,0,0,0,0,0,0,0,0,0,0
60106,1,1,1999,0,0,0,0,0,0,0,0,0,0
60106,2,1,1999,16,16,16,16,16,16,16,16,16,16
60107,1,1,1999,0,0,0,0,0,0,0,0,0,0
60107,2,1,1999,0,0,0,0,0,0,0,0,0,0
60108,0,1,1999,0,0,0,0,0,0,0,0,0,0
60109,1,1,1999,0,0,0,0,0,0,0,0,0,0
60109,2,1,1999,0,0,0,0,0,0,0,0,0,0
60109,3,1,1999,0,0,0,0,0,0,0,0,0,0
60110,1,1,1999,22,22,22,22,22,22,22,22,22,22
60110,2,1,1999,0,0,0,0,0,0,0,11,0,0
60111,1,1,1999,0,0,9,0,13,0,0,15,29,16
60111,2,1,1999,0,0,0,0,0,0,0,0,0,0
60112,1,1,1999,0,0,0,0,0,0,0,0,0,0
60112,2,1,1999,0,0,0,0,0,0,0,0,0,0
60113,1,1,1999,24,0,16,27,42,23,30,25,9,30
60114,1,1,1999,3,3,3,3,3,3,3,3,3,3
60114,2,1,1999,0,0,0,0,0,0,0,0,0,0
60115,1,1,1999,31,31,31,31,31,31,31,31,31,31
60115,2,1,1999,0,0,0,0,0,0,0,0,0,0
60116,1,1,1999,0,0,0,0,0,0,0,0,0,0
60116,2,1,1999,0,0,0,0,0,0,0,0,0,0
60117,1,1,1999,0,0,0,0,0,0,0,0,0,0
60117,2,1,1999,0,0,0,0,0,0,0,0,0,0
60118,0,1,1999,0,0,0,0,0,0,0,0,0,0
60118,1,1,1999,0,0,0,0,0,0,0,0,0,0
60119,0,1,1999,9,9,9,9,9,9,9,9,9,9
60119,1,1,1999,0,0,0,0,0,0,0,0,0,0
60120,0,1,1999,0,0,0,0,0,0,0,0,0,0
60120,1,1,1999,0,0,0,0,0,0,0,0,0,0
60121,1,1,1999,0,0,0,0,0,0,0,0,0,0
60121,2,1,1999,17,15,5,13,15,20,4,14,31,12
60122,1,1,1999,6,6,6,6,6,6,6,6,6,6
60122,2,1,1999,0,0,0,0,0,0,0,0,10,2
60123,1,1,1999,14,14,14,14,14,14,14,14,14,14
60123,2,1,1999,0,0,0,0,0,0,0,0,0,0
60124,1,1,1999,0,0,15,17,21,15,5,16,17,0
60124,2,1,1999,0,0,0,0,0,0,0,0,0,0
60125,1,1,1999,0,0,0,0,0,0,0,0,0,0
60125,2,1,1999,0,0,0,0,0,0,0,0,0,0
60126,1,1,1999,0,0,0,0,0,0,0,7,0,0
60126,2,1,1999,0,0,0,0,0,0,0,0,0,0
60127,1,1,1999,0,0,0,0,0,0,0,0,0,0
60127,2,1,1999,0,0,0,0,0,0,0,0,0,0
60128,1,1,1999,0,0,0,0,0,0,0,0,0,0
60129,1,1,1999,7,0,13,0,10,18,5,0,15,0
60130,1,1,1999,16,16,16,16,16,16,16,16,16,16
60130,2,1,1999,0,0,0,0,16,0,0,0,0,0
60131,1,1,1999,8,8,8,8,8,8,8,8,8,8
60131,2,1,1999,0,0,0,0,0,0,0,0,0,0
60132,1,1,1999,0,0,0,0,0,0,0,0,0,0
60132,2,1,1999,0,0,0,0,0,0,0,0,0,0
60133,1,1,1999,0,0,0,0,0,0,0,0,0,0
60133,2,1,1999,0,0,0,0,0,0,0,0,0,0
60133,3,1,1999,0,0,0,0,0,0,0,0,0,0
60134,1,1,1999,0,0,0,0,0,0,0,0,0,0
60134,2,1,1999,10,0,0,0,0,0,0,0,0,0
60134,3,1,1999,0,0,0,0,0,0,0,0,0,0
60134,4,1,1999,0,0,0,0,0,0,0,0,0,0
60135,1,1,1999,0,0,0,0,0,0,0,0,0,0
60135,2,1,1999,0,0,0,0,0,0,0,0,0,0
60136,1,1,1999,0,0,0,0,0,0,0,0,0,0
60136,2,1,1999,17,0,10,0,18,15,0,0,9,7
60137,1,1,1999,0,0,0,0,0,0,0,0,0,0
60137,2,1,1999,0,0,0,0,0,0,0,0,0,0
60138,1,1,1999,0,0,0,0,0,0,0,0,0,0
60138,2,1,1999,0,0,0,0,0,0,0,0,0,0
60139,1,1,1999,0,0,0,0,0,0,0,0,0,0
60139,2,1,1999,0,0,0,0,0,0,0,0,0,0
60139,3,1,1999,0,0,0,0,0,0,12,0,0,0
60139,4,1,1999,0,0,0,0,0,0,0,0,0,0
60139,5,1,1999,0,0,0,0,0,0,0,0,0,0
60140,1,1,1999,0,0,0,0,23,0,0,0,0,0
60140,2,1,1999,20,20,20,20,20,20,20,20,20,20
60141,1,1,1999,0,0,0,0,0,0,0,0,0,0
60141,2,1,1999,0,0,0,0,0,0,0,0,0,0
60142,1,1,1999,0,0,0,0,0,0,0,0,0,0
60142,2,1,1999,0,0,0,0,0,0,0,0,0,0
60143,1,1,1999,0,0,0,0,0,0,0,0,0,0
60144,1,1,1999,0,0,0,0,0,0,0,0,0,0
60144,2,1,1999,0,0,0,0,0,0,0,0,0,0
60145,1,1,1999,0,0,0,0,0,0,0,0,0,0
60145,2,1,1999,0,0,0,0,0,0,0,0,0,0
60146,1,1,1999,6,6,6,6,6,6,6,6,6,6
60146,2,1,1999,0,0,0,0,0,0,0,0,0,0
60147,1,1,1999,0,0,0,0,0,0,0,0,0,0
60147,2,1,1999,0,0,0,0,0,0,0,0,0,0
60147,3,1,1999,0,0,0,0,0,0,0,0,0,0
60148,1,1,1999,0,7,0,17,0,0,4,0,0,0
60148,2,1,1999,0,0,0,0,0,0,0,0,0,0
60149,1,1,1999,26,26,26,26,26,26,26,26,26,26
60149,2,1,1999,0,0,0,0,0,0,0,0,0,0
60149,3,1,1999,0,0,0,0,0,0,0,0,0,0
60150,1,1,1999,10,10,10,10,10,10,10,10,10,10
60150,2,1,1999,2,2,2,2,2,2,2,2,2,2
60150,3,1,1999,0,0,0,0,0,0,0,0,0,0
60151,1,1,1999,0,0,0,0,0,0,0,0,0,0
60151,2,1,1999,0,0,0,0,0,0,0,0,0,0
60152,1,1,1999,0,0,0,0,0,0,0,0,0,0
60152,2,1,1999,0,0,0,0,0,0,0,0,0,0
60153,1,1,1999,0,0,0,0,0,0,0,0,0,0
60153,2,1,1999,0,0,0,0,0,0,0,0,0,0
60154,0,1,1999,0,0,0,0,0,0,0,0,0,0
60154,1,1,1999,0,0,0,0,0,0,0,0,0,0
60155,0,1,1999,25,25,25,25,25,25,25,25,25,25
60155,1,1,1999,0,0,0,0,0,0,0,0,0,0
60156,0,1,1999,0,0,0,0,0,0,0,0,0,0
60156,1,1,1999,0,0,0,0,0,0,0,17,0,0
60157,0,1,1999,0,0,0,0,0,0,0,0,0,0
60157,1,1,1999,0,0,0,0,0,0,0,0,0,0
60158,0,1,1999,0,0,0,0,0,0,0,0,0,0
60158,1,1,1999,0,0,0,0,0,0,0,0,0,0
60159,1,1,1999,16,16,16,16,16,16,16,16,16,16
60160,0,1,1999,14,14,14,14,14,14,14,14,14,14
60160,1,1,1999,0,0,0,21,0,0,0,0,0,0
60161,0,1,1999,8,8,8,8,8,8,8,8,8,8
60161,1,1,1999,0,0,0,0,0,0,0,0,0,0
60162,0,1,1999,0,0,0,0,0,0,0,0,0,0
60162,1,1,1999,0,0,0,0,0,0,0,0,0,0
60163,0,1,1999,0,0,0,0,0,0,0,0,0,0
60163,1,1,1999,0,0,0,0,0,0,0,0,0,0
60164,1,1,1999,19,19,19,19,19,19,19,19,19,19
60165,1,1,1999,0,0,0,0,0,0,0,0,0,0
60165,2,1,1999,0,0,0,0,0,0,0,0,0,0
60165,3,1,1999,0,0,0,0,0,0,0,0,0,0
60166,1,1,1999,3,3,3,3,3,3,3,3,3,3
60166,2,1,1999,0,0,0,0,0,0,0,0,17,0
60167,1,1,1999,0,0,0,0,0,0,0,0,0,0
60167,2,1,1999,0,0,0,0,0,0,0,0,0,0
60168,1,1,1999,0,0,0,0,0,0,0,0,0,0
60168,2,1,1999,0,0,0,0,0,0,0,0,0,0
60169,1,1,1999,4,4,4,4,4,4,4,4,4,4
60169,2,1,1999,0,0,0,0,0,0,0,0,0,0
60170,0,1,1999,2,2,2,2,2,2,2,2,2,2
60170,0,2,1999,0,0,0,10,0,5,7,0,0,0
60170,1,1,1999,0,0,16,21,0,0,10,0,0,0
60171,0,1,1999,30,0,12,0,0,14,4,0,0,0
60171,0,2,1999,0,0,0,0,0,0,0,0,0,0
60171,1,1,1999,0,0,0,0,0,0,0,0,0,0
60172,0,1,1999,8,8,8,8,8,8,8,8,8,8
60172,1,1,1999,35,0,11,15,0,0,0,24,22,0
60173,1,1,1999,0,0,0,0,0,0,0,0,0,0
60173,2,1,1999,0,0,0,0,0,0,0,0,0,0
60174,1,1,1999,0,0,0,0,0,0,0,0,0,0
60175,0,1,1999,20,20,20,20,20,20,20,20,20,20
60175,1,1,1999,0,2,0,0,0,12,0,0,0,0
60175,2,1,1999,0,0,0,0,0,12,0,0,12,0
60176,1,1,1999,0,0,0,0,31,0,0,0,0,11
60176,2,1,1999,0,0,0,0,0,0,0,0,0,0
60177,1,1,1999,11,11,11,11,11,11,11,11,11,11
60177,2,1,1999,0,0,0,0,0,0,0,0,0,0
60178,1,1,1999,0,0,0,0,0,0,0,0,0,0
60178,2,1,1999,0,0,0,0,0,0,0,0,0,0
60178,3,1,1999,0,8,0,0,0,0,0,0,0,0
60178,4,1,1999,0,0,0,0,0,0,0,0,0,0
60178,5,1,1999,0,0,0,12,0,0,0,0,0,0
60179,1,1,1999,24,24,24,24,24,24,24,24,24,24
60179,2,1,1999,0,15,0,0,0,0,0,12,0,0
60180,1,1,1999,28,28,28,28,28,28,28,28,28,28
60180,2,1,1999,0,0,0,0,0,0,0,0,0,0
60181,1,1,1999,0,0,0,0,0,0,0,0,0,0
60181,2,1,1999,0,0,0,0,0,0,0,0,0,0
60182,1,1,1999,0,0,0,0,0,0,0,0,0,0
60182,2,1,1999,0,0,0,0,2,0,0,0,0,0
60183,1,1,1999,0,0,0,0,0,23,0,0,0,0
60183,2,1,1999,0,0,0,0,0,0,0,0,0,0
60183,3,1,1999,0,0,0,0,0,0,0,0,0,0
60184,0,1,1999,0,0,27,0,0,17,12,17,0,0
60184,0,2,1999,0,19,0,0,31,38,8,0,0,46
60184,1,1,1999,11,11,11,11,11,11,11,11,11,11
60184,2,1,1999,0,0,0,0,0,0,0,0,0,0
60185,1,1,1999,20,20,20,20,20,20,20,20,20,20
60185,2,1,1999,17,9,13,9,26,8,16,16,7,2
60186,1,1,1999,0,0,0,0,0,0,0,0,0,0
60186,2,1,1999,0,16,0,0,0,0,0,0,0,0
60187,0,1,1999,0,0,0,0,0,0,0,0,0,0
60187,1,1,1999,22,0,10,0,0,0,0,0,0,0
60187,2,1,1999,0,0,0,0,0,0,0,0,0,0
60188,1,1,1999,0,0,0,0,0,0,0,0,0,0
60188,2,1,1999,0,0,0,0,0,0,0,0,0,0
60188,3,1,1999,0,0,0,0,0,0,0,0,0,0
60189,1,1,1999,0,0,0,0,0,0,0,0,0,0
60189,2,1,1999,0,0,0,0,0,0,0,0,0,0
60189,3,1,1999,0,0,0,0,0,0,0,0,0,0
60190,1,1,1999,24,24,24,24,24,24,24,24,24,24
60190,2,1,1999,0,0,0,0,0,0,0,0,0,0
60191,0,1,1999,29,29,29,29,29,29,29,29,29,29
60191,1,1,1999,0,5,0,0,0,0,0,0,0,0
60192,1,1,1999,0,9,0,0,0,0,0,0,0,10
60192,2,1,1999,0,0,0,0,0,0,0,0,0,0
60193,0,1,1999,11,12,0,5,0,33,27,0,14,25
60193,1,1,1999,0,0,0,0,0,0,0,4,0,0
60194,1,1,1999,0,0,0,0,0,0,0,0,0,0
60194,2,1,1999,0,0,0,0,0,0,0,0,0,0
60195,1,1,1999,14,14,14,14,14,14,14,14,14,14
60196,0,1,1999,17,17,17,17,17,17,17,17,17,17
60196,1,1,1999,0,0,0,0,0,0,0,0,0,0
60197,1,1,1999,8,8,8,8,8,8,8,8,8,8
60198,1,1,1999,24,24,24,24,24,24,24,24,24,24
60199,1,1,1999,8,8,8,8,8,8,8,8,8,8
60200,1,1,1999,0,0,0,0,0,0,0,0,0,0
60201,1,1,1999,20,20,20,20,20,20,20,20,20,20
60202,1,1,1999,26,26,26,26,26,26,26,26,26,26
60203,0,1,1999,0,0,0,0,0,0,0,0,0,0
60203,1,1,1999,0,0,0,0,0,0,0,0,21,0
60204,1,1,1999,0,0,0,0,0,0,0,0,0,0
60204,2,1,1999,0,0,0,0,0,0,0,0,0,0
60205,1,1,1999,20,20,20,20,20,20,20,20,20,20
60205,2,1,1999,0,0,0,0,0,0,0,0,0,0
60206,1,1,1999,11,11,11,11,11,11,11,11,11,11
60206,2,1,1999,0,0,0,0,0,0,0,0,0,0
60207,0,1,1999,32,32,32,32,32,32,32,32,32,32
60207,1,1,1999,29,29,29,29,29,29,29,29,29,29
60208,0,1,1999,13,0,22,15,0,11,0,16,15,0
60208,1,1,1999,17,17,17,17,17,17,17,17,17,17
60208,2,1,1999,0,0,0,0,0,0,0,0,0,14
60209,1,1,1999,0,0,0,0,0,0,0,0,0,0
60209,2,1,1999,0,0,0,0,0,0,0,0,0,0
60210,1,1,1999,0,0,0,0,0,0,0,0,0,0
60210,2,1,1999,0,0,0,0,0,0,0,0,0,0
60211,1,1,1999,0,0,0,0,0,0,0,0,0,0
60211,2,1,1999,0,0,0,0,0,0,0,0,0,0
60212,1,1,1999,0,0,0,0,0,0,0,0,0,0
60212,2,1,1999,0,0,0,0,0,0,0,0,0,0
60213,1,1,1999,0,0,0,0,0,0,0,0,0,0
60214,0,1,1999,0,0,0,0,0,0,0,0,0,0
60214,1,1,1999,0,0,0,0,0,0,0,0,0,0
60215,1,1,1999,22,22,22,22,22,22,22,22,22,22
60216,1,1,1999,1,1,1,1,1,1,1,1,1,1
60217,1,1,1999,18,18,18,18,18,18,18,18,18,18
60218,0,1,1999,13,13,13,13,13,13,13,13,13,13
60218,1,1,1999,0,0,0,0,0,0,0,0,0,0
60219,1,1,1999,12,0,0,0,0,0,0,0,0,0
60220,1,1,1999,8,8,8,8,8,8,8,8,8,8
60221,0,1,1999,26,26,26,26,26,26,26,26,26,26
60221,1,1,1999,4,0,0,0,0,0,0,0,0,0
60222,0,1,1999,2,2,2,2,2,2,2,2,2,2
60222,1,1,1999,0,0,0,0,0,0,0,0,0,0
60223,1,1,1999,0,0,0,0,14,0,0,0,0,0
60224,1,1,1999,25,13,17,14,10,30,26,19,8,37
60225,1,1,1999,0,0,0,0,0,0,0,0,0,0
60226,1,1,1999,20,20,20,20,20,20,20,20,20,20
60227,1,1,1999,19,19,19,19,19,19,19,19,19,19
60228,0,1,1999,0,0,0,0,0,0,0,0,0,0
60228,1,1,1999,0,0,0,0,0,0,0,0,0,0
60229,0,1,1999,4,4,4,4,4,4,4,4,4,4
60229,1,1,1999,0,0,0,0,0,0,0,0,0,0
60230,0,1,1999,24,24,24,24,24,24,24,24,24,24
60230,1,1,1999,19,0,33,0,9,0,12,0,0,0
60231,0,1,1999,23,23,23,23,23,23,23,23,23,23
60231,1,1,1999,0,0,0,0,0,0,0,0,0,0
60232,1,1,1999,8,8,8,8,8,8,8,8,8,8
60233,1,1,1999,0,0,0,0,0,0,0,0,0,0
60234,0,1,1999,0,0,0,0,0,0,0,0,0,0
60234,1,1,1999,0,0,0,0,0,0,0,0,0,0
60235,1,1,1999,0,0,0,0,0,0,0,0,0,0
60236,1,1,1999,24,24,24,24,24,24,24,24,24,24
60237,1,1,1999,11,11,11,11,11,11,11,11,11,11
60238,0,1,1999,38,38,38,38,38,38,38,38,38,38
60238,1,1,1999,0,0,0,0,0,0,0,0,0,0
60239,1,1,1999,23,23,23,23,23,23,23,23,23,23
60240,0,1,1999,0,0,0,0,0,0,0,0,0,0
60240,1,1,1999,0,0,0,0,0,0,0,0,0,0
60241,1,1,1999,0,0,0,0,0,0,0,0,0,0
60242,1,1,1999,0,0,0,0,0,0,0,0,0,0
60243,1,1,1999,0,0,0,0,0,0,0,0,0,0
60244,0,1,1999,0,0,0,0,0,0,0,0,0,0
60244,1,1,1999,0,0,0,0,0,20,0,0,0,0
60245,0,1,1999,0,0,0,0,0,0,0,0,0,0
60245,1,1,1999,0,0,0,0,0,0,0,0,0,0
60246,0,1,1999,0,0,0,0,0,0,0,0,0,0
60246,1,1,1999,0,0,0,0,0,0,0,0,0,0
60247,0,1,1999,0,0,0,0,0,0,0,0,0,0
60247,1,1,1999,0,0,0,0,0,0,0,0,0,0
60248,1,1,1999,8,8,8,8,8,8,8,8,8,8
60249,1,1,1999,0,0,0,0,0,0,0,0,0,0
60250,1,1,1999,0,0,0,0,0,0,0,0,0,0