ST_CASE,VEH_NO,PER_NO,YEAR,P1,P2,P3,P4,P5,P6,P7,P8,P9,P10
60251,1,1,1999,3,3,3,3,3,3,3,3,3,3
60252,1,1,1999,0,0,0,0,0,0,0,0,0,0
60253,1,1,1999,8,8,8,8,8,8,8,8,8,8
60254,1,1,1999,0,0,0,0,0,0,0,0,0,0
60254,2,1,1999,0,0,0,0,0,0,0,0,0,0
60254,3,1,1999,0,0,0,0,0,0,0,0,0,0
60255,1,1,1999,17,17,17,17,17,17,17,17,17,17
60255,2,1,1999,0,0,0,0,0,0,0,0,0,0
60256,1,1,1999,20,20,20,20,20,20,20,20,20,20
60256,2,1,1999,0,0,0,0,0,0,0,15,0,0
60257,1,1,1999,0,0,0,0,0,0,0,0,0,0
60257,2,1,1999,0,0,0,0,0,0,0,0,0,0
60258,0,1,1999,25,25,25,25,25,25,25,25,25,25
60258,1,1,1999,0,0,0,0,0,0,0,0,0,0
60259,1,1,1999,0,0,0,0,0,0,0,0,0,0
60260,1,1,1999,0,0,0,0,0,0,0,0,0,0
60261,1,1,1999,0,3,0,0,0,26,15,0,0,0
60262,0,1,1999,20,20,20,20,20,20,20,20,20,20
60262,1,1,1999,18,18,18,18,18,18,18,18,18,18
60263,1,1,1999,46,46,46,46,46,46,46,46,46,46
60264,1,1,1999,0,0,0,0,0,0,0,0,0,0
60265,1,1,1999,0,0,0,0,0,0,0,0,0,0
60266,0,1,1999,26,26,26,26,26,26,26,26,26,26
60266,1,1,1999,0,0,0,0,0,0,0,0,0,0
60267,1,1,1999,0,0,0,0,0,0,0,0,0,0
60267,2,1,1999,0,0,0,0,0,0,0,0,0,0
60268,1,1,1999,9,9,9,9,9,9,9,9,9,9
60268,2,1,1999,0,0,0,0,0,0,0,0,0,0
60269,1,1,1999,31,31,31,31,31,31,31,31,31,31
60270,1,1,1999,10,10,10,10,10,10,10,10,10,10
60270,2,1,1999,0,0,0,0,0,0,0,0,0,0
60271,1,1,1999,0,0,0,0,0,0,0,0,0,0
60272,0,1,1999,0,0,0,0,0,0,0,0,0,0
60272,1,1,1999,0,0,0,0,0,0,0,0,0,0
60273,1,1,1999,13,13,13,13,13,13,13,13,13,13
60273,2,1,1999,0,0,0,0,18,0,0,0,0,0
60274,1,1,1999,0,0,0,0,0,0,0,0,0,0
60274,2,1,1999,0,0,0,0,0,0,0,0,0,0
60275,1,1,1999,0,0,0,0,0,0,0,0,0,0
60276,1,1,1999,0,0,0,0,0,0,0,0,0,0
60276,2,1,1999,0,0,0,0,0,0,0,0,0,0
60277,1,1,1999,0,0,0,0,0,0,0,0,0,0
60277,2,1,1999,0,0,0,0,0,0,0,0,0,0
60278,1,1,1999,0,0,0,0,0,0,0,0,0,0
60278,2,1,1999,20,0,0,0,0,0,0,0,0,0
60279,1,1,1999,0,0,0,0,0,0,0,0,0,0
60279,2,1,1999,0,0,0,0,0,0,0,0,0,0
60280,1,1,1999,0,0,0,0,0,0,0,0,0,0
60280,2,1,1999,0,0,0,0,0,0,0,0,0,0
60280,3,1,1999,0,0,0,0,0,0,0,0,0,0
60281,0,1,1999,31,31,31,31,31,31,31,31,31,31
60281,0,2,1999,0,11,16,0,0,0,0,0,0,0
60281,1,1,1999,9,9,9,9,9,9,9,9,9,9
60282,0,1,1999,23,23,23,23,23,23,23,23,23,23
60282,1,1,1999,0,0,0,0,0,0,0,0,0,0
60283,1,1,1999,17,17,17,17,17,17,17,17,17,17
60283,2,1,1999,0,0,0,0,0,0,0,0,0,0
60283,3,1,1999,0,0,0,0,0,0,0,0,0,0
60284,1,1,1999,0,0,0,0,0,0,0,0,0,0
60284,2,1,1999,0,0,0,0,0,0,0,0,0,0
60285,1,1,1999,0,0,0,0,0,0,0,0,0,0
60285,2,1,1999,0,0,0,0,0,0,0,0,0,0
60286,1,1,1999,15,15,15,15,15,15,15,15,15,15
60286,2,1,1999,0,0,0,0,0,0,0,0,0,0
60287,1,1,1999,26,26,26,26,26,26,26,26,26,26
60287,2,1,1999,0,0,0,0,13,0,0,0,0,0
60288,1,1,1999,0,0,0,0,0,0,0,0,0,0
60288,2,1,1999,0,0,0,0,0,0,0,0,0,0
60289,1,1,1999,0,0,0,0,0,0,0,0,0,0
60289,2,1,1999,0,0,0,0,0,0,0,0,0,0
60290,1,1,1999,14,14,14,14,14,14,14,14,14,14
60290,2,1,1999,0,0,0,0,0,0,0,0,2,0
60290,3,1,1999,0,0,0,0,0,0,0,0,0,0
60290,4,1,1999,0,0,0,0,0,0,0,0,0,0
60290,5,1,1999,0,0,0,0,0,0,0,0,0,0
60291,1,1,1999,0,0,0,0,0,0,0,0,0,0
60291,2,1,1999,0,0,0,0,0,0,0,0,0,0
60292,1,1,1999,0,0,0,0,0,0,0,0,0,0
60293,1,1,1999,0,0,0,0,0,0,0,0,0,0
60293,2,1,1999,0,0,0,0,5,0,0,20,0,0
60293,3,1,1999,0,0,0,0,0,0,0,19,0,0
60294,1,1,1999,14,14,14,14,14,14,14,14,14,14
60295,1,1,1999,0,0,0,0,0,0,0,0,0,0
60296,1,1,1999,0,0,0,0,0,0,0,0,0,0
60296,2,1,1999,0,11,0,0,0,0,0,0,0,0
60297,1,1,1999,4,4,4,4,4,4,4,4,4,4
60297,2,1,1999,0,0,0,0,0,0,0,0,0,0
60298,0,1,1999,0,0,0,0,0,0,0,0,0,0
60298,1,1,1999,0,0,0,0,0,0,0,0,0,0
60299,1,1,1999,0,0,0,0,0,0,0,0,0,0
60299,2,1,1999,0,0,0,0,0,0,0,0,0,0
60299,3,1,1999,0,0,0,0,0,0,0,0,0,0
60300,0,1,1999,0,0,0,0,0,0,0,0,0,0
60300,1,1,1999,20,20,20,20,20,20,20,20,20,20
60301,1,1,1999,0,18,0,0,0,0,0,0,0,0
60301,2,1,1999,0,0,0,0,0,0,0,0,0,0
60302,0,1,1999,0,0,0,0,0,0,0,0,0,0
60302,1,1,1999,0,0,0,0,8,0,0,0,0,0
60303,1,1,1999,0,0,0,0,0,0,0,0,0,0
60304,1,1,1999,0,0,0,0,0,0,0,0,0,0
60305,1,1,1999,0,0,0,0,0,0,0,0,0,0
60306,1,1,1999,0,0,0,0,0,0,0,0,0,0
60307,1,1,1999,0,0,0,0,0,0,0,0,0,0
60307,2,1,1999,0,0,0,0,0,0,0,0,0,0
60307,3,1,1999,0,0,0,0,0,0,0,0,0,0
60308,1,1,1999,28,28,28,28,28,28,28,28,28,28
60309,1,1,1999,17,17,17,17,17,17,17,17,17,17
60310,1,1,1999,0,0,0,12,0,0,0,0,0,5
60311,1,1,1999,0,0,0,0,0,0,0,0,0,0
60312,1,1,1999,0,0,0,0,0,0,0,0,0,0
60313,1,1,1999,22,22,22,22,22,22,22,22,22,22
60314,1,1,1999,0,0,0,0,0,0,0,0,0,0
60315,1,1,1999,0,0,0,0,0,0,0,0,0,0
60316,0,1,1999,0,0,0,0,0,0,0,0,0,0
60316,1,1,1999,7,0,11,0,0,0,0,0,0,0
60317,0,1,1999,8,8,8,8,8,8,8,8,8,8
60317,1,1,1999,0,0,0,0,0,0,0,0,0,0
60318,1,1,1999,26,26,26,26,26,26,26,26,26,26
60319,1,1,1999,0,0,0,0,0,0,0,0,0,0
60320,0,1,1999,0,0,0,0,0,0,0,0,0,0
60320,1,1,1999,0,0,0,0,0,0,0,0,0,0
60321,1,1,1999,0,0,0,0,0,0,0,0,0,0
60322,1,1,1999,0,0,0,0,0,0,0,29,0,0
60323,1,1,1999,0,0,0,0,0,0,0,0,0,0
60324,0,1,1999,0,0,0,0,0,0,0,0,0,0
60324,1,1,1999,0,0,0,0,0,0,0,0,0,0
60325,0,1,1999,0,0,0,0,0,0,0,0,0,0
60325,1,1,1999,0,9,0,0,0,0,0,0,0,0
60326,1,1,1999,16,9,21,32,17,22,5,14,18,0
60327,0,1,1999,0,0,0,0,0,0,0,0,0,0
60327,1,1,1999,0,0,0,0,0,0,0,14,0,0
60328,0,1,1999,10,10,10,10,10,10,10,10,10,10
60328,1,1,1999,0,0,0,0,0,0,0,0,0,0
60329,0,1,1999,33,33,33,33,33,33,33,33,33,33
60329,1,1,1999,4,4,4,4,4,4,4,4,4,4
60330,1,1,1999,11,0,19,7,19,4,3,13,20,10
60331,1,1,1999,0,0,0,0,0,0,0,0,0,0
60332,0,1,1999,0,0,0,0,0,0,0,0,0,0
60332,1,1,1999,0,0,0,0,0,0,0,0,0,0
60333,1,1,1999,0,0,0,0,0,0,0,0,0,0
60334,1,1,1999,32,19,26,16,0,18,18,15,19,15
60335,1,1,1999,0,0,0,0,0,0,0,0,0,0
60336,1,1,1999,0,0,0,0,0,0,0,0,0,0
60336,2,1,1999,0,0,0,0,0,0,0,0,0,0
60336,3,1,1999,0,0,0,0,0,0,7,0,0,0
60337,0,1,1999,0,0,0,0,0,0,0,0,0,0
60337,1,1,1999,0,0,0,0,0,0,0,0,0,0
60338,0,1,1999,0,0,0,0,0,0,0,0,0,0
60338,1,1,1999,0,0,0,0,0,0,0,0,0,0
60339,1,1,1999,0,0,0,0,0,0,0,0,0,0
60340,1,1,1999,0,0,0,0,0,0,0,0,0,0
60340,2,1,1999,0,0,0,0,0,0,0,0,0,0
60341,1,1,1999,0,0,0,0,0,0,0,0,0,0
60341,2,1,1999,0,0,0,0,0,0,0,0,0,0
60342,1,1,1999,5,5,5,5,5,5,5,5,5,5
60343,0,1,1999,12,0,0,25,0,0,0,29,0,0
60343,1,1,1999,0,0,0,0,0,0,0,0,0,0
60344,1,1,1999,15,15,15,15,15,15,15,15,15,15
60344,2,1,1999,0,0,0,0,0,0,0,27,0,0
60345,1,1,1999,13,13,13,13,13,13,13,13,13,13
60346,1,1,1999,14,14,14,14,14,14,14,14,14,14
60346,2,1,1999,0,0,0,0,0,0,0,0,0,0
60347,0,1,1999,6,6,6,6,6,6,6,6,6,6
60347,1,1,1999,0,0,0,0,0,0,0,6,0,0
60348,0,1,1999,0,0,0,0,0,0,0,0,0,0
60348,1,1,1999,0,0,0,0,0,0,0,0,0,0
60349,1,1,1999,18,18,18,18,18,18,18,18,18,18
60350,1,1,1999,20,20,20,20,20,20,20,20,20,20
60351,1,1,1999,0,0,0,0,0,0,0,0,0,0
60352,0,1,1999,3,3,3,3,3,3,3,3,3,3
60352,1,1,1999,0,0,0,0,8,0,0,0,0,10
60353,1,1,1999,0,0,0,0,0,0,0,0,0,0
60354,0,1,1999,0,0,0,0,0,0,0,0,0,0
60354,1,1,1999,0,0,0,0,0,0,0,0,0,0
60355,0,1,1999,32,32,32,32,32,32,32,32,32,32
60355,1,1,1999,0,0,0,0,0,0,0,0,0,0
60356,0,1,1999,0,0,0,0,0,0,0,0,0,0
60356,1,1,1999,0,20,0,0,0,0,0,0,0,0
60357,1,1,1999,17,17,17,17,17,17,17,17,17,17
60358,1,1,1999,0,0,0,0,0,0,0,0,0,0
60359,1,1,1999,0,0,0,0,0,0,0,0,0,0
60360,1,1,1999,0,0,0,0,0,0,0,0,0,0
60360,2,1,1999,0,0,0,0,0,0,0,0,0,0
60361,1,1,1999,9,9,9,9,9,9,9,9,9,9
60362,1,1,1999,31,31,31,31,31,31,31,31,31,31
60363,0,1,1999,28,28,28,28,28,28,28,28,28,28
60363,1,1,1999,4,16,0,0,0,0,0,0,0,0
60364,0,1,1999,0,0,0,0,0,0,0,0,0,0
60364,1,1,1999,0,0,0,0,0,0,0,0,0,0
60365,1,1,1999,0,0,0,0,0,0,0,0,0,0
60366,1,1,1999,24,24,24,24,24,24,24,24,24,24
60367,1,1,1999,17,17,17,17,17,17,17,17,17,17
60368,0,1,1999,0,0,0,0,0,0,0,0,0,0
60368,1,1,1999,0,0,0,0,0,0,0,0,0,0
60369,0,1,1999,0,0,0,0,0,0,0,0,0,0
60369,1,1,1999,0,0,0,0,0,0,0,0,0,0
60370,1,1,1999,0,0,0,0,0,0,0,0,0,0
60371,1,1,1999,0,0,0,0,0,0,0,0,0,0
60372,1,1,1999,0,0,0,0,0,0,0,0,0,0
60373,1,1,1999,0,0,0,0,0,0,0,0,0,0
60373,2,1,1999,0,0,0,0,0,0,0,0,0,0
60374,1,1,1999,0,0,0,0,0,0,0,0,0,0
60375,1,1,1999,19,19,19,19,19,19,19,19,19,19
60376,1,1,1999,0,0,0,0,0,0,0,0,0,0
60377,1,1,1999,8,8,8,8,8,8,8,8,8,8
60378,1,1,1999,50,50,50,50,50,50,50,50,50,50
60379,1,1,1999,0,0,0,0,0,0,0,0,0,0
60380,1,1,1999,0,6,11,0,0,0,0,21,0,0
60381,1,1,1999,23,23,23,23,23,23,23,23,23,23
60382,0,1,1999,0,0,0,0,0,0,0,0,0,0
60382,1,1,1999,0,0,0,0,0,0,0,0,0,0
60383,1,1,1999,0,0,0,0,0,0,0,0,0,0
60384,1,1,1999,21,21,21,21,21,21,21,21,21,21
60385,0,1,1999,0,0,0,0,0,0,0,0,0,0
60385,1,1,1999,0,0,0,0,0,0,0,0,0,0
60386,0,1,1999,0,0,0,0,0,0,0,0,0,0
60386,1,1,1999,0,0,0,0,0,0,0,0,0,0
60387,0,1,1999,0,0,0,0,0,0,0,0,0,26
60387,1,1,1999,0,0,0,0,0,0,0,0,0,0
60388,1,1,1999,23,23,23,23,23,23,23,23,23,23
60389,1,1,1999,0,0,0,0,0,0,0,0,0,0
60390,1,1,1999,0,0,0,0,0,0,0,0,0,0
60391,0,1,1999,0,0,0,0,0,0,0,0,0,0
60391,2,1,1999,0,0,0,0,0,0,0,0,0,0
60392,1,1,1999,25,0,17,0,0,0,0,0,0,4
60393,0,1,1999,26,26,26,26,26,26,26,26,26,26
60393,1,1,1999,0,0,0,0,0,0,0,0,0,0
60394,1,1,1999,0,0,0,0,0,0,0,0,0,0
60395,1,1,1999,0,0,0,0,0,0,0,0,0,0
60396,0,1,1999,0,0,0,0,0,0,0,0,0,0
60396,1,1,1999,0,0,0,0,0,0,0,0,0,0
60397,1,1,1999,0,0,0,0,0,0,0,0,0,0
60398,0,1,1999,24,24,24,24,24,24,24,24,24,24
60398,1,1,1999,0,0,0,0,0,0,0,0,0,0
60399,1,1,1999,39,39,39,39,39,39,39,39,39,39
60400,1,1,1999,0,0,0,0,0,0,0,0,0,0
60401,0,1,1999,0,0,0,0,0,0,0,0,0,0
60401,1,1,1999,0,0,0,0,0,0,0,0,0,0
60402,1,1,1999,2,2,2,2,2,2,2,2,2,2
60403,1,1,1999,29,29,29,29,29,29,29,29,29,29
60403,2,1,1999,0,0,0,0,0,0,0,0,0,0
60404,1,1,1999,17,17,17,17,17,17,17,17,17,17
60404,2,1,1999,0,0,0,0,0,0,0,0,0,0
60405,1,1,1999,0,0,0,0,0,0,0,0,0,0
60405,2,1,1999,0,0,0,0,0,0,0,0,0,0
60406,1,1,1999,0,0,0,0,0,0,0,0,0,0
60406,2,1,1999,13,0,0,0,0,0,0,0,0,0
60407,1,1,1999,0,0,0,0,0,0,0,0,0,0
60407,2,1,1999,5,26,13,21,9,11,24,19,29,9
60408,1,1,1999,0,0,0,0,0,0,0,0,0,0
60408,2,1,1999,0,0,0,0,0,0,0,0,0,0
60409,1,1,1999,0,0,0,0,0,0,0,0,0,0
60409,2,1,1999,0,0,0,0,0,0,0,0,0,0
60410,0,1,1999,0,0,0,0,0,0,0,0,0,0
60410,1,1,1999,0,0,0,0,0,0,0,0,0,0
60411,1,1,1999,10,10,10,10,10,10,10,10,10,10
60412,1,1,1999,0,0,0,0,0,0,0,0,0,0
60412,2,1,1999,0,23,0,0,0,0,21,0,0,0
60413,1,1,1999,0,0,0,0,0,0,0,0,0,0
60414,1,1,1999,0,0,0,0,0,0,0,0,0,0
60414,2,1,1999,0,0,0,0,0,0,0,0,0,0
60415,1,1,1999,0,0,0,0,0,0,0,0,0,0
60415,2,1,1999,0,0,0,0,0,0,0,0,0,0
60416,1,1,1999,27,27,27,27,27,27,27,27,27,27
60417,1,1,1999,0,0,0,0,0,0,0,0,0,0
60418,0,1,1999,0,0,0,0,0,0,0,0,0,0
60418,1,1,1999,0,0,0,0,0,0,0,0,0,0
60419,1,1,1999,0,0,0,0,0,0,0,0,0,0
60420,1,1,1999,11,11,11,11,11,11,11,11,11,11
60421,1,1,1999,24,24,24,24,24,24,24,24,24,24
60422,1,1,1999,27,27,27,27,27,27,27,27,27,27
60423,1,1,1999,0,0,0,0,0,21,10,0,0,9
60424,0,1,1999,0,0,0,0,0,0,0,0,0,0
60424,1,1,1999,0,0,0,0,0,0,0,0,0,0
60425,0,1,1999,0,0,0,0,0,0,0,0,0,0
60425,1,1,1999,0,0,0,0,0,0,0,0,0,0
60426,1,1,1999,0,0,0,0,0,0,0,16,0,0
60427,1,1,1999,21,21,21,21,21,21,21,21,21,21
60428,1,1,1999,10,10,10,10,10,10,10,10,10,10
60429,1,1,1999,0,0,0,0,0,0,0,0,0,0
60430,0,1,1999,0,0,0,0,0,0,0,0,0,0
60430,0,2,1999,0,0,0,0,0,0,0,0,0,0
60430,1,1,1999,25,25,25,25,25,25,25,25,25,25
60431,1,1,1999,0,0,0,0,0,0,0,0,0,0
60432,1,1,1999,0,0,0,0,0,0,0,0,0,0
60432,2,1,1999,0,0,0,0,0,0,0,0,0,0
60433,1,1,1999,17,17,17,17,17,17,17,17,17,17
60433,2,1,1999,0,0,0,0,0,0,0,0,0,0
60433,3,1,1999,0,0,0,0,0,0,0,0,0,0
60433,4,1,1999,0,0,0,0,0,0,0,0,0,0
60433,5,1,1999,0,0,0,0,0,0,0,0,0,0
60434,1,1,1999,0,0,0,0,0,0,0,0,0,0
60434,2,1,1999,0,0,0,0,0,0,0,0,0,0
60435,0,1,1999,0,0,0,0,0,0,0,0,0,0
60435,1,1,1999,0,0,0,0,0,0,0,0,0,0
60436,0,1,1999,0,0,0,0,0,0,0,0,0,0
60436,1,1,1999,0,0,0,0,0,0,0,0,0,0
60436,2,1,1999,0,0,0,0,0,0,0,0,0,0
60437,1,1,1999,0,0,0,0,0,0,0,0,0,0
60437,2,1,1999,0,0,0,0,0,0,0,0,0,0
60438,1,1,1999,1,1,1,1,1,1,1,1,1,1
60438,2,1,1999,0,0,0,0,0,0,0,0,0,0
60439,0,1,1999,0,0,0,0,0,0,0,0,0,0
60439,1,1,1999,0,0,0,0,0,0,0,0,0,0
60440,1,1,1999,0,0,0,0,0,0,0,0,0,0
60440,2,1,1999,0,0,0,0,0,0,0,0,0,0
60441,1,1,1999,0,0,0,0,0,0,0,0,0,0
60442,1,1,1999,0,0,0,0,0,0,0,0,0,0
60443,1,1,1999,0,0,0,0,0,0,0,0,0,0
60444,0,1,1999,0,0,0,0,0,0,0,0,0,0
60444,1,1,1999,0,0,0,0,0,0,0,0,0,0
60445,1,1,1999,0,0,0,0,0,0,0,0,0,0
60447,0,1,1999,0,0,0,0,0,0,0,0,0,0
60447,1,1,1999,0,0,0,0,13,0,0,0,0,0
60448,0,1,1999,21,21,21,21,21,21,21,21,21,21
60448,1,1,1999,0,0,0,11,0,0,0,0,0,0
60449,1,1,1999,0,0,0,0,0,0,0,0,0,0
60450,1,1,1999,0,11,0,0,0,18,25,8,16,0
60451,0,1,1999,8,8,8,8,8,8,8,8,8,8
60451,1,1,1999,24,0,0,0,0,12,16,17,0,0
60452,1,1,1999,10,10,10,10,10,10,10,10,10,10
60453,1,1,1999,10,10,10,10,10,10,10,10,10,10
60454,1,1,1999,12,12,12,12,12,12,12,12,12,12
60455,0,1,1999,0,0,0,0,0,0,0,0,0,0
60455,1,1,1999,0,0,0,0,0,0,0,0,0,0
60456,0,1,1999,0,0,0,0,0,0,0,0,0,0
60456,1,1,1999,0,0,0,0,0,0,0,0,0,0
60457,1,1,1999,0,0,0,0,0,0,0,0,0,0
60458,1,1,1999,7,7,7,7,7,7,7,7,7,7
60459,0,1,1999,10,10,10,10,10,10,10,10,10,10
60459,1,1,1999,0,0,0,0,0,0,0,0,0,0
60460,1,1,1999,25,25,25,25,25,25,25,25,25,25
60461,1,1,1999,0,0,0,0,0,0,0,0,0,0
60462,1,1,1999,0,0,0,0,0,0,0,0,0,0
60462,2,1,1999,0,17,31,11,12,0,14,0,10,13
60463,1,1,1999,0,0,0,0,0,0,0,0,0,0
60463,2,1,1999,0,0,0,0,0,0,0,0,0,0
60464,1,1,1999,14,14,14,14,14,14,14,14,14,14
60464,2,1,1999,0,0,0,0,0,15,0,0,0,0
60465,0,1,1999,0,0,0,0,0,0,0,0,0,0
60465,1,1,1999,0,0,0,0,0,0,0,0,0,0
60466,1,1,1999,0,0,0,0,0,0,0,0,0,0
60466,2,1,1999,0,0,0,0,0,0,0,0,0,0
60467,0,1,1999,0,0,0,0,0,0,0,0,0,0
60467,1,1,1999,0,0,0,0,0,0,0,0,0,0
60468,1,1,1999,0,0,0,0,0,0,0,0,0,0
60469,1,1,1999,23,23,23,23,23,23,23,23,23,23
60470,1,1,1999,0,0,0,0,0,0,0,0,0,0
60470,2,1,1999,0,0,0,0,0,12,0,0,0,0
60471,1,1,1999,19,19,19,19,19,19,19,19,19,19
60472,1,1,1999,0,0,0,0,0,0,0,0,0,0
60472,2,1,1999,0,0,0,0,0,0,0,0,0,0
60472,3,1,1999,0,0,0,0,0,0,0,0,0,0
60473,1,1,1999,0,0,0,0,0,0,0,0,0,0
60473,2,1,1999,0,0,0,0,0,0,0,0,0,0
60474,1,1,1999,0,0,0,0,19,0,0,10,0,0
60475,1,1,1999,16,16,16,16,16,16,16,16,16,16
60476,1,1,1999,35,35,35,35,35,35,35,35,35,35
60477,1,1,1999,8,0,0,0,0,0,0,0,0,0
60478,0,1,1999,0,0,0,0,0,0,0,0,0,0
60478,0,2,1999,0,0,18,0,20,10,10,9,0,0
60478,1,1,1999,7,7,7,7,7,7,7,7,7,7
60479,1,1,1999,17,17,17,17,17,17,17,17,17,17
60479,2,1,1999,12,12,12,12,12,12,12,12,12,12
60480,1,1,1999,0,0,0,0,0,0,0,0,0,0
60480,2,1,1999,0,0,0,0,0,0,0,0,0,0
60481,0,1,1999,0,0,0,0,0,0,0,0,0,0
60481,1,1,1999,0,0,0,0,0,0,0,0,0,0
60482,1,1,1999,15,15,15,15,15,15,15,15,15,15
60483,1,1,1999,15,15,15,15,15,15,15,15,15,15
60483,2,1,1999,0,16,0,0,0,2,0,0,0,0
60484,1,1,1999,29,29,29,29,29,29,29,29,29,29
60485,1,1,1999,13,13,13,13,13,13,13,13,13,13
60486,1,1,1999,11,0,0,0,0,0,0,0,0,0
60486,2,1,1999,0,0,0,0,0,0,0,0,5,0
60487,1,1,1999,0,0,0,0,0,0,0,0,0,0
60487,2,1,1999,0,0,0,0,0,0,0,0,0,0
60488,1,1,1999,16,16,16,16,16,16,16,16,16,16
60489,1,1,1999,0,0,0,0,0,0,0,0,0,0
60490,1,1,1999,0,0,0,0,0,0,0,0,0,0
60490,2,1,1999,0,0,0,0,0,0,0,0,0,0
60490,3,1,1999,17,10,0,0,0,0,0,0,0,0
60491,1,1,1999,0,0,0,0,0,0,0,0,0,0
60491,2,1,1999,0,0,0,0,0,0,0,0,0,0
60492,0,1,1999,0,0,0,0,0,0,0,0,0,0
60492,1,1,1999,0,0,0,12,0,0,0,0,0,0
60493,1,1,1999,0,0,0,0,0,0,0,0,0,0
60493,2,1,1999,4,4,4,4,4,4,4,4,4,4
60494,1,1,1999,0,0,0,6,0,0,0,0,0,0
60494,2,1,1999,0,0,0,0,0,0,0,0,0,0
60495,1,1,1999,0,0,0,0,0,0,0,0,0,0
60495,2,1,1999,0,0,0,0,0,0,0,0,0,0
60495,3,1,1999,0,0,0,17,0,0,0,0,0,0
60496,0,1,1999,0,0,0,0,0,0,0,0,0,0
60496,1,1,1999,19,0,0,0,0,0,0,0,0,0
60497,0,1,1999,0,0,0,0,0,0,0,0,0,0
60497,1,1,1999,0,16,0,0,0,0,0,0,0,0
60498,1,1,1999,12,12,12,12,12,12,12,12,12,12
60499,1,1,1999,14,14,14,14,14,14,14,14,14,14
60500,0,1,1999,5,5,5,5,5,5,5,5,5,5
60500,1,1,1999,0,0,0,0,0,0,0,0,0,0
60501,1,1,1999,18,18,18,18,18,18,18,18,18,18
60503,1,1,1999,3,3,3,3,3,3,3,3,3,3
60504,0,1,1999,13,13,13,13,13,13,13,13,13,13
60504,1,1,1999,0,0,0,0,0,7,0,0,0,0
60505,0,1,1999,17,17,17,17,17,17,17,17,17,17
60505,1,1,1999,0,0,0,0,0,0,0,0,0,40
60506,1,1,1999,0,0,0,0,0,0,0,0,0,0
60507,0,1,1999,31,31,31,31,31,31,31,31,31,31
60507,1,1,1999,0,0,0,0,0,0,0,0,0,0
60508,0,1,1999,17,17,17,17,17,17,17,17,17,17
60508,1,1,1999,0,0,0,0,14,0,0,0,0,0
60508,2,1,1999,0,0,0,0,0,0,0,0,0,0
60509,1,1,1999,5,5,5,5,5,5,5,5,5,5
60509,2,1,1999,0,0,0,0,0,0,0,0,0,0
60509,3,1,1999,0,0,0,0,0,0,0,0,0,0
60509,4,1,1999,0,0,0,0,0,0,0,0,0,0
60510,1,1,1999,0,0,0,0,0,0,0,0,0,0
60511,1,1,1999,0,0,0,0,0,0,0,0,0,0
60511,2,1,1999,0,0,0,0,0,0,0,0,0,0
60511,3,1,1999,0,0,0,0,0,0,0,0,0,0
60512,0,1,1999,0,0,0,0,0,0,0,0,0,0
60512,0,2,1999,0,0,0,0,0,0,0,0,0,0
60512,0,3,1999,10,0,0,0,13,0,0,0,0,0
60512,1,1,1999,0,0,0,0,0,0,0,0,0,0
60513,1,1,1999,18,18,18,18,18,18,18,18,18,18
60514,1,1,1999,5,5,5,5,5,5,5,5,5,5
60515,1,1,1999,0,0,8,0,0,0,11,0,17,0
60516,1,1,1999,14,14,14,14,14,14,14,14,14,14
60516,2,1,1999,21,8,2,19,6,20,10,6,8,3
60517,1,1,1999,0,0,0,0,0,0,0,0,0,0
60518,0,1,1999,0,0,0,0,0,0,0,0,0,0
60518,1,1,1999,0,0,0,0,0,0,0,0,0,0
60519,0,1,1999,0,0,0,0,0,0,0,0,0,0
60519,1,1,1999,0,0,0,0,0,0,0,0,0,0
60520,1,1,1999,0,0,0,0,0,0,0,0,0,0
60520,2,1,1999,0,0,0,0,0,0,0,0,0,0
60521,0,1,1999,22,22,22,22,22,22,22,22,22,22
60521,1,1,1999,10,22,0,0,0,0,0,12,0,0
60522,0,1,1999,0,0,0,0,0,0,0,0,0,0
60522,1,1,1999,0,0,0,0,0,0,0,0,0,0
60523,1,1,1999,0,0,0,0,0,0,0,0,0,0
60523,2,1,1999,0,9,0,0,0,0,0,0,0,0
60523,3,1,1999,0,0,0,0,0,0,0,0,0,0
60524,1,1,1999,0,0,0,0,0,0,0,0,0,0
60525,1,1,1999,19,19,19,19,19,19,19,19,19,19
60526,1,1,1999,23,23,23,23,23,23,23,23,23,23
60526,2,1,1999,0,0,0,0,0,0,0,0,0,0
60526,3,1,1999,0,0,0,0,15,0,0,0,0,0
60527,1,1,1999,12,12,12,12,12,12,12,12,12,12
60527,2,1,1999,0,0,0,0,0,0,0,0,0,0
60528,1,1,1999,0,0,0,0,0,0,0,0,0,0