ST_CASE,VEH_NO,PER_NO,YEAR,P1,P2,P3,P4,P5,P6,P7,P8,P9,P10
60529,1,1,1999,0,0,0,0,0,0,0,0,0,0
60529,2,1,1999,0,0,0,0,0,0,0,0,0,0
60530,1,1,1999,0,0,0,0,0,0,0,0,0,0
60531,0,1,1999,0,0,0,0,0,0,0,0,0,0
60531,1,1,1999,0,0,0,0,0,0,0,0,0,0
60532,1,1,1999,0,0,0,0,0,0,0,0,0,0
60532,2,1,1999,0,0,0,0,0,0,0,0,0,0
60532,3,1,1999,0,0,0,0,0,0,0,0,0,0
60533,1,1,1999,0,0,0,0,0,0,0,0,0,0
60533,2,1,1999,0,0,0,0,0,0,0,0,0,0
60534,1,1,1999,0,0,0,0,0,0,0,0,0,0
60534,2,1,1999,0,0,0,0,0,0,0,0,0,0
60534,3,1,1999,0,0,0,0,0,0,0,0,0,0
60535,1,1,1999,0,0,0,0,0,0,0,0,0,0
60535,2,1,1999,0,0,0,0,0,0,0,0,0,0
60535,3,1,1999,0,0,0,0,0,0,0,0,0,0
60536,0,1,1999,0,0,0,0,0,0,0,0,0,0
60536,1,1,1999,0,0,0,0,0,0,0,0,6,0
60537,1,1,1999,0,0,0,0,0,0,0,0,0,0
60537,2,1,1999,0,0,0,0,0,0,0,0,0,0
60538,1,1,1999,0,0,0,0,0,0,0,0,0,0
60539,1,1,1999,0,0,0,0,0,0,0,0,0,0
60540,0,1,1999,0,0,0,0,0,0,0,0,0,0
60540,1,1,1999,0,0,0,0,0,0,0,0,0,0
60541,0,1,1999,0,0,0,0,0,0,0,0,0,0
60542,0,1,1999,0,0,0,0,0,0,0,0,0,0
60542,1,1,1999,0,0,0,0,0,0,0,0,0,0
60542,2,1,1999,0,0,0,0,0,0,0,0,0,0
60543,0,1,1999,0,0,0,3,33,0,20,0,0,7
60543,0,2,1999,0,0,0,0,0,0,19,11,18,0
60543,1,1,1999,0,0,0,0,0,0,0,0,0,0
60544,1,1,1999,0,0,0,0,0,0,0,0,0,0
60544,2,1,1999,0,0,0,0,0,0,0,0,0,0
60545,1,1,1999,0,18,5,0,0,0,5,0,0,7
60546,0,1,1999,8,8,8,8,8,8,8,8,8,8
60546,1,1,1999,0,0,0,32,0,5,0,0,0,0
60547,1,1,1999,23,23,23,23,23,23,23,23,23,23
60548,1,1,1999,0,0,0,10,0,20,0,0,0,0
60548,2,1,1999,0,0,0,0,0,0,0,0,0,0
60548,3,1,1999,0,0,0,0,0,0,0,0,0,0
60548,4,1,1999,0,0,0,0,0,0,0,0,0,0
60549,1,1,1999,23,23,23,23,23,23,23,23,23,23
60549,2,1,1999,0,0,0,0,0,0,0,0,0,0
60550,0,1,1999,0,0,0,0,0,0,0,0,0,0
60550,1,1,1999,0,0,0,0,0,0,0,0,0,0
60551,0,1,1999,0,0,0,0,0,0,0,0,0,0
60551,1,1,1999,0,0,0,0,0,0,0,0,0,0
60552,1,1,1999,0,0,0,0,0,0,0,0,0,0
60553,1,1,1999,0,0,0,0,0,0,0,0,0,0
60553,2,1,1999,9,9,9,9,9,9,9,9,9,9
60554,0,1,1999,6,6,6,6,6,6,6,6,6,6
60554,1,1,1999,9,11,9,21,18,2,0,20,13,31
60555,1,1,1999,24,24,24,24,24,24,24,24,24,24
60555,2,1,1999,0,0,0,21,0,0,0,0,0,0
60556,1,1,1999,19,12,10,23,4,19,15,16,13,24
60557,0,1,1999,0,0,0,0,0,0,0,0,0,0
60557,1,1,1999,0,0,0,0,0,0,0,0,0,0
60558,0,1,1999,0,0,0,0,0,0,0,0,0,0
60558,1,1,1999,13,29,0,0,0,0,0,0,0,0
60559,1,1,1999,0,0,0,0,0,0,0,0,0,0
60560,1,1,1999,5,5,5,5,5,5,5,5,5,5
60561,0,1,1999,13,13,13,13,13,13,13,13,13,13
60561,1,1,1999,0,10,16,8,13,17,16,0,12,12
60562,1,1,1999,23,23,23,23,23,23,23,23,23,23
60563,1,1,1999,0,0,0,0,0,0,0,0,0,0
60564,1,1,1999,0,0,0,0,0,0,0,0,0,0
60565,1,1,1999,0,23,0,17,0,12,0,0,0,14
60565,2,1,1999,0,9,0,10,0,0,17,0,0,0
60566,1,1,1999,34,34,34,34,34,34,34,34,34,34
60567,0,1,1999,16,16,16,16,16,16,16,16,16,16
60567,1,1,1999,34,0,17,0,0,0,0,0,0,0
60567,2,1,1999,0,0,0,0,0,0,0,0,0,0
60568,0,1,1999,0,0,0,0,0,0,0,0,0,0
60568,1,1,1999,0,0,0,0,0,0,0,0,0,0
60569,0,1,1999,0,0,0,0,0,0,0,0,0,0
60569,0,2,1999,0,0,0,0,0,6,6,0,11,0
60569,1,1,1999,0,0,0,0,0,0,0,0,0,0
60570,1,1,1999,0,0,0,0,0,0,0,0,0,0
60571,1,1,1999,0,15,0,0,0,0,0,0,0,0
60572,0,1,1999,11,11,11,11,11,11,11,11,11,11
60572,1,1,1999,0,0,0,0,0,0,0,0,0,0
60573,0,1,1999,0,0,0,0,0,0,0,0,0,0
60573,1,1,1999,0,0,0,0,0,0,0,0,0,12
60574,0,1,1999,0,0,0,0,0,0,0,0,0,0
60574,1,1,1999,0,0,0,0,0,0,0,0,0,0
60575,1,1,1999,14,14,14,14,14,14,14,14,14,14
60576,1,1,1999,16,16,16,16,16,16,16,16,16,16
60577,1,1,1999,5,5,5,5,5,5,5,5,5,5
60577,2,1,1999,0,0,0,0,0,0,0,0,0,0
60578,0,1,1999,0,0,0,0,0,0,0,0,0,0
60579,1,1,1999,47,47,47,47,47,47,47,47,47,47
60579,2,1,1999,0,0,0,0,0,0,0,0,0,11
60580,1,1,1999,0,0,0,0,0,0,0,0,0,0
60580,2,1,1999,23,0,0,0,0,0,0,0,0,0
60581,1,1,1999,0,0,0,0,0,0,0,0,0,0
60582,1,1,1999,0,0,0,0,0,0,0,0,0,0
60582,2,1,1999,0,0,0,0,0,0,0,0,0,0
60583,1,1,1999,10,10,10,10,10,10,10,10,10,10
60584,1,1,1999,9,15,11,13,8,6,9,9,11,2
60584,2,1,1999,0,0,0,0,0,0,0,0,0,0
60585,0,1,1999,29,29,29,29,29,29,29,29,29,29
60585,1,1,1999,0,0,0,0,0,0,0,0,0,0
60586,1,1,1999,0,0,0,0,0,0,0,0,0,0
60586,2,1,1999,0,0,0,0,0,0,0,0,0,0
60586,3,1,1999,0,0,0,0,0,0,0,0,0,0
60587,1,1,1999,0,0,0,0,0,0,0,0,0,0
60588,1,1,1999,0,0,0,0,0,0,0,0,0,0
60588,2,1,1999,0,0,0,0,0,0,0,0,0,0
60589,0,1,1999,0,0,0,0,0,0,0,0,0,0
60589,1,1,1999,0,0,0,0,0,0,0,0,0,0
60590,0,1,1999,30,30,30,30,30,30,30,30,30,30
60590,1,1,1999,0,0,0,0,19,0,0,0,0,14
60591,1,1,1999,0,0,0,0,0,0,0,0,0,0
60592,0,1,1999,0,0,0,0,0,0,0,0,0,0
60592,1,1,1999,3,3,3,3,3,3,3,3,3,3
60593,1,1,1999,23,23,23,23,23,23,23,23,23,23
60594,1,1,1999,0,0,0,0,0,0,0,0,0,0
60594,2,1,1999,0,0,0,0,0,0,0,0,0,0
60595,1,1,1999,0,0,0,0,0,0,0,0,0,0
60595,2,1,1999,0,0,0,0,0,0,0,0,0,0
60596,1,1,1999,0,0,0,0,0,0,0,0,0,0
60597,0,1,1999,0,0,0,0,0,0,0,0,0,0
60597,1,1,1999,0,0,0,10,0,0,0,0,0,0
60598,1,1,1999,0,0,0,0,0,0,0,0,0,0
60599,0,1,1999,25,25,25,25,25,25,25,25,25,25
60599,1,1,1999,0,0,0,0,0,0,0,0,0,0
60600,1,1,1999,16,16,16,16,16,16,16,16,16,16
60600,2,1,1999,15,11,0,0,0,0,0,0,0,0
60601,1,1,1999,0,0,0,0,0,0,0,0,0,0
60601,2,1,1999,0,0,0,0,0,0,0,0,0,0
60602,1,1,1999,0,0,0,0,0,0,0,0,0,0
60603,0,1,1999,0,0,0,0,0,0,0,0,0,0
60603,1,1,1999,5,17,28,0,42,0,11,0,29,23
60604,1,1,1999,6,6,17,13,11,5,28,8,30,16
60605,1,1,1999,0,0,0,0,0,0,0,0,0,0
60605,2,1,1999,0,0,0,0,0,0,0,0,0,0
60606,0,1,1999,0,0,0,0,0,0,0,0,0,0
60606,1,1,1999,0,0,0,0,0,0,0,0,0,0
60607,1,1,1999,0,0,0,0,0,0,0,0,0,0
60607,2,1,1999,0,0,0,0,0,0,0,0,0,0
60608,1,1,1999,11,11,11,11,11,11,11,11,11,11
60609,0,1,1999,0,0,0,0,0,0,0,0,0,0
60609,1,1,1999,18,18,18,18,18,18,18,18,18,18
60610,1,1,1999,11,11,11,11,11,11,11,11,11,11
60610,2,1,1999,0,0,0,0,0,0,0,0,0,0
60611,1,1,1999,0,0,0,0,0,0,0,0,0,0
60611,2,1,1999,0,0,0,0,0,0,0,0,0,0
60612,1,1,1999,36,36,36,36,36,36,36,36,36,36
60613,0,1,1999,0,0,0,0,0,0,0,0,0,0
60613,1,1,1999,0,0,0,0,0,0,0,8,0,0
60614,0,1,1999,11,11,11,11,11,11,11,11,11,11
60614,1,1,1999,27,0,0,0,0,0,0,0,0,0
60615,1,1,1999,0,0,0,0,0,0,0,0,0,0
60615,2,1,1999,0,0,0,0,0,0,0,0,13,0
60616,1,1,1999,0,0,0,0,0,0,0,0,0,0
60616,2,1,1999,0,0,0,0,0,0,0,0,0,0
60617,0,1,1999,0,12,0,29,19,29,21,0,11,26
60617,1,1,1999,22,22,22,22,22,22,22,22,22,22
60618,1,1,1999,0,0,0,0,0,0,0,0,0,0
60618,2,1,1999,0,0,0,0,0,0,0,0,0,0
60618,3,1,1999,0,0,0,0,0,0,0,0,0,0
60619,0,1,1999,41,41,41,41,41,41,41,41,41,41
60619,1,1,1999,0,0,0,0,0,0,0,0,0,0
60620,1,1,1999,22,22,22,22,22,22,22,22,22,22
60620,2,1,1999,0,0,0,0,0,0,0,0,0,0
60620,3,1,1999,0,0,0,0,0,0,0,0,0,0
60621,0,1,1999,0,0,0,0,0,0,0,0,0,0
60621,1,1,1999,0,0,0,0,0,0,0,0,0,0
60622,0,1,1999,0,0,0,0,0,0,0,0,0,0
60622,0,2,1999,24,24,24,24,24,24,24,24,24,24
60622,1,1,1999,0,0,0,0,0,0,0,0,0,0
60623,1,1,1999,0,0,0,0,0,0,0,0,0,0
60624,1,1,1999,0,0,0,0,0,0,0,0,0,0
60624,2,1,1999,0,0,0,0,0,0,0,0,0,0
60625,1,1,1999,0,0,0,0,8,15,10,0,16,0
60625,2,1,1999,0,0,0,0,0,0,0,0,0,0
60626,0,1,1999,0,0,0,0,0,0,0,0,0,0
60626,0,2,1999,0,0,0,0,0,0,0,0,0,0
60626,1,1,1999,0,0,10,38,3,6,9,0,0,0
60627,0,1,1999,30,30,30,30,30,30,30,30,30,30
60627,1,1,1999,0,0,0,0,0,0,0,0,0,0
60628,1,1,1999,0,0,0,0,0,0,0,0,0,0
60628,2,1,1999,15,15,15,15,15,15,15,15,15,15
60629,1,1,1999,0,0,0,0,0,0,0,0,0,0
60629,2,1,1999,0,0,0,0,0,0,0,0,0,0
60630,1,1,1999,3,3,3,3,3,3,3,3,3,3
60630,2,1,1999,0,0,0,0,0,0,0,0,0,0
60631,1,1,1999,0,0,0,0,0,0,0,0,0,0
60632,1,1,1999,0,0,0,0,0,0,0,0,0,0
60632,2,1,1999,0,0,0,0,0,0,0,0,0,0
60633,0,1,1999,0,0,0,0,0,0,0,0,0,0
60633,1,1,1999,0,0,0,0,0,0,0,0,0,0
60634,1,1,1999,0,0,0,0,0,0,0,0,0,0
60634,2,1,1999,0,0,0,0,0,0,0,0,0,0
60635,1,1,1999,0,0,0,0,0,0,0,0,0,0
60635,2,1,1999,0,0,0,0,0,0,0,0,0,0
60636,1,1,1999,2,0,0,0,0,0,0,0,0,0
60636,2,1,1999,0,0,0,0,0,0,0,0,0,0
60637,1,1,1999,0,0,0,0,0,0,0,0,0,0
60638,1,1,1999,0,0,0,0,0,0,0,0,0,0
60638,2,1,1999,0,0,0,0,0,0,0,0,0,0
60639,1,1,1999,0,0,0,0,0,0,0,0,0,0
60639,2,1,1999,0,0,0,0,0,0,0,0,0,0
60640,1,1,1999,6,6,6,6,6,6,6,6,6,6
60641,1,1,1999,0,0,0,0,0,0,0,0,0,0
60642,1,1,1999,3,3,3,3,3,3,3,3,3,3
60643,1,1,1999,0,0,0,0,0,0,0,0,0,0
60644,1,1,1999,0,0,0,0,0,0,0,0,0,0
60644,2,1,1999,0,0,0,0,0,0,0,0,0,0
60645,1,1,1999,0,0,0,0,0,0,0,0,0,0
60645,2,1,1999,0,0,0,0,0,0,0,0,0,0
60646,1,1,1999,0,0,0,0,0,0,0,0,0,0
60647,1,1,1999,0,0,0,0,0,0,0,0,0,0
60648,0,1,1999,23,23,23,23,23,23,23,23,23,23
60648,1,1,1999,0,0,0,0,0,0,0,0,0,0
60649,1,1,1999,0,0,0,0,0,0,0,0,0,0
60649,2,1,1999,0,0,0,0,0,0,0,0,0,0
60650,1,1,1999,0,0,0,0,0,0,0,0,0,0
60651,1,1,1999,0,0,0,0,0,0,0,0,0,0
60652,1,1,1999,0,0,0,0,0,0,0,0,0,0
60653,1,1,1999,0,0,0,0,0,0,0,0,0,0
60654,1,1,1999,0,0,0,0,0,0,0,0,0,0
60655,1,1,1999,0,0,0,0,0,0,0,0,0,0
60655,2,1,1999,0,0,0,0,0,0,0,0,0,0
60656,1,1,1999,0,0,0,0,0,0,0,0,0,0
60657,1,1,1999,18,18,18,18,18,18,18,18,18,18
60658,1,1,1999,0,0,0,0,0,0,0,0,0,0
60658,2,1,1999,0,0,0,0,0,0,0,0,0,0
60659,1,1,1999,26,26,26,26,26,26,26,26,26,26
60660,1,1,1999,0,0,0,0,0,0,0,0,0,0
60660,2,1,1999,0,0,0,0,0,9,0,20,0,0
60661,1,1,1999,0,0,0,0,0,0,0,0,0,0
60661,2,1,1999,0,0,0,0,0,0,0,0,0,0
60662,1,1,1999,0,0,0,0,0,0,0,0,0,0
60663,1,1,1999,0,0,0,0,0,0,0,0,0,0
60663,2,1,1999,0,0,0,0,0,0,0,0,0,0
60664,1,1,1999,0,0,0,0,0,0,0,0,0,0
60664,2,1,1999,0,0,0,0,0,0,0,0,0,0
60665,1,1,1999,0,0,0,0,0,0,0,0,0,0
60665,2,1,1999,0,0,28,0,0,0,27,0,0,0
60666,1,1,1999,0,30,0,0,0,0,0,11,12,0
60666,2,1,1999,0,0,0,0,0,0,0,0,0,0
60667,1,1,1999,0,0,0,0,0,0,0,0,0,0
60667,2,1,1999,0,0,0,0,0,0,0,0,0,0
60668,1,1,1999,0,0,0,0,0,0,0,0,0,0
60668,2,1,1999,0,0,0,0,0,0,0,0,0,0
60669,1,1,1999,0,0,0,0,0,0,0,0,0,0
60669,2,1,1999,0,0,0,0,0,0,0,0,0,0
60670,1,1,1999,0,0,0,0,0,0,0,0,0,0
60670,2,1,1999,0,0,0,0,0,0,0,0,0,0
60671,1,1,1999,19,19,19,19,19,19,19,19,19,19
60672,0,1,1999,19,19,19,19,19,19,19,19,19,19
60672,1,1,1999,0,0,0,0,0,9,0,0,0,0
60673,1,1,1999,0,0,0,0,0,0,0,0,0,0
60674,1,1,1999,21,21,21,21,21,21,21,21,21,21
60674,2,1,1999,0,0,0,0,0,0,0,0,0,0
60675,1,1,1999,0,23,0,0,21,17,28,0,13,0
60675,2,1,1999,24,24,24,24,24,24,24,24,24,24
60676,1,1,1999,15,25,11,8,9,24,9,22,14,17
60677,1,1,1999,0,4,0,0,0,0,0,0,0,0
60678,1,1,1999,4,4,4,4,4,4,4,4,4,4
60679,1,1,1999,0,0,0,0,0,0,0,0,0,0
60679,2,1,1999,0,0,0,0,0,0,0,0,0,0
60680,1,1,1999,0,0,0,0,0,0,0,0,0,0
60681,0,1,1999,0,0,0,0,0,0,0,0,0,0
60681,1,1,1999,0,0,0,0,0,0,0,0,0,0
60682,1,1,1999,18,18,18,18,18,18,18,18,18,18
60683,0,1,1999,5,5,5,5,5,5,5,5,5,5
60683,1,1,1999,0,0,0,0,6,0,0,7,0,32
60684,0,1,1999,0,0,0,0,0,0,0,0,0,0
60684,1,1,1999,0,0,0,9,0,0,0,0,0,0
60685,0,1,1999,0,0,0,0,0,0,0,0,0,0
60685,1,1,1999,0,0,0,0,0,0,0,0,0,0
60686,1,1,1999,0,0,0,0,0,0,0,0,0,0
60686,2,1,1999,0,0,0,0,0,0,0,0,0,0
60687,0,1,1999,0,0,0,0,0,0,0,0,0,0
60687,1,1,1999,0,0,0,0,0,0,0,0,0,0
60688,1,1,1999,0,0,0,0,0,0,0,0,0,0
60689,0,1,1999,0,0,0,0,0,0,0,0,0,0
60689,1,1,1999,0,0,0,0,0,0,0,0,0,0
60690,1,1,1999,0,0,0,0,0,0,0,0,0,0
60690,2,1,1999,0,0,0,0,0,0,0,0,0,0
60691,1,1,1999,0,0,0,0,0,0,0,0,0,0
60691,2,1,1999,0,0,0,0,0,0,0,0,0,0
60691,3,1,1999,0,0,0,8,0,0,0,9,0,0
60692,1,1,1999,14,14,14,14,14,14,14,14,14,14
60693,1,1,1999,8,8,8,8,8,8,8,8,8,8
60693,2,1,1999,0,0,0,0,0,9,0,0,6,0
60694,0,1,1999,21,21,21,21,21,21,21,21,21,21
60694,1,1,1999,0,0,0,0,0,0,0,0,0,0
60695,0,1,1999,0,0,0,0,0,0,0,0,0,0
60695,1,1,1999,0,0,0,0,0,13,0,0,0,0
60696,1,1,1999,0,0,0,0,0,0,0,0,0,0
60697,1,1,1999,11,11,11,11,11,11,11,11,11,11
60698,0,1,1999,18,18,18,18,18,18,18,18,18,18
60698,1,1,1999,0,0,0,19,0,0,0,0,0,0
60699,1,1,1999,0,0,0,0,0,0,0,0,0,0
60699,2,1,1999,0,0,0,0,0,0,0,0,0,0
60700,1,1,1999,9,9,9,9,9,9,9,9,9,9
60701,1,1,1999,0,0,0,0,0,0,0,0,0,0
60701,2,1,1999,0,0,0,0,0,0,0,0,0,0
60702,1,1,1999,20,20,20,20,20,20,20,20,20,20
60703,0,1,1999,0,0,0,0,0,0,0,0,0,0
60703,1,1,1999,0,0,0,0,0,0,0,0,0,0
60704,0,1,1999,0,0,0,0,0,0,0,0,0,0
60704,1,1,1999,13,20,6,0,0,13,0,0,0,0
60705,0,1,1999,20,20,20,20,20,20,20,20,20,20
60705,1,1,1999,0,0,0,0,0,0,0,0,0,0
60706,0,1,1999,0,0,0,0,0,0,0,0,0,0
60706,1,1,1999,0,0,0,0,0,0,0,0,0,0
60707,0,1,1999,0,0,0,0,0,0,0,0,0,0
60707,0,2,1999,0,0,0,0,0,0,0,0,0,0
60707,1,1,1999,0,0,0,0,0,0,0,0,0,0
60708,1,1,1999,0,0,0,0,0,0,0,0,0,0
60708,2,1,1999,0,0,0,0,0,0,0,0,0,0
60709,1,1,1999,0,0,0,0,0,0,0,0,0,0
60709,2,1,1999,0,0,0,0,0,0,0,0,0,0
60710,1,1,1999,0,0,0,0,0,0,0,0,0,0
60710,2,1,1999,30,30,30,30,30,30,30,30,30,30
60711,1,1,1999,0,0,0,0,0,0,0,0,0,0
60711,2,1,1999,0,0,0,0,0,0,0,0,0,23
60712,1,1,1999,21,21,21,21,21,21,21,21,21,21
60712,2,1,1999,0,0,26,0,0,0,0,0,0,0
60713,1,1,1999,0,0,0,0,0,0,0,0,0,0
60713,2,1,1999,0,0,0,0,0,0,0,0,0,0
60714,1,1,1999,0,0,0,0,0,0,0,0,0,0
60714,2,1,1999,2,2,2,2,2,2,2,2,2,2
60715,1,1,1999,0,0,0,0,0,0,0,0,0,0
60715,2,1,1999,0,0,0,0,0,0,0,0,0,0
60716,1,1,1999,24,24,24,24,24,24,24,24,24,24
60717,1,1,1999,0,0,0,0,0,0,0,0,0,0
60718,1,1,1999,0,0,0,0,18,0,0,0,0,0
60718,2,1,1999,0,0,0,0,0,0,0,0,0,0
60719,1,1,1999,0,0,0,0,0,0,0,0,0,0
60719,2,1,1999,0,0,0,0,0,0,0,0,0,0
60720,1,1,1999,0,0,0,0,0,0,0,0,0,0
60721,1,1,1999,23,23,23,23,23,23,23,23,23,23
60722,0,1,1999,0,0,0,0,0,0,0,0,0,0
60722,1,1,1999,0,0,0,0,0,0,0,0,0,0
60723,1,1,1999,0,0,0,0,0,0,0,0,0,0
60724,1,1,1999,0,0,0,0,0,0,0,0,0,0
60724,2,1,1999,0,0,0,0,0,0,0,0,0,0
60725,0,1,1999,0,0,0,0,0,0,0,0,0,0
60726,1,1,1999,0,0,0,0,0,0,0,0,0,0
60726,2,1,1999,0,0,0,0,0,0,0,0,0,0
60727,1,1,1999,0,0,0,0,0,0,0,0,0,0
60727,2,1,1999,0,0,0,0,0,0,0,0,0,0
60728,1,1,1999,0,0,0,0,10,0,0,0,0,0
60729,1,1,1999,0,28,0,9,0,0,0,0,17,0
60730,1,1,1999,0,0,30,0,0,0,0,0,0,0
60731,1,1,1999,22,22,22,22,22,22,22,22,22,22
60732,1,1,1999,20,20,20,20,20,20,20,20,20,20
60733,1,1,1999,0,0,0,0,0,0,0,0,0,0
60734,0,1,1999,0,0,0,0,0,0,0,0,0,0
60734,1,1,1999,0,0,0,0,0,0,0,0,0,0
60735,1,1,1999,0,0,0,0,0,0,0,0,0,0
60736,0,1,1999,10,10,10,10,10,10,10,10,10,10
60736,1,1,1999,0,0,9,0,0,0,0,0,0,0
60737,1,1,1999,0,0,0,0,0,0,0,0,0,0
60738,1,1,1999,0,0,0,0,0,14,0,0,0,0
60739,1,1,1999,0,0,0,0,0,0,0,0,0,0
60740,1,1,1999,0,0,0,0,0,0,0,0,0,0
60741,1,1,1999,14,14,14,14,14,14,14,14,14,14
60742,1,1,1999,22,22,22,22,22,22,22,22,22,22
60743,1,1,1999,0,0,0,0,0,0,0,0,0,0
60744,1,1,1999,2,2,2,2,2,2,2,2,2,2
60745,0,1,1999,0,0,0,0,0,0,0,0,0,0
60745,1,1,1999,0,0,0,0,0,0,0,0,0,0
60746,1,1,1999,0,0,0,0,0,0,0,0,0,0
60747,1,1,1999,0,0,0,0,0,0,0,0,0,0
60748,1,1,1999,3,3,3,3,3,3,3,3,3,3
60749,1,1,1999,0,0,0,0,0,0,0,0,0,0
60750,1,1,1999,31,31,31,31,31,31,31,31,31,31
60751,1,1,1999,1,1,1,1,1,1,1,1,1,1
60752,1,1,1999,0,0,0,0,0,0,0,0,0,0
60753,0,1,1999,0,0,0,0,0,0,0,0,0,0
60753,1,1,1999,0,0,0,0,0,0,0,0,0,0
60754,1,1,1999,0,0,0,0,0,0,0,0,0,0
60755,0,1,1999,0,0,0,0,0,0,0,0,0,0
60755,1,1,1999,0,0,0,0,0,0,0,5,0,0
60756,1,1,1999,0,0,0,0,19,0,0,0,0,0
60757,1,1,1999,0,0,0,0,0,0,0,0,0,0
60758,1,1,1999,0,0,0,0,0,0,0,0,0,0
60759,1,1,1999,0,0,0,0,0,0,0,0,0,0
60760,1,1,1999,0,0,0,0,0,0,0,0,0,0
60761,0,1,1999,0,0,0,19,25,0,0,0,14,0
60761,1,1,1999,0,0,0,0,0,0,0,0,0,0
60762,1,1,1999,7,7,7,7,7,7,7,7,7,7
60763,1,1,1999,0,0,0,0,0,0,5,0,0,0
60764,1,1,1999,18,18,18,18,18,18,18,18,18,18
60765,0,1,1999,0,0,0,0,0,0,0,0,0,0
60765,1,1,1999,0,0,0,0,0,0,0,0,0,0
60766,1,1,1999,22,22,22,22,22,22,22,22,22,22
60767,1,1,1999,5,5,5,5,5,5,5,5,5,5
60768,1,1,1999,0,0,0,0,0,0,0,0,0,0
60769,1,1,1999,12,12,12,12,12,12,12,12,12,12
60770,1,1,1999,0,0,0,0,0,0,0,0,0,0
60771,1,1,1999,0,0,0,0,0,0,0,0,0,0
60772,0,1,1999,0,0,0,0,0,0,0,0,0,0
60772,1,1,1999,0,0,0,0,0,0,0,0,0,0
60773,1,1,1999,0,0,0,0,0,0,0,0,0,0
60774,1,1,1999,0,0,0,0,0,0,0,0,0,0
60775,1,1,1999,0,0,0,0,0,0,0,0,0,0
60776,1,1,1999,0,0,0,40,0,0,0,17,0,0
60777,1,1,1999,4,4,4,4,4,4,4,4,4,4
60778,1,1,1999,0,0,0,0,0,0,0,0,0,0
60779,0,1,1999,1,1,1,1,1,1,1,1,1,1
60779,1,1,1999,4,4,4,4,4,4,4,4,4,4
60780,1,1,1999,0,0,0,0,0,0,0,0,0,0
60781,1,1,1999,0,0,0,0,0,0,0,0,0,0
60782,1,1,1999,25,25,25,25,25,25,25,25,25,25
60783,1,1,1999,0,0,0,0,0,0,0,0,0,0
60783,2,1,1999,0,0,0,0,0,0,0,0,0,0
60784,0,1,1999,0,0,0,0,0,0,0,0,0,0
60784,1,1,1999,0,0,0,0,0,0,0,0,0,0
60785,1,1,1999,0,0,0,0,0,0,0,0,0,0
60786,1,1,1999,0,0,0,0,0,0,0,0,0,0
60787,1,1,1999,27,27,27,27,27,27,27,27,27,27
60788,1,1,1999,0,0,0,0,0,0,0,0,0,0
60789,1,1,1999,7,7,7,7,7,7,7,7,7,7
60790,0,1,1999,18,18,18,18,18,18,18,18,18,18
60790,1,1,1999,8,8,8,8,8,8,8,8,8,8
60791,0,1,1999,0,0,0,0,0,0,0,0,0,0
60791,1,1,1999,0,0,0,0,0,0,0,0,0,0
60792,0,1,1999,26,26,26,26,26,26,26,26,26,26
60792,1,1,1999,10,0,23,0,0,0,0,0,31,0
60793,1,1,1999,25,25,25,25,25,25,25,25,25,25
60794,1,1,1999,20,20,20,20,20,20,20,20,20,20
60795,0,1,1999,0,0,0,0,0,0,0,0,0,0
60795,1,1,1999,0,0,0,0,0,0,0,0,0,0
60796,1,1,1999,14,14,14,14,14,14,14,14,14,14
60797,1,1,1999,0,0,0,0,0,0,0,0,0,0
60797,2,1,1999,0,0,0,0,0,0,0,0,0,0
60798,0,1,1999,0,0,0,0,0,0,0,0,0,0
60798,1,1,1999,0,0,0,0,0,0,0,0,0,0
60799,0,1,1999,0,0,0,0,0,0,0,0,0,0
60799,1,1,1999,9,0,0,0,10,0,15,0,0,13
60800,1,1,1999,0,0,0,0,0,0,0,0,0,0
60800,2,1,1999,0,0,0,13,0,0,0,0,0,0
60801,0,1,1999,0,0,37,0,8,0,0,19,0,0
60801,1,1,1999,0,0,0,0,0,0,0,0,0,0
60802,0,1,1999,0,0,0,0,0,0,0,0,0,0
60802,1,1,1999,15,15,15,15,15,15,15,15,15,15
60803,1,1,1999,22,22,22,22,22,22,22,22,22,22
60804,1,1,1999,0,0,0,0,0,0,0,0,0,0
60804,2,1,1999,0,0,0,0,0,0,0,0,0,0
60805,1,1,1999,0,0,0,0,0,0,0,0,0,0
60806,0,1,1999,23,23,23,23,23,23,23,23,23,23
60806,1,1,1999,2,2,2,2,2,2,2,2,2,2
60807,0,1,1999,0,0,0,0,0,0,0,0,0,0
60807,1,1,1999,0,0,0,0,0,0,0,0,0,0
60808,1,1,1999,17,17,17,17,17,17,17,17,17,17
60808,2,1,1999,0,0,0,0,0,0,0,0,0,0
60809,1,1,1999,7,7,7,7,7,7,7,7,7,7
60809,2,1,1999,0,0,0,0,3,0,0,0,0,0
60809,3,1,1999,0,0,0,0,0,33,0,0,0,0
60810,1,1,1999,0,0,0,0,0,0,0,0,0,0