ST_CASE,VEH_NO,PER_NO,YEAR,P1,P2,P3,P4,P5,P6,P7,P8,P9,P10
60810,2,1,1999,0,10,0,0,0,16,0,0,0,0
60811,1,1,1999,2,2,2,2,2,2,2,2,2,2
60811,2,1,1999,0,0,0,0,0,0,0,0,0,0
60811,3,1,1999,0,0,0,0,0,0,0,0,0,0
60812,1,1,1999,0,0,0,0,0,0,0,0,0,0
60812,2,1,1999,0,0,0,0,0,0,0,0,0,0
60813,1,1,1999,0,0,0,0,0,0,0,0,0,0
60813,2,1,1999,0,0,0,0,0,17,0,13,0,0
60814,0,1,1999,2,2,2,2,2,2,2,2,2,2
60814,1,1,1999,0,0,0,0,0,0,0,0,0,0
60815,0,1,1999,38,38,38,38,38,38,38,38,38,38
60815,1,1,1999,0,0,0,0,0,0,0,0,0,0
60816,1,1,1999,0,0,0,0,0,0,0,0,0,0
60817,1,1,1999,8,0,20,10,0,0,0,27,0,16
60818,0,1,1999,0,7,37,0,0,0,0,22,26,0
60818,1,1,1999,0,0,0,0,0,0,0,0,0,0
60818,2,1,1999,0,0,0,0,0,0,0,0,0,0
60819,1,1,1999,33,33,33,33,33,33,33,33,33,33
60819,2,1,1999,0,0,0,0,0,0,0,0,0,0
60819,3,1,1999,0,0,0,0,0,0,0,0,0,0
60820,1,1,1999,0,12,0,0,8,0,0,0,0,0
60820,2,1,1999,0,0,0,0,0,0,0,0,0,0
60821,1,1,1999,8,8,8,8,8,8,8,8,8,8
60822,0,1,1999,0,0,0,0,0,0,0,0,0,0
60822,1,1,1999,0,0,0,0,0,0,0,0,0,0
60823,1,1,1999,0,0,0,0,0,0,0,0,0,0
60823,2,1,1999,0,0,0,0,0,0,0,0,0,0
60823,3,1,1999,0,0,0,0,0,0,0,0,0,0
60824,1,1,1999,14,14,14,14,14,14,14,14,14,14
60824,2,1,1999,0,0,0,0,0,0,0,0,0,0
60825,1,1,1999,0,0,0,0,0,0,0,0,0,0
60825,2,1,1999,0,0,0,0,0,0,7,0,0,0
60826,0,1,1999,0,0,0,0,0,0,0,0,0,0
60826,1,1,1999,0,0,0,0,0,0,0,0,0,0
60826,2,1,1999,0,0,0,0,0,0,0,0,0,0
60827,1,1,1999,0,0,0,0,0,0,0,0,0,0
60827,2,1,1999,0,0,0,0,0,0,0,0,0,0
60827,3,1,1999,0,0,0,0,0,0,0,0,0,0
60828,0,1,1999,0,0,0,0,0,0,0,0,0,0
60828,1,1,1999,0,0,0,0,0,0,0,0,0,0
60829,1,1,1999,0,0,0,0,0,0,0,0,0,0
60830,1,1,1999,0,0,0,0,0,0,0,0,0,0
60830,2,1,1999,0,0,0,0,0,0,0,0,0,0
60831,1,1,1999,19,19,19,19,19,19,19,19,19,19
60831,2,1,1999,7,7,7,7,7,7,7,7,7,7
60832,1,1,1999,0,0,0,0,0,0,0,0,0,0
60832,2,1,1999,0,0,0,0,0,0,0,0,0,0
60833,1,1,1999,0,0,0,0,0,0,0,0,0,0
60834,1,1,1999,10,10,10,10,10,10,10,10,10,10
60835,1,1,1999,35,35,35,35,35,35,35,35,35,35
60835,2,1,1999,0,0,0,0,0,0,0,0,0,0
60836,1,1,1999,28,28,28,28,28,28,28,28,28,28
60836,2,1,1999,0,0,0,0,0,0,0,0,18,0
60837,1,1,1999,0,0,0,0,0,0,0,0,0,0
60837,2,1,1999,0,0,0,0,3,0,0,3,0,0
60838,0,1,1999,0,0,0,0,0,0,0,0,0,0
60838,1,1,1999,0,0,0,0,0,0,0,0,0,0
60839,1,1,1999,23,23,23,23,23,23,23,23,23,23
60839,2,1,1999,0,0,0,0,0,0,0,0,0,0
60839,3,1,1999,0,0,0,0,25,0,0,0,0,0
60839,4,1,1999,0,0,0,0,0,0,0,0,0,0
60839,5,1,1999,0,0,0,0,0,0,0,0,0,0
60840,0,1,1999,13,13,13,13,13,13,13,13,13,13
60840,1,1,1999,0,0,0,0,0,0,0,0,0,0
60841,1,1,1999,0,0,0,0,0,0,0,0,0,0
60842,1,1,1999,0,0,0,0,0,0,0,0,0,0
60842,2,1,1999,0,0,0,0,0,0,0,0,0,0
60843,1,1,1999,0,0,0,0,0,0,0,0,0,0
60843,2,1,1999,0,0,0,0,0,0,0,0,0,0
60843,3,1,1999,0,0,0,0,0,0,0,0,0,0
60844,1,1,1999,0,0,0,0,0,0,0,0,0,0
60844,2,1,1999,0,0,0,0,0,0,0,0,0,0
60845,1,1,1999,20,20,20,20,20,20,20,20,20,20
60845,2,1,1999,0,0,0,0,0,0,0,0,0,0
60846,1,1,1999,0,0,0,0,0,0,0,0,0,0
60846,2,1,1999,0,0,0,0,0,0,0,0,0,0
60846,3,1,1999,0,0,0,0,0,0,0,0,0,0
60846,4,1,1999,0,0,0,0,0,0,0,0,0,0
60846,5,1,1999,0,11,0,0,0,0,0,0,0,0
60847,1,1,1999,0,0,0,0,0,0,0,0,0,0
60848,1,1,1999,0,0,0,0,0,0,0,0,0,0
60849,1,1,1999,0,0,0,0,0,0,0,0,0,0
60850,1,1,1999,9,9,9,9,9,9,9,9,9,9
60850,2,1,1999,0,0,0,0,0,0,0,0,0,0
60850,3,1,1999,0,0,0,0,14,0,0,0,0,0
60851,1,1,1999,20,20,20,20,20,20,20,20,20,20
60851,2,1,1999,9,22,0,23,19,3,0,0,9,0
60852,1,1,1999,0,0,0,0,0,0,0,0,0,0
60852,2,1,1999,0,0,0,0,0,0,0,0,0,0
60852,3,1,1999,0,0,0,0,0,0,0,0,0,0
60853,1,1,1999,0,0,0,0,0,0,0,0,0,0
60853,2,1,1999,0,0,0,0,0,0,0,0,0,0
60853,3,1,1999,0,0,0,0,0,0,0,0,0,0
60853,4,1,1999,0,0,0,0,0,0,0,0,0,0
60854,0,1,1999,0,0,0,0,0,0,0,0,0,0
60854,1,1,1999,0,0,0,0,0,0,0,0,0,0
60855,1,1,1999,0,0,0,0,0,0,0,0,0,0
60856,0,1,1999,0,0,0,0,0,0,0,0,0,0
60856,1,1,1999,0,0,0,0,0,0,0,0,0,0
60857,1,1,1999,0,0,0,0,0,0,0,0,0,0
60858,1,1,1999,0,0,0,0,0,0,0,0,0,0
60859,1,1,1999,25,25,25,25,25,25,25,25,25,25
60860,0,1,1999,0,0,0,0,0,0,0,0,0,0
60860,1,1,1999,12,17,0,0,0,0,0,0,0,0
60861,0,1,1999,0,0,0,0,0,0,0,0,0,0
60861,1,1,1999,0,0,0,0,0,0,0,0,0,0
60862,1,1,1999,0,0,23,0,0,0,0,0,0,0
60863,0,1,1999,0,0,0,0,0,0,0,0,0,0
60863,1,1,1999,0,0,0,0,0,0,0,0,0,0
60864,1,1,1999,8,8,8,8,8,8,8,8,8,8
60865,0,1,1999,0,0,0,0,0,0,0,0,0,0
60865,1,1,1999,0,0,0,0,10,0,0,0,0,0
60866,0,1,1999,0,0,0,0,0,0,0,0,0,0
60866,1,1,1999,0,0,0,0,0,0,0,0,0,0
60867,0,1,1999,0,0,0,0,0,0,0,0,0,0
60867,1,1,1999,0,0,0,0,0,0,0,0,0,0
60868,1,1,1999,6,6,6,6,6,6,6,6,6,6
60869,1,1,1999,23,23,23,23,23,23,23,23,23,23
60870,1,1,1999,0,0,0,0,0,0,0,0,0,0
60871,1,1,1999,41,41,41,41,41,41,41,41,41,41
60872,1,1,1999,0,0,0,0,0,0,0,0,0,0
60873,0,1,1999,2,2,2,2,2,2,2,2,2,2
60873,1,1,1999,10,10,10,10,10,10,10,10,10,10
60874,0,1,1999,0,0,0,0,0,0,0,0,0,0
60874,1,1,1999,14,14,14,14,14,14,14,14,14,14
60875,0,1,1999,22,22,22,22,22,22,22,22,22,22
60875,1,1,1999,0,0,0,0,0,0,0,0,0,0
60876,1,1,1999,23,23,23,23,23,23,23,23,23,23
60877,1,1,1999,18,18,18,18,18,18,18,18,18,18
60878,1,1,1999,0,0,0,0,0,0,0,0,0,0
60879,1,1,1999,18,18,18,18,18,18,18,18,18,18
60880,1,1,1999,0,0,0,0,0,0,0,0,0,0
60881,1,1,1999,0,0,0,0,0,0,0,0,0,0
60882,1,1,1999,0,0,0,0,0,0,0,0,0,0
60883,1,1,1999,18,18,18,18,18,18,18,18,18,18
60884,1,1,1999,0,0,10,0,25,0,0,0,0,0
60885,1,1,1999,0,0,0,0,0,0,0,0,0,0
60886,1,1,1999,0,12,16,0,6,0,14,0,13,0
60887,1,1,1999,20,20,20,20,20,20,20,20,20,20
60888,0,1,1999,17,17,17,17,17,17,17,17,17,17
60888,1,1,1999,21,0,0,0,0,0,0,0,0,0
60889,1,1,1999,9,9,9,9,9,9,9,9,9,9
60890,0,1,1999,0,0,0,0,0,0,0,0,0,0
60890,1,1,1999,0,0,0,0,0,0,0,0,0,0
60891,0,1,1999,0,0,0,0,0,0,0,0,0,0
60891,1,1,1999,0,0,0,0,0,0,0,0,0,0
60892,1,1,1999,0,0,0,0,0,0,0,0,0,0
60893,1,1,1999,0,0,0,0,0,0,0,0,0,0
60894,1,1,1999,0,0,0,0,0,0,0,0,0,0
60894,2,1,1999,0,0,0,0,0,0,0,0,0,0
60895,1,1,1999,19,19,19,19,19,19,19,19,19,19
60895,2,1,1999,0,0,0,0,0,0,0,0,23,0
60896,1,1,1999,0,0,0,0,0,0,0,37,0,0
60897,1,1,1999,30,30,30,30,30,30,30,30,30,30
60897,2,1,1999,0,0,0,0,0,0,0,0,0,0
60898,1,1,1999,0,0,0,0,0,0,0,0,0,0
60899,1,1,1999,10,10,10,10,10,10,10,10,10,10
60899,2,1,1999,6,6,6,6,6,6,6,6,6,6
60900,1,1,1999,2,2,2,2,2,2,2,2,2,2
60900,2,1,1999,0,0,0,0,0,0,0,0,0,0
60901,0,1,1999,3,3,3,3,3,3,3,3,3,3
60901,1,1,1999,19,0,0,0,0,0,0,0,21,4
60902,1,1,1999,0,0,0,0,0,0,0,0,0,0
60902,2,1,1999,0,0,0,0,0,0,0,0,0,0
60903,1,1,1999,9,9,9,9,9,9,9,9,9,9
60904,1,1,1999,0,0,0,0,0,0,0,0,0,0
60904,2,1,1999,0,0,0,0,0,0,0,0,0,0
60905,0,1,1999,25,25,25,25,25,25,25,25,25,25
60905,1,1,1999,0,0,0,0,0,0,0,17,10,11
60906,1,1,1999,0,0,0,0,0,0,0,0,0,0
60906,2,1,1999,0,0,0,0,0,0,0,0,0,0
60907,1,1,1999,21,21,21,21,21,21,21,21,21,21
60907,2,1,1999,0,0,0,0,0,0,0,0,0,0
60908,1,1,1999,19,19,19,19,19,19,19,19,19,19
60908,2,1,1999,0,0,0,0,0,0,0,0,0,0
60909,1,1,1999,16,16,16,16,16,16,16,16,16,16
60910,1,1,1999,19,19,19,19,19,19,19,19,19,19
60911,1,1,1999,16,16,16,16,16,16,16,16,16,16
60911,2,1,1999,9,27,0,0,0,0,0,0,0,0
60912,1,1,1999,9,9,9,9,9,9,9,9,9,9
60913,1,1,1999,12,19,0,0,0,0,10,18,10,25
60914,0,1,1999,0,0,0,0,0,0,0,0,0,0
60914,1,1,1999,19,4,8,0,15,11,0,8,5,16
60915,1,1,1999,0,0,0,0,0,0,0,0,0,0
60915,2,1,1999,0,0,0,0,0,0,0,0,0,0
60916,1,1,1999,21,21,21,21,21,21,21,21,21,21
60916,2,1,1999,0,0,0,0,0,0,0,0,0,0
60917,1,1,1999,0,0,30,0,0,0,6,0,0,0
60918,1,1,1999,0,0,0,0,0,0,0,0,0,0
60918,2,1,1999,0,0,0,0,0,0,0,0,0,0
60918,3,1,1999,0,0,0,0,0,0,0,0,0,0
60919,1,1,1999,0,0,0,0,0,0,0,0,0,0
60919,2,1,1999,0,0,0,0,0,0,0,0,0,0
60920,0,1,1999,6,0,0,0,0,0,0,0,0,20
60920,0,2,1999,0,0,0,0,0,0,0,0,0,0
60920,1,1,1999,0,0,0,0,0,0,0,0,0,0
60921,1,1,1999,27,27,27,27,27,27,27,27,27,27
60922,1,1,1999,16,16,16,16,16,16,16,16,16,16
60922,2,1,1999,0,0,0,0,0,0,0,0,0,0
60923,1,1,1999,14,14,14,14,14,14,14,14,14,14
60924,1,1,1999,0,0,0,0,0,0,0,0,0,0
60924,2,1,1999,0,0,0,0,0,0,0,0,0,0
60925,1,1,1999,0,0,0,0,0,0,0,0,0,0
60925,2,1,1999,5,5,5,5,5,5,5,5,5,5
60926,1,1,1999,0,0,0,0,0,0,0,0,0,0
60926,2,1,1999,0,0,0,0,0,0,0,0,0,0
60927,1,1,1999,10,10,10,10,10,10,10,10,10,10
60928,1,1,1999,0,0,0,0,0,0,0,0,0,0
60928,2,1,1999,0,0,0,0,0,0,0,0,0,0
60929,1,1,1999,14,14,14,14,14,14,14,14,14,14
60930,1,1,1999,0,0,0,0,0,0,0,0,0,0
60930,2,1,1999,0,0,0,0,0,0,0,0,0,0
60931,1,1,1999,0,0,0,0,0,0,0,0,0,0
60931,2,1,1999,0,0,0,0,0,0,0,0,0,0
60932,0,1,1999,0,0,0,0,0,0,0,0,0,0
60932,1,1,1999,0,0,0,0,0,0,0,0,0,0
60933,1,1,1999,0,0,0,0,0,0,0,0,0,0
60933,2,1,1999,20,0,12,0,20,0,12,15,14,0
60934,1,1,1999,0,0,0,0,0,0,0,0,0,0
60935,1,1,1999,3,3,3,3,3,3,3,3,3,3
60936,1,1,1999,18,18,18,18,18,18,18,18,18,18
60937,1,1,1999,16,16,16,16,16,16,16,16,16,16
60938,1,1,1999,0,0,0,0,0,0,0,0,0,0
60938,2,1,1999,0,0,0,0,0,0,0,0,0,0
60939,1,1,1999,0,0,0,0,0,0,0,0,0,0
60939,2,1,1999,0,0,0,0,0,0,0,0,0,0
60940,1,1,1999,0,12,0,0,0,0,0,0,0,0
60941,1,1,1999,0,0,0,0,0,0,0,0,0,0
60942,0,1,1999,29,29,29,29,29,29,29,29,29,29
60942,1,1,1999,0,0,0,0,0,0,0,0,0,0
60943,1,1,1999,0,0,0,0,0,0,0,0,0,0
60944,1,1,1999,0,0,0,0,0,0,0,0,0,0
60945,1,1,1999,0,0,0,0,0,0,0,8,0,0
60946,1,1,1999,0,0,0,0,0,0,0,0,0,0
60946,2,1,1999,0,12,0,0,0,0,0,0,15,0
60947,1,1,1999,9,9,9,9,9,9,9,9,9,9
60948,1,1,1999,0,0,0,0,23,0,0,0,0,0
60949,1,1,1999,22,22,22,22,22,22,22,22,22,22
60950,1,1,1999,0,0,0,0,0,0,0,0,0,0
60951,1,1,1999,0,0,0,0,0,0,0,0,0,0
60952,0,1,1999,0,9,0,26,16,15,0,0,0,0
60952,1,1,1999,0,0,0,0,0,0,0,0,0,0
60953,0,1,1999,0,0,0,0,0,0,0,0,0,0
60953,1,1,1999,0,6,0,12,19,0,0,0,0,0
60954,1,1,1999,0,0,0,0,0,0,0,0,0,0
60955,1,1,1999,21,21,21,21,21,21,21,21,21,21
60956,0,1,1999,20,19,3,14,0,0,20,0,20,23
60956,1,1,1999,0,0,0,0,0,0,0,0,0,0
60957,1,1,1999,7,7,7,7,7,7,7,7,7,7
60958,0,1,1999,0,0,0,0,0,0,0,0,0,0
60958,1,1,1999,0,0,0,0,0,0,0,0,0,0
60959,1,1,1999,12,0,3,14,0,13,6,0,10,17
60960,1,1,1999,0,0,0,0,0,0,0,0,0,0
60961,1,1,1999,0,0,11,8,0,0,0,0,7,0
60962,1,1,1999,0,0,0,0,0,0,0,0,0,0
60963,1,1,1999,26,26,26,26,26,26,26,26,26,26
60964,1,1,1999,0,0,0,0,0,0,0,0,0,0
60965,1,1,1999,22,22,22,22,22,22,22,22,22,22
60966,1,1,1999,0,19,0,0,0,0,0,0,0,0
60966,2,1,1999,0,0,0,2,0,0,0,0,0,0
60967,1,1,1999,0,0,0,0,0,0,0,0,0,0
60967,2,1,1999,0,0,0,0,0,0,0,0,0,0
60968,1,1,1999,0,0,0,0,0,0,0,0,0,0
60968,2,1,1999,0,0,0,0,0,0,0,0,0,0
60969,1,1,1999,0,0,0,0,0,0,0,0,0,0
60970,1,1,1999,0,0,0,0,0,0,0,0,0,0
60971,1,1,1999,0,0,0,0,0,14,12,0,0,0
60972,1,1,1999,0,0,0,0,0,0,0,0,17,0
60973,1,1,1999,0,0,0,0,0,0,0,0,0,0
60974,0,1,1999,4,4,4,4,4,4,4,4,4,4
60974,1,1,1999,0,0,0,0,0,0,0,0,0,0
60975,1,1,1999,29,29,29,29,29,29,29,29,29,29
60976,1,1,1999,13,13,13,13,13,13,13,13,13,13
60977,1,1,1999,0,25,6,15,0,0,0,0,0,0
60978,0,1,1999,26,26,26,26,26,26,26,26,26,26
60978,1,1,1999,0,0,0,0,15,0,17,0,16,0
60979,1,1,1999,3,3,3,3,3,3,3,3,3,3
60980,1,1,1999,0,0,0,0,0,0,0,0,0,0
60981,1,1,1999,0,0,0,0,0,0,0,0,0,0
60982,1,1,1999,0,0,0,0,0,0,0,0,0,0
60983,0,1,1999,0,0,0,0,0,0,0,0,0,0
60983,1,1,1999,0,0,0,0,0,0,0,0,0,0
60984,1,1,1999,0,0,0,0,0,0,0,0,0,0
60985,1,1,1999,8,8,8,8,8,8,8,8,8,8
60986,0,1,1999,26,26,26,26,26,26,26,26,26,26
60986,1,1,1999,0,0,0,0,0,0,0,0,0,0
60987,1,1,1999,18,18,18,18,18,18,18,18,18,18
60988,1,1,1999,0,0,0,0,0,0,0,0,0,0
60989,0,1,1999,0,0,0,0,0,0,0,0,0,0
60989,1,1,1999,0,0,0,0,0,0,0,0,0,0
60990,0,1,1999,0,0,0,0,0,0,0,0,0,0
60990,1,1,1999,12,0,0,0,0,0,0,0,0,0
60991,1,1,1999,11,11,11,11,11,11,11,11,11,11
60992,1,1,1999,0,0,0,0,0,0,0,0,0,0
60993,0,1,1999,0,0,0,0,0,0,0,0,0,0
60993,1,1,1999,0,0,0,0,0,0,0,0,0,0
60994,1,1,1999,0,0,0,0,0,0,0,0,0,0
60995,0,1,1999,0,0,0,0,0,13,0,15,0,0
60995,1,1,1999,10,10,10,10,10,10,10,10,10,10
60996,1,1,1999,0,0,0,0,0,0,0,0,0,0
60997,0,1,1999,11,11,11,11,11,11,11,11,11,11
60997,1,1,1999,0,0,0,0,0,0,0,0,0,0
60998,1,1,1999,0,0,0,0,0,0,0,0,0,0
60999,0,1,1999,18,18,18,18,18,18,18,18,18,18
60999,1,1,1999,0,0,0,0,0,0,0,0,0,0
61000,1,1,1999,0,0,0,0,0,0,0,0,0,0
61000,2,1,1999,21,0,21,12,15,15,0,10,0,14
61001,1,1,1999,18,18,18,18,18,18,18,18,18,18
61001,2,1,1999,15,0,0,0,0,0,9,0,4,9
61002,1,1,1999,0,0,0,0,0,0,0,0,0,0
61002,2,1,1999,0,0,0,0,0,0,0,0,7,0
61003,0,1,1999,0,0,0,0,0,0,0,0,0,0
61003,1,1,1999,0,0,0,0,0,0,0,0,0,0
61004,1,1,1999,0,0,0,25,0,0,14,18,0,0
61005,0,1,1999,0,0,0,0,0,0,0,0,0,0
61005,0,2,1999,0,0,0,0,29,29,0,0,0,0
61005,1,1,1999,0,0,14,16,12,0,5,6,20,9
61006,0,1,1999,0,0,0,0,0,0,0,0,0,0
61006,0,2,1999,0,20,0,0,0,0,0,0,0,0
61006,1,1,1999,15,15,15,15,15,15,15,15,15,15
61007,0,1,1999,0,0,0,0,0,0,0,0,0,0
61007,0,2,1999,0,0,0,35,0,14,0,0,0,0
61007,0,3,1999,10,0,0,0,0,0,0,0,0,0
61007,0,4,1999,0,0,0,0,0,24,0,0,0,0
61007,0,5,1999,0,0,27,0,12,0,0,5,0,0
61007,1,1,1999,0,0,0,0,0,0,0,0,0,0
61008,0,1,1999,0,0,0,0,0,0,0,0,0,0
61008,0,2,1999,0,0,0,0,0,0,0,0,0,0
61008,1,1,1999,0,0,0,0,0,0,0,0,0,0
61009,0,1,1999,0,0,0,0,0,0,0,0,0,0
61009,1,1,1999,26,26,26,26,26,26,26,26,26,26
61010,1,1,1999,0,0,0,0,0,0,0,0,0,0
61010,2,1,1999,0,0,0,0,0,0,0,0,0,0
61010,3,1,1999,0,0,0,0,0,0,0,0,0,0
61010,4,1,1999,0,0,0,0,0,0,0,0,0,0
61010,5,1,1999,0,0,0,0,0,0,0,0,0,0
61010,6,1,1999,0,0,0,0,0,0,0,0,0,0
61010,7,1,1999,0,0,0,0,0,0,0,0,0,0
61010,8,1,1999,0,0,0,0,0,0,0,0,0,0
61011,1,1,1999,0,0,0,0,0,0,0,0,0,0
61011,2,1,1999,0,0,0,0,0,0,0,0,0,0
61012,1,1,1999,1,1,1,1,1,1,1,1,1,1
61012,2,1,1999,0,0,0,0,0,0,0,13,0,0
61012,3,1,1999,16,0,0,0,12,0,19,0,0,0
61012,4,1,1999,19,0,0,0,0,0,0,0,0,0
61012,5,1,1999,0,0,0,0,0,0,0,0,0,0
61012,6,1,1999,0,0,0,0,0,0,0,0,0,0
61013,1,1,1999,7,7,7,7,7,7,7,7,7,7
61013,2,1,1999,0,0,0,0,0,0,0,0,0,0
61014,1,1,1999,0,15,0,0,0,0,0,0,0,0
61014,2,1,1999,0,0,0,0,0,0,0,0,0,0
61015,1,1,1999,15,15,15,15,15,15,15,15,15,15
61016,1,1,1999,0,24,0,0,0,0,0,0,19,0
61016,2,1,1999,8,0,0,0,0,13,10,26,24,0
61017,1,1,1999,9,9,9,9,9,9,9,9,9,9
61017,2,1,1999,0,0,0,0,0,0,0,0,0,0
61018,1,1,1999,0,0,0,0,0,0,0,0,0,0
61018,2,1,1999,0,0,0,0,0,0,0,0,0,0
61019,1,1,1999,0,0,0,0,0,0,0,0,0,0
61019,2,1,1999,0,0,0,0,0,0,0,0,0,0
61020,1,1,1999,0,0,0,0,0,0,0,0,0,0
61020,2,1,1999,0,0,0,0,0,0,0,0,0,0
61021,0,1,1999,0,0,0,0,17,0,0,0,0,0
61021,0,2,1999,0,0,0,0,0,0,0,0,0,0
61021,1,1,1999,0,0,0,0,0,0,0,0,0,0
61022,1,1,1999,0,0,0,0,0,0,0,0,0,0
61023,1,1,1999,11,22,0,9,7,7,0,11,11,0
61024,0,1,1999,2,2,2,2,2,2,2,2,2,2
61024,1,1,1999,8,0,0,8,2,24,0,18,0,0
61025,1,1,1999,0,0,0,0,0,0,0,0,0,0
61025,2,1,1999,0,0,0,0,0,0,0,0,0,0
61026,1,1,1999,5,0,0,0,0,0,0,0,0,0
61026,2,1,1999,0,0,0,0,0,0,0,0,0,0
61027,0,1,1999,0,0,0,0,0,0,0,0,0,0
61027,1,1,1999,0,0,0,0,0,11,7,6,0,0
61028,0,1,1999,0,0,0,0,0,0,0,0,0,0
61028,1,1,1999,0,0,0,0,0,9,0,0,0,0
61029,0,1,1999,26,26,26,26,26,26,26,26,26,26
61029,1,1,1999,8,8,8,8,8,8,8,8,8,8
61030,0,1,1999,0,0,0,0,0,0,0,0,0,0
61030,1,1,1999,14,14,14,14,14,14,14,14,14,14
61031,0,1,1999,0,0,0,0,0,0,0,0,0,0
61031,1,1,1999,0,0,0,0,0,0,0,0,0,0
61032,0,1,1999,0,0,0,0,0,0,0,0,0,0
61032,1,1,1999,0,0,0,0,0,0,0,0,0,0
61033,0,1,1999,0,0,0,0,0,0,0,0,0,0
61033,1,1,1999,0,0,0,7,0,0,21,0,0,0
61033,2,1,1999,21,10,0,20,0,0,8,0,27,0
61034,1,1,1999,0,0,0,0,0,0,0,0,0,0
61035,1,1,1999,0,0,0,0,0,0,0,0,0,0
61035,2,1,1999,0,0,0,0,0,0,0,0,0,0
61035,3,1,1999,0,0,0,0,12,0,0,0,0,0
61036,0,1,1999,33,33,33,33,33,33,33,33,33,33
61036,1,1,1999,0,0,0,0,0,0,0,0,0,0
61037,1,1,1999,0,0,0,0,0,0,0,0,0,0
61037,2,1,1999,0,0,0,0,0,0,0,0,0,0
61038,1,1,1999,0,0,0,0,0,0,0,0,0,0
61038,2,1,1999,0,0,17,0,0,0,0,0,0,0
61038,3,1,1999,0,0,0,0,10,0,0,0,0,0
61038,4,1,1999,0,0,0,0,0,0,0,0,0,0
61039,1,1,1999,0,0,0,0,0,0,0,0,0,0
61039,2,1,1999,0,0,0,0,0,0,0,0,0,0
61039,3,1,1999,0,0,0,0,0,0,0,0,0,0
61040,1,1,1999,0,0,0,0,0,0,0,0,0,0
61040,2,1,1999,0,0,0,0,0,0,0,0,0,0
61041,1,1,1999,0,0,0,0,0,0,0,0,0,0
61041,2,1,1999,0,0,0,0,0,0,0,0,0,0
61042,0,1,1999,0,0,0,0,0,0,0,0,0,0
61042,1,1,1999,0,0,0,0,0,0,0,0,0,0
61043,1,1,1999,6,6,6,6,6,6,6,6,6,6
61044,0,1,1999,16,16,16,16,16,16,16,16,16,16
61044,1,1,1999,0,0,0,0,0,0,0,0,0,0
61045,1,1,1999,8,8,8,8,8,8,8,8,8,8
61046,1,1,1999,0,0,0,0,0,0,0,0,0,0
61047,1,1,1999,0,0,0,16,0,0,0,0,0,0
61047,2,1,1999,0,0,0,0,0,0,0,0,0,0
61048,1,1,1999,0,0,0,0,0,0,0,0,0,0
61048,2,1,1999,0,0,0,0,0,0,0,0,0,0
61049,1,1,1999,11,11,11,11,11,11,11,11,11,11
61049,2,1,1999,0,0,0,0,0,0,0,0,0,0
61050,1,1,1999,0,0,0,0,0,0,0,0,0,0
61050,2,1,1999,0,0,0,0,12,0,0,0,0,17
61051,1,1,1999,0,0,0,0,0,0,0,0,0,0
61051,2,1,1999,0,0,0,0,0,0,0,0,0,0
61052,1,1,1999,0,0,0,0,0,0,0,0,0,0
61052,2,1,1999,0,0,0,0,0,0,0,0,0,0
61053,1,1,1999,0,0,0,23,7,0,0,0,0,0
61053,2,1,1999,0,0,0,0,0,0,0,0,0,0
61054,1,1,1999,6,6,6,6,6,6,6,6,6,6
61054,2,1,1999,0,0,0,0,0,0,0,0,0,0
61055,0,1,1999,0,0,0,0,0,0,0,0,0,0
61055,1,1,1999,0,0,0,0,0,0,0,0,0,0
61056,1,1,1999,0,0,0,0,0,0,0,0,0,0
61056,2,1,1999,0,0,0,0,0,0,0,0,0,0
61057,1,1,1999,0,0,0,0,0,0,0,0,0,0
61057,2,1,1999,0,0,0,0,0,0,0,0,0,0
61057,3,1,1999,0,0,0,0,0,0,0,0,0,0
61058,1,1,1999,2,2,2,2,2,2,2,2,2,2
61059,1,1,1999,0,0,0,0,0,0,0,0,0,0
61059,2,1,1999,0,0,0,0,0,0,0,0,0,0
61060,1,1,1999,3,3,3,3,3,3,3,3,3,3
61060,2,1,1999,0,0,0,2,0,0,0,0,0,0
61061,1,1,1999,0,0,0,0,0,0,0,0,0,0
61061,2,1,1999,0,0,0,0,0,0,0,0,0,0
61062,1,1,1999,0,0,0,0,0,0,0,0,0,0
61062,2,1,1999,0,0,0,0,0,0,0,0,0,0
61063,0,1,1999,23,23,23,23,23,23,23,23,23,23
61063,0,2,1999,17,17,17,17,17,17,17,17,17,17
61063,1,1,1999,0,0,15,0,0,0,0,0,0,22
61064,1,1,1999,23,23,23,23,23,23,23,23,23,23
61065,0,1,1999,12,12,12,12,12,12,12,12,12,12
61065,1,1,1999,0,0,0,0,0,0,0,0,0,0
61066,0,1,1999,0,0,0,0,0,0,0,0,0,0
61066,1,1,1999,0,0,0,0,0,0,0,0,0,0
61067,0,1,1999,0,0,0,0,0,0,0,0,0,0
61067,1,1,1999,0,0,0,0,0,0,0,0,0,0
61068,1,1,1999,35,35,35,35,35,35,35,35,35,35