ST_CASE,VEH_NO,PER_NO,YEAR,P1,P2,P3,P4,P5,P6,P7,P8,P9,P10
61069,1,1,1999,22,22,22,22,22,22,22,22,22,22
61069,2,1,1999,0,0,0,0,0,39,0,0,0,0
61070,1,1,1999,13,13,13,13,13,13,13,13,13,13
61071,1,1,1999,14,14,14,14,14,14,14,14,14,14
61072,0,1,1999,0,0,0,0,0,0,0,0,0,0
61072,1,1,1999,0,9,11,0,5,0,0,13,31,0
61073,1,1,1999,0,0,0,0,0,0,0,0,0,0
61074,1,1,1999,9,9,9,9,9,9,9,9,9,9
61075,0,1,1999,0,0,0,0,0,0,0,0,0,0
61075,1,1,1999,0,0,0,0,0,0,0,0,0,0
61076,0,1,1999,24,24,24,24,24,24,24,24,24,24
61076,1,1,1999,0,13,0,0,0,0,0,0,0,0
61077,1,1,1999,15,15,15,15,15,15,15,15,15,15
61078,1,1,1999,0,0,0,0,0,0,0,0,0,0
61079,1,1,1999,0,0,0,0,0,0,0,0,0,0
61079,2,1,1999,0,0,0,0,0,0,0,0,0,0
61080,1,1,1999,0,0,0,0,0,0,0,0,0,0
61081,1,1,1999,7,7,7,7,7,7,7,7,7,7
61082,1,1,1999,19,19,19,19,19,19,19,19,19,19
61083,1,1,1999,23,23,23,23,23,23,23,23,23,23
61084,0,1,1999,0,0,0,0,0,0,0,0,0,0
61084,1,1,1999,0,0,0,0,0,0,0,0,0,0
61085,1,1,1999,22,22,22,22,22,22,22,22,22,22
61086,1,1,1999,12,12,12,12,12,12,12,12,12,12
61087,1,1,1999,1,1,1,1,1,1,1,1,1,1
61088,1,1,1999,0,0,0,0,0,0,0,0,0,0
61088,2,1,1999,0,0,0,0,0,0,0,0,0,0
61089,0,1,1999,19,19,19,19,19,19,19,19,19,19
61089,1,1,1999,0,0,0,0,0,0,0,0,0,0
61090,1,1,1999,0,0,0,0,0,0,0,13,0,0
61090,2,1,1999,0,0,0,0,0,0,0,0,0,0
61091,0,1,1999,0,0,0,0,0,0,0,0,0,0
61091,1,1,1999,0,9,5,0,0,0,0,0,0,0
61092,0,1,1999,36,17,27,19,22,4,20,11,10,18
61092,1,1,1999,0,5,0,0,0,0,0,0,0,0
61093,1,1,1999,4,15,0,20,14,13,22,19,35,24
61094,0,1,1999,0,0,0,0,0,0,0,0,0,0
61094,1,1,1999,0,0,0,0,20,0,13,0,0,0
61095,1,1,1999,2,2,2,2,2,2,2,2,2,2
61096,1,1,1999,0,0,0,0,0,0,0,0,0,0
61096,2,1,1999,1,1,1,1,1,1,1,1,1,1
61097,1,1,1999,0,0,0,0,0,0,12,0,0,26
61097,2,1,1999,0,0,0,0,0,0,0,0,0,0
61098,0,1,1999,0,0,0,0,8,0,0,0,0,0
61098,1,1,1999,0,0,0,0,0,0,0,0,0,0
61099,1,1,1999,11,11,11,11,11,11,11,11,11,11
61100,1,1,1999,11,11,11,11,11,11,11,11,11,11
61101,0,1,1999,0,10,19,14,12,10,39,8,20,21
61101,1,1,1999,0,0,0,0,0,0,0,0,0,15
61102,1,1,1999,18,18,18,18,18,18,18,18,18,18
61103,1,1,1999,33,33,33,33,33,33,33,33,33,33
61104,1,1,1999,0,0,0,0,0,0,0,0,0,0
61104,2,1,1999,0,0,0,0,0,0,0,0,0,0
61105,0,1,1999,26,26,26,26,26,26,26,26,26,26
61105,1,1,1999,0,0,0,0,0,0,0,0,0,0
61106,1,1,1999,0,0,0,0,0,0,0,0,0,0
61106,2,1,1999,25,25,25,25,25,25,25,25,25,25
61107,1,1,1999,0,0,0,0,0,0,0,0,0,0
61108,0,1,1999,0,0,0,0,0,0,0,0,0,0
61108,1,1,1999,0,0,0,0,0,0,0,0,0,0
61109,1,1,1999,0,0,0,0,0,0,0,0,0,0
61110,0,1,1999,0,0,0,0,0,0,0,0,0,0
61110,1,1,1999,0,0,0,0,0,0,0,0,0,0
61111,1,1,1999,32,32,32,32,32,32,32,32,32,32
61112,1,1,1999,18,18,18,18,18,18,18,18,18,18
61113,1,1,1999,8,19,4,5,11,18,15,7,15,20
61114,1,1,1999,0,0,0,16,0,0,0,0,0,0
61115,1,1,1999,0,0,0,0,0,0,0,0,0,0
61116,1,1,1999,9,9,9,9,9,9,9,9,9,9
61117,1,1,1999,6,6,6,6,6,6,6,6,6,6
61118,1,1,1999,12,12,12,12,12,12,12,12,12,12
61119,1,1,1999,22,22,22,22,22,22,22,22,22,22
61120,1,1,1999,0,0,0,0,0,0,0,0,0,0
61121,0,1,1999,0,0,0,0,0,0,0,0,0,0
61121,1,1,1999,0,0,0,0,0,0,6,14,0,0
61122,1,1,1999,0,0,0,0,0,0,0,0,0,0
61123,1,1,1999,0,0,0,0,0,0,0,0,0,0
61124,1,1,1999,0,0,0,0,0,0,0,0,0,0
61125,1,1,1999,0,0,0,0,0,0,0,0,0,0
61126,1,1,1999,0,0,0,0,0,0,0,0,0,0
61127,1,1,1999,0,0,0,0,0,0,0,0,0,0
61128,0,1,1999,0,0,0,0,0,0,0,0,0,0
61128,1,1,1999,0,0,0,0,0,0,0,0,0,0
61129,1,1,1999,0,0,0,0,0,0,0,0,0,0
61130,1,1,1999,0,0,0,0,0,0,0,0,0,0
61130,2,1,1999,0,0,0,0,0,0,0,0,0,0
61131,1,1,1999,0,0,0,0,0,0,0,0,0,0
61131,2,1,1999,0,0,0,0,3,0,0,0,0,0
61132,1,1,1999,0,0,0,0,0,0,0,0,0,0
61133,1,1,1999,0,0,0,0,0,0,0,0,0,0
61133,2,1,1999,0,0,0,0,0,0,0,0,0,0
61133,3,1,1999,0,0,0,0,0,0,0,0,0,0
61134,1,1,1999,0,0,0,0,0,0,0,0,0,0
61134,2,1,1999,0,0,0,0,0,0,0,0,0,0
61135,1,1,1999,0,0,0,0,0,0,0,0,0,0
61135,2,1,1999,0,0,0,0,0,0,0,0,0,0
61136,1,1,1999,12,0,0,0,0,0,18,0,11,0
61137,1,1,1999,5,5,5,5,5,5,5,5,5,5
61138,0,1,1999,0,0,0,0,0,0,0,0,0,0
61138,1,1,1999,0,0,0,0,0,0,0,0,0,0
61139,1,1,1999,18,18,18,18,18,18,18,18,18,18
61140,1,1,1999,0,0,0,0,0,0,0,0,0,0
61141,0,1,1999,0,0,0,0,0,0,0,0,0,0
61141,1,1,1999,0,0,0,0,0,0,0,0,0,0
61141,3,1,1999,0,0,0,0,0,0,0,0,0,0
61141,4,1,1999,0,0,0,0,0,0,0,0,0,0
61142,1,1,1999,0,10,0,5,8,18,0,15,9,0
61143,1,1,1999,16,16,16,16,16,16,16,16,16,16
61144,1,1,1999,0,0,0,0,0,0,0,14,8,0
61145,0,1,1999,0,16,21,0,11,0,0,0,0,15
61145,1,1,1999,0,0,0,0,0,0,0,0,0,0
61146,1,1,1999,13,13,13,13,13,13,13,13,13,13
61147,1,1,1999,0,0,0,0,0,0,0,0,0,0
61148,1,1,1999,0,0,0,0,0,0,0,0,0,0
61149,0,1,1999,0,0,0,0,0,0,0,0,0,0
61149,1,1,1999,0,0,0,0,0,0,0,0,0,0
61150,1,1,1999,0,0,0,0,0,0,0,0,0,0
61151,1,1,1999,0,0,0,0,0,0,0,0,0,0
61152,0,1,1999,0,0,0,0,0,0,0,0,0,0
61152,1,1,1999,0,0,0,0,0,0,0,0,0,0
61153,1,1,1999,19,19,19,19,19,19,19,19,19,19
61154,1,1,1999,0,0,0,0,0,0,0,0,0,0
61155,1,1,1999,0,0,0,0,0,0,0,0,0,0
61156,1,1,1999,23,23,23,23,23,23,23,23,23,23
61157,1,1,1999,0,0,0,0,0,0,0,0,0,0
61157,2,1,1999,0,0,0,0,0,0,0,0,0,0
61158,1,1,1999,0,0,0,0,0,0,0,0,0,0
61159,1,1,1999,0,0,0,0,0,0,0,0,0,0
61160,1,1,1999,0,0,0,0,0,0,0,0,0,0
61161,1,1,1999,0,0,0,0,0,0,0,0,0,0
61162,0,1,1999,0,0,0,0,0,0,0,0,0,0
61162,1,1,1999,0,0,0,0,0,0,0,0,0,0
61163,1,1,1999,0,0,0,0,0,0,0,0,0,0
61164,1,1,1999,19,19,19,19,19,19,19,19,19,19
61165,1,1,1999,0,0,0,0,0,0,0,0,0,0
61166,0,1,1999,0,0,0,0,0,0,0,0,0,0
61166,1,1,1999,0,0,0,0,0,0,0,0,0,0
61167,1,1,1999,0,0,0,0,0,0,0,0,0,0
61168,1,1,1999,8,8,8,8,8,8,8,8,8,8
61169,0,1,1999,0,0,0,0,0,0,0,0,0,0
61169,1,1,1999,0,0,0,0,0,0,0,0,0,0
61170,0,1,1999,11,0,0,32,0,0,0,0,0,0
61170,1,1,1999,0,0,0,0,0,0,0,0,0,0
61171,1,1,1999,0,0,0,0,0,0,0,0,0,0
61172,1,1,1999,0,0,0,0,15,0,0,0,14,0
61173,0,1,1999,0,0,0,0,0,0,0,0,0,0
61173,1,1,1999,8,0,0,0,0,0,0,0,0,0
61174,1,1,1999,0,0,0,0,0,0,0,0,0,0
61175,1,1,1999,0,0,0,0,0,0,0,0,0,0
61176,1,1,1999,22,0,0,0,0,0,0,0,0,0
61177,1,1,1999,0,0,0,0,0,0,0,0,0,0
61178,1,1,1999,0,0,0,0,0,0,0,0,0,0
61179,0,1,1999,0,0,0,0,0,0,0,0,0,0
61179,1,1,1999,0,0,0,0,0,0,0,0,0,0
61180,0,1,1999,0,0,0,0,0,0,0,0,0,0
61180,1,1,1999,0,0,0,0,0,0,0,0,0,0
61181,1,1,1999,8,8,8,8,8,8,8,8,8,8
61182,0,1,1999,18,18,18,18,18,18,18,18,18,18
61182,1,1,1999,0,0,0,0,0,0,0,0,0,0
61183,1,1,1999,34,34,34,34,34,34,34,34,34,34
61184,1,1,1999,0,0,0,0,0,0,0,0,0,0
61185,1,1,1999,6,6,6,6,6,6,6,6,6,6
61186,1,1,1999,2,2,2,2,2,2,2,2,2,2
61187,0,1,1999,0,0,0,0,0,0,0,0,0,0
61187,1,1,1999,0,0,0,0,0,0,0,0,0,0
61188,0,1,1999,0,0,0,0,0,0,0,0,0,0
61188,1,1,1999,0,0,0,0,0,0,0,0,0,0
61189,1,1,1999,0,0,0,0,0,0,0,0,0,0
61190,1,1,1999,19,19,19,19,19,19,19,19,19,19
61191,1,1,1999,0,0,0,0,0,0,0,0,0,0
61192,1,1,1999,21,15,0,0,3,28,8,0,32,11
61193,1,1,1999,16,16,16,16,16,16,16,16,16,16
61194,1,1,1999,0,0,0,0,0,0,0,0,0,0
61195,1,1,1999,0,0,0,0,0,0,0,0,0,0
61196,1,1,1999,16,16,16,16,16,16,16,16,16,16
61197,0,1,1999,22,22,22,22,22,22,22,22,22,22
61197,1,1,1999,0,0,0,0,18,0,0,0,0,0
61198,1,1,1999,0,0,0,0,0,0,0,0,0,0
61199,0,1,1999,40,40,40,40,40,40,40,40,40,40
61199,1,1,1999,0,0,0,0,0,13,0,14,0,4
61200,0,1,1999,0,0,0,0,0,0,0,0,0,0
61200,1,1,1999,0,0,0,0,0,0,0,11,0,9
61201,1,1,1999,13,13,13,13,13,13,13,13,13,13
61202,1,1,1999,29,29,29,29,29,29,29,29,29,29
61203,1,1,1999,18,18,18,18,18,18,18,18,18,18
61204,1,1,1999,0,0,0,0,0,0,0,0,0,0
61205,1,1,1999,15,15,15,15,15,15,15,15,15,15
61206,1,1,1999,23,23,23,23,23,23,23,23,23,23
61207,1,1,1999,0,0,0,0,0,0,0,0,0,0
61208,1,1,1999,0,0,0,0,0,0,0,0,0,0
61209,1,1,1999,13,13,13,13,13,13,13,13,13,13
61210,1,1,1999,10,10,10,10,10,10,10,10,10,10
61211,1,1,1999,0,0,0,0,0,0,0,0,0,0
61212,0,1,1999,0,0,0,0,0,0,0,0,0,0
61212,1,1,1999,0,0,0,0,0,0,0,0,0,0
61213,1,1,1999,0,0,0,0,0,0,0,0,0,0
61214,1,1,1999,41,41,41,41,41,41,41,41,41,41
61215,0,1,1999,28,28,28,28,28,28,28,28,28,28
61215,1,1,1999,0,0,0,0,0,0,0,0,0,0
61216,1,1,1999,0,0,0,0,0,0,0,0,0,0
61217,1,1,1999,16,16,16,16,16,16,16,16,16,16
61218,0,1,1999,0,0,0,0,0,0,0,0,0,0
61218,0,2,1999,0,0,0,0,0,0,0,0,0,12
61218,1,1,1999,0,0,0,0,0,17,0,0,0,0
61219,1,1,1999,0,0,0,0,0,0,0,0,0,0
61220,1,1,1999,0,0,0,0,0,0,0,0,0,0
61221,0,1,1999,0,0,0,0,0,0,0,0,0,0
61221,1,1,1999,0,0,0,0,0,0,0,0,0,0
61222,1,1,1999,0,0,0,0,0,0,0,0,0,0
61222,2,1,1999,0,0,0,0,0,0,0,0,0,0
61223,0,1,1999,0,0,0,0,0,0,0,0,0,0
61223,1,1,1999,0,0,0,0,0,0,26,0,0,0
61224,0,1,1999,20,20,20,20,20,20,20,20,20,20
61224,1,1,1999,0,0,0,0,0,0,0,0,0,0
61225,0,1,1999,0,0,0,0,0,0,0,0,0,0
61225,1,1,1999,0,0,0,0,0,0,0,0,0,0
61226,0,1,1999,0,0,0,0,0,0,0,0,0,0
61226,1,1,1999,0,0,0,0,0,0,0,0,0,0
61227,0,1,1999,0,0,0,0,0,0,0,0,0,0
61227,1,1,1999,0,0,0,0,0,0,0,0,0,0
61228,0,1,1999,0,0,0,0,0,0,0,0,0,0
61228,1,1,1999,0,0,0,0,0,0,0,0,0,0
61229,1,1,1999,0,0,0,0,0,0,0,0,0,0
61230,1,1,1999,15,15,15,15,15,15,15,15,15,15
61231,0,1,1999,30,30,30,30,30,30,30,30,30,30
61231,1,1,1999,7,0,0,0,8,0,0,0,0,0
61232,1,1,1999,8,8,8,8,8,8,8,8,8,8
61233,0,1,1999,29,29,29,29,29,29,29,29,29,29
61233,1,1,1999,0,30,0,0,0,0,0,0,0,0
61234,1,1,1999,0,0,0,0,0,0,0,0,0,0
61234,2,1,1999,0,0,0,0,0,0,0,0,0,0
61235,1,1,1999,0,0,0,0,0,0,0,0,0,0
61235,2,1,1999,0,0,0,0,0,0,0,0,0,0
61236,1,1,1999,0,0,0,0,0,0,0,0,0,0
61236,2,1,1999,0,0,0,0,0,0,0,0,0,0
61237,0,1,1999,0,10,0,0,14,0,9,4,27,0
61237,1,1,1999,0,0,0,0,0,0,0,0,0,0
61237,2,1,1999,0,0,0,0,0,0,0,0,0,0
61238,0,1,1999,0,0,0,0,0,0,0,0,0,0
61238,1,1,1999,0,0,0,0,0,0,0,0,0,0
61239,1,1,1999,3,3,3,3,3,3,3,3,3,3
61239,2,1,1999,0,0,0,0,0,0,0,0,0,0
61240,1,1,1999,0,0,0,0,0,0,0,0,0,0
61240,2,1,1999,0,0,0,0,0,0,0,0,0,0
61241,1,1,1999,28,28,28,28,28,28,28,28,28,28
61242,0,1,1999,16,16,16,16,16,16,16,16,16,16
61242,1,1,1999,0,0,0,0,0,0,0,0,0,0
61243,1,1,1999,16,16,16,16,16,16,16,16,16,16
61244,1,1,1999,9,9,9,9,9,9,9,9,9,9
61244,2,1,1999,0,0,0,0,0,0,0,0,0,0
61245,1,1,1999,0,0,0,0,0,0,0,0,0,0
61245,2,1,1999,0,0,0,0,0,0,0,0,0,0
61246,0,1,1999,0,0,0,0,0,0,0,0,0,0
61246,1,1,1999,0,0,0,0,0,0,0,0,0,0
61247,1,1,1999,13,13,13,13,13,13,13,13,13,13
61248,0,1,1999,0,0,0,0,0,0,0,0,0,0
61248,1,1,1999,0,0,0,0,0,0,0,0,0,0
61249,1,1,1999,17,17,17,17,17,17,17,17,17,17
61250,0,1,1999,4,4,4,4,4,4,4,4,4,4
61250,1,1,1999,0,0,0,0,0,0,0,0,0,0
61251,1,1,1999,11,11,11,11,11,11,11,11,11,11
61252,1,1,1999,0,0,0,0,0,0,0,0,0,0
61252,2,1,1999,0,0,0,0,0,0,0,0,0,0
61253,1,1,1999,0,0,0,0,0,0,0,0,0,0
61253,2,1,1999,0,0,0,0,0,0,0,18,0,12
61254,1,1,1999,0,0,0,0,0,0,0,0,0,0
61255,0,1,1999,3,3,3,3,3,3,3,3,3,3
61255,1,1,1999,0,0,0,0,0,0,0,0,0,0
61256,1,1,1999,13,13,13,13,13,13,13,13,13,13
61257,1,1,1999,12,12,12,12,12,12,12,12,12,12
61258,1,1,1999,9,9,9,9,9,9,9,9,9,9
61259,1,1,1999,0,0,0,0,0,0,0,0,0,0
61260,0,1,1999,0,0,0,0,0,0,0,0,0,0
61260,0,2,1999,11,0,0,13,0,3,0,14,0,0
61260,1,1,1999,0,0,0,0,0,0,0,0,0,0
61261,1,1,1999,17,17,17,17,17,17,17,17,17,17
61261,2,1,1999,0,0,0,0,0,0,0,0,0,0
61261,3,1,1999,0,0,20,0,27,21,0,0,16,0
61262,1,1,1999,0,0,0,0,0,0,0,0,0,0
61263,1,1,1999,3,8,13,0,0,17,36,0,7,0
61264,1,1,1999,21,21,21,21,21,21,21,21,21,21
61265,0,1,1999,7,7,7,7,7,7,7,7,7,7
61265,1,1,1999,0,0,0,0,0,0,0,0,0,0
61266,1,1,1999,0,0,0,0,0,0,0,0,0,0
61267,1,1,1999,0,0,29,21,0,19,0,0,0,9
61268,1,1,1999,30,30,30,30,30,30,30,30,30,30
61269,1,1,1999,0,0,0,0,0,0,0,0,0,0
61270,0,1,1999,0,0,0,0,0,0,0,0,0,0
61270,1,1,1999,0,0,0,0,0,0,0,0,0,0
61271,0,1,1999,0,0,0,0,0,0,0,0,0,0
61271,0,2,1999,0,0,0,0,0,0,0,0,0,0
61271,1,1,1999,0,0,0,0,0,0,0,0,0,0
61272,1,1,1999,0,0,0,0,0,0,0,0,0,0
61273,1,1,1999,0,0,0,0,0,0,0,0,0,0
61274,1,1,1999,0,0,0,0,0,0,0,0,0,0
61275,1,1,1999,16,16,16,16,16,16,16,16,16,16
61276,1,1,1999,0,0,0,0,0,0,0,0,0,0
61277,1,1,1999,18,18,18,18,18,18,18,18,18,18
61278,0,1,1999,13,13,13,13,13,13,13,13,13,13
61278,1,1,1999,0,0,0,0,0,0,0,0,0,0
61279,0,1,1999,3,3,3,3,3,3,3,3,3,3
61279,1,1,1999,0,0,0,0,0,0,0,0,0,0
61280,1,1,1999,15,15,15,15,15,15,15,15,15,15
61281,1,1,1999,0,0,27,0,16,0,0,5,0,0
61282,1,1,1999,2,2,2,2,2,2,2,2,2,2
61283,0,1,1999,26,26,26,26,26,26,26,26,26,26
61283,1,1,1999,0,0,0,0,0,0,0,0,0,0
61284,1,1,1999,7,7,7,7,7,7,7,7,7,7
61285,1,1,1999,12,12,12,12,12,12,12,12,12,12
61286,1,1,1999,0,0,0,0,0,0,0,0,0,0
61287,1,1,1999,0,0,0,0,0,0,0,0,0,0
61288,1,1,1999,0,0,0,0,0,0,0,0,0,0
61289,1,1,1999,0,0,12,0,0,0,0,0,0,28
61290,1,1,1999,10,10,10,10,10,10,10,10,10,10
61291,1,1,1999,0,0,0,0,0,0,0,0,0,0
61292,0,1,1999,0,0,0,0,0,0,0,0,0,0
61292,1,1,1999,0,14,0,0,0,0,0,0,0,0
61293,1,1,1999,18,18,18,18,18,18,18,18,18,18
61294,1,1,1999,0,0,0,0,0,0,0,0,0,0
61295,1,1,1999,0,0,0,0,0,0,0,0,0,0
61296,1,1,1999,0,0,0,0,0,0,0,0,0,0
61297,1,1,1999,6,6,6,6,6,6,6,6,6,6
61298,1,1,1999,0,0,0,0,0,0,0,0,0,0
61299,1,1,1999,13,13,13,13,13,13,13,13,13,13
61300,1,1,1999,0,0,0,0,0,0,0,0,0,0
61301,1,1,1999,0,0,0,0,0,0,0,0,0,0
61302,1,1,1999,0,0,0,0,0,0,0,0,0,0
61304,0,1,1999,12,12,12,12,12,12,12,12,12,12
61304,1,1,1999,0,0,0,0,0,0,0,0,0,0
61305,1,1,1999,16,16,16,16,16,16,16,16,16,16
61306,1,1,1999,15,15,15,15,15,15,15,15,15,15
61307,1,1,1999,8,8,8,8,8,8,8,8,8,8
61308,0,1,1999,0,0,0,0,0,0,0,0,0,0
61308,1,1,1999,0,0,0,0,0,0,0,0,0,0
61309,1,1,1999,0,0,0,0,0,0,0,0,0,0
61310,1,1,1999,14,14,14,14,14,14,14,14,14,14
61311,1,1,1999,0,0,0,0,0,0,0,0,0,0
61312,1,1,1999,0,0,0,0,0,0,0,0,0,0
61313,1,1,1999,13,13,13,13,13,13,13,13,13,13
61314,1,1,1999,23,23,23,23,23,23,23,23,23,23
61315,0,1,1999,0,0,0,0,0,0,0,0,0,0
61315,1,1,1999,0,0,0,0,0,0,0,0,0,0
61316,1,1,1999,23,23,23,23,23,23,23,23,23,23
61317,1,1,1999,0,0,0,0,0,0,0,0,0,0
61317,2,1,1999,0,0,0,0,0,0,0,0,0,0
61317,3,1,1999,0,0,0,0,0,0,0,25,0,0
61318,0,1,1999,0,0,0,0,0,0,0,0,0,0
61318,1,1,1999,0,0,0,0,0,0,0,0,0,0
61319,0,1,1999,0,0,0,0,0,0,0,0,0,0
61319,1,1,1999,0,0,0,0,0,0,0,0,0,0
61320,1,1,1999,0,0,0,0,12,0,17,19,0,18
61320,2,1,1999,0,0,0,0,0,0,0,0,0,0
61321,0,1,1999,0,0,0,0,0,0,0,0,0,0
61321,1,1,1999,0,0,0,0,0,0,0,0,0,0
61322,0,1,1999,0,0,0,0,0,0,0,0,0,0
61322,1,1,1999,0,0,0,0,0,0,0,0,0,0
61323,0,1,1999,0,0,0,0,0,0,0,0,0,0
61323,1,1,1999,0,0,0,0,0,0,0,0,0,0
61324,0,1,1999,0,0,0,0,0,0,0,0,0,0
61325,0,1,1999,38,38,38,38,38,38,38,38,38,38
61325,1,1,1999,0,0,0,0,12,21,10,0,0,0
61326,0,1,1999,33,33,33,33,33,33,33,33,33,33
61326,1,1,1999,0,0,0,0,0,0,0,0,14,0
61327,1,1,1999,0,0,0,0,0,16,0,0,7,0
61328,1,1,1999,0,0,0,0,0,0,0,0,0,0
61328,2,1,1999,0,0,0,0,0,0,0,0,22,0
61329,1,1,1999,27,27,27,27,27,27,27,27,27,27
61329,2,1,1999,0,0,0,0,0,0,0,0,0,0
61330,1,1,1999,10,10,10,10,10,10,10,10,10,10
61330,2,1,1999,0,0,0,0,0,0,0,0,0,0
61331,1,1,1999,0,0,0,0,0,0,0,0,0,0
61331,2,1,1999,0,27,0,0,0,0,0,0,0,0
61332,1,1,1999,0,0,0,0,0,0,0,0,0,0
61332,2,1,1999,0,0,0,0,0,0,0,0,0,0
61332,3,1,1999,0,0,0,0,0,0,0,0,0,0
61333,1,1,1999,0,0,0,0,0,0,0,0,0,0
61333,2,1,1999,0,0,0,0,0,0,0,0,0,0
61334,1,1,1999,18,18,18,18,18,18,18,18,18,18
61334,2,1,1999,0,0,0,0,0,0,0,0,0,0
61335,1,1,1999,0,0,0,0,0,0,0,0,10,0
61335,2,1,1999,0,0,0,0,0,14,0,0,0,0
61336,0,1,1999,0,0,0,0,0,0,0,0,0,0
61336,1,1,1999,0,0,0,0,0,0,0,0,0,0
61337,1,1,1999,0,0,0,0,0,0,0,0,0,0
61337,2,1,1999,0,0,0,0,0,0,0,0,0,0
61338,1,1,1999,0,0,0,0,0,0,0,0,0,0
61338,2,1,1999,0,0,0,0,0,0,0,0,0,0
61339,1,1,1999,0,0,0,0,0,0,0,0,0,0
61339,2,1,1999,0,0,0,0,0,0,0,12,0,0
61340,1,1,1999,0,0,0,0,0,0,0,0,0,0
61340,2,1,1999,0,0,0,0,0,0,0,0,0,0
61341,1,1,1999,29,29,29,29,29,29,29,29,29,29
61341,2,1,1999,0,0,0,0,0,0,0,0,0,0
61342,1,1,1999,0,0,0,0,0,0,0,0,0,0
61342,2,1,1999,0,0,0,0,0,0,0,0,0,0
61343,1,1,1999,0,0,0,0,0,0,0,0,0,0
61343,2,1,1999,0,0,0,0,0,0,0,0,0,0
61344,1,1,1999,0,0,0,0,0,0,0,0,0,0
61344,2,1,1999,17,0,0,0,0,0,0,0,0,0
61345,1,1,1999,0,0,0,0,0,0,0,0,0,0
61345,2,1,1999,0,0,0,0,0,0,0,0,0,0
61345,3,1,1999,0,0,0,0,0,0,0,0,0,0
61346,1,1,1999,35,35,35,35,35,35,35,35,35,35
61346,2,1,1999,0,0,0,0,0,0,0,0,0,0
61347,1,1,1999,17,0,0,27,0,0,0,0,0,8
61347,2,1,1999,0,0,0,0,0,0,0,0,0,0
61348,1,1,1999,0,0,0,0,0,0,0,0,0,0
61348,2,1,1999,0,0,0,0,0,0,0,0,0,0
61349,1,1,1999,0,0,0,0,0,0,0,0,0,0
61349,2,1,1999,0,0,0,0,0,0,0,0,0,0
61349,3,1,1999,0,0,0,0,0,0,0,0,0,0
61350,1,1,1999,0,0,0,0,0,0,0,0,0,0
61350,2,1,1999,0,0,0,0,0,0,0,0,0,0
61351,1,1,1999,3,3,3,3,3,3,3,3,3,3
61352,0,1,1999,12,16,25,26,39,41,28,15,17,15
61352,1,1,1999,0,0,0,0,0,0,0,0,0,0
61353,0,1,1999,0,0,0,0,0,0,0,0,0,0
61353,1,1,1999,0,0,0,0,0,0,0,4,18,0
61354,1,1,1999,0,0,0,0,0,0,0,0,0,0
61354,2,1,1999,0,0,0,0,0,0,0,0,0,0
61354,3,1,1999,0,0,0,0,0,0,0,0,0,0
61354,4,1,1999,0,0,0,0,0,0,0,0,0,0
61355,1,1,1999,15,18,0,7,19,10,5,11,39,0
61356,1,1,1999,0,0,0,0,0,0,0,0,0,0
61357,1,1,1999,15,15,15,15,15,15,15,15,15,15
61358,0,1,1999,0,0,0,0,0,0,0,0,0,0
61358,1,1,1999,2,0,0,13,0,0,0,0,0,0
61359,1,1,1999,0,0,0,0,0,0,9,0,0,0
61360,0,1,1999,3,3,3,3,3,3,3,3,3,3
61360,1,1,1999,0,0,0,6,0,16,15,0,9,0
61361,1,1,1999,3,0,11,0,0,0,0,14,0,0
61362,0,1,1999,0,0,0,0,0,0,0,0,0,0
61362,1,1,1999,0,0,0,0,0,0,0,0,0,0
61363,0,1,1999,0,0,0,0,0,0,0,0,0,0
61363,1,1,1999,14,5,10,20,19,10,12,14,13,14
61364,0,1,1999,14,14,14,14,14,14,14,14,14,14
61364,1,1,1999,0,0,0,0,0,0,0,0,0,0
61365,1,1,1999,0,0,0,0,0,0,10,0,0,0
61366,1,1,1999,0,0,0,0,0,0,0,0,0,0
61367,0,1,1999,0,0,0,0,0,0,0,0,0,0
61367,1,1,1999,0,0,0,9,0,0,0,0,0,0
61368,1,1,1999,25,25,25,25,25,25,25,25,25,25
61369,1,1,1999,0,0,0,0,0,0,0,0,0,0
61369,2,1,1999,0,0,0,0,0,0,0,0,0,0
61370,0,1,1999,0,0,0,0,0,0,0,0,0,0
61370,1,1,1999,0,0,0,0,0,0,0,0,0,0
61371,1,1,1999,0,0,0,0,0,0,0,0,0,0
61372,1,1,1999,0,0,14,0,0,0,0,0,0,0
61373,1,1,1999,5,5,5,5,5,5,5,5,5,5
61374,0,1,1999,22,22,22,22,22,22,22,22,22,22
61374,1,1,1999,12,12,12,12,12,12,12,12,12,12