ST_CASE,VEH_NO,PER_NO,YEAR,P1,P2,P3,P4,P5,P6,P7,P8,P9,P10
61375,1,1,1999,10,10,10,10,10,10,10,10,10,10
61376,0,1,1999,0,0,0,0,0,0,0,0,0,0
61376,1,1,1999,0,0,0,0,0,0,0,0,0,0
61377,1,1,1999,9,9,9,9,9,9,9,9,9,9
61378,1,1,1999,36,36,36,36,36,36,36,36,36,36
61379,0,1,1999,14,14,14,14,14,14,14,14,14,14
61379,1,1,1999,0,20,0,0,0,0,21,13,0,20
61380,1,1,1999,8,17,36,0,0,0,0,8,23,0
61381,1,1,1999,0,0,0,0,0,0,0,0,0,0
61382,1,1,1999,0,0,0,0,0,0,0,0,0,0
61383,1,1,1999,0,0,0,0,0,0,0,0,0,0
61384,1,1,1999,0,0,0,0,0,0,0,0,0,0
61385,1,1,1999,11,11,11,11,11,11,11,11,11,11
61386,1,1,1999,0,0,0,0,0,0,0,0,0,0
61387,1,1,1999,24,24,24,24,24,24,24,24,24,24
61388,1,1,1999,0,9,0,0,0,0,0,0,0,14
61389,1,1,1999,16,16,16,16,16,16,16,16,16,16
61389,2,1,1999,0,0,0,0,0,0,0,0,0,0
61390,1,1,1999,0,0,0,0,0,0,0,0,0,0
61391,1,1,1999,0,0,0,0,0,0,0,0,0,0
61392,0,1,1999,0,0,0,0,0,0,0,0,0,0
61392,1,1,1999,0,0,0,0,0,0,0,0,0,0
61393,1,1,1999,0,0,0,0,0,0,0,0,0,0
61394,0,1,1999,35,35,35,35,35,35,35,35,35,35
61394,1,1,1999,0,0,12,0,15,0,0,0,29,0
61395,0,1,1999,3,3,3,3,3,3,3,3,3,3
61395,1,1,1999,0,0,0,0,0,0,0,0,0,0
61396,1,1,1999,0,0,0,0,0,0,0,0,0,0
61397,1,1,1999,0,0,0,0,0,0,0,0,0,0
61398,1,1,1999,0,0,0,0,0,0,0,0,0,0
61399,1,1,1999,0,0,0,0,0,0,6,17,0,23
61400,1,1,1999,27,27,27,27,27,27,27,27,27,27
61400,2,1,1999,9,0,0,0,0,0,0,27,11,0
61401,1,1,1999,0,0,0,0,0,0,0,0,0,0
61402,1,1,1999,11,11,11,11,11,11,11,11,11,11
61403,1,1,1999,0,0,0,0,3,0,0,0,0,0
61404,0,1,1999,29,29,29,29,29,29,29,29,29,29
61404,1,1,1999,0,0,0,0,0,0,0,0,0,0
61405,1,1,1999,23,6,36,10,24,28,16,11,4,17
61406,1,1,1999,0,0,0,0,0,0,0,0,0,0
61407,1,1,1999,19,19,19,19,19,19,19,19,19,19
61408,1,1,1999,7,7,7,7,7,7,7,7,7,7
61409,0,1,1999,23,23,23,23,23,23,23,23,23,23
61409,1,1,1999,0,0,0,0,0,0,0,0,0,0
61410,1,1,1999,0,0,0,0,0,0,0,0,0,0
61411,1,1,1999,14,14,14,14,14,14,14,14,14,14
61412,1,1,1999,0,0,0,0,0,0,0,0,0,0
61413,0,1,1999,23,23,23,23,23,23,23,23,23,23
61413,1,1,1999,0,0,0,0,0,0,0,0,0,0
61414,0,1,1999,9,9,9,9,9,9,9,9,9,9
61414,1,1,1999,0,0,0,0,0,0,0,0,0,0
61415,0,1,1999,1,1,1,1,1,1,1,1,1,1
61415,1,1,1999,1,1,1,1,1,1,1,1,1,1
61416,0,1,1999,20,20,20,20,20,20,20,20,20,20
61416,1,1,1999,0,0,0,0,0,0,0,0,0,0
61417,1,1,1999,14,14,14,14,14,14,14,14,14,14
61418,1,1,1999,11,11,11,11,11,11,11,11,11,11
61419,1,1,1999,0,0,0,0,0,0,0,0,0,0
61420,0,1,1999,0,0,0,0,0,0,0,0,0,0
61420,1,1,1999,5,5,5,5,5,5,5,5,5,5
61421,1,1,1999,10,10,10,10,10,10,10,10,10,10
61422,1,1,1999,9,3,0,0,0,0,0,21,0,0
61423,0,1,1999,0,0,0,0,0,0,0,0,0,0
61423,1,1,1999,0,0,0,0,0,0,0,0,0,0
61424,1,1,1999,21,21,21,21,21,21,21,21,21,21
61425,0,1,1999,19,19,19,19,19,19,19,19,19,19
61425,1,1,1999,0,12,0,0,0,0,0,0,0,0
61426,1,1,1999,0,0,0,0,0,0,0,0,0,0
61427,0,1,1999,0,0,0,0,0,0,0,0,0,0
61427,1,1,1999,0,0,0,0,0,0,0,0,0,0
61428,0,1,1999,0,0,0,0,0,0,0,0,0,0
61428,1,1,1999,0,0,0,0,0,0,0,0,0,0
61429,1,1,1999,0,0,0,0,0,0,0,0,0,0
61429,2,1,1999,0,0,0,0,0,0,0,0,0,0
61429,3,1,1999,0,0,0,0,0,0,0,0,0,0
61430,1,1,1999,0,0,0,0,0,0,0,0,0,0
61431,1,1,1999,36,36,36,36,36,36,36,36,36,36
61432,1,1,1999,19,19,19,19,19,19,19,19,19,19
61433,1,1,1999,0,0,0,0,0,0,0,0,0,0
61434,0,1,1999,0,0,0,0,0,0,0,0,0,0
61434,1,1,1999,0,0,0,0,0,0,0,0,0,0
61435,0,1,1999,0,0,0,0,0,0,0,0,0,0
61435,1,1,1999,0,0,0,0,0,0,0,0,0,0
61436,1,1,1999,0,0,0,0,0,0,0,0,0,0
61437,1,1,1999,19,19,19,19,19,19,19,19,19,19
61438,1,1,1999,22,22,22,22,22,22,22,22,22,22
61438,2,1,1999,0,0,0,0,0,0,0,0,0,0
61439,0,1,1999,0,0,0,0,0,0,0,0,0,0
61439,0,2,1999,0,0,0,0,0,0,0,0,0,0
61439,0,3,1999,0,0,0,0,0,0,0,0,0,0
61439,0,4,1999,6,0,22,0,15,0,2,14,0,24
61439,1,1,1999,0,0,0,15,0,0,0,10,25,17
61440,0,1,1999,0,19,29,0,46,0,0,23,25,0
61440,1,1,1999,0,0,0,0,0,0,0,0,0,0
61441,1,1,1999,16,16,16,16,16,16,16,16,16,16
61442,1,1,1999,5,5,5,5,5,5,5,5,5,5
61443,1,1,1999,21,21,21,21,21,21,21,21,21,21
61444,1,1,1999,0,0,0,0,0,0,0,0,0,0
61445,1,1,1999,0,0,0,0,0,0,0,0,0,0
61446,1,1,1999,0,0,0,0,0,0,0,0,0,0
61446,2,1,1999,0,0,0,0,0,0,0,0,0,0
61447,1,1,1999,15,15,15,15,15,15,15,15,15,15
61447,2,1,1999,0,0,0,0,0,5,0,0,0,0
61447,3,1,1999,0,0,0,0,0,0,0,0,0,0
61448,1,1,1999,0,0,0,0,0,0,0,0,0,0
61448,2,1,1999,0,0,0,0,0,0,0,0,0,0
61449,0,1,1999,0,0,0,0,0,0,0,0,0,0
61449,1,1,1999,0,0,0,0,0,0,0,0,0,0
61449,2,1,1999,0,0,0,0,0,0,0,0,0,0
61450,1,1,1999,0,0,0,0,0,0,0,0,0,0
61450,2,1,1999,0,0,0,0,0,0,0,0,0,0
61450,3,1,1999,0,0,12,0,0,0,0,0,0,0
61451,1,1,1999,7,0,0,0,7,0,0,0,0,0
61451,2,1,1999,0,0,0,0,16,0,0,0,5,0
61451,3,1,1999,0,0,0,0,0,0,0,0,0,0
61452,0,1,1999,0,0,0,0,0,0,0,0,0,4
61452,0,2,1999,0,0,0,0,0,0,0,0,0,0
61452,1,1,1999,0,0,0,0,0,0,0,0,0,0
61453,1,1,1999,0,0,0,0,0,0,0,0,0,0
61453,2,1,1999,0,0,0,0,0,0,0,0,0,0
61454,1,1,1999,28,28,28,28,28,28,28,28,28,28
61454,2,1,1999,0,0,0,0,0,0,0,0,0,0
61455,1,1,1999,0,0,0,3,0,0,0,0,0,6
61455,2,1,1999,0,0,0,0,0,0,0,0,0,0
61456,1,1,1999,0,0,0,0,0,0,0,0,0,0
61456,2,1,1999,0,0,0,0,0,0,0,0,0,0
61456,3,1,1999,0,0,0,0,0,0,0,0,0,0
61456,4,1,1999,0,0,0,0,0,0,0,0,0,0
61456,5,1,1999,0,0,0,0,0,0,0,0,0,0
61456,6,1,1999,0,0,0,0,0,0,0,0,0,0
61457,0,1,1999,0,41,9,28,0,17,0,0,0,35
61457,1,1,1999,6,0,0,24,8,6,15,11,40,16
61457,2,1,1999,0,0,0,0,0,0,0,0,0,0
61458,1,1,1999,0,0,0,0,0,0,0,0,0,0
61458,2,1,1999,0,0,0,0,0,0,0,0,0,0
61458,3,1,1999,0,0,0,0,0,0,0,0,0,0
61459,1,1,1999,0,0,0,0,0,0,0,0,0,0
61459,2,1,1999,0,0,0,0,0,0,0,0,0,0
61459,3,1,1999,0,0,0,0,0,0,0,0,0,0
61460,1,1,1999,5,5,5,5,5,5,5,5,5,5
61460,2,1,1999,0,0,0,0,0,0,13,12,0,0
61460,3,1,1999,0,0,0,0,0,0,0,0,0,0
61460,4,1,1999,0,0,0,0,0,0,0,0,0,0
61461,1,1,1999,16,16,16,16,16,16,16,16,16,16
61461,2,1,1999,0,0,0,0,0,0,0,0,0,0
61462,1,1,1999,0,0,0,0,0,0,0,0,0,0
61463,1,1,1999,0,0,0,0,0,0,0,0,0,0
61463,2,1,1999,0,0,0,0,0,0,0,0,0,0
61463,3,1,1999,0,0,0,0,0,0,0,0,0,0
61464,1,1,1999,0,0,0,0,0,0,0,0,0,0
61464,2,1,1999,0,0,0,0,0,0,0,0,0,0
61465,1,1,1999,0,0,0,0,0,0,0,0,0,0
61465,2,1,1999,0,0,0,0,0,0,0,0,0,3
61466,0,1,1999,0,0,0,0,0,0,0,0,0,0
61466,1,1,1999,0,0,0,0,0,0,0,0,0,0
61467,1,1,1999,26,26,26,26,26,26,26,26,26,26
61467,2,1,1999,1,1,1,1,1,1,1,1,1,1
61468,1,1,1999,0,0,0,16,0,19,0,0,0,23
61469,1,1,1999,22,22,22,22,22,22,22,22,22,22
61469,2,1,1999,8,0,0,0,0,0,0,0,0,0
61470,1,1,1999,0,0,0,0,0,0,0,0,0,0
61470,2,1,1999,4,4,4,4,4,4,4,4,4,4
61471,0,1,1999,0,0,0,0,0,0,0,0,0,0
61471,1,1,1999,0,0,0,0,0,0,0,0,0,0
61472,1,1,1999,0,0,0,0,0,0,0,0,0,0
61473,1,1,1999,0,0,0,0,0,0,0,0,0,0
61474,0,1,1999,21,21,21,21,21,21,21,21,21,21
61474,1,1,1999,0,0,0,0,0,0,0,0,0,0
61475,1,1,1999,9,0,0,0,0,0,0,0,0,0
61476,1,1,1999,0,0,0,0,0,0,0,0,0,0
61476,2,1,1999,0,0,0,0,0,0,0,0,0,0
61477,1,1,1999,16,16,16,16,16,16,16,16,16,16
61478,1,1,1999,39,39,39,39,39,39,39,39,39,39
61478,2,1,1999,0,0,0,0,0,9,0,0,0,0
61479,1,1,1999,0,0,0,0,0,0,0,0,0,0
61479,2,1,1999,0,0,0,0,13,0,0,0,0,0
61480,1,1,1999,0,0,0,0,0,0,0,0,0,0
61481,1,1,1999,15,15,15,15,15,15,15,15,15,15
61482,1,1,1999,15,15,15,15,15,15,15,15,15,15
61483,1,1,1999,0,0,0,0,0,0,0,0,0,0
61484,0,1,1999,10,10,10,10,10,10,10,10,10,10
61484,1,1,1999,0,0,0,0,0,0,0,0,0,0
61485,1,1,1999,0,0,0,0,0,0,0,0,0,0
61486,1,1,1999,0,0,15,16,12,0,0,0,0,0
61487,0,1,1999,36,36,36,36,36,36,36,36,36,36
61487,1,1,1999,10,10,10,10,10,10,10,10,10,10
61488,0,1,1999,25,25,25,25,25,25,25,25,25,25
61488,1,1,1999,0,0,0,0,0,0,0,9,0,0
61489,0,1,1999,47,47,47,47,47,47,47,47,47,47
61489,1,1,1999,0,0,0,0,0,0,0,0,0,0
61490,1,1,1999,13,13,13,13,13,13,13,13,13,13
61491,0,1,1999,48,48,48,48,48,48,48,48,48,48
61491,1,1,1999,0,0,0,0,0,16,0,0,0,0
61492,1,1,1999,0,0,0,0,0,0,0,0,0,0
61493,1,1,1999,0,0,0,0,0,0,0,0,0,0
61494,1,1,1999,0,0,0,0,0,0,0,0,0,0
61495,1,1,1999,0,0,0,0,0,0,0,0,0,0
61496,1,1,1999,0,0,0,0,0,0,0,0,14,0
61497,1,1,1999,0,0,0,0,0,0,0,0,0,0
61498,1,1,1999,0,0,26,0,0,0,0,0,0,0
61499,0,1,1999,17,17,17,17,17,17,17,17,17,17
61499,1,1,1999,0,0,0,0,0,0,0,0,0,0
61500,1,1,1999,0,0,0,0,0,0,0,0,0,0
61500,2,1,1999,0,0,0,0,0,0,0,0,0,0
61500,3,1,1999,0,0,0,0,0,0,0,0,0,0
61501,1,1,1999,0,0,0,0,0,0,0,0,0,0
61501,2,1,1999,2,2,2,2,2,2,2,2,2,2
61502,1,1,1999,0,0,0,0,0,0,0,0,0,0
61502,2,1,1999,8,8,8,8,8,8,8,8,8,8
61503,1,1,1999,0,0,0,0,0,0,0,0,0,0
61503,2,1,1999,0,0,0,0,0,0,0,0,0,0
61503,3,1,1999,0,0,0,0,0,0,0,0,0,0
61504,1,1,1999,0,0,0,0,0,0,0,0,0,0
61504,2,1,1999,0,0,0,0,0,0,0,0,0,0
61505,1,1,1999,0,0,0,0,0,0,0,0,0,0
61505,2,1,1999,0,0,0,0,0,0,0,0,0,0
61506,1,1,1999,0,0,0,0,0,0,0,0,0,0
61506,2,1,1999,0,0,0,0,0,0,0,0,0,0
61507,1,1,1999,0,0,0,0,0,0,0,0,0,0
61507,2,1,1999,0,0,0,0,0,0,0,0,0,0
61508,1,1,1999,0,0,0,0,0,0,0,0,0,0
61508,2,1,1999,0,0,0,0,0,0,0,0,0,0
61509,1,1,1999,0,0,0,0,0,0,0,0,0,0
61510,1,1,1999,0,0,0,0,0,0,0,0,0,0
61511,1,1,1999,0,0,0,0,0,0,0,0,0,0
61512,1,1,1999,0,0,0,0,0,14,0,0,6,0
61513,1,1,1999,18,0,0,0,0,0,0,0,0,0
61514,1,1,1999,0,0,0,0,0,0,0,0,0,0
61515,1,1,1999,0,0,0,0,0,0,0,0,0,0
61516,1,1,1999,14,9,0,5,26,9,5,0,16,0
61517,1,1,1999,0,0,0,0,0,0,0,0,0,0
61518,1,1,1999,0,0,0,0,0,0,0,0,0,0
61519,1,1,1999,0,0,0,0,0,0,0,0,0,0
61520,0,1,1999,19,7,11,11,0,0,0,17,0,0
61520,1,1,1999,16,24,0,0,20,0,0,0,0,0
61521,1,1,1999,0,0,0,0,0,0,0,0,0,0
61522,1,1,1999,0,0,0,0,0,0,0,0,0,0
61523,1,1,1999,0,0,0,0,0,0,0,0,0,0
61524,1,1,1999,0,0,0,0,0,0,0,0,0,0
61524,2,1,1999,0,0,20,0,0,0,0,0,0,0
61524,3,1,1999,0,0,0,0,0,0,0,0,0,0
61525,0,1,1999,0,0,0,0,0,0,0,0,0,0
61525,1,1,1999,13,0,0,0,0,0,15,0,0,0
61526,0,1,1999,20,20,20,20,20,20,20,20,20,20
61526,1,1,1999,11,0,0,9,0,0,0,0,0,0
61527,1,1,1999,0,0,0,0,0,0,0,0,0,0
61528,1,1,1999,0,0,0,0,0,0,0,0,0,0
61529,1,1,1999,26,26,26,26,26,26,26,26,26,26
61530,1,1,1999,0,0,0,0,0,0,0,0,0,0
61531,0,1,1999,0,0,0,0,0,0,0,0,0,0
61531,1,1,1999,0,0,0,0,0,0,0,0,0,0
61532,1,1,1999,0,0,0,0,0,0,0,0,0,0
61533,0,1,1999,28,28,28,28,28,28,28,28,28,28
61533,1,1,1999,0,0,28,0,0,10,0,0,17,0
61534,1,1,1999,22,22,22,22,22,22,22,22,22,22
61535,1,1,1999,15,15,15,15,15,15,15,15,15,15
61536,1,1,1999,0,0,0,0,0,0,0,0,12,0
61537,0,1,1999,0,0,0,0,0,0,0,0,0,0
61537,1,1,1999,0,0,0,0,0,0,0,0,0,0
61538,1,1,1999,3,3,3,3,3,3,3,3,3,3
61539,1,1,1999,14,14,14,14,14,14,14,14,14,14
61540,0,1,1999,0,0,0,0,27,0,0,0,0,0
61540,1,1,1999,0,0,10,0,0,0,22,14,0,0
61541,1,1,1999,0,0,0,0,0,0,0,0,0,0
61542,0,1,1999,11,24,40,17,20,29,13,29,21,51
61542,1,1,1999,0,0,0,0,0,0,0,24,11,0
61543,0,1,1999,0,0,0,0,0,0,0,0,0,0
61543,1,1,1999,0,0,7,0,0,0,0,0,0,0
61544,1,1,1999,0,0,0,0,0,0,0,0,0,0
61545,1,1,1999,0,0,0,0,0,0,0,0,0,0
61545,2,1,1999,0,0,0,0,0,0,0,0,0,0
61545,3,1,1999,0,0,0,0,0,0,0,0,0,0
61545,4,1,1999,0,0,0,0,0,0,0,0,0,0
61546,0,1,1999,21,21,21,21,21,21,21,21,21,21
61546,0,2,1999,0,0,0,0,0,0,0,0,0,0
61546,0,3,1999,30,0,9,20,14,0,0,0,0,33
61546,1,1,1999,0,0,0,0,0,0,0,0,0,0
61547,1,1,1999,0,0,0,0,0,0,0,0,0,0
61547,2,1,1999,0,0,0,0,0,0,0,0,0,0
61547,3,1,1999,0,0,0,0,0,0,0,0,0,0
61548,0,1,1999,3,3,3,3,3,3,3,3,3,3
61548,1,1,1999,0,0,0,17,0,0,0,23,0,0
61549,1,1,1999,0,0,0,0,0,0,0,0,0,0
61549,2,1,1999,0,0,0,0,0,0,0,0,0,0
61549,3,1,1999,0,0,0,0,0,0,0,0,0,0
61550,1,1,1999,0,0,0,0,0,0,0,0,0,0
61550,2,1,1999,0,0,0,0,0,0,0,0,0,0
61551,1,1,1999,0,0,0,0,0,0,0,0,0,0
61551,2,1,1999,0,0,0,0,0,0,0,0,0,0
61552,1,1,1999,12,12,12,12,12,12,12,12,12,12
61552,2,1,1999,0,0,0,0,0,0,0,0,0,0
61552,3,1,1999,13,0,38,0,0,9,6,0,0,14
61553,1,1,1999,0,0,0,0,0,0,0,0,21,0
61553,2,1,1999,0,0,0,0,0,0,0,0,0,0
61554,1,1,1999,0,0,0,0,0,0,0,0,0,0
61554,2,1,1999,0,0,0,0,0,0,0,0,18,43
61555,0,1,1999,0,0,0,0,0,0,0,0,0,0
61555,1,1,1999,0,0,0,0,0,0,0,0,0,0
61556,1,1,1999,0,0,0,0,0,0,0,0,0,0
61556,2,1,1999,0,0,0,0,0,0,0,0,0,0
61557,1,1,1999,0,0,0,0,0,0,0,0,0,0
61557,2,1,1999,0,0,0,0,0,0,0,0,0,0
61558,1,1,1999,0,0,0,0,0,0,0,0,0,0
61558,2,1,1999,27,5,3,5,14,16,20,15,0,13
61559,1,1,1999,0,0,0,0,0,0,0,0,0,0
61559,2,1,1999,0,0,0,0,0,0,0,0,0,0
61560,1,1,1999,0,0,0,0,0,0,0,0,0,0
61560,2,1,1999,9,9,9,9,9,9,9,9,9,9
61561,1,1,1999,11,11,11,11,11,11,11,11,11,11
61561,2,1,1999,0,0,0,9,0,0,0,0,0,0
61562,1,1,1999,0,0,0,0,0,0,0,0,0,0
61562,2,1,1999,0,0,0,0,0,0,0,0,0,0
61563,1,1,1999,0,40,29,0,18,2,20,18,23,14
61563,2,1,1999,0,0,0,0,0,0,5,0,0,2
61563,3,1,1999,0,0,0,0,0,0,0,8,0,0
61563,4,1,1999,0,0,0,0,0,0,0,0,0,0
61564,1,1,1999,0,0,16,0,0,0,0,0,0,0
61564,2,1,1999,34,34,34,34,34,34,34,34,34,34
61565,1,1,1999,0,0,0,0,0,0,0,0,0,0
61565,2,1,1999,0,0,0,0,0,0,0,0,0,0
61566,1,1,1999,0,0,0,0,0,0,0,0,0,0
61566,2,1,1999,0,0,0,0,0,0,0,0,0,0
61567,1,1,1999,0,0,0,0,0,0,0,0,0,0
61567,2,1,1999,0,0,0,0,0,0,0,0,0,0
61568,0,1,1999,15,15,15,15,15,15,15,15,15,15
61568,1,1,1999,28,0,0,25,0,25,0,10,0,14
61568,2,1,1999,0,0,0,23,0,0,0,0,0,0
61569,1,1,1999,20,20,20,20,20,20,20,20,20,20
61569,2,1,1999,0,0,0,0,0,0,0,0,0,0
61570,1,1,1999,0,0,0,0,0,0,0,0,0,0
61570,2,1,1999,0,0,0,0,0,0,0,0,0,0
61571,1,1,1999,0,0,6,0,0,20,0,0,0,0
61571,2,1,1999,0,0,0,0,0,0,0,0,0,0
61572,1,1,1999,0,0,0,0,0,0,0,0,0,0
61572,2,1,1999,0,0,0,0,0,0,0,0,0,0
61573,1,1,1999,0,0,0,0,0,0,0,0,0,0
61573,2,1,1999,0,0,0,0,0,0,0,0,0,0
61574,1,1,1999,28,28,28,28,28,28,28,28,28,28
61574,2,1,1999,0,0,0,0,0,0,0,0,0,0
61575,1,1,1999,6,6,6,6,6,6,6,6,6,6
61576,1,1,1999,0,0,0,0,0,0,0,0,0,0
61576,2,1,1999,0,0,0,0,0,0,0,0,0,0
61577,1,1,1999,0,0,0,0,0,0,0,0,11,0
61577,2,1,1999,10,10,10,10,10,10,10,10,10,10
61578,1,1,1999,0,0,0,0,0,0,0,0,0,0
61578,2,1,1999,0,0,0,0,0,0,0,0,0,0
61579,1,1,1999,0,0,0,0,0,0,0,0,0,0
61579,2,1,1999,0,0,0,0,0,0,0,0,0,0
61580,1,1,1999,20,20,20,20,20,20,20,20,20,20
61580,2,1,1999,4,4,4,4,4,4,4,4,4,4
61581,1,1,1999,12,12,12,12,12,12,12,12,12,12
61582,1,1,1999,6,4,23,16,18,22,44,25,18,19
61583,1,1,1999,0,0,0,0,0,0,0,0,0,0
61583,2,1,1999,0,0,0,0,0,0,0,0,0,0
61584,1,1,1999,0,0,0,0,0,0,0,0,0,0
61584,2,1,1999,0,0,0,0,0,0,0,0,0,0
61585,1,1,1999,0,0,0,0,0,0,0,0,0,0
61585,2,1,1999,0,0,0,0,0,0,0,0,0,0
61586,1,1,1999,15,24,20,13,14,10,13,18,17,10
61586,2,1,1999,18,0,9,0,0,3,18,0,0,0
61587,1,1,1999,0,0,0,0,0,0,0,0,0,0
61588,1,1,1999,19,19,19,19,19,19,19,19,19,19
61589,1,1,1999,24,24,24,24,24,24,24,24,24,24
61590,1,1,1999,0,0,0,0,0,0,0,0,0,0
61591,0,1,1999,21,21,21,21,21,21,21,21,21,21
61591,1,1,1999,0,0,0,0,0,0,13,0,0,0
61592,1,1,1999,20,0,0,0,0,0,18,0,0,12
61593,1,1,1999,0,0,0,0,0,0,0,0,0,0
61593,2,1,1999,0,0,0,0,0,0,0,0,0,0
61593,3,1,1999,4,0,0,0,0,0,0,0,0,0
61594,1,1,1999,28,28,28,28,28,28,28,28,28,28
61594,2,1,1999,0,0,0,0,0,0,0,13,0,0
61595,0,1,1999,1,1,1,1,1,1,1,1,1,1
61595,0,6,1999,0,8,0,15,9,19,15,8,0,7
61595,0,7,1999,30,0,7,22,0,42,16,7,0,12
61595,0,8,1999,0,0,14,18,21,11,15,17,0,9
61595,0,9,1999,16,7,32,4,13,25,23,15,11,15
61595,0,10,1999,8,0,10,12,15,8,37,0,20,0
61595,0,11,1999,0,0,0,0,0,0,0,0,0,0
61595,1,1,1999,7,7,7,7,7,7,7,7,7,7
61596,1,1,1999,0,0,0,0,0,0,0,0,0,0
61596,2,1,1999,0,0,0,0,0,0,0,0,0,0
61597,1,1,1999,32,0,0,0,0,7,0,0,20,0
61598,1,1,1999,0,0,0,0,0,0,0,0,0,11
61598,2,1,1999,0,0,0,0,0,0,0,0,0,0
61598,3,1,1999,8,0,0,0,0,0,0,0,0,0
61598,4,1,1999,0,0,0,0,0,0,0,0,0,0
61599,1,1,1999,0,0,0,0,0,0,0,0,0,0
61599,2,1,1999,0,0,0,0,0,0,0,0,0,0
61600,1,1,1999,0,0,0,0,0,0,0,0,0,0
61600,2,1,1999,0,0,0,0,0,3,0,0,0,0
61601,1,1,1999,0,0,0,0,0,0,0,0,0,0
61601,2,1,1999,0,0,0,0,0,0,0,0,0,0
61602,1,1,1999,0,0,0,0,0,0,0,0,0,0
61603,1,1,1999,14,14,14,14,14,14,14,14,14,14
61604,1,1,1999,0,0,0,0,0,0,0,0,0,11
61604,2,1,1999,0,0,0,0,0,0,0,0,0,0
61605,1,1,1999,0,0,0,0,0,0,0,0,0,0
61605,2,1,1999,0,0,0,0,0,0,0,0,0,0
61606,1,1,1999,0,0,0,0,0,0,0,0,0,0
61606,2,1,1999,0,0,0,0,0,0,0,0,0,0
61607,0,1,1999,3,3,3,3,3,3,3,3,3,3
61607,1,1,1999,0,0,0,0,0,0,0,0,0,0
61608,1,1,1999,0,0,0,0,0,0,0,0,0,0
61609,1,1,1999,2,2,2,2,2,2,2,2,2,2
61610,1,1,1999,16,16,16,16,16,16,16,16,16,16
61611,1,1,1999,0,0,0,0,0,0,0,0,0,0
61612,1,1,1999,0,0,0,0,0,0,0,0,0,0
61613,0,1,1999,0,0,0,0,0,0,0,0,0,0
61613,1,1,1999,0,0,0,0,0,0,0,0,0,0
61614,1,1,1999,0,0,0,0,0,0,0,0,0,0
61615,1,1,1999,0,0,0,0,0,0,0,0,0,0
61616,1,1,1999,0,0,0,0,0,0,0,0,0,0
61617,1,1,1999,0,0,0,0,0,0,0,0,0,0
61618,1,1,1999,28,28,28,28,28,28,28,28,28,28
61619,0,1,1999,25,25,25,25,25,25,25,25,25,25
61619,1,1,1999,0,0,0,0,0,0,0,0,0,0
61620,1,1,1999,0,0,0,0,0,0,0,0,0,0
61621,1,1,1999,0,0,0,0,0,0,0,0,0,0
61622,1,1,1999,3,3,3,3,3,3,3,3,3,3
61623,1,1,1999,0,0,0,0,0,0,0,0,0,0
61624,1,1,1999,0,0,0,0,0,0,0,0,0,0
61625,0,1,1999,0,0,0,0,0,0,0,0,0,0
61625,1,1,1999,0,0,0,0,0,0,0,8,0,0
61626,1,1,1999,0,0,0,0,0,0,0,0,0,0
61627,1,1,1999,22,22,22,22,22,22,22,22,22,22
61628,1,1,1999,0,0,0,0,0,0,0,0,0,0
61629,0,1,1999,0,0,0,0,0,0,0,0,0,0
61629,1,1,1999,0,0,0,0,0,0,4,0,0,0
61630,1,1,1999,0,19,24,18,26,12,19,0,17,19
61631,1,1,1999,14,14,14,14,14,14,14,14,14,14
61632,1,1,1999,0,0,0,0,0,0,0,0,0,34
61633,0,1,1999,0,0,0,0,0,0,0,0,0,0
61633,1,1,1999,0,0,0,0,0,0,0,0,0,0
61634,1,1,1999,0,0,0,0,0,0,0,0,0,0
61634,2,1,1999,0,0,0,0,0,0,0,0,0,0
61635,1,1,1999,1,1,1,1,1,1,1,1,1,1
61636,1,1,1999,0,0,0,0,0,0,0,0,0,0
61637,1,1,1999,7,7,7,7,7,7,7,7,7,7
61638,0,1,1999,31,31,31,31,31,31,31,31,31,31
61638,1,1,1999,0,0,0,0,0,0,0,0,0,0
61639,1,1,1999,0,0,0,0,0,0,0,0,0,0
61639,2,1,1999,0,0,0,0,0,0,0,0,0,0
61639,3,1,1999,0,0,0,0,0,0,0,0,0,0
61640,0,1,1999,0,0,0,0,0,0,0,0,0,0
61640,1,1,1999,0,0,0,0,0,0,0,0,0,0
61641,1,1,1999,19,19,19,19,19,19,19,19,19,19
61642,1,1,1999,0,0,0,0,0,0,0,0,0,0
61643,0,1,1999,10,10,10,10,10,10,10,10,10,10
61644,1,1,1999,0,0,0,0,0,0,0,0,0,0
61644,2,1,1999,0,0,0,0,0,0,0,0,0,0
61645,0,1,1999,0,0,0,0,0,0,0,0,0,0
61645,1,1,1999,0,0,0,5,0,11,0,0,0,0