ST_CASE,VEH_NO,PER_NO,YEAR,P1,P2,P3,P4,P5,P6,P7,P8,P9,P10
61646,1,1,1999,0,0,0,0,0,0,0,0,0,0
61647,1,1,1999,3,3,3,3,3,3,3,3,3,3
61648,1,1,1999,0,0,0,0,0,0,0,0,0,0
61649,0,1,1999,0,0,0,0,0,0,0,0,0,0
61649,1,1,1999,0,0,0,0,0,0,0,0,0,0
61650,1,1,1999,18,18,18,18,18,18,18,18,18,18
61651,1,1,1999,18,18,18,18,18,18,18,18,18,18
61652,1,1,1999,0,0,0,0,0,0,0,0,0,0
61653,1,1,1999,0,0,0,0,0,0,0,12,0,0
61654,1,1,1999,22,22,22,22,22,22,22,22,22,22
61655,1,1,1999,0,0,0,0,0,0,0,0,0,0
61656,1,1,1999,8,8,8,8,8,8,8,8,8,8
61657,1,1,1999,16,16,16,16,16,16,16,16,16,16
61658,0,1,1999,0,0,0,0,0,0,0,0,0,0
61658,1,1,1999,0,0,0,0,0,0,0,0,0,0
61659,1,1,1999,0,0,0,0,0,0,0,0,0,0
61660,0,1,1999,0,0,0,0,0,0,0,0,0,0
61660,1,1,1999,0,0,0,0,0,0,0,0,0,0
61661,1,1,1999,0,0,0,0,0,0,0,0,0,0
61662,1,1,1999,21,21,21,21,21,21,21,21,21,21
61663,1,1,1999,13,20,29,0,9,12,11,0,0,0
61664,1,1,1999,0,0,0,0,0,0,8,0,0,0
61665,0,1,1999,13,13,13,13,13,13,13,13,13,13
61665,1,1,1999,0,0,0,0,0,0,0,0,0,0
61666,0,1,1999,0,0,0,0,0,0,0,0,0,0
61666,1,1,1999,0,0,0,0,0,0,0,0,0,0
61667,1,1,1999,0,0,0,0,0,0,0,0,0,0
61668,1,1,1999,0,0,0,0,0,0,0,0,0,0
61669,1,1,1999,0,0,0,0,0,0,0,0,0,0
61670,0,1,1999,0,0,0,0,0,0,0,0,0,0
61670,1,1,1999,15,15,15,15,15,15,15,15,15,15
61671,0,1,1999,0,0,0,0,0,0,0,0,0,0
61671,1,1,1999,0,0,0,0,0,0,0,8,0,0
61672,1,1,1999,32,32,32,32,32,32,32,32,32,32
61673,1,1,1999,12,12,12,12,12,12,12,12,12,12
61674,1,1,1999,0,0,0,25,0,0,0,0,0,0
61675,1,1,1999,0,0,0,0,0,0,0,0,0,0
61676,1,1,1999,6,6,6,6,6,6,6,6,6,6
61677,1,1,1999,0,0,0,0,18,0,0,0,0,0
61678,1,1,1999,0,0,0,0,0,0,0,0,0,0
61679,1,1,1999,0,0,0,16,0,0,0,0,0,0
61680,0,1,1999,0,0,0,0,0,0,0,0,0,0
61680,1,1,1999,0,0,0,0,0,0,0,0,0,0
61681,1,1,1999,20,20,20,20,20,20,20,20,20,20
61682,0,1,1999,0,0,0,0,0,0,30,0,0,0
61682,1,1,1999,0,0,0,0,0,0,0,0,0,0
61683,1,1,1999,0,0,0,0,0,0,0,0,0,0
61684,1,1,1999,0,0,0,0,0,0,65,0,0,0
61685,0,1,1999,0,0,0,0,0,0,0,0,0,0
61685,1,1,1999,0,0,0,0,0,0,0,0,0,0
61686,1,1,1999,0,0,0,0,0,0,0,0,0,0
61686,2,1,1999,0,0,0,0,0,0,0,0,0,0
61687,1,1,1999,0,0,0,0,0,0,0,0,0,0
61687,2,1,1999,0,0,0,0,0,0,0,0,0,0
61688,1,1,1999,0,0,0,0,0,0,0,0,0,0
61688,2,1,1999,0,0,0,0,0,0,0,0,0,0
61689,1,1,1999,0,0,0,0,0,0,0,0,0,0
61689,2,1,1999,4,4,4,4,4,4,4,4,4,4
61690,1,1,1999,0,0,0,0,0,0,0,0,0,0
61690,2,1,1999,0,0,0,0,0,0,0,0,0,0
61690,3,1,1999,0,0,0,0,0,0,0,0,0,0
61691,1,1,1999,0,0,0,0,0,0,0,0,0,0
61692,1,1,1999,0,0,0,0,0,0,0,0,21,0
61693,1,1,1999,0,0,0,0,12,0,0,0,0,0
61694,1,1,1999,22,4,9,0,10,20,3,6,0,0
61694,2,1,1999,10,0,0,0,0,3,0,0,0,0
61695,0,1,1999,11,11,11,11,11,11,11,11,11,11
61695,1,1,1999,0,0,0,0,0,15,13,0,0,0
61695,2,1,1999,0,0,0,0,0,0,0,0,0,0
61696,1,1,1999,0,0,0,0,0,15,0,0,0,0
61696,2,1,1999,0,0,0,0,0,0,0,0,0,0
61696,3,1,1999,0,0,0,0,0,0,0,0,0,0
61697,0,1,1999,0,0,0,0,0,0,0,0,0,0
61697,1,1,1999,0,0,0,31,0,0,0,21,0,0
61698,1,1,1999,10,10,10,10,10,10,10,10,10,10
61698,2,1,1999,9,9,9,9,9,9,9,9,9,9
61699,1,1,1999,2,2,2,2,2,2,2,2,2,2
61699,2,1,1999,0,0,0,0,18,0,10,0,2,0
61700,1,1,1999,11,11,11,11,11,11,11,11,11,11
61700,2,1,1999,0,0,0,0,0,0,0,0,0,0
61700,3,1,1999,0,0,8,0,0,0,0,0,0,0
61701,1,1,1999,0,0,0,0,0,0,0,0,0,0
61701,2,1,1999,0,0,0,0,0,0,0,0,0,0
61702,0,1,1999,0,0,0,0,0,0,0,0,0,0
61702,1,1,1999,0,18,0,0,18,0,0,0,0,14
61702,2,1,1999,0,0,0,0,0,0,0,0,0,0
61703,1,1,1999,17,17,17,17,17,17,17,17,17,17
61704,0,1,1999,0,9,0,0,0,0,0,0,0,0
61704,1,1,1999,0,0,0,0,0,6,0,0,0,0
61705,0,1,1999,13,13,13,13,13,13,13,13,13,13
61705,1,1,1999,3,3,3,3,3,3,3,3,3,3
61706,1,1,1999,0,0,0,0,0,0,0,0,0,0
61707,1,1,1999,0,0,0,0,21,0,0,0,0,0
61708,1,1,1999,0,0,0,0,0,0,0,16,0,0
61709,1,1,1999,0,0,0,0,0,0,0,0,0,0
61710,1,1,1999,0,0,0,0,0,0,0,0,0,0
61710,2,1,1999,0,0,0,0,0,0,0,0,0,0
61711,0,1,1999,15,15,15,15,15,15,15,15,15,15
61711,1,1,1999,0,0,0,0,0,0,0,0,0,0
61712,0,1,1999,0,0,0,0,0,0,0,0,0,0
61712,1,1,1999,0,0,0,0,0,0,0,0,0,0
61713,1,1,1999,0,0,0,0,0,0,0,0,0,0
61713,2,1,1999,0,0,0,0,0,0,0,0,0,10
61714,1,1,1999,0,0,0,0,0,0,0,0,0,0
61714,2,1,1999,0,0,0,0,0,0,0,0,0,0
61715,1,1,1999,0,0,0,0,0,0,0,0,0,0
61715,2,1,1999,0,0,0,0,0,0,0,0,0,0
61716,1,1,1999,0,0,0,0,0,0,0,0,0,0
61716,2,1,1999,0,0,0,0,0,0,0,0,0,0
61717,1,1,1999,13,13,13,13,13,13,13,13,13,13
61717,2,1,1999,0,0,0,0,0,0,0,0,0,0
61718,1,1,1999,0,0,0,0,0,0,0,0,0,0
61718,2,1,1999,0,0,0,0,0,0,0,0,0,0
61719,1,1,1999,0,0,0,0,0,0,0,0,0,0
61719,2,1,1999,0,0,0,0,0,0,0,0,0,0
61720,1,1,1999,0,0,0,0,0,0,0,0,0,0
61721,1,1,1999,0,0,0,0,0,0,0,0,0,0
61721,2,1,1999,0,0,0,0,0,0,0,0,0,0
61722,1,1,1999,0,0,0,0,0,0,0,0,0,0
61722,2,1,1999,0,0,19,0,0,0,12,0,8,0
61722,3,1,1999,0,0,0,0,0,0,0,0,0,0
61722,4,1,1999,0,0,0,0,0,0,0,0,0,0
61723,1,1,1999,0,0,16,0,9,0,0,0,19,0
61723,2,1,1999,0,0,0,0,0,0,0,0,0,0
61724,1,1,1999,0,0,0,0,0,0,0,0,0,0
61724,2,1,1999,0,0,0,0,0,0,0,0,0,0
61725,1,1,1999,0,0,0,0,0,0,0,0,0,0
61725,2,1,1999,0,0,0,0,0,0,0,0,0,0
61726,1,1,1999,0,0,0,0,0,0,0,0,0,0
61726,2,1,1999,0,0,0,0,0,0,0,0,0,0
61726,3,1,1999,0,0,0,0,0,0,0,0,0,0
61726,4,1,1999,0,0,7,0,11,20,0,16,0,0
61727,1,1,1999,15,15,15,15,15,15,15,15,15,15
61727,2,1,1999,0,0,0,0,0,0,0,0,0,0
61728,0,1,1999,11,11,11,11,11,11,11,11,11,11
61728,1,1,1999,0,0,0,0,0,0,0,0,0,0
61728,2,1,1999,0,0,0,0,0,0,0,0,0,0
61728,3,1,1999,0,0,0,0,0,0,0,0,0,0
61729,1,1,1999,0,0,0,0,0,0,0,0,0,0
61730,0,1,1999,0,0,0,0,11,0,18,7,15,0
61730,1,1,1999,0,0,0,0,0,0,0,0,0,0
61731,1,1,1999,3,3,3,3,3,3,3,3,3,3
61732,1,1,1999,13,13,13,13,13,13,13,13,13,13
61732,2,1,1999,0,0,0,0,0,0,0,0,0,0
61733,1,1,1999,27,27,27,27,27,27,27,27,27,27
61733,2,1,1999,0,0,0,0,0,0,0,0,0,0
61734,1,1,1999,0,0,0,0,0,0,0,0,0,0
61734,2,1,1999,0,0,0,0,0,0,0,0,0,0
61735,1,1,1999,0,0,0,0,0,0,0,0,0,0
61735,2,1,1999,0,0,0,0,0,0,0,0,0,0
61735,3,1,1999,0,0,15,0,0,0,0,0,0,11
61736,1,1,1999,0,0,0,0,0,0,0,0,0,0
61737,0,1,1999,0,0,0,0,0,0,0,0,0,0
61737,1,1,1999,0,0,0,0,0,0,0,0,0,0
61738,1,1,1999,1,1,1,1,1,1,1,1,1,1
61739,0,1,1999,0,0,0,0,0,0,0,0,0,0
61739,1,1,1999,0,0,0,0,0,0,0,0,0,0
61740,1,1,1999,14,14,14,14,14,14,14,14,14,14
61741,1,1,1999,0,0,0,0,0,0,0,0,0,0
61742,0,1,1999,0,11,0,0,0,22,0,0,0,0
61742,1,1,1999,18,18,18,18,18,18,18,18,18,18
61743,1,1,1999,0,0,0,0,0,0,0,0,0,0
61744,0,1,1999,26,8,24,12,29,17,17,26,24,10
61744,1,1,1999,0,0,8,0,0,0,0,0,0,0
61745,1,1,1999,0,0,0,0,0,0,0,0,0,0
61745,2,1,1999,0,0,0,0,0,0,0,0,0,0
61746,1,1,1999,0,0,0,0,0,0,0,0,0,0
61746,2,1,1999,0,0,0,0,0,0,0,0,0,0
61747,1,1,1999,0,0,0,0,0,0,0,0,0,0
61747,2,1,1999,0,0,0,0,0,0,0,0,0,0
61747,3,1,1999,0,0,0,0,0,0,0,0,0,0
61747,4,1,1999,0,0,0,0,0,0,0,0,0,0
61747,5,1,1999,0,0,0,0,0,0,0,0,0,0
61748,0,1,1999,0,0,0,0,0,0,0,0,0,0
61748,1,1,1999,20,20,20,20,20,20,20,20,20,20
61749,1,1,1999,0,0,0,0,0,0,0,0,0,0
61749,2,1,1999,0,0,0,0,0,0,0,0,0,0
61750,1,1,1999,0,0,0,0,0,0,0,0,0,0
61750,2,1,1999,0,0,0,0,0,0,0,0,0,0
61751,1,1,1999,0,0,0,0,0,0,0,0,0,0
61751,2,1,1999,0,0,0,0,0,0,0,0,0,0
61752,1,1,1999,18,18,18,18,18,18,18,18,18,18
61752,2,1,1999,7,0,12,0,0,0,0,12,21,11
61753,1,1,1999,0,0,0,0,0,0,0,0,0,0
61753,2,1,1999,0,0,0,0,0,0,0,0,0,0
61753,3,1,1999,0,0,0,0,0,0,0,0,0,0
61754,1,1,1999,0,0,0,0,0,0,0,0,0,0
61754,2,1,1999,0,0,0,0,0,0,0,0,0,0
61754,3,1,1999,0,0,0,10,0,0,0,0,0,0
61754,4,1,1999,0,0,0,0,0,0,0,0,0,0
61755,1,1,1999,0,0,0,0,0,0,0,0,0,0
61755,2,1,1999,0,0,0,0,0,0,14,0,0,0
61756,1,1,1999,0,11,23,0,0,0,0,24,13,0
61756,2,1,1999,6,6,6,6,6,6,6,6,6,6
61757,1,1,1999,28,28,28,28,28,28,28,28,28,28
61758,0,1,1999,0,0,0,0,0,0,0,0,0,0
61758,1,1,1999,0,0,0,0,0,0,0,0,0,0
61759,0,1,1999,0,0,0,0,0,0,0,0,0,0
61759,1,1,1999,0,0,0,0,0,0,0,0,0,0
61760,1,1,1999,10,0,0,0,0,0,0,0,0,0
61761,1,1,1999,14,14,14,14,14,14,14,14,14,14
61762,1,1,1999,0,0,0,0,0,0,0,0,0,0
61763,0,1,1999,0,0,0,0,0,0,0,0,0,0
61763,0,2,1999,0,0,0,15,0,0,0,0,0,22
61763,1,1,1999,0,0,0,0,0,0,0,0,0,0
61764,1,1,1999,0,0,0,0,0,0,0,0,0,0
61764,2,1,1999,0,0,0,0,0,0,0,0,0,0
61765,0,1,1999,0,0,0,0,0,0,0,0,0,0
61765,1,1,1999,0,0,0,0,0,0,0,0,0,0
61765,2,1,1999,0,0,0,0,0,0,0,0,0,0
61766,1,1,1999,0,0,0,0,0,0,0,0,0,0
61766,2,1,1999,0,0,0,0,0,0,0,5,0,0
61767,1,1,1999,0,0,0,0,0,0,0,0,0,0
61767,2,1,1999,0,0,0,0,0,0,0,0,0,0
61767,3,1,1999,0,0,9,0,0,0,9,0,0,0
61768,1,1,1999,0,0,0,0,0,0,0,0,0,0
61768,2,1,1999,0,0,0,0,0,0,0,0,0,0
61769,1,1,1999,11,11,11,11,11,11,11,11,11,11
61769,2,1,1999,0,0,0,0,0,0,0,0,0,0
61770,1,1,1999,16,16,16,16,16,16,16,16,16,16
61770,2,1,1999,0,0,0,0,0,0,0,0,0,0
61771,1,1,1999,9,9,9,9,9,9,9,9,9,9
61772,1,1,1999,0,0,0,0,0,0,0,0,0,0
61772,2,1,1999,0,0,0,0,0,0,0,0,0,0
61773,1,1,1999,0,0,0,0,0,12,7,22,0,11
61773,2,1,1999,0,0,0,0,0,0,0,0,0,0
61774,1,1,1999,0,0,0,0,0,0,0,0,0,0
61774,2,1,1999,0,0,0,0,0,0,0,0,0,0
61775,0,1,1999,0,0,0,0,0,0,0,0,0,0
61775,0,2,1999,0,0,10,0,0,0,0,0,0,0
61775,1,1,1999,0,0,0,0,0,0,0,0,0,0
61776,1,1,1999,0,0,0,0,0,0,0,0,0,0
61777,1,1,1999,19,19,19,19,19,19,19,19,19,19
61778,0,1,1999,17,17,17,17,17,17,17,17,17,17
61778,1,1,1999,11,0,2,0,9,0,0,0,0,0
61779,1,1,1999,0,0,0,0,0,0,0,0,0,0
61780,0,1,1999,0,0,0,0,0,0,0,0,0,0
61780,1,1,1999,0,0,0,0,0,0,0,0,0,0
61781,0,1,1999,0,0,0,0,0,0,0,0,0,0
61781,1,1,1999,0,0,15,0,0,25,0,0,0,0
61782,1,1,1999,0,0,0,0,0,0,0,0,0,0
61783,0,1,1999,22,22,22,22,22,22,22,22,22,22
61783,1,1,1999,0,0,0,0,0,0,0,0,0,0
61784,1,1,1999,0,0,0,0,0,0,0,0,0,12
61785,1,1,1999,20,20,20,20,20,20,20,20,20,20
61786,1,1,1999,11,11,11,11,11,11,11,11,11,11
61787,1,1,1999,0,0,0,0,0,0,0,0,0,0
61788,1,1,1999,0,0,0,0,0,0,0,0,0,0
61789,1,1,1999,0,0,0,0,0,0,0,0,0,0
61790,0,1,1999,0,0,0,0,0,0,0,0,0,0
61790,1,1,1999,0,0,0,0,0,0,0,0,0,0
61791,1,1,1999,0,0,0,0,0,0,0,0,0,0
61792,0,1,1999,0,0,0,0,0,0,0,0,0,0
61792,1,1,1999,0,0,0,0,0,0,0,0,0,0
61793,0,1,1999,0,0,0,0,0,0,0,0,0,0
61793,1,1,1999,0,0,0,0,0,0,0,0,0,0
61794,0,1,1999,11,0,0,0,0,0,20,0,13,47
61794,1,1,1999,0,0,0,0,0,0,0,0,0,0
61795,0,1,1999,0,0,0,0,0,0,0,0,0,0
61795,1,1,1999,0,0,0,0,0,20,0,0,0,0
61796,0,1,1999,0,0,0,0,0,0,0,0,0,0
61796,1,1,1999,0,0,0,0,0,9,0,0,0,10
61797,1,1,1999,0,0,0,0,0,0,0,0,0,0
61798,0,1,1999,31,31,31,31,31,31,31,31,31,31
61798,1,1,1999,0,0,0,0,0,0,0,0,0,0
61799,1,1,1999,0,0,0,0,0,0,0,0,0,0
61800,0,1,1999,23,23,23,23,23,23,23,23,23,23
61800,1,1,1999,1,1,1,1,1,1,1,1,1,1
61801,1,1,1999,0,0,0,0,0,0,0,0,0,0
61802,1,1,1999,28,28,28,28,28,28,28,28,28,28
61803,1,1,1999,0,14,0,0,0,0,16,0,0,0
61804,1,1,1999,0,0,0,0,0,0,0,0,22,0
61805,1,1,1999,0,0,0,0,0,0,0,0,0,0
61806,0,1,1999,0,0,0,0,0,0,0,0,0,0
61806,1,1,1999,0,0,0,0,0,0,0,0,0,0
61807,0,1,1999,0,0,0,0,0,0,0,0,0,0
61807,1,1,1999,20,20,20,20,20,20,20,20,20,20
61808,1,1,1999,0,0,0,0,0,0,0,0,0,0
61808,2,1,1999,0,0,0,0,0,0,0,0,15,0
61809,0,1,1999,8,8,8,8,8,8,8,8,8,8
61809,1,1,1999,0,0,0,0,0,0,0,0,0,0
61810,0,1,1999,0,0,0,0,0,0,0,0,0,0
61810,1,1,1999,0,0,0,0,0,0,0,0,0,0
61811,1,1,1999,0,0,0,0,0,0,0,0,0,0
61811,2,1,1999,0,0,0,0,0,0,0,0,0,0
61812,1,1,1999,0,0,0,0,0,0,0,0,0,0
61812,2,1,1999,0,0,0,0,0,0,0,0,0,0
61813,1,1,1999,0,0,0,0,0,0,6,0,0,0
61813,2,1,1999,0,0,0,0,0,0,0,0,0,0
61813,3,1,1999,0,0,0,0,0,0,0,0,0,0
61814,1,1,1999,7,7,7,7,7,7,7,7,7,7
61814,2,1,1999,0,0,0,0,0,0,0,8,0,0
61814,3,1,1999,0,0,0,0,0,0,0,0,0,0
61815,1,1,1999,0,0,0,0,0,0,0,0,0,0
61815,2,1,1999,0,0,0,0,0,0,0,0,0,0
61816,1,1,1999,23,15,16,36,15,17,0,15,14,29
61816,2,1,1999,0,0,0,0,0,0,0,0,0,0
61817,1,1,1999,0,0,0,0,0,0,0,0,0,0
61817,2,1,1999,0,0,0,0,0,0,0,0,0,0
61818,1,1,1999,5,5,5,5,5,5,5,5,5,5
61818,2,1,1999,0,0,0,0,0,0,0,0,0,0
61819,1,1,1999,0,0,0,0,0,0,0,0,0,0
61820,1,1,1999,9,9,9,9,9,9,9,9,9,9
61820,2,1,1999,0,0,0,0,0,0,0,0,0,0
61821,1,1,1999,0,0,0,0,0,0,0,0,0,0
61821,2,1,1999,0,0,0,0,0,0,0,0,0,0
61822,1,1,1999,0,0,0,0,0,0,0,0,0,0
61822,2,1,1999,0,0,0,0,0,0,0,0,0,0
61823,1,1,1999,7,7,7,7,7,7,7,7,7,7
61824,1,1,1999,0,0,0,0,0,0,0,0,0,0
61824,2,1,1999,0,0,0,0,0,0,0,0,0,0
61825,1,1,1999,0,0,0,0,0,0,0,0,0,0
61825,2,1,1999,0,8,0,0,0,0,0,0,0,0
61826,1,1,1999,19,19,19,19,19,19,19,19,19,19
61826,2,1,1999,0,0,0,0,0,0,0,0,0,12
61827,1,1,1999,16,16,16,16,16,16,16,16,16,16
61827,2,1,1999,0,0,0,0,0,0,0,0,0,0
61828,1,1,1999,0,0,0,0,0,0,0,0,0,0
61828,2,1,1999,0,0,0,0,0,0,0,0,0,0
61829,1,1,1999,18,18,18,18,18,18,18,18,18,18
61829,2,1,1999,0,0,0,0,0,0,0,0,0,0
61830,1,1,1999,1,1,1,1,1,1,1,1,1,1
61831,1,1,1999,0,0,0,0,0,0,0,0,0,0
61831,2,1,1999,0,0,0,0,0,0,0,0,0,0
61832,1,1,1999,0,0,0,0,0,0,0,0,0,0
61832,2,1,1999,0,0,0,10,0,0,0,0,0,0
61833,1,1,1999,2,2,2,2,2,2,2,2,2,2
61833,2,1,1999,0,0,0,0,0,0,0,0,0,0
61834,1,1,1999,0,0,0,0,0,0,0,0,0,0
61834,2,1,1999,0,0,0,0,0,0,0,0,0,0
61835,1,1,1999,0,0,0,0,0,0,0,0,0,0
61835,2,1,1999,0,0,0,0,0,0,0,0,0,0
61836,1,1,1999,0,0,0,0,0,0,0,0,0,0
61836,2,1,1999,0,0,0,0,0,0,0,0,0,0
61837,1,1,1999,0,0,0,0,0,0,0,0,0,0
61837,2,1,1999,0,0,0,0,0,0,0,0,0,0
61838,1,1,1999,0,0,0,0,0,0,0,0,0,0
61838,2,1,1999,0,0,0,0,0,0,0,0,0,0
61839,1,1,1999,0,0,0,0,0,0,0,0,0,0
61839,2,1,1999,0,0,0,0,0,0,0,0,0,0
61840,0,1,1999,0,0,0,0,0,0,0,0,0,0
61840,0,2,1999,0,0,0,0,0,0,0,0,0,0
61840,0,3,1999,0,19,20,7,20,0,0,0,0,18
61840,0,4,1999,0,16,0,18,0,0,0,0,6,0
61840,1,1,1999,23,23,23,23,23,23,23,23,23,23
61841,1,1,1999,0,0,0,0,0,0,0,0,0,0
61841,2,1,1999,0,0,0,0,0,0,0,0,0,0
61842,1,1,1999,0,0,0,0,0,0,0,17,0,0
61842,2,1,1999,0,0,0,0,0,0,0,0,0,0
61843,1,1,1999,0,0,0,0,0,0,0,0,0,0
61843,2,1,1999,0,0,0,0,0,0,0,0,0,0
61844,1,1,1999,0,0,0,0,0,0,0,0,0,0
61844,2,1,1999,0,0,0,0,0,0,0,0,0,0
61845,1,1,1999,14,14,14,14,14,14,14,14,14,14
61845,2,1,1999,0,0,0,0,0,0,0,0,0,0
61846,1,1,1999,0,0,0,0,0,0,0,0,0,0
61846,2,1,1999,0,0,0,0,0,0,0,0,15,0
61847,1,1,1999,0,0,0,0,0,0,0,0,0,0
61847,2,1,1999,0,0,0,0,0,0,0,0,0,12
61848,1,1,1999,0,0,0,0,0,0,0,0,0,0
61848,2,1,1999,0,0,0,0,0,0,0,0,0,0
61849,1,1,1999,32,32,32,32,32,32,32,32,32,32
61849,2,1,1999,0,0,0,0,0,0,0,0,0,0
61849,3,1,1999,0,0,0,0,0,5,0,0,0,0
61850,1,1,1999,21,0,0,0,0,9,0,0,0,0
61850,2,1,1999,0,0,0,0,0,0,0,0,0,0
61851,1,1,1999,0,0,0,0,0,0,0,0,0,0
61851,2,1,1999,0,0,0,0,0,0,0,0,0,0
61852,1,1,1999,0,0,0,0,0,0,0,0,0,0
61852,2,1,1999,0,0,0,0,0,0,0,0,0,0
61853,0,1,1999,17,17,17,17,17,17,17,17,17,17
61853,1,1,1999,0,0,0,0,0,0,0,0,0,0
61853,2,1,1999,17,0,0,15,0,9,0,6,0,0
61854,1,1,1999,23,23,23,23,23,23,23,23,23,23
61854,2,1,1999,0,0,0,0,0,0,0,0,0,0
61854,3,1,1999,0,0,0,0,0,0,0,0,0,0
61855,1,1,1999,0,0,0,0,0,0,0,0,0,0
61855,2,1,1999,0,0,0,0,0,0,14,0,0,0
61855,3,1,1999,5,5,5,5,5,5,5,5,5,5
61856,1,1,1999,0,0,0,0,0,0,0,0,0,0
61856,2,1,1999,0,0,0,0,0,0,0,0,0,0
61857,1,1,1999,0,0,0,0,0,0,0,0,0,0
61857,2,1,1999,22,0,15,0,0,5,31,0,0,0
61858,1,1,1999,0,0,0,0,0,0,0,0,0,0
61858,2,1,1999,0,0,0,0,0,0,0,0,0,0
61859,1,1,1999,0,0,0,0,0,0,0,0,0,0
61859,2,1,1999,0,0,0,0,11,0,0,0,0,0
61860,1,1,1999,0,0,0,0,0,0,0,0,0,0
61860,2,1,1999,0,0,0,0,0,0,0,0,0,0
61861,1,1,1999,0,0,0,0,0,0,0,0,0,0
61861,2,1,1999,0,0,0,0,0,0,0,0,0,0
61862,1,1,1999,2,2,2,2,2,2,2,2,2,2
61863,0,1,1999,19,19,19,19,19,19,19,19,19,19
61863,1,1,1999,4,11,0,0,12,0,30,14,14,10
61864,1,1,1999,0,0,0,0,0,0,0,0,0,0
61865,1,1,1999,0,0,0,0,0,0,0,0,0,0
61866,0,1,1999,0,0,0,0,0,0,0,0,0,0
61866,1,1,1999,0,0,0,0,0,0,0,0,0,0
61867,1,1,1999,25,25,25,25,25,25,25,25,25,25
61868,0,1,1999,0,0,0,0,0,0,0,0,0,0
61868,1,1,1999,0,0,0,0,0,0,0,0,0,0
61869,0,1,1999,0,0,0,0,0,0,0,0,0,0
61869,1,1,1999,0,0,0,0,0,0,0,11,0,10
61870,1,1,1999,27,27,27,27,27,27,27,27,27,27
61871,1,1,1999,0,0,0,0,0,0,0,0,0,0
61872,1,1,1999,0,0,0,0,0,0,0,0,0,0
61873,1,1,1999,0,0,0,0,0,0,0,0,0,0
61874,1,1,1999,0,0,0,26,0,0,39,0,0,0
61875,1,1,1999,0,0,0,0,0,0,0,0,0,0
61876,1,1,1999,14,14,14,14,14,14,14,14,14,14
61877,1,1,1999,9,0,14,9,18,0,11,13,21,7
61878,1,1,1999,0,0,0,0,0,0,0,0,0,0
61878,2,1,1999,0,0,0,0,0,0,0,0,0,0
61879,1,1,1999,8,8,8,8,8,8,8,8,8,8
61879,2,1,1999,0,0,0,0,0,0,0,0,0,0
61880,1,1,1999,0,0,0,0,0,0,0,0,0,0
61880,2,1,1999,8,8,8,8,8,8,8,8,8,8
61881,1,1,1999,1,1,1,1,1,1,1,1,1,1
61881,2,1,1999,0,0,0,0,0,0,0,0,0,0
61882,1,1,1999,0,0,0,0,0,0,0,0,0,0
61882,2,1,1999,0,0,0,0,0,0,0,0,0,0
61883,1,1,1999,19,19,19,19,19,19,19,19,19,19
61883,2,1,1999,0,0,0,0,0,0,0,0,0,0
61884,1,1,1999,20,20,20,20,20,20,20,20,20,20
61884,2,1,1999,0,0,0,0,0,0,0,0,0,0
61885,1,1,1999,21,21,21,21,21,21,21,21,21,21
61885,2,1,1999,0,0,0,0,0,0,0,0,0,0
61886,1,1,1999,12,12,12,12,12,12,12,12,12,12
61886,2,1,1999,0,0,0,0,0,0,0,0,0,0
61887,0,1,1999,9,0,0,23,0,0,0,0,0,0
61887,2,1,1999,0,0,0,0,0,0,0,0,0,0
61887,3,1,1999,0,0,0,0,0,0,0,0,0,0
61888,1,1,1999,0,0,0,0,0,0,0,0,0,0
61888,2,1,1999,0,0,0,0,0,0,0,0,0,0
61888,3,1,1999,0,0,0,0,0,0,0,0,0,0
61889,1,1,1999,0,0,0,0,0,0,0,0,0,0
61889,2,1,1999,0,0,0,0,0,0,0,0,0,0
61890,1,1,1999,0,0,0,0,0,0,0,0,0,0
61890,2,1,1999,0,0,0,0,0,0,0,0,0,0
61891,1,1,1999,0,0,0,0,0,0,0,0,0,0
61891,2,1,1999,0,0,0,0,0,0,0,0,0,0
61892,0,1,1999,0,0,0,0,0,0,0,0,0,0
61892,1,1,1999,0,0,0,0,0,0,0,0,0,0
61893,1,1,1999,0,0,0,0,0,0,0,0,0,0
61893,2,1,1999,0,0,0,0,0,0,0,0,0,0
61894,1,1,1999,3,3,3,3,3,3,3,3,3,3
61894,2,1,1999,0,0,0,0,21,0,0,8,0,0
61894,3,1,1999,0,0,0,0,0,0,0,0,0,0
61894,4,1,1999,0,0,0,0,0,0,0,0,0,0
61895,1,1,1999,0,0,0,0,0,0,0,0,0,0
61895,2,1,1999,0,0,0,8,0,0,0,0,0,7
61896,1,1,1999,18,9,14,11,4,13,10,14,16,11
61896,2,1,1999,0,0,0,0,0,0,0,0,0,0
61897,1,1,1999,16,16,16,16,16,16,16,16,16,16
61898,0,1,1999,0,0,0,0,0,0,0,0,0,0
61898,1,1,1999,0,0,0,0,0,0,0,0,0,0
61899,1,1,1999,0,0,0,0,0,0,0,0,0,0
61900,1,1,1999,18,18,18,18,18,18,18,18,18,18
61901,1,1,1999,15,15,15,15,15,15,15,15,15,15
61902,1,1,1999,20,20,20,20,20,20,20,20,20,20