ST_CASE,VEH_NO,PER_NO,YEAR,P1,P2,P3,P4,P5,P6,P7,P8,P9,P10
61903,0,1,1999,0,0,0,0,0,0,0,0,0,0
61903,1,1,1999,0,0,0,0,0,0,0,0,0,0
61904,1,1,1999,0,0,0,0,0,0,0,0,0,0
61905,1,1,1999,23,23,23,23,23,23,23,23,23,23
61906,1,1,1999,0,0,0,0,0,0,0,0,0,0
61907,0,1,1999,0,0,0,24,10,9,0,0,0,11
61907,1,1,1999,0,0,0,0,0,0,0,0,0,0
61908,0,1,1999,0,0,0,0,0,0,0,0,0,0
61908,1,1,1999,3,3,3,3,3,3,3,3,3,3
61909,0,1,1999,0,0,0,0,0,0,0,0,0,0
61909,1,1,1999,0,0,0,0,0,0,0,0,0,0
61910,0,1,1999,0,0,0,0,0,0,0,0,0,0
61910,1,1,1999,0,0,0,0,0,0,0,0,0,0
61911,1,1,1999,18,12,16,28,10,13,16,33,16,26
61912,0,1,1999,0,0,0,0,0,0,0,0,0,0
61912,1,1,1999,0,0,0,0,0,0,0,0,0,0
61913,1,1,1999,0,0,0,0,0,0,0,0,0,0
61914,0,1,1999,21,21,21,21,21,21,21,21,21,21
61914,1,1,1999,0,0,0,0,0,0,0,0,0,0
61915,1,1,1999,0,0,0,0,0,0,0,0,5,0
61916,0,1,1999,0,0,0,12,0,0,0,28,0,0
61916,1,1,1999,0,0,0,0,0,0,0,0,0,0
61917,1,1,1999,13,13,13,13,13,13,13,13,13,13
61918,0,1,1999,0,0,0,0,0,0,0,0,0,0
61918,1,1,1999,0,23,0,0,0,10,0,0,0,0
61919,1,1,1999,0,0,0,0,0,0,0,0,0,0
61920,0,1,1999,0,0,0,0,0,0,7,0,10,0
61920,1,1,1999,0,0,0,0,0,0,0,0,0,0
61921,0,1,1999,0,0,0,0,0,0,0,14,0,0
61921,1,1,1999,0,0,0,0,0,0,0,0,0,0
61922,1,1,1999,24,24,24,24,24,24,24,24,24,24
61923,1,1,1999,21,21,21,21,21,21,21,21,21,21
61924,1,1,1999,0,0,0,0,0,0,0,0,0,0
61925,1,1,1999,22,12,0,19,9,24,0,0,18,0
61926,1,1,1999,12,12,12,12,12,12,12,12,12,12
61927,0,1,1999,0,0,0,0,0,0,0,0,0,0
61927,1,1,1999,0,0,0,0,0,0,0,0,0,0
61928,0,1,1999,0,0,0,0,0,0,0,0,0,0
61928,1,1,1999,15,15,15,15,15,15,15,15,15,15
61929,1,1,1999,0,0,0,0,0,0,0,0,0,0
61930,1,1,1999,0,0,0,0,0,0,0,0,0,0
61931,1,1,1999,0,0,0,0,0,0,0,0,0,0
61932,1,1,1999,0,0,0,0,0,0,0,0,0,0
61933,1,1,1999,12,0,14,0,0,7,23,7,16,25
61933,2,1,1999,0,0,0,0,0,0,0,0,0,0
61934,1,1,1999,9,9,9,9,9,9,9,9,9,9
61934,2,1,1999,0,0,0,0,0,0,0,0,0,0
61935,1,1,1999,0,0,0,0,0,0,0,0,0,0
61935,2,1,1999,0,0,0,0,0,0,0,0,0,0
61936,1,1,1999,22,22,22,22,22,22,22,22,22,22
61936,2,1,1999,0,0,0,0,0,0,0,0,0,0
61937,1,1,1999,27,27,27,27,27,27,27,27,27,27
61938,1,1,1999,0,0,0,0,0,0,0,0,0,0
61938,2,1,1999,0,0,0,0,0,0,0,0,0,0
61938,3,1,1999,0,0,0,0,0,0,0,0,0,0
61939,1,1,1999,14,14,14,14,14,14,14,14,14,14
61940,1,1,1999,0,0,0,0,0,0,0,0,0,0
61941,1,1,1999,21,21,21,21,21,21,21,21,21,21
61942,1,1,1999,15,15,15,15,15,15,15,15,15,15
61943,1,1,1999,0,0,0,0,0,0,0,0,0,0
61944,1,1,1999,0,0,0,0,0,0,0,0,0,0
61945,0,1,1999,16,16,16,16,16,16,16,16,16,16
61945,1,1,1999,0,0,0,0,0,0,0,0,0,0
61946,1,1,1999,2,2,2,2,2,2,2,2,2,2
61947,0,1,1999,0,0,0,0,0,0,0,0,0,0
61947,1,1,1999,0,0,0,0,0,0,0,0,0,0
61948,1,1,1999,0,0,8,0,0,0,0,0,0,0
61949,1,1,1999,10,10,10,10,10,10,10,10,10,10
61950,0,1,1999,0,0,0,0,0,0,0,0,0,0
61950,1,1,1999,0,0,0,0,0,0,0,0,0,0
61951,1,1,1999,0,0,0,0,0,0,0,0,0,0
61952,1,1,1999,0,0,0,0,0,0,0,0,0,0
61953,1,1,1999,0,0,0,0,0,0,0,0,0,0
61954,0,1,1999,27,27,27,27,27,27,27,27,27,27
61954,1,1,1999,0,0,0,0,0,0,0,0,0,0
61955,1,1,1999,23,23,23,23,23,23,23,23,23,23
61956,0,1,1999,25,25,25,25,25,25,25,25,25,25
61956,1,1,1999,0,0,0,0,0,0,0,0,0,0
61957,1,1,1999,21,21,21,21,21,21,21,21,21,21
61958,1,1,1999,0,0,0,0,0,0,0,0,0,0
61959,1,1,1999,0,0,0,0,0,0,0,0,0,0
61960,1,1,1999,6,6,6,6,6,6,6,6,6,6
61961,1,1,1999,0,0,0,0,0,0,0,0,0,0
61962,1,1,1999,0,0,0,0,0,0,0,0,0,0
61963,1,1,1999,0,0,0,0,0,0,0,0,0,0
61964,0,1,1999,0,0,0,0,0,0,0,0,0,0
61964,1,1,1999,0,0,0,0,0,0,0,5,0,0
61965,1,1,1999,27,27,27,27,27,27,27,27,27,27
61966,1,1,1999,0,0,0,0,0,0,0,0,0,0
61967,1,1,1999,33,0,12,0,16,8,9,18,23,12
61968,1,1,1999,0,0,0,0,0,0,0,0,0,0
61969,1,1,1999,13,13,13,13,13,13,13,13,13,13
61970,1,1,1999,2,2,2,2,2,2,2,2,2,2
61971,1,1,1999,0,0,0,0,0,0,0,0,0,0
61972,1,1,1999,7,7,7,7,7,7,7,7,7,7
61973,0,1,1999,13,13,13,13,13,13,13,13,13,13
61973,1,1,1999,0,0,0,0,0,0,0,0,0,0
61974,1,1,1999,23,23,23,23,23,23,23,23,23,23
61975,0,1,1999,22,22,22,22,22,22,22,22,22,22
61975,1,1,1999,0,0,0,0,0,0,0,0,0,0
61976,1,1,1999,20,20,20,20,20,20,20,20,20,20
61977,1,1,1999,4,4,4,4,4,4,4,4,4,4
61978,0,1,1999,0,0,0,0,0,0,0,0,0,0
61978,1,1,1999,0,0,0,0,0,0,0,0,0,0
61979,1,1,1999,0,0,0,0,0,0,0,0,0,0
61980,1,1,1999,0,0,0,0,0,0,0,0,0,0
61981,0,1,1999,0,5,0,0,0,0,0,0,0,0
61981,1,1,1999,0,0,0,0,0,0,0,0,0,0
61982,1,1,1999,7,0,17,0,0,0,0,0,0,0
61983,0,1,1999,0,0,0,0,0,0,0,0,0,0
61983,1,1,1999,0,0,9,0,0,0,0,0,0,0
61984,1,1,1999,0,0,0,0,0,0,0,0,0,0
61985,1,1,1999,32,32,32,32,32,32,32,32,32,32
61986,0,1,1999,28,28,28,28,28,28,28,28,28,28
61986,1,1,1999,21,12,25,7,4,12,9,20,0,8
61987,1,1,1999,0,0,0,13,0,0,0,0,0,0
61988,0,1,1999,0,0,0,0,0,0,0,0,0,0
61988,1,1,1999,0,0,0,0,0,0,0,0,0,0
61989,1,1,1999,27,13,18,0,35,4,0,19,22,27
61990,1,1,1999,0,0,0,0,0,0,0,0,0,0
61991,0,1,1999,0,0,0,0,0,0,0,0,0,0
61991,1,1,1999,0,0,0,0,0,0,0,0,0,0
61992,1,1,1999,15,28,0,13,0,0,12,24,0,8
61992,2,1,1999,0,0,0,0,0,0,0,0,0,0
61993,1,1,1999,0,0,0,0,0,0,0,0,0,0
61993,2,1,1999,0,0,0,0,0,8,0,0,0,0
61993,3,1,1999,6,0,9,0,22,0,0,0,0,0
61994,1,1,1999,0,0,0,0,0,0,0,0,0,0
61994,2,1,1999,0,0,0,0,0,0,0,0,0,0
61995,1,1,1999,0,0,0,0,0,0,0,0,0,0
61996,0,1,1999,0,0,0,0,0,0,0,0,0,0
61996,0,2,1999,0,0,0,0,9,0,0,0,0,0
61996,1,1,1999,0,0,0,0,0,0,0,0,0,0
61997,1,1,1999,0,0,0,0,0,0,0,0,0,0
61997,2,1,1999,0,0,0,0,0,0,0,0,0,0
61998,1,1,1999,0,0,0,0,0,0,0,0,0,0
61998,2,1,1999,0,0,0,0,0,0,0,0,0,0
61998,3,1,1999,0,0,0,0,0,0,0,0,0,0
61998,4,1,1999,0,0,0,0,0,0,0,0,0,0
61999,1,1,1999,0,0,0,0,0,0,0,0,0,0
61999,2,1,1999,0,0,0,0,0,0,0,0,0,0
62000,0,1,1999,0,0,0,0,0,0,0,0,0,0
62000,1,1,1999,20,20,20,20,20,20,20,20,20,20
62001,0,1,1999,0,0,0,0,0,0,0,0,0,0
62002,1,1,1999,0,0,0,0,0,0,0,0,0,0
62002,2,1,1999,0,0,0,0,0,0,0,0,0,0
62003,1,1,1999,26,26,26,26,26,26,26,26,26,26
62003,2,1,1999,0,0,0,0,0,0,0,0,0,0
62003,3,1,1999,0,0,0,0,0,0,0,0,0,0
62004,1,1,1999,0,0,0,0,0,0,0,0,0,0
62004,2,1,1999,0,0,0,0,0,0,0,0,0,0
62005,1,1,1999,0,0,0,0,0,0,0,0,0,0
62005,2,1,1999,0,0,0,0,0,0,0,0,0,0
62005,3,1,1999,0,0,0,0,0,0,0,0,0,0
62006,1,1,1999,0,25,16,25,20,0,14,23,4,0
62007,1,1,1999,11,11,11,11,11,11,11,11,11,11
62007,2,1,1999,0,20,0,0,0,0,0,0,0,0
62008,0,1,1999,0,0,0,0,0,0,0,0,0,0
62008,1,1,1999,0,0,0,0,0,0,0,0,0,0
62009,1,1,1999,0,0,0,0,0,0,0,0,0,0
62010,1,1,1999,0,0,0,0,0,0,0,0,0,0
62010,2,1,1999,0,0,0,0,0,0,0,0,0,0
62011,1,1,1999,27,27,27,27,27,27,27,27,27,27
62012,1,1,1999,0,0,0,0,0,0,0,0,0,0
62012,2,1,1999,0,0,0,0,0,0,0,0,0,0
62013,1,1,1999,0,0,0,0,0,0,0,0,4,0
62014,0,1,1999,17,0,0,0,0,0,0,0,0,0
62014,1,1,1999,0,0,0,0,0,0,0,0,0,0
62015,1,1,1999,11,11,11,11,11,11,11,11,11,11
62016,1,1,1999,0,21,0,0,21,0,0,0,0,0
62017,0,1,1999,0,0,0,0,0,0,0,0,0,0
62017,1,1,1999,0,0,0,0,0,0,0,0,0,0
62018,1,1,1999,18,18,18,18,18,18,18,18,18,18
62019,0,1,1999,0,0,0,0,0,0,0,0,0,0
62019,1,1,1999,0,0,0,0,0,0,0,0,0,0
62020,0,1,1999,33,33,33,33,33,33,33,33,33,33
62020,1,1,1999,0,0,14,0,0,17,0,0,0,0
62021,1,1,1999,0,0,0,0,0,0,0,0,0,0
62022,0,1,1999,0,0,0,0,0,0,0,0,0,0
62022,1,1,1999,0,0,0,0,0,0,0,0,0,0
62023,0,1,1999,40,40,40,40,40,40,40,40,40,40
62023,1,1,1999,0,0,0,0,0,0,0,0,0,0
62024,0,1,1999,0,0,0,0,0,0,0,0,0,0
62024,1,1,1999,0,0,0,0,0,0,0,0,0,0
62025,1,1,1999,4,4,4,4,4,4,4,4,4,4
62026,1,1,1999,17,17,17,17,17,17,17,17,17,17
62027,1,1,1999,1,1,1,1,1,1,1,1,1,1
62028,1,1,1999,19,10,5,0,15,10,0,15,0,16
62029,0,1,1999,0,0,0,0,0,0,0,0,0,0
62029,1,1,1999,0,0,0,0,0,0,0,0,0,0
62030,0,1,1999,0,0,0,0,0,0,0,0,0,0
62030,1,1,1999,0,0,0,0,0,0,0,0,0,0
62031,1,1,1999,23,23,23,23,23,23,23,23,23,23
62032,1,1,1999,0,0,12,0,0,19,0,15,24,12
62033,1,1,1999,0,0,0,0,0,0,0,0,0,0
62034,1,1,1999,0,0,0,0,0,0,0,0,0,0
62034,2,1,1999,0,0,0,0,0,0,0,0,0,0
62035,1,1,1999,13,13,13,13,13,13,13,13,13,13
62036,1,1,1999,0,0,0,0,0,0,0,0,0,0
62037,1,1,1999,0,0,0,0,0,0,0,0,0,0
62038,1,1,1999,7,7,7,7,7,7,7,7,7,7
62039,1,1,1999,0,0,0,0,0,0,0,0,0,0
62040,1,1,1999,0,0,2,0,15,0,13,0,0,16
62041,1,1,1999,14,14,14,14,14,14,14,14,14,14
62042,1,1,1999,0,0,0,0,0,0,0,0,0,0
62042,2,1,1999,0,0,0,0,0,0,0,0,0,0
62042,3,1,1999,0,0,0,0,0,0,0,0,0,0
62043,1,1,1999,0,0,0,0,0,0,0,0,0,0
62043,2,1,1999,0,0,0,0,0,0,0,0,0,0
62044,1,1,1999,0,0,0,0,0,0,0,0,0,0
62044,2,1,1999,0,0,0,0,0,0,0,0,0,0
62045,1,1,1999,0,0,0,0,0,0,0,0,0,0
62046,1,1,1999,0,0,0,0,0,0,0,0,0,0
62047,1,1,1999,0,0,0,0,0,0,0,0,0,0
62048,1,1,1999,0,0,0,0,0,0,0,0,0,0
62049,1,1,1999,25,17,10,7,19,13,3,22,17,23
62050,1,1,1999,23,23,23,23,23,23,23,23,23,23
62051,1,1,1999,9,0,0,0,0,0,0,0,0,0
62052,1,1,1999,0,0,0,0,0,0,0,0,0,0
62053,1,1,1999,0,0,0,0,0,0,0,0,0,0
62054,0,1,1999,0,0,0,0,0,0,0,0,0,0
62054,1,1,1999,0,0,0,0,0,0,0,0,0,0
62055,1,1,1999,30,30,30,30,30,30,30,30,30,30
62056,1,1,1999,0,0,0,0,0,0,0,0,0,0
62057,0,1,1999,0,0,0,0,0,0,0,0,0,0
62057,1,1,1999,5,5,5,5,5,5,5,5,5,5
62058,1,1,1999,8,8,8,8,8,8,8,8,8,8
62059,1,1,1999,0,0,0,0,0,0,0,0,0,0
62060,0,1,1999,30,30,30,30,30,30,30,30,30,30
62060,1,1,1999,0,0,0,0,0,0,0,0,0,0
62061,1,1,1999,7,7,7,7,7,7,7,7,7,7
62062,1,1,1999,0,34,0,0,0,0,0,0,0,0
62063,1,1,1999,29,29,29,29,29,29,29,29,29,29
62064,1,1,1999,40,40,40,40,40,40,40,40,40,40
62065,0,1,1999,0,0,0,0,0,0,0,0,0,0
62065,1,1,1999,0,0,0,0,0,0,9,0,0,0
62066,0,1,1999,0,0,0,0,0,0,0,0,0,0
62066,1,1,1999,0,0,0,0,0,0,0,0,0,0
62067,0,1,1999,0,0,0,0,0,0,0,0,0,0
62067,1,1,1999,0,0,0,0,0,0,0,0,0,0
62068,1,1,1999,0,0,0,0,0,0,0,0,0,0
62069,1,1,1999,27,27,27,27,27,27,27,27,27,27
62070,0,1,1999,0,0,0,0,0,0,0,0,0,0
62070,1,1,1999,0,0,0,0,0,0,0,0,0,0
62071,1,1,1999,0,0,0,0,0,10,0,0,0,0
62072,1,1,1999,9,9,9,9,9,9,9,9,9,9
62073,1,1,1999,11,11,11,11,11,11,11,11,11,11
62074,1,1,1999,0,0,0,0,0,0,0,0,0,0
62075,1,1,1999,0,15,0,10,0,12,0,0,11,14
62076,0,1,1999,0,0,0,0,0,0,0,0,0,0
62076,1,1,1999,0,0,0,0,0,0,0,0,0,0
62077,1,1,1999,15,0,9,0,0,0,20,23,10,0
62077,2,1,1999,0,0,0,0,0,0,0,0,0,0
62078,1,1,1999,0,0,0,0,0,0,0,0,0,0
62078,2,1,1999,0,0,0,0,0,0,0,0,0,0
62078,3,1,1999,0,0,0,0,0,0,0,0,0,0
62079,1,1,1999,5,5,5,5,5,5,5,5,5,5
62079,2,1,1999,0,0,0,0,0,0,0,0,0,0
62079,3,1,1999,4,4,4,4,4,4,4,4,4,4
62080,1,1,1999,0,0,0,0,0,0,0,0,0,0
62080,2,1,1999,0,0,0,0,0,0,0,0,0,0
62081,0,1,1999,0,0,0,0,0,0,0,0,0,0
62081,1,1,1999,0,0,0,0,0,0,0,0,0,0
62082,1,1,1999,0,0,0,0,0,0,0,0,0,0
62082,2,1,1999,8,8,8,8,8,8,8,8,8,8
62083,1,1,1999,0,0,0,0,0,0,26,0,16,0
62084,1,1,1999,0,0,0,0,0,0,0,0,0,0
62084,2,1,1999,0,0,0,0,0,0,0,0,0,0
62085,1,1,1999,0,0,0,0,0,0,0,0,0,0
62086,0,1,1999,0,0,0,0,0,0,0,0,0,0
62086,1,1,1999,0,0,0,0,0,0,0,0,20,0
62087,0,1,1999,0,0,0,0,0,0,0,0,0,0
62087,1,1,1999,0,0,0,0,0,0,0,0,0,0
62088,1,1,1999,0,0,0,0,0,0,0,0,0,0
62088,2,1,1999,0,0,0,0,0,0,0,0,0,0
62089,1,1,1999,0,0,0,0,0,0,0,0,0,0
62090,1,1,1999,0,0,0,0,0,0,0,0,0,0
62091,1,1,1999,0,0,0,0,0,0,0,0,0,0
62092,0,1,1999,9,9,9,9,9,9,9,9,9,9
62092,1,1,1999,0,0,0,0,0,0,0,10,24,0
62093,0,1,1999,0,0,0,0,0,0,0,0,0,0
62093,1,1,1999,0,0,0,0,0,0,0,0,0,0
62094,1,1,1999,16,16,16,16,16,16,16,16,16,16
62095,1,1,1999,5,5,5,5,5,5,5,5,5,5
62096,0,1,1999,14,14,14,14,14,14,14,14,14,14
62096,1,1,1999,0,0,0,0,0,0,0,0,0,0
62097,1,1,1999,0,0,0,0,0,0,0,0,0,0
62098,1,1,1999,2,2,2,2,2,2,2,2,2,2
62098,2,1,1999,0,0,0,0,0,0,0,0,0,0
62099,1,1,1999,0,0,0,0,0,0,0,0,0,0
62099,2,1,1999,0,0,0,0,0,0,0,0,0,0
62100,1,1,1999,0,0,0,0,0,0,0,0,0,0
62100,2,1,1999,14,0,0,0,0,0,0,0,0,0
62100,3,1,1999,0,0,0,0,0,0,0,0,0,0
62101,1,1,1999,0,0,0,0,0,0,0,0,0,0
62102,1,1,1999,0,0,0,0,0,0,0,0,0,0
62103,1,1,1999,0,0,0,0,0,0,0,0,0,0
62104,1,1,1999,6,6,6,6,6,6,6,6,6,6
62105,1,1,1999,17,17,17,17,17,17,17,17,17,17
62106,1,1,1999,0,0,0,0,0,0,0,0,0,0
62107,1,1,1999,0,0,0,0,0,0,0,0,0,0
62108,0,1,1999,3,3,3,3,3,3,3,3,3,3
62108,1,1,1999,0,0,0,0,0,0,0,0,0,0
62109,1,1,1999,28,28,28,28,28,28,28,28,28,28
62110,1,1,1999,0,0,0,0,0,0,0,0,0,0
62111,0,1,1999,0,0,0,0,0,0,0,0,0,0
62111,1,1,1999,0,0,0,0,0,0,0,0,0,0
62112,0,1,1999,0,0,0,0,0,0,0,0,0,0
62112,1,1,1999,0,0,0,0,0,0,0,0,0,0
62113,0,1,1999,0,0,0,0,0,0,0,0,0,0
62113,1,1,1999,0,0,0,0,2,0,0,0,0,0
62114,0,1,1999,16,16,16,16,16,16,16,16,16,16
62114,1,1,1999,0,0,0,0,0,0,0,0,0,0
62115,1,1,1999,8,8,8,8,8,8,8,8,8,8
62116,0,1,1999,32,32,32,32,32,32,32,32,32,32
62116,0,2,1999,17,8,31,30,0,19,23,0,41,0
62116,1,1,1999,0,0,0,0,0,0,0,0,0,0
62117,0,1,1999,23,0,25,0,0,0,27,19,43,0
62117,1,1,1999,0,0,0,0,15,0,0,0,0,0
62118,1,1,1999,0,0,0,0,0,0,0,0,0,0
62118,2,1,1999,0,0,0,0,0,0,0,0,0,0
62119,1,1,1999,2,2,2,2,2,2,2,2,2,2
62119,2,1,1999,0,0,0,0,0,0,0,0,0,0
62120,1,1,1999,0,0,0,0,0,0,0,0,0,0
62120,2,1,1999,0,0,0,0,0,0,0,0,0,0
62120,3,1,1999,0,0,0,0,0,0,0,14,0,0
62120,4,1,1999,0,0,0,0,0,0,0,0,0,0
62121,1,1,1999,0,0,0,0,0,0,0,0,0,0
62121,2,1,1999,0,0,0,0,0,0,0,0,0,16
62122,1,1,1999,0,0,0,0,0,0,0,0,0,0
62122,2,1,1999,0,0,0,0,0,0,0,0,0,0
62123,1,1,1999,0,0,0,0,0,0,0,0,0,0
62123,2,1,1999,0,0,0,0,0,0,0,0,0,0
62123,3,1,1999,0,0,0,0,0,0,0,0,0,0
62124,1,1,1999,15,15,15,15,15,15,15,15,15,15
62125,1,1,1999,0,0,0,0,0,0,0,0,0,0
62125,2,1,1999,0,0,0,0,0,0,0,0,0,0
62126,1,1,1999,0,0,0,0,0,0,0,0,0,0
62126,2,1,1999,0,0,0,0,0,0,0,0,0,0
62127,1,1,1999,19,19,19,19,19,19,19,19,19,19
62127,2,1,1999,0,0,0,0,0,0,0,0,0,0
62128,1,1,1999,0,0,0,0,0,0,0,0,0,0
62128,2,1,1999,0,0,0,0,0,0,0,0,0,0
62129,1,1,1999,0,0,0,0,0,0,0,0,0,0
62129,2,1,1999,0,0,0,0,0,0,0,0,0,0
62130,1,1,1999,0,0,0,0,0,0,0,0,0,0
62131,0,1,1999,0,0,0,0,0,0,0,0,0,0
62131,1,1,1999,11,11,11,11,11,11,11,11,11,11
62132,1,1,1999,8,8,8,8,8,8,8,8,8,8
62133,1,1,1999,0,0,0,0,0,0,0,0,0,0
62134,0,1,1999,0,0,0,0,48,0,14,36,6,0
62134,1,1,1999,0,18,0,0,0,0,0,0,0,0
62135,1,1,1999,0,0,0,0,0,0,0,0,0,0
62136,1,1,1999,0,0,0,0,0,0,0,0,0,0
62137,1,1,1999,20,20,20,20,20,20,20,20,20,20
62138,1,1,1999,2,2,2,2,2,2,2,2,2,2
62139,0,1,1999,0,0,0,0,0,0,0,0,0,0
62139,1,1,1999,0,0,0,0,0,0,0,0,0,0
62140,0,1,1999,0,0,0,0,0,0,0,0,0,0
62140,1,1,1999,0,0,0,0,0,0,0,0,0,0
62141,0,1,1999,0,0,0,0,0,0,0,0,0,0
62141,1,1,1999,0,0,0,0,0,0,0,0,0,0
62142,0,1,1999,31,31,31,31,31,31,31,31,31,31
62142,1,1,1999,0,0,0,0,0,0,0,0,0,0
62143,0,1,1999,19,19,19,19,19,19,19,19,19,19
62143,1,1,1999,14,14,14,14,14,14,14,14,14,14
62144,1,1,1999,0,0,0,0,0,0,0,0,0,0
62144,2,1,1999,0,0,0,0,0,0,0,0,0,0
62144,3,1,1999,0,0,0,0,0,0,0,0,0,0
62145,1,1,1999,0,0,0,0,0,0,0,0,0,0
62145,2,1,1999,0,0,0,0,0,0,0,0,0,0
62146,1,1,1999,14,14,14,14,14,14,14,14,14,14
62146,2,1,1999,0,0,0,0,0,0,0,0,0,0
62147,0,1,1999,0,0,0,0,0,0,0,0,0,0
62147,2,1,1999,0,0,0,0,0,0,0,0,0,0
62148,1,1,1999,0,0,0,0,0,0,0,0,5,0
62148,2,1,1999,0,0,0,0,0,0,0,0,0,0
62149,1,1,1999,0,0,0,0,0,0,0,0,0,0
62149,2,1,1999,0,0,0,0,0,0,0,16,0,0
62150,0,1,1999,0,0,0,0,0,0,0,0,0,0
62150,1,1,1999,17,17,17,17,17,17,17,17,17,17
62151,1,1,1999,0,0,0,0,0,0,0,0,0,0
62151,2,1,1999,0,0,0,0,0,16,0,0,0,0
62152,1,1,1999,12,12,12,12,12,12,12,12,12,12
62152,2,1,1999,0,0,0,0,0,0,0,0,0,0
62153,1,1,1999,0,6,0,0,0,0,0,0,0,0
62153,2,1,1999,0,0,0,0,0,0,0,0,0,0
62154,1,1,1999,0,0,0,0,0,0,0,0,0,0
62154,2,1,1999,0,0,0,0,0,0,0,0,0,0
62155,1,1,1999,0,0,0,0,0,0,0,0,0,0
62155,2,1,1999,0,0,0,0,0,0,0,0,0,0
62156,1,1,1999,0,0,0,0,0,0,0,0,0,0
62156,2,1,1999,0,18,0,0,0,0,0,0,0,0
62156,3,1,1999,0,0,0,0,0,0,0,0,0,0
62156,4,1,1999,0,0,0,24,0,0,0,0,0,0
62157,1,1,1999,0,0,0,0,0,0,0,0,0,0
62157,2,1,1999,0,0,0,0,0,0,0,0,0,0
62158,0,1,1999,0,0,0,0,0,0,0,0,0,0
62158,0,2,1999,20,8,0,23,16,27,0,0,24,0
62158,0,3,1999,0,0,0,0,0,0,0,0,0,0
62158,0,4,1999,0,0,0,0,0,0,0,0,0,0
62158,1,1,1999,0,0,0,0,0,0,0,0,0,0
62159,1,1,1999,0,0,0,0,0,0,0,0,0,0
62159,2,1,1999,0,0,0,0,0,0,0,0,0,0
62160,1,1,1999,0,0,0,0,0,0,0,0,0,0
62160,2,1,1999,0,0,0,0,0,0,0,0,0,0
62161,0,1,1999,22,22,22,22,22,22,22,22,22,22
62161,1,1,1999,0,0,0,0,0,0,0,0,0,0
62162,1,1,1999,0,0,0,0,0,0,0,0,0,0
62163,0,1,1999,0,0,0,0,0,0,0,0,0,0
62163,1,1,1999,0,0,0,0,24,0,0,0,0,0
62164,1,1,1999,22,22,22,22,22,22,22,22,22,22
62165,1,1,1999,10,10,10,10,10,10,10,10,10,10
62166,0,1,1999,0,0,0,0,0,0,0,0,0,0
62166,1,1,1999,0,0,0,0,0,0,0,0,0,0
62167,1,1,1999,4,4,4,4,4,4,4,4,4,4
62168,1,1,1999,0,0,0,0,10,0,0,0,0,0
62169,1,1,1999,0,17,0,10,12,22,0,7,0,0
62170,1,3,1999,0,0,0,0,0,0,9,0,0,6
62171,1,1,1999,0,0,23,9,0,20,0,28,19,0
62171,2,1,1999,0,0,0,0,0,0,0,0,0,0
62172,0,1,1999,17,17,17,17,17,17,17,17,17,17
62172,1,1,1999,0,0,0,0,0,0,0,0,0,0
62173,1,1,1999,0,0,0,0,0,0,0,0,0,0
62173,2,1,1999,11,11,12,0,0,0,8,0,26,17
62174,0,1,1999,11,11,11,11,11,11,11,11,11,11
62174,1,1,1999,0,0,0,6,0,18,12,0,0,0
62175,1,1,1999,0,0,0,0,0,0,0,0,0,0
62176,0,1,1999,19,19,19,19,19,19,19,19,19,19
62176,1,1,1999,18,18,18,18,18,18,18,18,18,18
62177,1,1,1999,0,0,0,0,0,0,0,0,0,0
62178,1,1,1999,23,23,23,23,23,23,23,23,23,23
62179,0,1,1999,0,0,0,0,0,0,0,0,0,0
62179,1,1,1999,0,0,0,0,0,0,0,0,0,0
62180,1,1,1999,15,0,0,7,0,0,0,0,0,0
62181,1,1,1999,0,0,0,0,0,7,0,0,0,0
62182,0,1,1999,0,0,0,0,0,0,0,0,0,0
62182,1,1,1999,0,0,0,0,0,0,0,0,0,0
62182,2,1,1999,0,0,19,23,0,23,0,0,0,0
62183,0,1,1999,35,24,31,15,26,11,25,34,17,10
62183,1,1,1999,0,0,0,0,0,0,0,0,0,0
62184,1,1,1999,23,23,23,23,23,23,23,23,23,23
62185,1,1,1999,0,0,0,0,0,0,0,0,0,0
62186,0,1,1999,0,0,0,0,0,0,0,0,0,0
62186,1,1,1999,0,0,0,0,0,0,0,0,16,0
62187,1,1,1999,4,4,4,4,4,4,4,4,4,4
62188,0,1,1999,26,26,26,26,26,26,26,26,26,26
62188,1,1,1999,0,0,0,0,0,0,0,0,0,0
62189,0,1,1999,0,0,0,0,0,0,0,0,0,0
62189,1,1,1999,0,0,0,0,0,0,0,0,0,0
62190,1,1,1999,0,0,0,0,0,0,0,0,0,0
62191,0,1,1999,22,22,22,22,22,22,22,22,22,22
62191,1,1,1999,0,0,0,0,0,0,0,0,0,0
62192,1,1,1999,0,0,0,0,0,0,0,0,0,0