ST_CASE,VEH_NO,PER_NO,YEAR,P1,P2,P3,P4,P5,P6,P7,P8,P9,P10
62193,1,1,1999,0,0,0,0,0,0,0,0,0,0
62194,1,1,1999,16,0,19,20,0,16,0,12,0,26
62195,1,1,1999,0,0,0,4,0,0,11,11,0,0
62196,1,1,1999,0,0,0,0,0,0,0,0,0,0
62196,2,1,1999,0,0,0,0,0,0,0,0,0,0
62196,3,1,1999,0,0,0,0,0,0,0,0,0,0
62197,1,1,1999,0,0,0,0,0,0,0,0,0,0
62197,2,1,1999,0,0,0,0,0,0,0,0,0,0
62198,1,1,1999,0,0,0,0,0,0,0,0,0,0
62198,2,1,1999,0,0,0,0,0,0,0,0,0,0
62199,1,1,1999,0,0,0,0,0,0,0,0,0,0
62199,2,1,1999,0,0,0,0,0,0,0,0,0,0
62200,0,1,1999,0,0,0,0,0,0,0,0,0,0
62200,1,1,1999,0,0,0,0,0,0,0,0,0,0
62200,2,1,1999,0,8,23,9,5,14,13,16,4,22
62201,1,1,1999,19,19,19,19,19,19,19,19,19,19
62202,0,1,1999,0,0,0,0,0,0,0,0,0,0
62202,1,1,1999,0,0,0,28,0,0,0,20,0,11
62203,0,1,1999,0,0,0,0,0,0,0,0,0,0
62203,1,1,1999,0,0,0,0,0,0,0,0,0,0
62204,1,1,1999,0,0,0,0,0,0,0,0,0,0
62204,2,1,1999,0,0,0,0,0,0,0,0,0,0
62205,0,1,1999,0,0,0,0,0,0,0,0,0,0
62205,0,2,1999,0,0,12,0,16,0,0,0,24,0
62205,1,1,1999,0,0,0,0,0,0,0,0,0,0
62206,1,1,1999,0,14,0,0,0,0,0,0,0,0
62206,2,1,1999,0,0,0,0,0,0,0,0,0,0
62207,1,1,1999,0,0,0,0,0,0,0,0,0,0
62207,2,1,1999,0,0,0,0,0,0,0,0,0,0
62207,3,1,1999,0,0,0,0,0,0,0,0,0,0
62208,1,1,1999,0,0,0,0,0,0,0,0,0,0
62208,2,1,1999,0,0,0,0,0,0,0,0,0,0
62209,1,1,1999,17,17,17,17,17,17,17,17,17,17
62209,2,1,1999,0,0,0,0,0,0,0,0,0,0
62210,1,1,1999,0,0,0,0,0,0,0,0,0,0
62210,2,1,1999,0,0,0,0,0,0,0,0,0,0
62211,1,1,1999,0,0,0,0,0,0,0,0,0,0
62211,2,1,1999,0,0,0,0,0,0,0,0,0,0
62212,1,1,1999,0,0,0,0,0,14,0,0,0,0
62212,2,1,1999,0,0,0,0,0,0,0,0,0,0
62213,1,1,1999,0,0,0,0,0,0,0,0,0,0
62213,2,1,1999,0,0,0,0,0,0,0,0,0,0
62214,1,1,1999,0,0,0,0,0,0,0,0,0,0
62215,1,1,1999,15,15,15,15,15,15,15,15,15,15
62216,0,1,1999,0,0,0,0,0,0,0,0,0,0
62216,1,1,1999,0,0,0,0,0,0,0,0,0,0
62217,1,1,1999,0,0,0,0,0,0,0,0,0,0
62218,1,1,1999,0,0,0,0,0,0,0,0,0,0
62219,1,1,1999,0,0,0,0,0,0,0,0,0,0
62220,1,1,1999,13,13,13,13,13,13,13,13,13,13
62220,2,1,1999,0,0,0,0,0,0,0,0,0,0
62221,1,1,1999,0,0,0,0,0,0,0,0,0,0
62221,2,1,1999,0,0,0,0,0,26,0,0,0,0
62222,1,1,1999,0,0,0,0,0,0,0,0,0,0
62222,2,1,1999,0,0,0,0,0,0,0,0,0,0
62223,1,1,1999,0,0,0,0,0,0,0,0,0,0
62223,2,1,1999,0,0,0,0,0,0,0,0,0,0
62223,3,1,1999,0,0,0,0,0,0,0,0,0,0
62224,1,1,1999,0,0,0,0,0,0,0,0,0,0
62224,2,1,1999,0,0,0,0,0,0,0,0,0,0
62225,0,1,1999,16,16,16,16,16,16,16,16,16,16
62225,1,1,1999,0,0,0,0,0,0,0,0,0,0
62226,1,1,1999,3,3,3,3,3,3,3,3,3,3
62226,2,1,1999,0,0,0,0,0,0,0,0,0,0
62226,3,1,1999,0,0,0,0,14,7,0,0,0,0
62227,1,1,1999,0,0,0,0,0,0,0,0,0,0
62227,2,1,1999,0,0,0,0,0,0,0,0,0,0
62228,1,1,1999,8,8,8,8,8,8,8,8,8,8
62229,1,1,1999,0,0,0,0,0,0,0,0,0,0
62230,0,1,1999,40,40,40,40,40,40,40,40,40,40
62230,1,1,1999,0,0,0,0,0,9,0,0,0,0
62231,0,1,1999,0,0,0,0,0,0,0,0,0,0
62231,1,1,1999,0,0,0,0,0,0,0,0,0,0
62232,1,1,1999,0,0,0,0,0,0,0,0,0,0
62233,1,1,1999,0,0,0,0,0,0,0,0,0,0
62234,1,1,1999,0,0,0,0,0,0,0,0,0,0
62234,2,1,1999,0,0,0,0,0,0,0,0,0,0
62235,1,1,1999,0,0,0,0,0,7,0,0,0,0
62235,2,1,1999,0,0,0,0,0,0,0,0,0,0
62235,3,1,1999,0,0,0,0,0,0,0,0,0,0
62235,4,1,1999,0,0,0,0,0,0,0,0,0,0
62236,1,1,1999,0,0,0,0,0,0,0,0,0,0
62236,2,1,1999,0,0,0,0,0,0,0,0,0,0
62237,1,1,1999,0,0,0,0,0,0,23,0,0,0
62237,2,1,1999,0,0,0,23,0,0,0,0,0,0
62238,1,1,1999,11,11,11,11,11,11,11,11,11,11
62239,0,1,1999,0,0,0,0,0,0,0,0,0,0
62239,1,1,1999,6,6,6,6,6,6,6,6,6,6
62240,1,1,1999,19,27,10,29,31,37,18,19,0,0
62241,0,1,1999,0,0,0,0,0,0,0,0,0,0
62241,1,1,1999,0,0,0,0,0,0,0,0,0,0
62242,1,1,1999,0,0,0,0,0,0,0,0,0,0
62243,1,1,1999,0,0,7,0,0,0,0,0,0,0
62244,1,1,1999,0,0,0,0,0,0,0,0,0,0
62245,0,1,1999,20,20,20,20,20,20,20,20,20,20
62245,1,1,1999,0,0,12,0,0,0,17,0,0,0
62246,1,1,1999,12,0,0,0,0,0,0,0,0,0
62247,1,1,1999,8,8,8,8,8,8,8,8,8,8
62249,1,1,1999,0,0,0,0,0,0,0,0,0,0
62250,1,1,1999,3,12,19,14,16,13,21,0,0,8
62250,2,1,1999,0,0,0,0,0,0,0,0,0,0
62251,0,1,1999,18,4,32,23,0,12,13,9,17,11
62251,1,1,1999,0,0,0,0,0,0,0,0,0,0
62251,2,1,1999,0,0,0,0,0,0,0,0,0,0
62252,1,1,1999,0,0,0,0,0,0,0,0,0,0
62252,2,1,1999,0,0,0,0,0,0,0,0,0,0
62253,1,1,1999,0,0,0,0,0,0,0,0,0,0
62253,2,1,1999,18,18,18,18,18,18,18,18,18,18
62254,1,1,1999,0,0,0,0,0,0,0,0,0,0
62254,2,1,1999,0,0,0,0,0,0,0,0,0,0
62255,1,1,1999,0,0,0,0,0,0,0,0,0,0
62255,2,1,1999,0,0,0,0,0,0,0,0,0,0
62256,0,1,1999,0,0,0,0,0,0,0,0,0,0
62256,1,1,1999,0,0,0,0,0,0,0,0,0,0
62257,1,1,1999,0,0,0,0,0,0,0,0,0,0
62257,2,1,1999,0,0,0,0,0,0,0,0,0,0
62258,1,1,1999,0,0,0,0,0,0,0,0,0,0
62258,2,1,1999,0,0,0,0,0,0,0,0,0,0
62258,3,1,1999,12,0,0,0,0,4,0,0,0,14
62259,1,1,1999,0,0,0,0,0,0,0,0,0,0
62259,2,1,1999,0,0,0,0,0,0,0,0,0,0
62260,1,1,1999,0,0,0,0,0,0,0,0,0,0
62260,2,1,1999,0,0,0,0,0,0,0,0,0,0
62261,1,1,1999,21,21,21,21,21,21,21,21,21,21
62262,1,1,1999,0,0,0,0,0,0,0,0,0,0
62263,1,1,1999,19,18,0,27,14,17,17,18,18,17
62264,1,1,1999,15,15,15,15,15,15,15,15,15,15
62265,1,1,1999,0,0,0,0,0,0,0,0,0,0
62266,0,1,1999,15,9,26,40,23,15,19,20,23,25
62266,1,1,1999,0,0,2,0,0,0,5,0,0,18
62267,1,1,1999,10,10,10,10,10,10,10,10,10,10
62268,1,1,1999,0,0,0,0,0,0,0,0,0,0
62269,1,1,1999,0,0,0,0,0,0,0,0,0,4
62270,0,1,1999,21,21,21,21,21,21,21,21,21,21
62270,1,1,1999,0,0,0,0,0,0,0,0,0,0
62271,1,1,1999,0,0,0,0,0,0,0,0,0,0
62272,1,1,1999,0,0,0,0,0,0,0,0,0,0
62273,0,1,1999,31,31,31,31,31,31,31,31,31,31
62273,1,1,1999,0,0,0,0,0,0,0,0,0,0
62274,0,1,1999,0,0,0,0,0,0,0,0,0,0
62274,1,1,1999,0,0,0,12,0,0,0,0,0,0
62275,1,1,1999,25,25,25,25,25,25,25,25,25,25
62276,1,1,1999,0,0,0,0,0,0,0,0,0,0
62277,1,1,1999,24,24,24,24,24,24,24,24,24,24
62278,0,1,1999,0,0,0,0,0,0,0,0,0,0
62278,1,1,1999,0,0,0,0,0,0,0,0,0,0
62279,0,1,1999,0,0,0,0,0,0,0,0,0,0
62279,1,1,1999,0,0,0,0,0,0,0,0,0,0
62280,0,1,1999,0,0,0,0,0,0,0,0,0,0
62280,1,1,1999,0,0,0,0,0,0,0,0,0,0
62281,0,1,1999,0,0,0,0,0,0,0,0,0,0
62281,1,1,1999,0,0,0,0,0,0,0,0,0,0
62282,0,1,1999,0,0,0,0,0,0,0,0,28,0
62282,1,1,1999,0,0,0,0,0,0,0,0,0,0
62283,1,1,1999,0,0,0,0,0,0,18,0,0,27
62284,1,1,1999,0,0,0,0,0,0,0,0,0,0
62285,1,1,1999,0,0,0,0,0,0,0,0,0,0
62286,1,1,1999,17,17,17,17,17,17,17,17,17,17
62287,1,1,1999,0,0,0,0,0,0,0,0,0,0
62288,1,1,1999,11,11,11,11,11,11,11,11,11,11
62289,0,1,1999,0,0,0,0,0,0,0,0,0,0
62289,1,1,1999,0,0,0,0,0,0,0,0,0,0
62290,1,1,1999,0,0,0,0,0,0,0,0,0,0
62291,1,1,1999,0,0,0,0,0,0,0,0,0,0
62291,2,1,1999,0,0,0,0,0,0,0,0,0,0
62292,0,1,1999,0,0,0,0,0,0,0,0,0,0
62292,1,1,1999,0,0,0,0,0,0,0,0,0,0
62293,1,1,1999,0,0,11,18,19,2,20,14,19,10
62294,1,1,1999,10,0,0,0,0,0,0,0,0,13
62295,1,1,1999,23,23,23,23,23,23,23,23,23,23
62296,1,1,1999,0,0,0,0,0,0,0,0,0,0
62297,0,1,1999,0,0,0,0,0,0,0,0,0,0
62297,1,1,1999,0,0,0,0,0,0,0,0,0,0
62298,1,1,1999,21,21,21,21,21,21,21,21,21,21
62299,1,1,1999,0,0,0,0,0,0,0,0,0,0
62300,1,1,1999,0,0,0,0,0,0,0,0,0,0
62301,1,1,1999,0,0,0,0,0,0,0,0,0,0
62302,1,1,1999,0,0,0,0,0,0,0,0,0,0
62303,0,1,1999,0,0,0,0,0,0,0,0,0,0
62303,1,1,1999,0,0,0,0,0,0,0,0,0,0
62304,1,1,1999,20,20,20,20,20,20,20,20,20,20
62305,1,1,1999,0,0,0,0,0,0,0,0,0,0
62306,1,1,1999,0,0,0,0,0,0,0,0,0,0
62307,1,1,1999,14,14,14,14,14,14,14,14,14,14
62308,0,1,1999,23,23,23,23,23,23,23,23,23,23
62308,1,1,1999,0,17,17,0,0,0,0,13,7,19
62309,1,1,1999,0,0,0,0,0,0,0,0,0,0
62310,1,1,1999,0,0,0,0,0,0,0,0,0,0
62311,1,1,1999,0,0,0,0,0,0,0,0,0,0
62312,0,1,1999,0,0,0,0,0,0,0,0,0,0
62312,1,1,1999,0,0,0,0,0,0,0,0,0,0
62313,0,1,1999,0,0,0,0,0,0,0,0,0,0
62313,1,1,1999,0,0,0,0,0,0,0,0,0,0
62314,0,1,1999,0,0,0,0,0,0,0,0,0,0
62314,1,1,1999,0,0,0,0,0,0,0,0,0,0
62315,1,1,1999,15,15,15,15,15,15,15,15,15,15
62316,1,1,1999,0,0,0,0,0,0,0,0,0,0
62317,0,1,1999,0,0,0,0,0,0,0,0,0,0
62317,1,1,1999,0,0,0,0,0,0,0,0,0,0
62318,1,1,1999,18,18,18,18,18,18,18,18,18,18
62319,1,1,1999,9,9,9,9,9,9,9,9,9,9
62320,1,1,1999,0,0,0,0,0,0,0,0,0,0
62321,0,1,1999,4,4,4,4,4,4,4,4,4,4
62321,1,1,1999,0,0,0,0,0,0,0,0,0,0
62322,0,1,1999,0,0,0,0,0,0,0,0,0,0
62322,1,1,1999,0,0,0,0,0,0,0,0,0,0
62323,1,1,1999,0,0,0,0,0,0,0,0,0,0
62324,1,1,1999,39,39,39,39,39,39,39,39,39,39
62324,2,1,1999,0,0,0,0,0,0,0,0,0,0
62324,3,1,1999,0,0,0,0,0,0,0,0,0,0
62324,4,1,1999,0,0,0,0,0,0,0,0,0,0
62325,1,1,1999,0,0,0,0,0,0,0,0,0,0
62325,2,1,1999,0,0,0,0,0,0,0,0,0,0
62326,1,1,1999,0,0,0,0,0,0,0,0,0,0
62326,2,1,1999,12,0,13,0,17,0,0,0,0,0
62327,1,1,1999,0,0,0,0,0,0,0,0,0,0
62327,2,1,1999,0,0,0,0,0,0,0,0,0,0
62328,1,1,1999,0,0,0,0,0,0,0,0,0,0
62328,2,1,1999,0,0,0,0,0,0,0,0,0,0
62329,1,1,1999,0,0,0,0,0,0,0,0,0,0
62329,2,1,1999,0,0,0,0,0,0,0,0,0,0
62330,1,1,1999,0,0,0,0,0,0,0,0,0,0
62330,2,1,1999,0,0,0,0,0,0,0,0,0,0
62331,1,1,1999,0,0,0,0,0,0,0,0,0,0
62331,2,1,1999,0,0,0,0,0,0,0,0,0,0
62331,3,1,1999,0,0,0,0,0,0,0,0,0,0
62332,0,1,1999,0,0,0,0,0,0,0,0,0,0
62332,1,1,1999,0,0,0,0,0,0,0,0,0,0
62333,1,1,1999,0,0,0,0,8,0,0,0,0,0
62334,0,1,1999,30,30,30,30,30,30,30,30,30,30
62334,1,1,1999,0,0,0,0,0,0,0,0,0,0
62335,1,1,1999,25,25,25,25,25,25,25,25,25,25
62336,0,1,1999,16,15,0,10,35,27,0,0,13,0
62336,1,1,1999,0,0,0,0,0,0,0,0,0,0
62337,0,1,1999,0,0,0,0,0,0,0,0,0,0
62337,1,1,1999,1,1,1,1,1,1,1,1,1,1
62338,1,1,1999,0,0,0,0,0,0,0,0,0,0
62339,1,1,1999,16,16,16,16,16,16,16,16,16,16
62340,0,1,1999,0,0,0,0,0,0,0,0,0,0
62340,1,1,1999,0,0,0,0,0,0,0,0,0,0
62341,1,1,1999,16,16,16,16,16,16,16,16,16,16
62341,2,1,1999,17,0,8,15,0,0,0,0,0,0
62342,1,1,1999,0,0,0,0,0,0,0,0,0,0
62342,2,1,1999,7,7,7,7,7,7,7,7,7,7
62343,1,1,1999,0,0,0,0,0,28,0,25,0,0
62343,2,1,1999,0,0,5,4,0,0,7,0,5,0
62344,1,1,1999,11,11,11,11,11,11,11,11,11,11
62344,2,1,1999,0,0,0,0,0,0,0,0,0,0
62345,0,1,1999,0,0,0,0,0,0,0,0,0,0
62345,1,1,1999,0,0,0,0,0,0,0,0,0,0
62346,1,1,1999,0,0,0,0,0,0,0,0,0,0
62346,2,1,1999,0,0,0,0,0,0,0,0,0,0
62347,1,1,1999,0,0,0,0,0,0,0,0,0,0
62347,2,1,1999,0,0,0,0,25,0,0,0,0,0
62348,1,1,1999,45,45,45,45,45,45,45,45,45,45
62348,2,1,1999,0,0,0,0,0,0,0,0,0,0
62349,1,1,1999,0,0,0,0,0,0,0,0,0,0
62349,2,1,1999,0,0,0,0,0,0,0,0,6,0
62350,1,1,1999,0,0,0,0,0,0,0,0,0,0
62350,2,1,1999,0,0,0,0,0,0,0,0,0,0
62351,1,1,1999,0,0,0,0,0,0,0,0,0,0
62351,2,1,1999,0,0,0,0,8,0,0,0,0,0
62352,1,1,1999,0,0,0,0,0,0,0,0,0,0
62352,2,1,1999,0,0,0,0,0,0,0,0,0,0
62353,1,1,1999,19,19,19,19,19,19,19,19,19,19
62353,2,1,1999,0,0,0,0,0,0,0,0,0,0
62354,1,1,1999,0,0,0,0,0,0,8,0,0,0
62354,2,1,1999,0,0,0,0,0,0,0,0,0,0
62355,1,1,1999,0,0,0,0,0,0,0,0,0,0
62356,1,1,1999,0,0,0,0,0,0,0,0,0,0
62356,2,1,1999,0,0,0,0,0,0,0,0,0,0
62356,3,1,1999,0,15,0,0,0,0,0,0,0,0
62356,4,1,1999,0,0,0,0,0,0,0,0,0,0
62356,5,1,1999,0,0,0,0,0,0,0,0,0,0
62357,1,1,1999,0,0,0,0,0,0,0,0,0,0
62357,2,1,1999,0,0,0,0,0,0,0,0,0,0
62357,3,1,1999,0,0,0,0,0,0,0,0,0,0
62358,1,1,1999,0,0,0,0,0,0,0,0,0,0
62358,2,1,1999,0,0,0,0,0,0,0,0,0,0
62358,3,1,1999,0,0,0,0,0,0,0,5,0,0
62359,0,1,1999,0,0,0,0,0,0,0,0,0,0
62359,1,1,1999,0,0,0,0,0,0,0,0,0,0
62360,0,1,1999,0,0,0,0,0,0,0,0,0,0
62360,1,1,1999,0,0,0,0,0,0,0,0,0,0
62361,1,1,1999,19,19,19,19,19,19,19,19,19,19
62361,2,1,1999,0,0,0,0,0,0,0,0,0,0
62362,1,1,1999,0,0,0,0,4,10,3,0,0,0
62362,2,1,1999,0,0,0,0,0,0,0,0,0,0
62362,3,1,1999,0,0,0,0,0,0,0,0,0,0
62363,1,1,1999,0,0,0,0,0,0,0,0,0,0
62363,2,1,1999,0,0,0,15,0,0,0,0,0,10
62363,3,1,1999,0,0,0,0,0,0,0,0,0,0
62364,1,1,1999,5,0,0,0,0,0,23,10,9,0
62364,2,1,1999,0,0,0,0,0,0,0,0,0,0
62365,1,1,1999,0,0,0,0,0,0,0,0,0,0
62365,2,1,1999,0,0,0,0,0,0,0,0,0,0
62365,3,1,1999,0,0,0,0,0,0,0,0,0,0
62366,0,1,1999,0,0,0,0,0,0,0,0,0,0
62366,0,2,1999,0,0,0,0,0,0,0,7,0,0
62366,1,1,1999,0,0,0,0,0,0,0,0,0,0
62367,1,1,1999,0,0,0,0,0,0,0,0,0,0
62367,2,1,1999,0,0,0,0,0,0,0,0,0,0
62367,3,1,1999,0,0,0,0,0,0,0,4,0,0
62368,1,1,1999,0,0,0,0,0,0,0,0,0,0
62369,1,1,1999,0,0,0,0,0,0,0,0,0,0
62369,2,1,1999,0,0,0,0,0,0,0,0,0,0
62370,1,1,1999,0,0,0,0,0,0,0,0,0,0
62370,2,1,1999,0,19,0,0,0,0,0,0,0,0
62370,3,1,1999,0,0,0,0,0,0,0,0,0,0
62371,0,1,1999,0,0,0,0,0,0,0,0,0,0
62371,0,2,1999,0,21,0,28,0,13,0,0,0,34
62371,0,3,1999,0,0,0,0,0,0,0,0,0,0
62371,1,1,1999,0,0,0,0,0,0,16,0,0,0
62372,0,1,1999,0,0,0,0,0,0,0,0,0,0
62372,0,2,1999,0,0,9,0,14,0,0,0,0,0
62372,1,1,1999,0,0,0,0,0,0,0,0,0,0
62373,1,1,1999,14,21,7,20,4,5,16,6,7,0
62373,2,1,1999,0,0,0,0,0,0,0,0,0,0
62374,1,1,1999,0,0,0,0,0,0,0,0,0,0
62375,1,1,1999,0,0,0,0,0,0,0,0,0,0
62376,0,1,1999,0,0,0,0,0,0,0,0,0,0
62376,1,1,1999,0,0,0,0,0,0,0,0,0,0
62377,0,1,1999,33,0,37,0,31,0,0,0,0,27
62377,1,1,1999,0,0,0,0,0,0,0,0,0,0
62378,1,1,1999,0,0,0,0,0,0,0,0,0,0
62379,0,1,1999,0,0,0,0,0,0,0,0,0,0
62380,1,1,1999,0,0,0,0,0,0,0,0,0,0
62381,0,1,1999,0,0,0,0,0,0,0,0,0,0
62381,1,1,1999,0,0,0,0,0,0,0,0,0,0
62382,1,1,1999,4,4,4,4,4,4,4,4,4,4
62383,1,1,1999,0,0,0,0,0,0,0,10,15,0
62384,0,1,1999,0,0,0,0,0,0,0,0,0,0
62384,1,1,1999,0,0,0,0,0,0,0,0,0,0
62385,0,1,1999,0,0,0,0,0,0,0,0,0,0
62385,1,1,1999,0,0,0,0,0,0,0,0,0,0
62386,1,1,1999,0,0,0,0,0,0,0,0,0,0
62386,2,1,1999,0,0,0,0,0,0,0,0,0,0
62387,1,1,1999,0,0,0,0,0,0,0,0,0,0
62387,2,1,1999,20,20,20,20,20,20,20,20,20,20
62388,1,1,1999,0,0,0,0,0,0,0,0,0,0
62388,2,1,1999,0,0,10,0,0,0,0,0,0,0
62389,1,1,1999,0,0,0,0,0,0,0,0,0,0
62389,2,1,1999,0,0,0,0,0,0,0,0,0,0
62390,1,1,1999,0,0,0,0,0,0,0,0,0,0
62390,2,1,1999,0,0,0,0,0,0,0,0,0,0
62391,1,1,1999,0,0,0,0,0,0,0,0,0,0
62391,2,1,1999,0,0,0,0,0,0,0,0,0,0
62392,1,1,1999,0,0,0,11,0,0,0,0,0,32
62392,2,1,1999,0,4,0,0,0,25,19,0,0,0
62393,0,1,1999,36,36,36,36,36,36,36,36,36,36
62393,1,1,1999,0,0,0,0,0,0,0,28,7,0
62394,1,1,1999,0,0,0,0,0,0,0,0,0,0
62395,1,1,1999,0,0,0,0,0,0,0,0,0,0
62395,2,1,1999,0,0,0,0,0,0,0,0,0,0
62396,1,1,1999,18,18,18,18,18,18,18,18,18,18
62396,2,1,1999,0,0,0,0,0,0,0,0,0,0
62397,0,1,1999,0,0,0,0,0,0,0,0,0,0
62397,1,1,1999,0,0,0,0,0,0,0,0,0,0
62397,2,1,1999,0,0,0,0,0,0,0,0,0,0
62398,1,1,1999,0,0,0,0,0,0,0,0,0,0
62398,2,1,1999,0,0,0,0,0,0,0,0,0,0
62399,1,1,1999,8,8,8,8,8,8,8,8,8,8
62399,2,1,1999,18,0,0,0,0,0,0,0,0,0
62400,1,1,1999,0,0,0,0,0,0,0,0,0,0
62400,2,1,1999,0,0,0,0,0,0,12,0,0,0
62401,1,1,1999,0,23,0,17,14,5,9,17,0,0
62401,2,1,1999,5,5,5,5,5,5,5,5,5,5
62402,1,1,1999,0,0,0,0,0,0,0,0,0,0
62402,2,1,1999,0,0,0,0,17,0,0,0,0,0
62402,3,1,1999,0,0,0,0,0,0,0,0,0,0
62403,1,1,1999,5,5,5,5,5,5,5,5,5,5
62403,2,1,1999,0,0,0,0,0,0,0,0,0,0
62404,1,1,1999,0,0,0,0,0,0,0,0,0,0
62404,2,1,1999,0,0,0,0,0,0,0,0,0,0
62404,3,1,1999,0,0,0,0,2,0,0,0,0,0
62405,1,1,1999,0,0,0,0,0,0,0,0,0,0
62405,2,1,1999,0,0,0,0,0,0,0,0,0,0
62405,3,1,1999,0,0,0,0,0,0,0,0,0,0
62405,4,1,1999,0,0,0,0,0,0,0,0,0,0
62406,1,1,1999,0,0,0,0,0,0,0,0,0,0
62406,2,1,1999,0,0,0,0,0,0,0,0,0,0
62406,3,1,1999,0,0,0,0,0,0,0,0,0,0
62407,1,1,1999,0,0,0,0,0,0,0,0,0,0
62407,2,1,1999,0,0,0,0,0,0,0,0,0,0
62407,3,1,1999,0,0,0,0,0,0,0,0,0,0
62408,1,1,1999,10,10,10,10,10,10,10,10,10,10
62408,2,1,1999,0,0,0,0,0,0,0,0,0,0
62409,1,1,1999,0,0,0,0,0,0,0,0,0,0
62409,2,1,1999,0,0,0,0,0,0,0,0,0,0
62410,1,1,1999,27,27,27,27,27,27,27,27,27,27
62410,2,1,1999,0,0,0,0,0,0,0,0,0,0
62411,1,1,1999,0,0,0,0,0,0,0,0,0,0
62411,2,1,1999,0,0,0,0,0,0,0,0,0,0
62412,0,1,1999,18,18,18,18,18,18,18,18,18,18
62412,1,1,1999,0,0,0,0,0,0,0,0,0,0
62413,1,1,1999,0,0,0,0,0,0,0,0,0,0
62414,1,1,1999,0,0,0,0,0,0,0,0,0,0
62415,0,1,1999,0,0,0,0,3,0,0,0,0,0
62415,0,2,1999,0,0,0,0,0,0,0,0,0,0
62415,1,1,1999,0,0,0,14,0,0,0,0,0,0
62416,1,1,1999,11,11,11,11,11,11,11,11,11,11
62417,1,1,1999,8,8,8,8,8,8,8,8,8,8
62418,1,1,1999,20,20,20,20,20,20,20,20,20,20
62419,1,1,1999,15,15,15,15,15,15,15,15,15,15
62420,1,1,1999,34,34,34,34,34,34,34,34,34,34
62421,1,1,1999,0,0,0,0,0,0,0,0,0,0
62421,2,1,1999,0,0,0,0,0,0,0,0,0,0
62422,1,1,1999,0,0,0,0,0,0,0,0,0,0
62422,2,1,1999,0,14,0,0,0,0,0,0,0,0
62423,1,1,1999,0,0,0,0,0,0,0,0,0,0
62423,2,1,1999,0,0,0,0,0,0,0,0,0,0
62424,0,1,1999,0,0,0,0,0,0,0,0,0,0
62424,1,1,1999,0,0,0,0,0,0,0,0,0,0
62425,1,1,1999,0,0,0,0,0,0,0,0,0,0
62425,2,1,1999,0,0,0,0,0,0,0,0,0,0
62426,1,1,1999,0,0,0,0,0,0,0,0,0,0
62426,2,1,1999,0,0,0,0,0,0,0,0,0,0
62427,1,1,1999,3,3,3,3,3,3,3,3,3,3
62427,2,1,1999,0,0,0,0,0,0,0,0,0,0
62428,1,1,1999,0,0,0,0,0,0,0,0,0,0
62428,2,1,1999,0,0,0,0,0,0,0,0,0,0
62429,1,1,1999,0,0,0,0,0,0,0,0,0,0
62429,2,1,1999,0,0,0,0,0,0,0,0,0,0
62430,1,1,1999,0,0,0,0,0,0,0,0,3,0
62430,2,1,1999,0,0,0,0,0,0,0,0,0,0
62431,1,1,1999,0,0,0,0,0,0,0,0,0,0
62431,2,1,1999,0,0,0,0,0,0,0,0,0,0
62432,1,1,1999,0,0,0,0,0,0,0,0,0,0
62432,2,1,1999,0,0,0,0,0,32,0,0,12,0
62433,1,1,1999,0,0,0,0,0,0,0,0,0,0
62433,2,1,1999,0,0,0,0,0,0,0,0,0,0
62434,1,1,1999,0,0,0,0,0,0,0,0,0,0
62434,2,1,1999,0,0,0,0,0,0,0,0,0,0
62435,1,1,1999,0,0,0,0,0,0,0,0,0,0
62435,2,1,1999,0,3,0,0,0,0,0,0,0,0
62436,1,1,1999,0,0,0,0,0,0,0,0,0,0
62436,2,1,1999,0,0,0,0,0,0,0,0,0,0
62437,1,1,1999,0,0,0,0,0,0,0,0,0,0
62437,2,1,1999,0,0,0,0,0,0,17,0,0,0
62438,1,1,1999,0,0,0,0,0,0,0,0,0,0
62438,2,1,1999,12,12,12,12,12,12,12,12,12,12
62439,1,1,1999,0,0,0,0,0,0,0,0,0,0
62439,2,1,1999,0,0,0,0,0,0,0,0,0,0
62440,1,1,1999,0,0,0,0,0,0,0,0,0,0
62440,2,1,1999,0,0,0,0,0,0,0,0,0,0
62441,1,1,1999,13,13,13,13,13,13,13,13,13,13
62442,1,1,1999,24,24,24,24,24,24,24,24,24,24
62442,2,1,1999,0,0,0,0,0,0,0,0,0,0
62443,1,1,1999,0,0,0,0,0,0,0,0,0,0
62443,2,1,1999,0,0,0,0,0,0,0,0,0,0
62444,1,1,1999,0,0,0,16,0,0,8,0,0,0
62444,2,1,1999,0,0,0,0,0,0,0,0,0,0
62445,1,1,1999,0,0,0,0,0,0,0,0,0,0
62445,2,1,1999,0,0,0,0,0,0,0,0,0,11
62446,0,1,1999,0,0,0,0,0,0,0,0,0,0
62446,0,2,1999,0,0,0,0,0,0,0,0,0,0
62446,1,1,1999,0,0,0,0,0,0,0,0,0,0
62447,1,1,1999,0,0,0,0,0,0,0,0,0,0
62447,2,1,1999,0,0,0,0,0,0,0,0,0,0
62448,0,1,1999,0,0,0,0,0,0,0,0,0,0
62448,1,1,1999,13,0,0,0,0,0,0,0,0,0
62449,0,1,1999,0,0,0,0,0,0,0,0,0,0