ST_CASE,VEH_NO,PER_NO,YEAR,P1,P2,P3,P4,P5,P6,P7,P8,P9,P10
62449,0,2,1999,0,0,0,0,0,0,0,0,0,0
62449,0,3,1999,0,0,0,0,0,0,0,0,0,0
62449,0,4,1999,0,0,0,0,0,0,0,0,0,0
62449,1,1,1999,0,0,0,0,0,0,0,0,0,0
62449,2,1,1999,0,0,0,0,0,0,0,0,0,0
62450,0,1,1999,0,0,0,0,0,0,0,0,0,0
62450,1,1,1999,0,0,0,0,0,0,0,0,0,0
62451,0,1,1999,0,0,0,0,0,0,0,0,0,0
62451,1,1,1999,0,0,0,0,0,0,0,0,0,0
62452,2,1,1999,0,0,0,0,0,0,0,0,0,0
62453,1,1,1999,0,0,0,0,0,0,0,0,0,0
62454,1,1,1999,0,0,0,0,0,0,0,0,0,0
62455,1,1,1999,0,0,0,0,0,0,0,0,0,0
62456,1,1,1999,14,14,14,14,14,14,14,14,14,14
62457,1,1,1999,21,19,15,16,13,13,9,23,22,11
62458,1,1,1999,10,7,10,20,28,17,0,13,17,20
62459,1,1,1999,25,25,25,25,25,25,25,25,25,25
62460,0,1,1999,0,0,0,0,0,0,0,0,0,0
62460,1,1,1999,0,0,0,0,0,0,0,0,0,0
62461,1,1,1999,0,0,0,0,0,0,6,0,0,0
62462,0,1,1999,0,0,0,0,0,0,0,0,0,0
62462,0,2,1999,0,0,0,0,0,0,0,0,0,0
62462,1,1,1999,0,0,0,0,0,0,0,0,0,0
62463,1,1,1999,27,27,27,27,27,27,27,27,27,27
62464,1,1,1999,0,0,0,0,0,0,0,0,0,0
62465,0,1,1999,0,0,0,0,0,0,0,0,0,0
62465,1,1,1999,0,6,0,0,0,0,0,0,0,0
62466,1,1,1999,3,10,19,34,17,15,0,11,10,15
62466,2,1,1999,0,0,0,0,0,0,0,15,0,0
62466,3,1,1999,0,0,0,0,0,0,0,0,0,0
62466,4,1,1999,7,0,0,0,12,6,0,0,0,0
62467,1,1,1999,0,0,0,0,0,0,0,0,0,0
62467,2,1,1999,2,2,2,2,2,2,2,2,2,2
62467,3,1,1999,0,0,0,0,0,0,0,0,0,0
62467,4,1,1999,0,0,0,0,0,0,0,0,0,0
62468,1,1,1999,0,0,0,0,0,0,0,0,0,0
62469,1,1,1999,0,0,0,12,0,0,0,0,13,0
62469,2,1,1999,0,0,0,0,5,0,0,0,0,0
62469,3,1,1999,0,0,0,0,0,0,0,0,0,0
62470,1,1,1999,0,0,0,0,0,0,0,0,0,0
62471,1,1,1999,0,7,0,0,0,0,0,0,6,18
62471,2,1,1999,23,23,23,23,23,23,23,23,23,23
62472,0,1,1999,14,14,14,14,14,14,14,14,14,14
62472,0,2,1999,0,0,0,0,0,0,0,0,0,0
62472,0,3,1999,0,41,0,12,26,0,18,0,39,11
62472,0,4,1999,10,0,9,20,0,20,30,12,18,12
62472,0,5,1999,32,18,17,25,34,27,19,26,13,7
62472,1,1,1999,0,0,0,0,0,0,0,0,0,0
62473,1,1,1999,0,0,0,0,0,0,0,0,0,0
62473,2,1,1999,0,0,0,0,0,0,0,0,0,0
62474,1,1,1999,23,23,23,23,23,23,23,23,23,23
62474,2,1,1999,8,8,8,8,8,8,8,8,8,8
62475,1,1,1999,16,16,16,16,16,16,16,16,16,16
62475,2,1,1999,0,0,0,0,0,0,0,0,0,0
62476,0,1,1999,0,0,0,0,0,0,0,0,0,0
62476,1,1,1999,20,0,0,0,12,0,0,0,20,0
62477,1,1,1999,0,0,0,0,0,0,0,0,0,0
62477,2,1,1999,0,0,0,0,0,0,0,0,0,0
62477,3,1,1999,0,0,0,0,0,0,0,0,0,0
62477,4,1,1999,0,0,0,0,0,0,0,0,0,0
62478,1,1,1999,0,0,0,0,0,0,0,0,0,0
62478,2,1,1999,0,0,0,0,0,0,0,0,0,0
62478,3,1,1999,0,0,0,0,0,0,0,0,0,0
62479,1,1,1999,0,0,0,0,0,0,0,0,0,0
62480,0,1,1999,0,0,0,0,0,0,0,0,0,0
62480,1,1,1999,0,0,0,0,0,0,0,0,0,0
62481,1,1,1999,0,0,0,0,0,0,0,0,0,0
62482,0,1,1999,25,25,25,25,25,25,25,25,25,25
62482,1,1,1999,0,0,0,16,6,0,0,0,0,0
62483,0,1,1999,0,0,0,0,0,0,0,0,0,0
62483,1,1,1999,0,0,0,0,0,0,0,0,0,0
62484,0,1,1999,11,11,11,11,11,11,11,11,11,11
62484,1,1,1999,5,5,5,5,5,5,5,5,5,5
62485,0,1,1999,19,19,19,19,19,19,19,19,19,19
62485,1,1,1999,0,0,0,0,0,0,0,0,0,0
62486,0,1,1999,12,12,12,12,12,12,12,12,12,12
62486,1,1,1999,1,1,1,1,1,1,1,1,1,1
62487,1,1,1999,18,18,18,18,18,18,18,18,18,18
62488,0,1,1999,0,0,0,0,0,0,0,0,0,0
62488,1,1,1999,0,0,0,0,0,0,0,0,0,0
62489,1,1,1999,20,20,20,20,20,20,20,20,20,20
62490,0,1,1999,0,0,0,0,0,0,0,0,0,0
62490,1,1,1999,0,0,0,0,0,0,0,0,0,0
62491,0,1,1999,14,14,14,14,14,14,14,14,14,14
62491,1,1,1999,0,0,0,0,0,0,0,0,0,0
62492,1,1,1999,8,8,8,8,8,8,8,8,8,8
62493,1,1,1999,30,20,0,10,0,0,0,0,11,15
62494,1,1,1999,0,0,0,0,0,0,0,0,0,0
62495,0,1,1999,0,0,0,0,0,0,0,0,0,0
62495,1,1,1999,0,0,0,0,0,0,0,0,0,0
62496,1,1,1999,0,0,16,0,0,0,0,0,0,0
62497,0,1,1999,0,0,0,0,0,0,0,0,0,0
62497,1,1,1999,0,0,0,0,0,0,0,0,0,0
62498,0,1,1999,0,0,0,0,0,0,0,0,0,0
62498,1,1,1999,0,0,0,0,0,0,0,0,0,0
62499,1,1,1999,0,0,0,0,0,0,0,0,0,0
62500,1,1,1999,0,0,11,0,0,14,0,8,9,14
62501,1,1,1999,16,0,0,0,0,0,0,0,0,10
62502,1,1,1999,0,0,0,0,0,0,0,0,0,0
62503,1,1,1999,9,9,9,9,9,9,9,9,9,9
62504,0,1,1999,0,7,0,15,12,15,0,0,30,0
62504,1,1,1999,0,0,0,0,0,0,0,0,0,0
62505,0,1,1999,0,0,32,35,16,9,0,0,11,0
62505,1,1,1999,0,0,0,0,0,0,19,0,0,0
62506,1,1,1999,14,14,14,14,14,14,14,14,14,14
62507,1,1,1999,0,0,0,0,0,0,0,0,0,5
62508,1,1,1999,16,16,16,16,16,16,16,16,16,16
62509,1,1,1999,8,8,8,8,8,8,8,8,8,8
62510,1,1,1999,0,0,0,0,0,0,0,0,0,0
62511,1,1,1999,23,23,23,23,23,23,23,23,23,23
62512,0,1,1999,18,18,18,18,18,18,18,18,18,18
62512,1,1,1999,0,0,0,0,0,0,0,0,0,0
62513,1,1,1999,0,0,0,0,0,0,0,0,0,0
62513,2,1,1999,0,0,0,0,0,0,0,0,0,0
62514,1,1,1999,0,0,0,0,0,6,0,0,0,0
62514,2,1,1999,16,16,16,16,16,16,16,16,16,16
62515,1,1,1999,0,0,0,0,0,0,0,0,0,0
62515,2,1,1999,0,0,0,0,0,0,0,0,0,0
62516,1,1,1999,0,0,12,19,0,0,19,34,14,0
62516,2,1,1999,0,0,0,0,0,0,0,0,0,0
62517,1,1,1999,0,0,0,0,0,0,0,0,0,0
62517,2,1,1999,0,0,0,0,0,0,0,0,0,0
62518,0,1,1999,14,14,14,14,14,14,14,14,14,14
62518,1,1,1999,0,0,0,0,0,0,0,0,0,0
62519,0,1,1999,0,0,0,0,0,0,0,0,0,0
62519,0,2,1999,0,8,33,0,14,0,0,34,0,0
62519,1,1,1999,0,0,0,0,0,0,0,0,0,0
62520,1,1,1999,0,0,0,0,0,0,0,0,0,0
62520,2,1,1999,0,0,0,0,0,0,0,0,0,0
62521,1,1,1999,0,0,0,0,0,0,0,0,0,0
62521,2,1,1999,0,0,0,0,0,0,0,0,0,0
62522,1,1,1999,0,0,0,0,0,0,19,0,0,0
62522,2,1,1999,0,0,0,0,0,0,0,0,0,0
62523,1,1,1999,26,26,26,26,26,26,26,26,26,26
62523,2,1,1999,0,0,0,0,0,0,7,0,0,0
62524,1,1,1999,0,0,0,0,33,0,0,0,0,0
62524,2,1,1999,0,0,0,0,0,0,0,0,0,0
62525,1,1,1999,0,0,0,0,0,0,0,0,0,0
62525,2,1,1999,0,0,0,0,0,0,0,0,0,0
62526,1,1,1999,14,14,14,14,14,14,14,14,14,14
62526,2,1,1999,0,0,0,0,0,0,0,0,0,0
62527,0,1,1999,18,18,18,18,18,18,18,18,18,18
62527,1,1,1999,0,20,0,0,0,0,0,0,0,0
62528,1,1,1999,0,0,0,0,0,0,0,0,0,0
62528,2,1,1999,0,0,0,0,0,0,0,0,0,0
62529,1,1,1999,0,0,0,0,0,0,0,0,0,0
62529,2,1,1999,0,0,0,0,0,0,0,0,0,0
62530,1,1,1999,0,0,0,13,0,0,0,0,0,0
62530,2,1,1999,0,0,0,0,0,0,0,0,0,0
62531,1,1,1999,0,0,0,0,0,0,0,0,0,0
62531,2,1,1999,0,0,0,0,0,0,0,0,0,0
62532,0,1,1999,25,25,25,25,25,25,25,25,25,25
62532,1,1,1999,15,0,0,0,18,0,0,0,0,0
62533,1,1,1999,0,0,0,0,0,0,0,0,0,0
62533,2,1,1999,0,0,0,0,0,0,0,0,0,0
62534,1,1,1999,3,32,26,10,0,3,0,0,22,0
62534,2,1,1999,0,0,0,0,0,0,0,12,0,0
62535,1,1,1999,0,0,0,0,0,0,0,0,0,11
62535,2,1,1999,0,0,0,0,0,0,0,0,0,0
62536,1,1,1999,0,0,0,0,0,0,0,0,0,0
62537,1,1,1999,0,0,0,0,0,0,0,0,0,0
62537,2,1,1999,0,0,0,0,0,0,0,0,0,0
62538,1,1,1999,0,0,0,0,0,0,0,0,0,0
62538,2,1,1999,0,0,0,0,0,0,0,0,0,0
62539,1,1,1999,0,0,0,0,0,0,0,0,0,0
62539,2,1,1999,0,0,0,0,0,0,0,0,14,0
62540,1,1,1999,0,0,0,0,0,0,0,0,0,0
62540,2,1,1999,0,0,0,0,0,0,0,0,0,0
62541,1,1,1999,0,0,0,0,0,0,0,0,0,0
62541,2,1,1999,0,0,11,0,0,0,11,0,0,4
62542,0,1,1999,0,0,0,0,0,0,0,0,0,0
62542,1,1,1999,6,0,0,0,14,0,0,0,0,0
62543,1,1,1999,3,3,3,3,3,3,3,3,3,3
62544,0,1,1999,0,0,0,0,0,0,0,0,0,0
62544,1,1,1999,0,0,0,0,14,0,0,0,0,0
62545,1,1,1999,0,0,15,0,0,0,0,0,0,0
62546,1,1,1999,13,13,13,13,13,13,13,13,13,13
62547,1,1,1999,8,8,8,8,8,8,8,8,8,8
62548,1,1,1999,9,9,9,9,9,9,9,9,9,9
62549,1,1,1999,12,12,12,12,12,12,12,12,12,12
62550,1,1,1999,2,2,2,2,2,2,2,2,2,2
62551,0,1,1999,18,18,18,18,18,18,18,18,18,18
62551,1,1,1999,0,0,0,0,0,0,0,0,0,0
62552,1,1,1999,0,0,0,0,0,0,0,0,0,0
62553,0,1,1999,0,0,0,0,0,0,0,0,0,0
62553,1,1,1999,0,15,0,0,0,0,0,0,0,0
62554,1,1,1999,0,0,0,0,0,0,0,0,0,0
62555,1,1,1999,0,0,0,0,0,0,0,0,0,0
62556,0,1,1999,0,0,0,0,0,0,0,10,0,0
62556,1,1,1999,0,0,0,0,0,0,0,0,0,0
62557,1,1,1999,0,0,0,0,0,0,0,0,33,0
62558,1,1,1999,0,0,0,0,0,0,0,0,0,0
62559,1,1,1999,0,0,0,0,0,0,0,0,0,0
62560,1,1,1999,0,0,0,0,0,0,0,0,0,0
62561,0,1,1999,0,0,0,0,0,0,0,0,0,0
62561,1,1,1999,0,0,0,0,0,0,0,0,0,0
62562,1,1,1999,0,0,0,0,0,0,0,0,0,0
62563,1,1,1999,0,0,0,0,0,0,0,0,0,0
62564,0,1,1999,8,8,8,8,8,8,8,8,8,8
62564,1,1,1999,16,16,16,16,16,16,16,16,16,16
62565,1,1,1999,0,0,0,0,0,0,0,0,0,0
62566,0,1,1999,0,0,0,0,0,0,0,0,0,0
62566,1,1,1999,0,0,0,0,0,0,0,0,0,0
62567,1,1,1999,0,0,0,16,0,17,0,0,0,0
62568,1,1,1999,0,0,0,0,0,0,0,0,0,0
62569,1,1,1999,0,0,0,0,0,0,0,0,0,0
62570,1,1,1999,0,0,0,0,0,0,0,0,0,0
62571,1,1,1999,0,0,0,0,0,0,0,0,0,0
62572,1,1,1999,0,0,0,0,20,0,0,0,0,0
62573,1,1,1999,15,15,15,15,15,15,15,15,15,15
62574,0,1,1999,33,33,33,33,33,33,33,33,33,33
62574,1,1,1999,0,0,0,0,0,0,0,0,0,0
62575,1,1,1999,2,2,2,2,2,2,2,2,2,2
62576,1,1,1999,0,0,0,0,0,0,0,0,8,0
62577,1,1,1999,0,0,0,0,0,0,0,0,0,0
62577,2,1,1999,0,0,0,0,0,0,0,0,0,0
62577,3,1,1999,0,0,0,0,0,0,0,0,0,0
62578,1,1,1999,0,0,0,0,0,0,0,0,0,0
62578,2,1,1999,0,0,0,0,0,0,0,0,0,0
62579,0,1,1999,15,22,0,30,0,0,0,0,0,0
62579,1,1,1999,0,0,0,0,0,0,0,0,0,0
62580,0,1,1999,0,0,0,0,0,0,0,0,0,0
62580,1,1,1999,0,0,0,0,0,0,0,0,0,0
62580,2,1,1999,0,0,0,0,0,0,0,0,0,0
62581,0,1,1999,0,0,0,0,0,0,0,0,0,0
62581,1,1,1999,0,0,0,11,0,0,0,0,0,0
62582,0,1,1999,0,0,0,0,0,0,0,0,0,0
62582,1,1,1999,0,0,0,0,0,0,0,0,0,0
62582,2,1,1999,0,0,0,0,0,0,0,0,0,0
62583,1,1,1999,18,18,18,18,18,18,18,18,18,18
62584,0,1,1999,0,0,0,0,0,0,0,0,0,0
62584,1,1,1999,11,11,11,11,11,11,11,11,11,11
62585,0,1,1999,20,20,20,20,20,20,20,20,20,20
62585,1,1,1999,0,0,0,0,0,0,0,0,0,0
62586,0,1,1999,0,0,0,0,0,0,0,0,0,0
62586,1,1,1999,0,0,0,0,0,0,0,0,0,0
62587,0,1,1999,0,0,0,0,0,0,0,0,0,0
62587,1,1,1999,0,0,0,0,0,0,0,0,0,0
62588,1,1,1999,0,0,0,0,0,0,0,0,0,0
62589,1,1,1999,24,24,24,24,24,24,24,24,24,24
62590,1,1,1999,0,0,0,0,0,0,0,0,0,0
62591,1,1,1999,0,0,0,0,0,0,0,0,0,0
62592,1,1,1999,0,0,0,0,0,0,0,0,0,0
62593,1,1,1999,0,0,0,0,0,0,0,0,0,0
62594,1,1,1999,0,0,0,0,0,0,0,0,0,0
62595,0,1,1999,2,2,2,2,2,2,2,2,2,2
62595,1,1,1999,0,0,0,0,0,0,0,0,0,0
62596,0,1,1999,27,27,27,27,27,27,27,27,27,27
62596,1,1,1999,0,0,0,0,0,0,0,0,0,0
62597,1,1,1999,12,12,12,12,12,12,12,12,12,12
62598,1,1,1999,30,30,30,30,30,30,30,30,30,30
62599,0,1,1999,0,0,0,0,0,0,0,0,0,0
62599,1,1,1999,0,0,0,0,0,0,0,0,0,0
62600,1,1,1999,16,16,16,16,16,16,16,16,16,16
62601,1,1,1999,0,0,0,0,0,0,0,0,0,0
62602,1,1,1999,22,22,22,22,22,22,22,22,22,22
62603,1,1,1999,21,21,21,21,21,21,21,21,21,21
62604,0,1,1999,0,0,0,0,0,0,0,0,0,0
62604,1,1,1999,0,0,0,0,0,0,0,0,0,0
62605,0,1,1999,0,0,0,0,0,0,0,0,0,0
62605,1,1,1999,22,0,7,0,0,0,7,0,0,0
62606,1,1,1999,28,28,28,28,28,28,28,28,28,28
62607,1,1,1999,0,0,0,0,0,0,0,0,0,0
62608,1,1,1999,0,0,0,0,0,0,0,0,0,0
62609,0,1,1999,0,0,0,0,0,0,0,0,0,0
62609,1,1,1999,0,0,0,0,0,0,0,0,0,0
62610,0,1,1999,0,14,23,11,33,3,34,0,13,11
62610,1,1,1999,3,3,3,3,3,3,3,3,3,3
62611,1,1,1999,0,0,0,0,0,0,0,0,0,0
62612,1,1,1999,0,0,0,0,0,0,0,0,0,0
62613,1,1,1999,0,0,0,0,0,0,0,0,0,0
62614,0,1,1999,0,0,0,0,0,0,0,0,0,0
62614,1,1,1999,0,0,0,0,6,0,0,0,0,0
62615,0,1,1999,35,41,18,10,16,21,11,9,24,3
62615,1,1,1999,0,0,0,0,0,0,0,0,0,0
62616,1,1,1999,0,0,0,0,0,0,0,0,0,0
62617,0,1,1999,0,0,0,0,0,0,0,0,0,0
62617,1,1,1999,0,40,0,0,0,0,0,0,0,0
62618,1,1,1999,0,0,0,0,0,0,0,0,0,0
62619,1,1,1999,0,0,0,0,0,0,0,0,0,0
62620,1,1,1999,0,0,0,8,0,12,7,4,10,0
62620,2,1,1999,0,0,0,0,0,0,0,0,0,0
62621,1,1,1999,0,0,0,0,0,0,0,0,0,0
62621,2,1,1999,0,4,0,0,0,16,13,0,0,0
62622,1,1,1999,9,9,9,9,9,9,9,9,9,9
62622,2,1,1999,0,0,0,0,0,0,0,0,0,0
62623,1,1,1999,0,0,0,0,0,0,0,0,0,0
62623,2,1,1999,0,0,0,0,0,0,0,0,0,0
62624,1,1,1999,0,0,0,0,0,0,0,0,0,0
62624,2,1,1999,0,0,0,0,0,0,0,0,0,0
62625,1,1,1999,0,0,0,0,0,0,0,0,0,0
62625,2,1,1999,0,0,0,0,0,0,0,0,0,0
62626,1,1,1999,0,0,0,0,0,0,0,0,0,0
62626,2,1,1999,0,0,0,0,0,0,0,0,0,0
62627,1,1,1999,24,0,23,19,0,19,16,0,0,17
62628,1,1,1999,0,0,0,0,0,0,0,0,0,0
62628,2,1,1999,0,0,0,0,0,0,0,0,0,0
62629,1,1,1999,0,10,17,0,0,0,0,0,0,0
62629,2,1,1999,0,0,0,0,0,0,0,0,0,0
62630,1,1,1999,0,0,0,0,0,0,0,0,0,0
62630,2,1,1999,0,0,0,0,0,0,0,0,0,0
62631,1,1,1999,0,0,0,0,0,0,0,0,0,0
62632,1,1,1999,0,0,0,0,0,0,0,0,0,0
62632,2,1,1999,0,0,0,0,0,0,0,0,0,0
62633,0,1,1999,2,2,2,2,2,2,2,2,2,2
62633,1,1,1999,9,11,4,0,15,5,10,8,22,0
62634,0,1,1999,0,0,0,0,0,0,0,0,0,0
62634,1,1,1999,0,0,0,0,4,0,0,0,0,0
62635,1,1,1999,0,0,0,0,0,0,0,0,0,0
62635,2,1,1999,0,0,0,0,0,0,0,0,0,0
62636,1,1,1999,0,0,0,0,0,0,0,0,0,0
62636,2,1,1999,0,0,0,0,0,0,0,0,0,0
62637,0,1,1999,0,0,0,0,0,0,0,0,0,0
62637,1,1,1999,0,23,0,0,0,23,0,0,14,0
62638,1,1,1999,0,0,22,0,0,0,0,0,0,0
62639,1,1,1999,3,3,3,3,3,3,3,3,3,3
62640,1,1,1999,0,0,0,0,0,0,0,0,0,0
62641,0,1,1999,21,7,34,0,0,18,12,20,22,13
62641,1,1,1999,20,20,20,20,20,20,20,20,20,20
62642,0,1,1999,0,0,0,0,0,0,0,0,0,0
62642,1,1,1999,0,0,0,0,0,0,0,0,0,0
62643,1,1,1999,0,14,0,22,12,0,15,0,10,7
62644,1,1,1999,0,0,0,0,0,0,0,0,0,0
62645,0,1,1999,0,0,0,0,0,0,0,0,0,0
62645,1,1,1999,0,0,0,0,0,0,8,0,0,0
62646,1,1,1999,0,0,0,0,0,0,0,0,0,0
62647,0,1,1999,0,0,0,0,0,0,0,0,0,0
62647,1,1,1999,20,0,0,0,15,39,0,5,0,16
62648,1,1,1999,16,16,16,16,16,16,16,16,16,16
62649,0,1,1999,3,3,3,3,3,3,3,3,3,3
62649,1,1,1999,0,0,0,0,0,0,0,0,0,0
62650,1,1,1999,11,11,11,11,11,11,11,11,11,11
62651,1,1,1999,16,16,16,16,16,16,16,16,16,16
62652,0,1,1999,16,16,16,16,16,16,16,16,16,16
62652,1,1,1999,0,0,0,0,7,0,0,0,0,0
62653,1,1,1999,0,0,0,0,0,0,0,0,0,0
62653,2,1,1999,0,0,0,0,0,0,0,0,0,0
62654,1,1,1999,0,0,0,0,0,0,0,0,0,15
62654,2,1,1999,0,0,0,0,0,0,0,0,0,0
62655,1,1,1999,0,0,0,0,0,0,0,0,0,0
62655,2,1,1999,0,0,0,0,0,0,0,0,0,0
62656,1,1,1999,2,2,2,2,2,2,2,2,2,2
62656,2,1,1999,0,0,0,0,0,0,0,0,0,0
62657,1,1,1999,18,18,18,18,18,18,18,18,18,18
62657,2,1,1999,0,0,0,0,0,0,0,0,0,0
62658,1,1,1999,0,0,0,0,0,0,0,0,0,0
62658,2,1,1999,0,0,0,0,0,0,0,0,0,0
62659,1,1,1999,21,21,21,21,21,21,21,21,21,21
62659,2,1,1999,0,0,0,0,0,0,0,0,0,0
62660,1,1,1999,0,0,0,0,0,0,0,0,0,0
62661,1,1,1999,0,0,0,0,0,0,0,0,0,0
62661,2,1,1999,0,0,0,0,0,0,0,0,0,6
62662,1,1,1999,0,0,0,0,0,0,0,0,0,0
62662,2,1,1999,0,0,0,0,0,0,0,0,0,0
62663,1,1,1999,0,0,0,0,0,0,0,0,0,0
62663,2,1,1999,0,0,0,0,0,0,0,0,0,0
62664,1,1,1999,0,0,0,0,0,0,0,0,0,0
62664,2,1,1999,0,0,0,0,0,0,0,0,0,0
62665,1,1,1999,0,0,0,0,0,0,0,0,0,0
62665,2,1,1999,0,0,0,0,0,0,0,0,0,0
62666,1,1,1999,0,0,0,0,0,0,0,0,0,0
62666,2,1,1999,0,0,0,0,0,0,0,0,0,0
62667,0,1,1999,28,28,28,28,28,28,28,28,28,28
62667,1,1,1999,3,3,3,3,3,3,3,3,3,3
62668,1,1,1999,0,0,0,0,0,0,0,0,0,0
62669,1,1,1999,0,0,0,0,0,0,0,0,0,0
62670,1,1,1999,0,0,0,0,0,0,0,0,0,0
62670,2,1,1999,0,0,0,0,0,0,0,0,0,0
62670,3,1,1999,0,0,0,10,0,0,0,0,0,0
62671,1,1,1999,0,0,0,0,0,0,0,0,0,0
62671,2,1,1999,0,0,0,0,0,0,0,0,0,0
62672,1,1,1999,0,0,0,0,0,0,0,0,0,0
62672,2,1,1999,0,0,0,0,0,0,0,0,0,0
62672,3,1,1999,0,0,0,0,0,0,0,0,0,0
62673,1,1,1999,0,0,0,0,0,0,0,0,0,0
62673,2,1,1999,0,0,0,0,0,0,0,0,0,0
62673,3,1,1999,0,0,0,0,0,0,0,0,0,0
62674,1,1,1999,0,0,0,0,0,0,0,0,0,0
62674,2,1,1999,0,0,0,0,0,0,0,0,0,0
62674,4,1,1999,0,0,0,0,0,0,0,0,0,0
62675,1,1,1999,18,18,18,18,18,18,18,18,18,18
62676,1,1,1999,21,21,21,21,21,21,21,21,21,21
62677,1,1,1999,0,0,0,0,0,0,0,0,12,0
62678,1,1,1999,0,0,0,0,0,0,0,0,0,0
62679,0,1,1999,27,27,27,27,27,27,27,27,27,27
62679,1,1,1999,0,0,0,0,0,0,0,0,0,0
62680,1,1,1999,0,0,0,0,0,0,0,0,0,0
62681,1,1,1999,10,10,10,10,10,10,10,10,10,10
62682,1,1,1999,0,0,0,0,0,0,0,0,0,0
62683,1,1,1999,0,0,0,0,0,0,0,0,0,0
62684,0,1,1999,0,0,0,0,0,0,0,0,0,0
62684,1,1,1999,0,0,0,0,0,0,0,0,0,0
62685,1,1,1999,14,14,14,14,14,14,14,14,14,14
62686,1,1,1999,4,4,4,4,4,4,4,4,4,4
62687,1,1,1999,11,11,11,11,11,11,11,11,11,11
62688,1,1,1999,8,9,14,0,0,17,21,0,20,0
62689,1,1,1999,0,0,0,0,0,0,0,0,0,0
62689,2,1,1999,0,0,0,0,0,0,0,0,0,0
62690,1,1,1999,0,0,0,0,0,0,0,0,0,0
62690,2,1,1999,0,0,0,0,0,0,0,0,0,0
62691,0,1,1999,33,33,33,33,33,33,33,33,33,33
62691,1,1,1999,0,0,0,0,0,0,0,0,0,0
62692,1,1,1999,0,0,0,0,0,0,0,0,0,0
62692,2,1,1999,0,0,0,0,0,0,0,0,0,0
62693,1,1,1999,0,0,0,0,0,0,0,0,0,0
62693,2,1,1999,0,0,0,0,0,0,0,0,0,0
62694,1,1,1999,0,0,0,0,0,0,0,0,0,0
62694,2,1,1999,0,0,0,0,0,0,0,0,0,0
62694,3,1,1999,2,2,2,2,2,2,2,2,2,2
62695,1,1,1999,0,0,0,0,0,0,0,0,0,0
62695,2,1,1999,0,18,0,0,11,0,0,0,0,0
62696,0,1,1999,0,0,0,0,0,0,0,0,0,0
62696,0,2,1999,0,16,15,0,6,15,18,0,0,0
62696,1,1,1999,0,0,0,0,0,0,0,0,0,0
62697,0,1,1999,36,0,0,0,0,14,25,0,20,0
62697,1,1,1999,0,0,0,0,0,0,0,0,0,0
62698,1,1,1999,0,0,0,0,0,0,0,0,0,0
62698,2,1,1999,0,0,0,0,0,0,0,0,0,11
62698,3,1,1999,0,0,0,0,0,0,0,0,0,0
62699,1,1,1999,0,0,0,0,0,0,0,0,0,0
62699,2,1,1999,0,0,0,0,0,0,0,0,0,0
62699,3,1,1999,0,0,0,0,0,0,0,0,0,0
62700,1,1,1999,0,0,0,0,0,0,0,0,0,0
62700,2,1,1999,0,0,0,0,0,0,0,0,0,0
62701,1,1,1999,0,0,0,0,0,0,0,0,0,0
62701,2,1,1999,10,13,0,0,0,0,0,0,0,0
62702,1,1,1999,0,0,0,0,0,0,0,0,0,0
62702,2,1,1999,0,0,0,0,0,0,0,0,0,0
62703,1,1,1999,0,0,0,0,0,0,0,0,0,0
62703,2,1,1999,0,0,0,0,0,0,0,0,0,0
62704,1,1,1999,0,0,0,0,0,0,0,0,0,0
62705,0,1,1999,4,4,4,4,4,4,4,4,4,4
62705,1,1,1999,0,0,0,0,0,0,0,0,0,0
62706,1,1,1999,0,0,0,0,0,0,0,0,0,0
62707,1,1,1999,23,23,23,23,23,23,23,23,23,23
62708,0,1,1999,0,0,0,0,0,0,0,0,0,0
62708,1,1,1999,0,0,0,0,0,0,0,0,0,0
62709,1,1,1999,0,0,0,0,0,0,0,0,0,0
62710,1,1,1999,11,13,13,35,24,0,0,10,28,16
62711,0,1,1999,0,14,0,45,0,0,0,35,0,0
62711,1,1,1999,10,12,6,25,11,4,10,25,15,9
62712,0,1,1999,0,0,0,0,0,0,0,0,0,0
62712,1,1,1999,0,0,0,0,0,0,0,0,0,0
62713,1,1,1999,0,0,0,0,0,0,0,0,0,0
62714,1,1,1999,16,0,4,17,18,14,11,13,3,7
62715,1,1,1999,10,0,0,0,0,0,0,0,0,0
62716,1,1,1999,9,9,9,9,9,9,9,9,9,9
62717,0,1,1999,0,0,0,0,0,0,0,0,0,0
62717,1,1,1999,0,0,0,0,0,0,0,0,0,0
62718,0,1,1999,0,0,0,0,0,0,0,0,0,0
62718,1,1,1999,0,0,0,0,0,0,0,0,0,0
62719,1,1,1999,0,0,0,0,0,0,0,0,30,0
62720,0,1,1999,0,0,0,0,0,0,0,0,0,0
62720,1,1,1999,0,0,0,0,0,0,0,0,0,0
62721,0,1,1999,17,17,17,17,17,17,17,17,17,17
62721,1,1,1999,0,0,0,0,0,0,0,0,0,0
62722,1,1,1999,0,0,0,0,0,19,21,0,0,8
62723,1,1,1999,0,0,0,0,0,0,0,0,0,0