ST_CASE,VEH_NO,PER_NO,YEAR,P1,P2,P3,P4,P5,P6,P7,P8,P9,P10
62724,1,1,1999,0,0,0,0,0,0,0,0,0,0
62725,0,1,1999,11,19,21,35,21,0,14,10,31,16
62725,1,1,1999,0,0,0,0,0,0,0,0,0,0
62726,0,1,1999,0,0,0,0,0,0,0,0,0,0
62726,1,1,1999,0,0,0,0,0,0,0,0,0,0
62727,0,1,1999,0,0,0,0,0,0,0,0,0,0
62727,0,2,1999,9,9,9,9,9,9,9,9,9,9
62727,1,1,1999,0,0,0,0,0,0,0,0,0,0
62728,1,1,1999,0,0,0,0,0,0,0,0,0,0
62728,2,1,1999,0,0,0,0,0,0,0,0,0,0
62729,0,1,1999,44,44,44,44,44,44,44,44,44,44
62729,1,1,1999,0,0,0,0,0,0,0,0,0,0
62730,0,1,1999,45,45,45,45,45,45,45,45,45,45
62730,1,1,1999,0,0,0,0,0,0,0,0,0,0
62731,0,1,1999,0,0,0,0,0,0,0,0,0,0
62731,1,1,1999,0,0,0,0,0,0,0,0,0,0
62732,1,1,1999,0,0,0,0,0,0,0,0,0,0
62732,2,1,1999,0,0,0,0,0,0,0,0,0,0
62733,1,1,1999,0,0,0,0,0,0,0,0,0,0
62734,1,1,1999,0,0,0,0,0,0,0,0,0,0
62734,2,1,1999,0,0,0,0,0,0,0,0,0,0
62735,0,1,1999,17,0,0,0,0,22,0,0,29,0
62735,0,2,1999,0,0,0,0,0,0,0,0,0,0
62735,1,1,1999,0,10,0,0,5,0,10,0,17,5
62736,1,1,1999,0,0,0,0,0,0,0,0,0,0
62736,2,1,1999,0,0,0,0,0,0,0,0,0,0
62737,1,1,1999,4,4,4,4,4,4,4,4,4,4
62737,2,1,1999,0,0,0,0,0,0,0,0,0,0
62737,3,1,1999,0,0,0,0,0,0,0,0,0,0
62738,0,1,1999,0,0,0,0,0,0,0,0,0,0
62738,1,1,1999,8,8,8,8,8,8,8,8,8,8
62739,1,1,1999,0,0,0,0,0,0,0,0,0,0
62739,2,1,1999,0,0,0,0,0,0,0,0,0,0
62740,1,1,1999,11,11,11,11,11,11,11,11,11,11
62740,2,1,1999,0,0,0,0,0,0,0,0,0,0
62740,3,1,1999,0,0,0,0,0,0,0,0,0,0
62740,4,1,1999,0,0,0,0,0,14,0,0,0,0
62741,1,1,1999,0,0,0,0,0,0,0,0,0,0
62741,2,1,1999,0,0,0,0,0,0,0,0,0,0
62742,1,1,1999,0,0,0,0,0,0,0,0,0,0
62742,2,1,1999,5,0,0,0,0,0,0,0,0,0
62743,1,1,1999,0,0,0,0,0,0,0,0,0,0
62743,2,1,1999,0,0,0,0,0,0,0,0,0,0
62743,3,1,1999,0,0,0,0,0,0,0,0,0,0
62744,1,1,1999,1,1,1,1,1,1,1,1,1,1
62744,2,1,1999,0,0,0,0,0,0,0,0,0,0
62744,3,1,1999,0,0,0,0,0,0,0,0,0,0
62745,0,1,1999,0,0,0,0,0,0,0,0,0,0
62745,1,1,1999,0,0,0,0,0,0,0,0,0,0
62746,1,1,1999,0,0,0,0,0,0,0,0,0,0
62746,2,1,1999,0,0,0,0,0,0,0,0,0,0
62747,1,1,1999,0,0,0,0,0,0,0,0,0,0
62747,2,1,1999,0,0,0,0,0,0,0,0,0,0
62748,0,1,1999,0,0,0,0,0,0,0,0,0,0
62748,1,1,1999,0,0,0,0,0,0,0,0,0,0
62749,1,1,1999,0,0,0,0,0,0,0,0,0,0
62750,1,1,1999,0,26,38,24,29,2,18,20,10,9
62750,2,1,1999,0,0,0,0,0,0,0,0,0,0
62751,1,1,1999,16,16,16,16,16,16,16,16,16,16
62752,1,1,1999,0,0,0,0,0,0,0,0,0,0
62752,2,1,1999,0,0,0,0,0,0,0,0,0,0
62753,1,1,1999,0,9,25,14,13,0,16,15,0,14
62754,1,1,1999,0,0,0,0,0,0,0,0,0,0
62755,1,1,1999,2,2,2,2,2,2,2,2,2,2
62755,2,1,1999,0,0,0,0,0,0,0,0,0,0
62756,1,1,1999,0,0,0,0,0,0,0,0,0,0
62756,2,1,1999,0,0,0,0,0,0,0,0,0,0
62757,1,1,1999,0,0,0,0,0,0,0,0,0,0
62757,2,1,1999,21,21,21,21,21,21,21,21,21,21
62757,3,1,1999,0,0,0,0,0,0,0,0,0,13
62758,1,1,1999,31,31,31,31,31,31,31,31,31,31
62759,1,1,1999,0,0,0,0,0,0,0,0,0,0
62759,2,1,1999,0,0,0,0,0,0,0,0,0,0
62760,0,1,1999,0,0,0,0,0,0,0,0,0,0
62760,1,1,1999,0,0,0,0,0,0,0,0,0,0
62761,0,1,1999,17,17,17,17,17,17,17,17,17,17
62761,1,1,1999,7,0,7,30,0,0,0,25,0,20
62762,1,1,1999,16,16,16,16,16,16,16,16,16,16
62763,0,1,1999,19,19,19,19,19,19,19,19,19,19
62763,1,1,1999,0,0,0,0,15,0,0,16,4,0
62764,1,1,1999,15,15,15,15,15,15,15,15,15,15
62765,1,1,1999,0,0,0,0,0,0,0,0,0,0
62766,1,1,1999,0,0,0,0,0,0,0,0,0,0
62766,2,1,1999,0,0,0,0,0,0,0,0,0,0
62767,1,1,1999,13,13,13,13,13,13,13,13,13,13
62767,2,1,1999,9,0,10,0,0,0,0,0,0,9
62768,0,1,1999,16,0,0,0,0,5,24,29,26,30
62768,1,1,1999,0,0,18,0,0,0,0,0,14,0
62769,1,1,1999,0,0,0,0,0,0,0,0,0,0
62769,2,1,1999,0,0,0,0,0,0,0,0,0,0
62769,3,1,1999,0,0,0,0,0,0,0,0,0,0
62769,4,1,1999,0,0,0,0,0,0,0,0,0,0
62769,5,1,1999,13,0,0,14,0,0,0,0,0,0
62770,2,1,1999,0,0,0,0,0,0,0,0,0,0
62770,3,1,1999,0,0,0,0,0,0,0,0,0,0
62771,1,1,1999,0,0,0,0,0,11,0,13,0,0
62771,2,1,1999,0,0,0,0,0,0,0,0,0,0
62772,1,1,1999,22,14,0,16,0,29,21,34,0,6
62772,2,1,1999,0,0,0,0,0,0,0,0,0,0
62773,1,1,1999,0,0,0,0,0,0,0,0,0,0
62773,2,1,1999,22,15,16,0,0,0,15,9,0,9
62774,0,1,1999,27,27,27,27,27,27,27,27,27,27
62774,1,1,1999,0,0,11,0,0,0,0,0,0,0
62775,1,1,1999,15,15,15,15,15,15,15,15,15,15
62775,2,1,1999,0,13,0,0,0,0,19,0,0,0
62776,1,1,1999,13,13,13,13,13,13,13,13,13,13
62776,2,1,1999,0,0,0,0,0,0,0,0,0,0
62776,3,1,1999,0,0,0,0,0,0,0,0,0,0
62778,0,1,1999,21,21,21,21,21,21,21,21,21,21
62778,1,1,1999,0,0,0,0,0,0,0,0,0,0
62779,1,1,1999,0,0,0,0,0,0,0,0,0,0
62780,1,1,1999,0,0,0,0,0,0,0,0,0,0
62781,0,1,1999,0,0,0,0,0,0,0,0,0,0
62781,1,1,1999,0,0,0,0,0,0,0,0,0,0
62782,1,1,1999,27,27,27,27,27,27,27,27,27,27
62783,1,1,1999,0,0,0,0,0,0,0,0,0,0
62784,1,1,1999,13,13,13,13,13,13,13,13,13,13
62785,0,1,1999,0,0,0,0,0,0,0,0,0,0
62785,1,1,1999,0,0,0,0,0,0,0,0,0,14
62786,1,1,1999,15,15,15,15,15,15,15,15,15,15
62787,0,1,1999,22,22,22,22,22,22,22,22,22,22
62787,1,1,1999,0,0,0,0,0,0,0,0,0,0
62788,1,1,1999,0,0,0,0,0,0,0,0,0,0
62789,1,1,1999,0,0,0,0,0,0,0,0,0,0
62790,0,1,1999,25,25,25,25,25,25,25,25,25,25
62790,1,1,1999,0,0,0,0,0,0,0,0,5,0
62791,1,1,1999,0,0,0,0,0,0,0,0,0,0
62792,0,1,1999,22,22,22,22,22,22,22,22,22,22
62792,1,1,1999,19,0,0,0,0,8,0,0,0,0
62793,1,1,1999,0,0,0,0,0,0,0,0,0,0
62794,1,1,1999,0,0,0,0,0,0,0,0,0,0
62794,2,1,1999,15,0,11,0,0,0,0,0,0,0
62795,1,1,1999,0,0,0,0,0,0,0,0,0,0
62795,2,1,1999,0,0,0,0,0,0,0,0,0,0
62795,3,1,1999,0,0,0,0,0,0,0,0,0,0
62795,4,1,1999,0,0,0,12,0,0,0,0,0,0
62795,5,1,1999,0,0,0,0,0,0,0,0,0,0
62796,1,1,1999,0,0,0,0,0,0,0,0,0,0
62796,2,1,1999,0,0,0,0,0,0,0,0,0,0
62797,0,1,1999,0,0,0,0,0,0,0,0,0,0
62797,1,1,1999,0,0,0,0,0,0,0,0,0,0
62798,1,1,1999,0,0,0,0,0,0,0,0,0,0
62798,2,1,1999,0,0,0,0,0,0,0,0,0,0
62798,3,1,1999,0,0,0,0,0,0,0,0,0,0
62798,4,1,1999,0,0,0,0,0,0,0,0,0,0
62799,1,1,1999,8,8,8,8,8,8,8,8,8,8
62799,2,1,1999,0,0,0,0,0,0,0,0,0,0
62799,3,1,1999,0,0,0,0,0,0,0,0,0,0
62799,4,1,1999,0,0,0,0,0,0,5,11,0,0
62799,5,1,1999,0,0,0,0,0,0,0,0,0,0
62800,1,1,1999,0,0,0,0,0,0,0,0,0,0
62800,2,1,1999,0,0,0,0,0,12,0,0,0,0
62801,0,1,1999,0,0,0,16,0,0,18,0,0,0
62801,1,1,1999,9,0,0,0,0,0,0,0,0,0
62801,2,1,1999,0,0,0,0,0,0,0,0,0,0
62801,3,1,1999,0,0,0,5,0,0,0,0,0,0
62802,1,1,1999,0,0,0,0,0,0,0,0,0,0
62802,2,1,1999,0,0,0,0,0,0,0,0,0,0
62802,3,1,1999,0,0,0,0,0,0,0,0,0,0
62803,1,1,1999,0,0,0,0,0,0,0,0,0,0
62803,2,1,1999,0,0,0,0,0,0,0,0,0,17
62804,1,1,1999,0,0,0,0,0,0,0,0,0,0
62804,2,1,1999,0,0,0,8,0,0,0,0,0,0
62805,0,1,1999,0,0,0,0,0,0,0,0,0,0
62805,0,2,1999,0,0,0,0,0,0,0,0,0,0
62805,1,1,1999,0,0,0,0,0,0,0,0,0,0
62806,1,1,1999,0,10,0,0,0,0,0,0,0,0
62806,2,1,1999,0,0,0,0,0,0,0,0,0,0
62807,1,1,1999,0,0,0,0,0,0,0,0,0,0
62807,2,1,1999,0,0,0,0,0,0,0,0,0,0
62808,2,1,1999,0,0,0,0,0,0,0,0,0,0
62809,0,1,1999,0,0,0,0,0,0,0,0,0,0
62809,1,1,1999,0,0,0,0,0,0,0,0,0,0
62810,1,1,1999,0,0,0,0,0,0,0,0,0,0
62810,2,1,1999,0,0,0,0,0,0,0,0,0,0
62811,1,1,1999,17,0,37,0,0,0,0,0,0,0
62811,2,1,1999,24,24,24,24,24,24,24,24,24,24
62812,0,1,1999,23,23,23,23,23,23,23,23,23,23
62812,1,1,1999,0,0,0,0,0,0,0,0,0,0
62813,1,1,1999,0,0,0,0,0,0,0,10,0,0
62814,1,1,1999,0,0,0,0,0,0,0,0,0,0
62814,2,1,1999,0,0,0,0,0,0,0,0,0,0
62815,1,1,1999,0,0,0,0,0,0,0,0,0,0
62815,2,1,1999,0,0,0,0,0,0,0,0,0,0
62815,3,1,1999,0,0,0,0,0,0,0,0,0,0
62816,1,1,1999,0,0,0,0,0,0,0,0,0,0
62816,2,1,1999,0,0,0,0,0,0,0,0,0,0
62817,1,1,1999,0,0,0,0,0,0,0,0,0,0
62817,2,1,1999,0,0,0,0,0,0,0,0,0,0
62818,1,1,1999,0,0,0,0,0,0,0,0,0,0
62818,2,1,1999,0,0,0,0,0,0,0,0,0,0
62819,1,1,1999,13,13,13,13,13,13,13,13,13,13
62819,2,1,1999,0,0,0,0,0,0,0,0,0,0
62820,1,1,1999,0,0,0,0,0,0,0,0,0,0
62820,2,1,1999,0,0,0,0,0,0,0,0,0,19
62820,3,1,1999,0,0,0,0,0,0,0,0,0,0
62821,1,1,1999,0,0,0,0,0,0,0,0,0,0
62821,2,1,1999,0,0,0,0,0,0,0,0,0,0
62822,1,1,1999,0,13,0,0,0,0,0,0,12,0
62823,0,1,1999,30,30,30,30,30,30,30,30,30,30
62823,1,1,1999,0,0,0,0,0,0,0,0,0,0
62823,2,1,1999,0,0,0,0,0,0,0,0,0,0
62824,0,1,1999,7,7,7,7,7,7,7,7,7,7
62824,1,1,1999,19,0,0,0,0,13,0,13,33,31
62825,1,1,1999,0,0,0,0,0,0,0,0,0,0
62825,2,1,1999,0,0,0,0,0,0,0,0,0,0
62825,3,1,1999,0,0,0,13,0,0,0,0,0,0
62825,4,1,1999,0,0,0,0,0,0,0,0,0,0
62826,1,1,1999,24,24,24,24,24,24,24,24,24,24
62826,2,1,1999,1,1,1,1,1,1,1,1,1,1
62826,3,1,1999,0,0,0,0,0,0,0,0,0,0
62826,4,1,1999,0,0,0,0,0,0,0,0,0,0
62827,1,1,1999,0,0,0,0,0,0,0,0,0,0
62827,2,1,1999,0,0,0,0,0,0,0,0,0,0
62827,3,1,1999,0,0,0,0,0,0,0,0,0,17
62828,1,1,1999,0,0,0,0,0,0,0,0,0,0
62828,2,1,1999,0,0,0,0,0,0,0,0,0,0
62828,3,1,1999,0,0,0,0,0,0,0,0,0,0
62828,4,1,1999,0,0,0,0,0,0,0,0,0,0
62829,1,1,1999,0,0,0,0,0,0,0,0,0,0
62829,2,1,1999,0,0,0,0,0,0,0,0,0,0
62829,3,1,1999,0,0,0,0,0,0,0,0,0,0
62830,1,1,1999,16,16,16,16,16,16,16,16,16,16
62831,1,1,1999,25,25,25,25,25,25,25,25,25,25
62832,1,1,1999,0,0,0,0,0,0,0,0,0,0
62832,2,1,1999,26,0,25,0,0,0,0,0,0,0
62832,3,1,1999,0,0,0,0,0,0,0,0,0,0
62833,0,1,1999,0,0,0,0,0,0,0,0,0,0
62833,1,1,1999,21,0,0,0,0,0,0,0,0,0
62833,2,1,1999,0,0,0,0,0,0,0,0,0,0
62833,3,1,1999,0,0,0,0,0,0,0,0,0,0
62834,1,1,1999,0,0,0,0,0,0,0,0,0,0
62834,2,1,1999,0,0,0,0,0,0,0,0,0,0
62834,3,1,1999,0,0,0,0,0,0,0,0,0,0
62834,4,1,1999,0,0,19,0,0,0,0,0,0,0
62834,5,1,1999,0,0,0,0,0,0,0,0,0,0
62835,1,1,1999,2,2,2,2,2,2,2,2,2,2
62835,2,1,1999,28,28,28,28,28,28,28,28,28,28
62836,1,1,1999,0,0,0,0,0,0,0,0,0,0
62836,2,1,1999,0,0,0,0,0,0,0,12,0,0
62837,1,1,1999,0,0,7,0,0,0,0,0,0,0
62837,2,1,1999,0,0,0,0,0,0,0,0,0,0
62838,1,1,1999,0,0,0,0,0,0,0,0,0,0
62838,2,1,1999,0,0,0,0,0,0,0,0,0,0
62839,1,1,1999,22,22,22,22,22,22,22,22,22,22
62839,2,1,1999,0,0,0,0,0,0,0,0,0,0
62840,1,1,1999,0,0,0,17,0,0,0,0,0,0
62840,2,1,1999,0,0,0,0,0,0,0,0,0,0
62841,1,1,1999,0,0,0,0,0,0,0,0,0,0
62841,2,1,1999,0,0,0,0,0,0,0,0,0,0
62842,1,1,1999,23,23,23,23,23,23,23,23,23,23
62842,2,1,1999,0,0,0,0,0,0,0,0,0,0
62843,1,1,1999,0,0,0,0,0,0,0,0,0,0
62843,2,1,1999,0,0,0,0,0,0,0,0,0,0
62844,0,1,1999,15,15,15,15,15,15,15,15,15,15
62844,1,1,1999,0,0,0,0,0,0,0,0,0,0
62845,0,1,1999,26,20,22,14,0,20,11,0,21,34
62845,1,1,1999,0,0,0,0,0,0,0,0,0,0
62846,0,1,1999,9,9,9,9,9,9,9,9,9,9
62846,1,1,1999,0,0,16,15,12,9,9,0,20,14
62847,1,1,1999,27,27,27,27,27,27,27,27,27,27
62848,1,1,1999,19,19,19,19,19,19,19,19,19,19
62849,0,1,1999,43,0,0,0,0,0,0,0,0,0
62849,1,1,1999,0,0,0,0,0,0,0,0,0,0
62850,1,1,1999,12,12,12,12,12,12,12,12,12,12
62851,1,1,1999,0,0,0,0,0,0,0,0,0,0
62852,1,1,1999,13,13,13,13,13,13,13,13,13,13
62853,0,1,1999,0,0,0,0,0,0,0,0,0,0
62853,1,1,1999,0,0,0,0,0,0,0,0,0,0
62854,0,1,1999,0,0,0,0,0,0,0,0,0,0
62854,1,1,1999,0,0,0,0,0,0,0,0,0,0
62855,0,1,1999,12,12,12,12,12,12,12,12,12,12
62855,1,1,1999,0,0,0,0,0,0,0,0,0,0
62856,1,1,1999,27,27,27,27,27,27,27,27,27,27
62857,1,1,1999,0,0,0,0,0,0,0,0,0,0
62858,1,1,1999,20,0,0,0,0,0,0,0,0,0
62859,1,1,1999,14,14,14,14,14,14,14,14,14,14
62860,0,1,1999,0,0,0,0,0,0,0,0,0,0
62860,1,1,1999,0,0,0,0,0,0,0,0,0,0
62861,1,1,1999,0,0,0,0,0,0,0,0,0,0
62861,2,1,1999,0,0,0,0,0,0,0,0,0,0
62861,3,1,1999,0,0,0,0,0,0,0,0,0,0
62861,4,1,1999,0,0,0,0,0,0,0,0,0,0
62861,5,1,1999,0,0,9,0,0,0,0,0,0,0
62861,6,1,1999,0,0,0,15,0,0,0,0,0,0
62861,7,1,1999,0,0,0,0,0,0,0,0,0,0
62862,0,1,1999,0,0,0,0,0,0,0,0,0,0
62862,0,2,1999,0,0,0,0,0,0,0,0,0,0
62862,0,3,1999,0,0,0,0,0,0,0,0,0,0
62862,0,4,1999,0,0,13,0,20,0,0,0,9,0
62862,1,1,1999,0,0,0,0,0,0,0,0,0,0
62863,1,1,1999,0,0,0,0,0,0,0,0,0,0
62863,2,1,1999,0,0,0,14,0,8,0,0,0,0
62864,1,1,1999,0,0,0,0,0,0,0,0,0,0
62864,2,1,1999,0,0,0,0,16,0,0,0,0,0
62865,1,1,1999,0,0,0,0,0,0,0,0,0,0
62865,2,1,1999,0,0,0,0,0,0,0,0,0,0
62865,3,1,1999,0,0,0,0,0,0,0,0,0,0
62866,1,1,1999,22,22,22,22,22,22,22,22,22,22
62866,2,1,1999,0,0,0,0,0,0,0,0,0,0
62866,3,1,1999,0,0,0,0,0,0,0,0,0,0
62866,4,1,1999,0,0,0,0,0,0,0,0,0,0
62866,5,1,1999,0,0,12,0,0,0,0,0,0,0
62867,0,1,1999,20,20,20,20,20,20,20,20,20,20
62867,1,1,1999,0,0,0,0,0,0,0,0,0,0
62867,2,1,1999,0,0,0,0,0,0,0,0,0,0
62867,3,1,1999,0,0,0,0,0,0,0,0,0,0
62868,1,1,1999,0,0,0,0,0,0,0,0,0,0
62868,2,1,1999,0,0,0,0,0,0,0,0,0,0
62868,3,1,1999,0,0,0,0,0,0,0,0,0,0
62868,4,1,1999,4,0,0,0,0,0,0,15,0,0
62869,0,1,1999,0,11,0,0,0,23,12,0,0,0
62869,1,1,1999,0,0,0,0,0,0,0,0,0,0
62869,2,1,1999,0,0,0,0,0,0,0,0,0,0
62869,3,1,1999,0,0,0,0,0,0,0,0,0,0
62869,4,1,1999,0,0,0,0,0,0,0,0,0,0
62869,5,1,1999,0,0,0,0,0,0,0,0,0,0
62869,6,1,1999,0,0,0,0,0,0,0,0,0,0
62869,7,1,1999,0,0,0,0,0,0,0,0,0,0
62870,0,1,1999,0,0,0,0,0,13,0,0,0,29
62870,1,1,1999,0,0,0,0,0,0,0,0,0,0
62870,2,1,1999,0,0,0,0,0,0,0,0,0,0
62870,4,1,1999,0,0,0,0,0,0,0,0,9,0
62871,1,1,1999,0,0,0,0,0,0,0,0,0,0
62871,2,1,1999,0,0,10,0,0,0,0,0,0,0
62872,0,1,1999,0,0,0,0,0,0,0,0,0,0
62872,1,1,1999,0,0,0,0,0,0,0,0,0,0
62873,1,1,1999,0,0,0,0,0,0,0,0,0,0
62873,2,1,1999,0,0,0,0,0,0,0,0,0,0
62874,1,1,1999,17,0,0,21,20,0,0,19,9,0
62875,1,1,1999,14,14,14,14,14,14,14,14,14,14
62875,2,1,1999,12,12,12,12,12,12,12,12,12,12
62876,0,1,1999,0,0,0,0,0,0,0,0,0,0
62876,0,2,1999,0,19,6,0,25,27,0,0,0,0
62876,1,1,1999,7,7,7,7,7,7,7,7,7,7
62877,1,1,1999,0,0,0,0,0,0,0,0,0,0
62877,2,1,1999,0,0,0,0,0,0,0,0,0,0
62878,1,1,1999,5,5,5,5,5,5,5,5,5,5
62878,2,1,1999,0,0,0,0,0,0,0,0,0,0
62879,1,1,1999,13,13,13,13,13,13,13,13,13,13
62879,2,1,1999,0,0,0,0,0,0,0,0,0,0
62880,1,1,1999,0,0,0,0,0,0,0,0,0,0
62880,2,1,1999,15,15,15,15,15,15,15,15,15,15
62881,0,1,1999,9,9,9,9,9,9,9,9,9,9
62881,1,1,1999,0,17,0,0,0,0,0,0,0,0
62882,1,1,1999,0,0,0,0,0,0,0,0,0,0
62883,1,1,1999,0,0,0,0,0,0,0,0,0,0
62883,2,1,1999,0,0,0,0,0,0,0,0,0,0
62884,0,1,1999,26,25,12,28,14,9,19,0,7,29
62884,0,2,1999,17,28,0,25,0,19,36,28,15,44
62884,1,1,1999,0,0,0,0,0,0,0,0,0,0
62885,1,1,1999,0,0,0,0,0,0,0,0,0,0
62885,2,1,1999,0,0,0,0,0,0,0,0,0,0
62886,1,1,1999,0,0,0,0,0,0,0,0,0,0
62886,2,1,1999,0,0,0,0,0,0,0,0,7,0
62887,1,1,1999,0,0,0,0,0,17,0,0,0,0
62887,2,1,1999,16,16,16,16,16,16,16,16,16,16
62888,1,1,1999,0,0,0,0,0,0,0,0,0,0
62888,2,1,1999,0,0,0,0,0,0,0,0,0,0
62889,1,1,1999,0,0,0,0,0,0,0,0,0,0
62889,2,1,1999,0,0,0,0,0,0,0,0,0,0
62889,3,1,1999,0,0,0,0,0,0,0,0,0,0
62890,1,1,1999,0,0,0,0,0,0,0,0,0,0
62890,2,1,1999,0,0,0,0,0,0,0,0,0,0
62890,3,1,1999,0,0,18,0,0,0,0,0,0,0
62891,1,1,1999,0,0,0,0,0,0,0,0,0,0
62891,2,1,1999,0,0,0,0,0,0,0,0,0,0
62892,1,1,1999,0,0,0,0,0,0,0,0,0,0
62892,2,1,1999,0,0,0,0,0,0,0,0,0,0
62893,0,1,1999,0,0,0,0,0,0,0,0,0,0
62893,1,1,1999,0,0,0,0,0,0,0,0,0,0
62893,2,1,1999,0,0,0,0,0,0,0,0,0,0
62894,1,1,1999,0,0,0,0,0,0,0,0,0,0
62894,2,1,1999,0,0,0,0,0,0,0,0,0,0
62895,1,1,1999,6,6,6,6,6,6,6,6,6,6
62895,2,1,1999,0,0,0,0,0,0,0,0,0,0
62896,1,1,1999,21,21,21,21,21,21,21,21,21,21
62896,2,1,1999,0,0,0,0,0,0,0,0,0,0
62897,1,1,1999,0,0,0,0,0,0,0,0,0,0
62897,2,1,1999,0,0,0,0,0,0,0,0,0,0
62898,1,1,1999,46,46,46,46,46,46,46,46,46,46
62898,2,1,1999,0,0,0,0,0,0,0,0,0,0
62899,1,1,1999,0,0,0,0,0,0,0,0,0,0
62899,2,1,1999,0,8,0,0,0,0,0,0,0,0
62900,1,1,1999,0,0,0,0,0,0,0,0,0,0
62900,2,1,1999,0,0,0,0,0,0,0,0,0,0
62901,1,1,1999,26,26,26,26,26,26,26,26,26,26
62901,2,1,1999,0,0,33,0,0,0,5,0,0,0
62901,3,1,1999,0,0,0,0,11,0,9,0,0,0
62902,1,1,1999,0,0,0,0,0,0,0,0,0,0
62902,2,1,1999,0,0,0,0,0,0,0,0,0,0
62903,1,1,1999,0,0,0,0,0,0,0,0,0,0
62903,2,1,1999,0,0,0,0,0,0,0,0,0,0
62904,1,1,1999,12,11,0,0,0,15,0,0,0,0
62904,2,1,1999,16,16,16,16,16,16,16,16,16,16
62904,3,1,1999,0,0,0,0,21,0,0,0,0,0
62904,4,1,1999,0,0,0,0,0,0,0,0,0,0
62904,5,1,1999,0,0,0,0,0,0,0,0,0,0
62905,1,1,1999,0,0,0,15,0,13,16,10,0,0
62906,1,1,1999,23,23,23,23,23,23,23,23,23,23
62906,2,1,1999,0,0,0,0,0,0,0,0,0,0
62906,3,1,1999,0,0,0,0,0,0,0,0,0,0
62907,1,1,1999,0,0,0,0,0,0,0,0,0,0
62907,2,1,1999,0,0,0,0,0,0,0,0,0,0
62908,1,1,1999,0,0,0,0,0,0,0,0,0,0
62908,2,1,1999,0,0,0,0,0,0,0,0,0,0
62909,1,1,1999,0,0,0,0,0,0,0,0,0,0
62909,2,1,1999,0,0,0,0,0,0,0,0,0,0
62910,1,1,1999,0,0,0,0,0,0,0,0,0,0
62910,2,1,1999,0,9,0,0,0,0,0,0,0,0
62911,1,1,1999,0,0,0,0,0,0,0,0,0,0
62911,2,1,1999,0,0,0,0,0,0,0,0,0,0
62912,1,1,1999,0,0,0,0,0,0,0,0,0,0
62912,2,1,1999,0,0,0,0,0,0,0,0,0,0
62913,1,1,1999,9,9,9,9,9,9,9,9,9,9
62913,2,1,1999,0,0,0,0,0,0,0,0,0,0
62914,1,1,1999,0,0,0,0,0,0,0,0,0,0
62914,2,1,1999,0,0,0,0,0,0,0,0,0,0
62915,1,1,1999,0,0,0,0,0,0,0,0,0,0
62915,2,1,1999,0,0,0,0,0,0,0,0,0,0
62915,3,1,1999,0,0,0,0,0,0,0,0,0,0
62915,4,1,1999,0,6,0,13,0,0,0,0,0,0
62915,5,1,1999,18,0,0,0,0,21,8,0,0,0
62916,1,1,1999,0,0,0,0,0,0,0,0,0,0
62916,2,1,1999,0,0,19,0,0,0,0,0,0,0
62916,3,1,1999,0,0,0,0,0,0,0,0,0,0
62916,4,1,1999,0,0,0,0,0,0,0,0,0,0
62917,1,1,1999,0,0,0,0,0,0,0,0,0,0
62917,2,1,1999,10,15,0,10,13,3,24,16,12,5
62918,1,1,1999,0,0,0,0,0,0,0,0,0,0
62918,2,1,1999,0,20,0,0,0,0,0,0,0,0
62919,1,1,1999,0,0,0,0,0,0,0,0,0,0
62919,2,1,1999,0,0,0,0,0,0,0,0,0,0
62920,1,1,1999,0,0,0,0,0,0,0,0,0,0
62920,2,1,1999,0,0,0,0,0,0,0,0,0,0
62921,0,1,1999,0,0,24,0,15,0,0,0,0,0
62921,1,1,1999,0,0,0,0,0,0,0,0,0,0
62921,2,1,1999,0,0,0,0,0,0,0,0,0,0
62921,3,1,1999,0,0,5,0,0,0,0,0,0,0
62922,1,1,1999,0,0,0,0,0,0,0,0,0,0
62922,2,1,1999,0,0,0,0,0,0,0,0,0,0
62922,3,1,1999,0,0,0,0,0,0,0,0,0,0
62922,4,1,1999,11,0,0,16,0,0,17,0,0,0
62922,5,1,1999,0,0,0,0,0,0,0,0,0,0
62923,1,1,1999,0,0,0,0,0,0,0,0,0,0
62923,2,1,1999,0,0,0,0,0,0,0,0,0,0
62923,3,1,1999,0,0,0,0,0,0,0,0,0,0
62924,1,1,1999,0,0,0,0,0,0,0,0,0,0
62924,2,1,1999,0,0,0,0,0,0,0,0,0,0
62924,3,1,1999,0,0,0,0,0,0,0,0,0,0
62925,1,1,1999,20,20,20,20,20,20,20,20,20,20
62925,2,1,1999,0,0,0,0,0,0,0,0,0,0
62926,0,1,1999,0,0,0,0,0,0,0,0,0,0
62927,1,1,1999,0,0,0,0,0,0,0,0,8,0
62927,2,1,1999,0,0,0,0,0,0,0,0,0,0
62927,3,1,1999,0,0,0,0,0,0,0,0,0,0
62928,1,1,1999,0,0,0,0,0,0,0,0,0,0
62929,1,1,1999,0,0,0,0,0,0,0,18,17,0
62930,1,1,1999,0,0,0,0,0,0,0,0,0,0
62931,1,1,1999,0,0,0,0,0,0,0,0,0,0