ST_CASE,VEH_NO,PER_NO,YEAR,P1,P2,P3,P4,P5,P6,P7,P8,P9,P10
62932,1,1,1999,0,0,17,0,7,0,19,12,0,0
62933,1,1,1999,2,2,2,2,2,2,2,2,2,2
62934,1,1,1999,21,21,21,21,21,21,21,21,21,21
62935,1,1,1999,0,0,0,0,0,0,0,0,0,0
62936,1,1,1999,0,0,0,0,0,0,0,0,0,0
62937,1,1,1999,19,19,19,19,19,19,19,19,19,19
62938,1,1,1999,0,0,0,0,0,0,0,0,0,0
62939,0,1,1999,31,31,31,31,31,31,31,31,31,31
62939,1,1,1999,22,7,17,14,5,8,6,27,0,18
62940,0,1,1999,19,19,19,19,19,19,19,19,19,19
62940,1,1,1999,5,5,5,5,5,5,5,5,5,5
62941,0,1,1999,0,0,0,0,0,0,0,0,0,0
62941,1,1,1999,0,0,0,0,0,0,0,0,0,0
62942,1,1,1999,23,0,12,28,35,11,11,16,21,0
62943,1,1,1999,0,0,0,0,0,0,0,0,0,0
62943,2,1,1999,0,0,0,0,0,0,0,0,0,0
62944,1,1,1999,15,15,15,15,15,15,15,15,15,15
62944,2,1,1999,0,0,0,0,7,0,0,0,0,0
62945,1,1,1999,0,0,0,0,0,0,0,0,0,0
62945,2,1,1999,0,0,0,0,0,0,0,0,0,0
62946,1,1,1999,0,0,0,0,0,0,0,0,0,0
62947,0,1,1999,44,42,21,23,31,34,7,22,14,10
62947,1,1,1999,0,9,0,0,0,0,0,0,15,0
62948,1,1,1999,17,17,17,17,17,17,17,17,17,17
62948,2,1,1999,0,0,0,0,0,0,0,0,0,0
62949,1,1,1999,0,0,0,0,0,0,0,0,0,0
62949,2,1,1999,0,0,0,0,0,0,0,0,0,0
62950,1,1,1999,20,20,20,20,20,20,20,20,20,20
62950,2,1,1999,0,0,0,0,0,0,0,0,0,0
62951,1,1,1999,3,3,3,3,3,3,3,3,3,3
62951,2,1,1999,0,0,0,0,0,0,0,0,0,0
62952,1,1,1999,0,0,0,0,0,0,0,0,0,0
62952,2,1,1999,0,0,0,0,5,0,0,0,0,0
62953,1,1,1999,0,0,0,0,0,0,0,0,0,0
62953,2,1,1999,0,0,0,0,0,0,0,0,0,0
62954,0,1,1999,0,0,0,0,0,0,0,0,0,0
62954,1,1,1999,5,0,5,0,0,0,0,0,0,0
62955,0,1,1999,19,19,19,19,19,19,19,19,19,19
62955,1,1,1999,0,0,0,0,0,0,0,0,0,0
62955,2,1,1999,0,6,0,0,0,0,0,0,0,0
62956,1,1,1999,0,0,0,0,0,0,0,0,0,0
62956,2,1,1999,0,0,0,0,0,0,0,0,0,0
62956,3,1,1999,0,0,0,0,0,0,0,0,0,0
62957,1,1,1999,0,0,0,0,0,0,0,0,0,0
62957,2,1,1999,0,0,0,0,0,0,0,0,0,0
62958,1,1,1999,0,0,0,0,0,0,0,0,0,0
62958,2,1,1999,0,0,0,0,0,0,0,0,0,0
62959,1,1,1999,8,8,8,8,8,8,8,8,8,8
62959,2,1,1999,0,0,0,0,0,0,0,0,0,0
62960,1,1,1999,15,15,15,15,15,15,15,15,15,15
62960,2,1,1999,0,0,0,0,0,0,0,0,0,0
62961,0,1,1999,0,0,0,0,0,0,0,0,0,0
62962,1,1,1999,0,0,7,0,0,0,0,0,0,0
62962,2,1,1999,0,0,0,0,0,0,0,0,0,0
62963,1,1,1999,0,0,0,0,0,0,0,0,20,0
62964,0,1,1999,0,0,0,0,0,0,0,0,0,0
62964,1,1,1999,0,0,0,0,0,0,0,0,0,0
62965,1,1,1999,0,0,0,0,0,0,0,0,0,0
62965,2,1,1999,0,0,0,0,0,0,0,0,0,0
62965,3,1,1999,0,0,0,0,0,0,0,0,0,0
62966,1,1,1999,0,0,0,0,0,0,0,0,0,0
62966,2,1,1999,0,0,0,0,0,0,0,0,0,0
62967,1,1,1999,0,0,0,0,0,0,0,0,0,0
62967,2,1,1999,0,0,0,0,0,0,0,0,0,0
62967,3,1,1999,0,0,0,6,0,0,0,13,0,0
62967,4,1,1999,0,0,0,0,0,0,0,0,0,0
62968,1,1,1999,0,0,0,0,0,0,0,0,0,0
62968,2,1,1999,0,0,0,0,6,0,0,0,0,0
62969,1,1,1999,15,15,15,15,15,15,15,15,15,15
62969,2,1,1999,0,0,7,0,0,0,0,0,0,0
62970,1,1,1999,18,0,27,0,9,10,0,0,10,0
62970,2,1,1999,0,0,0,0,0,0,0,0,0,0
62971,1,1,1999,0,0,0,0,4,12,14,5,0,0
62971,2,1,1999,0,0,0,0,0,0,0,0,0,0
62971,3,1,1999,0,0,0,0,0,0,0,0,0,0
62972,1,1,1999,0,0,0,0,0,0,0,0,0,0
62972,2,1,1999,0,0,0,0,0,0,0,0,0,0
62973,1,1,1999,0,0,0,0,0,0,0,0,0,0
62973,2,1,1999,0,0,0,0,0,0,0,0,0,0
62974,1,1,1999,0,0,0,0,0,0,0,0,0,0
62974,2,1,1999,0,0,0,0,0,0,0,0,0,0
62975,1,1,1999,19,19,19,19,19,19,19,19,19,19
62975,2,1,1999,0,0,0,0,0,0,0,0,0,0
62976,1,1,1999,0,0,0,0,0,0,0,0,0,0
62977,1,1,1999,24,24,24,24,24,24,24,24,24,24
62978,1,1,1999,5,5,5,5,5,5,5,5,5,5
62979,0,1,1999,0,0,0,0,0,0,0,0,0,0
62979,1,1,1999,0,0,0,0,0,0,0,0,0,0
62980,1,1,1999,0,0,0,0,0,0,0,0,0,0
62980,2,1,1999,0,0,0,0,0,0,0,0,0,0
62981,1,1,1999,14,14,14,14,14,14,14,14,14,14
62981,2,1,1999,3,3,3,3,3,3,3,3,3,3
62982,1,1,1999,0,0,0,0,0,0,0,0,0,0
62982,2,1,1999,0,0,0,0,0,0,0,0,0,0
62983,1,1,1999,9,9,9,9,9,9,9,9,9,9
62983,2,1,1999,0,0,0,0,0,0,0,0,0,0
62984,1,1,1999,15,15,15,15,15,15,15,15,15,15
62985,1,1,1999,0,5,0,0,0,23,0,12,0,25
62985,2,1,1999,0,0,0,27,9,0,0,0,0,0
62986,1,1,1999,0,0,0,0,0,0,0,0,0,0
62986,2,1,1999,0,0,0,0,0,0,0,0,0,0
62987,1,1,1999,0,0,0,0,0,0,0,0,0,0
62987,2,1,1999,0,0,0,0,0,0,0,0,0,0
62988,1,1,1999,0,0,0,0,0,0,0,0,0,0
62988,2,1,1999,0,0,0,0,0,0,0,0,0,0
62989,0,1,1999,0,0,0,0,0,0,0,0,0,0
62989,1,1,1999,0,0,0,0,0,0,0,0,0,0
62990,1,1,1999,0,0,0,0,0,0,0,0,0,0
62990,2,1,1999,0,0,0,0,0,0,0,0,0,0
62991,1,1,1999,11,11,11,11,11,11,11,11,11,11
62991,2,1,1999,0,0,0,0,0,0,0,0,0,0
62991,3,1,1999,0,0,0,0,0,0,0,0,0,0
62992,1,1,1999,0,0,0,0,0,0,0,0,0,0
62992,2,1,1999,0,0,0,0,0,0,0,0,0,0
62993,1,1,1999,0,0,0,0,0,0,0,0,0,0
62993,2,1,1999,0,0,0,0,0,0,0,0,0,0
62994,1,1,1999,0,0,0,0,0,0,0,0,0,0
62994,2,1,1999,0,0,0,0,0,0,0,0,0,0
62994,3,1,1999,0,0,0,0,0,0,0,0,0,0
62995,1,1,1999,0,0,0,0,0,0,0,0,0,0
62995,2,1,1999,0,0,0,0,0,20,0,0,0,0
62995,3,1,1999,0,0,0,0,0,0,0,0,0,0
62995,4,1,1999,0,0,0,0,0,0,0,0,0,0
62996,1,1,1999,19,19,19,19,19,19,19,19,19,19
62996,2,1,1999,0,0,0,0,0,0,0,0,0,0
62997,1,1,1999,8,11,0,7,0,21,0,15,10,0
62997,2,1,1999,0,0,0,0,0,0,0,0,0,0
62998,1,1,1999,0,0,0,0,0,0,0,0,0,0
62998,2,1,1999,0,0,0,0,0,0,0,0,0,0
62999,1,1,1999,0,0,0,0,0,0,0,0,0,0
62999,2,1,1999,0,0,0,0,0,0,0,0,0,0
63000,1,1,1999,0,0,0,0,0,0,0,0,0,0
63000,2,1,1999,0,0,0,0,0,0,0,0,3,0
63001,1,1,1999,0,0,0,0,0,0,0,0,0,0
63001,2,1,1999,0,0,0,0,0,0,0,0,0,0
63002,1,1,1999,0,0,0,0,0,0,0,0,0,0
63002,2,1,1999,0,0,0,0,0,0,0,0,0,0
63003,1,1,1999,17,17,17,17,17,17,17,17,17,17
63003,2,1,1999,0,0,0,0,0,0,0,0,0,0
63004,1,1,1999,0,0,0,9,0,0,0,0,0,0
63004,2,1,1999,0,0,0,8,0,0,0,0,0,0
63005,0,1,1999,0,0,0,0,0,0,0,0,0,0
63005,0,2,1999,0,21,0,20,0,11,0,0,0,0
63005,1,1,1999,0,0,0,0,0,0,0,0,0,0
63006,1,1,1999,0,0,0,0,0,0,0,0,0,0
63006,2,1,1999,0,0,7,0,0,0,0,0,0,0
63007,1,1,1999,0,0,0,0,0,0,0,0,0,0
63007,2,1,1999,0,0,10,0,0,0,0,0,0,0
63008,1,1,1999,0,0,21,0,0,0,0,0,13,0
63008,2,1,1999,0,0,0,0,0,0,0,0,0,0
63008,3,1,1999,0,12,0,0,0,0,0,0,0,0
63009,1,1,1999,19,19,19,19,19,19,19,19,19,19
63009,2,1,1999,0,0,0,0,0,0,0,0,0,0
63009,3,1,1999,0,0,0,0,0,0,0,0,0,0
63010,1,1,1999,0,0,0,0,0,0,0,0,0,0
63010,2,1,1999,0,0,0,0,0,0,0,0,0,0
63011,0,1,1999,23,0,34,18,26,21,31,0,26,0
63011,1,1,1999,0,0,0,0,0,0,0,0,0,0
63012,1,1,1999,49,49,49,49,49,49,49,49,49,49
63012,2,1,1999,0,0,0,0,0,0,0,0,0,0
63013,1,1,1999,15,15,15,15,15,15,15,15,15,15
63014,1,1,1999,0,0,0,0,0,0,0,0,0,0
63015,0,1,1999,0,0,0,0,0,0,0,0,0,0
63015,1,1,1999,0,0,0,0,0,0,0,0,0,0
63016,0,1,1999,0,0,0,0,0,0,0,0,0,0
63016,1,1,1999,0,0,11,0,0,0,0,0,0,0
63016,2,1,1999,0,0,0,0,0,0,0,0,57,0
63017,1,1,1999,0,0,0,0,0,0,0,0,0,0
63018,1,1,1999,0,0,0,0,0,0,0,0,0,0
63018,2,1,1999,0,0,0,0,0,0,0,0,0,0
63019,0,1,1999,0,0,0,0,0,0,0,0,0,0
63019,1,1,1999,0,0,0,0,0,2,0,0,0,0
63020,1,1,1999,14,14,14,14,14,14,14,14,14,14
63020,2,1,1999,0,0,0,0,0,0,0,0,0,0
63021,0,1,1999,43,43,43,43,43,43,43,43,43,43
63021,1,1,1999,0,0,0,0,0,0,0,19,0,0
63022,1,1,1999,0,0,0,0,0,0,0,0,0,0
63023,0,1,1999,19,19,19,19,19,19,19,19,19,19
63023,1,1,1999,0,0,0,0,0,0,0,0,0,0
63024,1,1,1999,0,0,0,0,0,0,0,0,0,0
63024,2,1,1999,0,0,0,0,0,0,0,0,0,0
63025,0,1,1999,9,0,7,0,16,0,0,0,0,0
63025,1,1,1999,0,0,0,0,0,0,0,0,0,0
63025,2,1,1999,0,0,0,0,0,0,0,0,0,0
63026,1,1,1999,22,22,22,22,22,22,22,22,22,22
63026,2,1,1999,0,0,0,0,0,0,0,0,0,0
63027,1,1,1999,0,0,21,0,0,0,0,0,0,0
63027,2,1,1999,8,8,8,8,8,8,8,8,8,8
63028,1,1,1999,0,0,0,0,0,0,0,0,0,0
63028,2,1,1999,14,0,0,0,0,0,0,0,0,0
63028,3,1,1999,0,0,0,0,0,0,0,0,0,0
63029,1,1,1999,8,0,0,20,7,3,8,8,0,9
63029,2,1,1999,0,0,0,0,0,0,0,0,0,0
63030,1,1,1999,0,0,0,0,0,0,0,0,0,0
63030,2,1,1999,0,0,0,0,0,0,0,0,0,0
63031,0,1,1999,0,0,0,0,0,0,0,0,0,0
63031,1,1,1999,18,0,8,0,0,18,0,0,0,24
63032,1,1,1999,0,0,0,0,0,0,0,0,0,0
63032,2,1,1999,0,0,0,0,0,0,12,0,0,0
63032,3,1,1999,0,0,0,0,0,0,0,0,0,0
63032,4,1,1999,0,0,0,0,0,0,0,0,0,0
63033,0,1,1999,29,29,29,29,29,29,29,29,29,29
63033,1,1,1999,14,0,29,0,6,0,0,9,13,0
63034,1,1,1999,0,0,0,0,0,0,0,0,0,0
63034,2,1,1999,0,0,0,0,0,0,0,0,0,0
63035,1,1,1999,0,0,0,0,0,0,0,0,0,0
63036,1,1,1999,0,0,0,0,0,0,0,0,0,0
63036,2,1,1999,0,0,0,0,0,0,0,0,0,0
63037,0,1,1999,33,33,33,33,33,33,33,33,33,33
63037,1,1,1999,0,0,0,0,0,0,0,0,0,0
63038,0,1,1999,23,31,13,23,16,27,25,25,38,18
63038,1,1,1999,0,0,0,0,0,0,0,0,0,0
63039,1,1,1999,0,0,0,0,0,0,0,0,0,0
63040,1,1,1999,0,0,0,0,0,0,0,0,0,0
63041,1,1,1999,14,14,14,14,14,14,14,14,14,14
63041,2,1,1999,0,0,0,0,0,0,0,0,0,0
63042,1,1,1999,0,0,0,0,0,0,0,0,0,0
63042,2,1,1999,0,0,0,0,0,0,0,0,0,0
63043,1,1,1999,17,17,17,17,17,17,17,17,17,17
63043,2,1,1999,0,0,0,0,0,0,0,0,0,0
63044,1,1,1999,21,21,21,21,21,21,21,21,21,21
63044,2,1,1999,0,0,0,0,0,0,0,0,0,0
63045,1,1,1999,0,0,0,0,0,0,0,0,0,0
63045,2,1,1999,0,0,0,0,0,0,0,0,0,0
63045,3,1,1999,0,0,0,0,0,0,0,0,0,0
63046,1,1,1999,0,0,0,0,0,0,0,0,0,0
63046,2,1,1999,0,0,0,0,0,0,0,0,0,0
63047,0,1,1999,0,0,0,0,0,0,0,0,0,0
63047,1,1,1999,2,2,2,2,2,2,2,2,2,2
63048,1,1,1999,0,0,0,0,0,0,0,0,0,0
63048,2,1,1999,0,0,0,0,0,0,0,0,0,0
63049,0,1,1999,0,8,0,0,0,0,0,0,0,0
63049,1,1,1999,0,0,0,0,0,0,0,0,0,0
63050,1,1,1999,0,0,0,0,0,0,0,0,0,0
63050,2,1,1999,0,0,0,0,0,0,0,0,0,0
63051,1,1,1999,0,0,0,0,0,0,0,0,0,0
63051,2,1,1999,0,0,0,0,0,0,0,0,0,0
63052,1,1,1999,15,15,15,15,15,15,15,15,15,15
63053,1,1,1999,0,4,0,0,0,0,0,3,0,0
63054,0,1,1999,0,0,0,0,0,0,0,0,0,0
63054,1,1,1999,0,0,0,0,0,0,0,0,0,0
63055,1,1,1999,0,0,0,0,0,0,0,0,0,0
63055,2,1,1999,0,0,0,0,0,0,0,0,0,0
63056,1,1,1999,0,0,0,0,0,0,0,0,0,0
63056,2,1,1999,0,0,0,0,0,0,0,0,0,0
63057,1,1,1999,0,0,0,0,0,0,0,0,0,0
63058,1,1,1999,0,0,0,0,0,4,0,0,0,0
63059,0,1,1999,5,0,0,0,0,0,0,0,0,0
63059,1,1,1999,0,0,0,0,0,0,0,0,0,0
63060,0,1,1999,22,0,0,0,0,0,0,0,12,0
63060,1,1,1999,0,11,0,0,0,0,0,0,0,0
63061,0,1,1999,21,0,0,17,10,0,16,30,29,0
63061,0,2,1999,0,0,13,0,58,0,0,44,0,0
63061,0,3,1999,20,18,0,0,0,0,0,13,24,6
63061,0,4,1999,28,0,26,0,21,0,0,0,15,0
63061,1,1,1999,5,16,6,9,17,17,0,13,17,18
63061,2,1,1999,0,0,0,0,0,0,0,0,11,0
63061,3,1,1999,0,0,0,0,0,0,0,0,0,0
63062,1,1,1999,6,6,6,6,6,6,6,6,6,6
63063,1,1,1999,0,0,0,0,0,0,0,0,0,0
63063,2,1,1999,0,0,0,0,0,0,0,0,0,0
63063,3,1,1999,0,0,0,0,0,0,0,0,0,0
63063,4,1,1999,0,0,0,0,0,8,0,0,0,0
63064,1,1,1999,0,0,0,0,0,0,0,0,0,0
63064,2,1,1999,0,0,0,0,0,0,0,0,0,0
63065,0,1,1999,0,0,0,0,0,0,0,0,0,0
63065,1,1,1999,0,0,0,0,0,0,0,0,0,0
63066,1,1,1999,0,0,0,0,0,0,0,0,0,0
63066,2,1,1999,0,0,0,0,0,0,0,0,0,0
63067,1,1,1999,0,0,0,0,0,0,0,0,0,0
63067,2,1,1999,0,0,0,0,0,0,0,0,0,0
63067,3,1,1999,0,0,0,0,0,0,0,0,0,0
63068,0,1,1999,25,25,25,25,25,25,25,25,25,25
63068,1,1,1999,0,0,0,0,0,0,0,0,0,0
63069,0,1,1999,0,0,0,0,0,0,0,0,0,0
63069,1,1,1999,0,0,0,0,0,0,0,0,0,0
63070,1,1,1999,0,0,0,0,0,0,0,0,0,0
63071,0,1,1999,0,0,0,0,0,17,0,0,26,0
63071,1,1,1999,0,0,0,0,0,0,0,0,0,0
63072,1,1,1999,0,0,0,0,31,0,0,0,0,0
63072,2,1,1999,0,8,0,0,0,0,0,0,0,0
63072,3,1,1999,0,0,0,0,0,0,12,0,0,0
63073,0,1,1999,0,0,0,0,0,0,0,0,0,0
63073,1,1,1999,0,0,0,0,0,0,0,0,0,0
63074,1,1,1999,4,4,4,4,4,4,4,4,4,4
63075,1,1,1999,19,24,13,43,7,5,23,12,36,0
63075,2,1,1999,13,13,13,13,13,13,13,13,13,13
63076,1,1,1999,3,3,3,3,3,3,3,3,3,3
63076,2,1,1999,0,0,0,0,0,0,0,0,0,0
63077,1,1,1999,0,0,0,0,0,0,0,0,0,0
63077,2,1,1999,0,0,0,0,0,0,0,0,0,0
63078,1,1,1999,25,25,25,25,25,25,25,25,25,25
63079,1,1,1999,17,17,17,17,17,17,17,17,17,17
63080,1,1,1999,0,0,0,0,0,0,0,0,0,0
63080,2,1,1999,0,0,0,0,0,0,0,0,0,0
63081,1,1,1999,0,0,0,0,0,0,0,0,0,0
63082,1,1,1999,0,0,0,0,0,0,0,0,0,0
63082,2,1,1999,0,0,0,0,0,0,0,10,0,0
63083,1,1,1999,0,0,0,0,0,3,0,0,4,0
63083,2,1,1999,0,0,0,0,0,0,0,0,0,0
63084,1,1,1999,19,19,19,19,19,19,19,19,19,19
63085,1,1,1999,0,0,0,0,0,0,0,0,0,0
63085,2,1,1999,0,0,0,0,0,0,0,0,0,0
63086,1,1,1999,8,8,8,8,8,8,8,8,8,8
63086,2,1,1999,0,0,0,0,0,0,0,0,0,0
63087,1,1,1999,0,0,0,0,0,0,0,0,0,0
63087,2,1,1999,0,0,0,0,0,12,0,0,0,0
63087,3,1,1999,0,0,0,0,0,0,0,0,0,0
63087,4,1,1999,0,0,0,0,0,0,0,0,0,0
63087,5,1,1999,0,0,0,0,0,0,0,0,0,0
63088,1,1,1999,0,0,0,0,0,0,0,0,0,0
63088,3,1,1999,0,0,0,0,0,0,0,0,0,0
63088,4,1,1999,0,0,0,0,0,0,0,0,0,0
63089,1,1,1999,0,10,16,16,12,0,0,0,0,9
63090,1,1,1999,0,0,0,0,0,0,0,0,0,0
63090,2,1,1999,0,0,0,0,0,0,0,0,0,0
63090,3,1,1999,0,0,0,0,0,0,0,0,0,0
63090,4,1,1999,0,0,0,0,0,0,0,0,0,0
63090,5,1,1999,0,0,0,0,0,0,0,0,0,0
63090,6,1,1999,0,0,0,0,0,0,0,0,0,0
63090,7,1,1999,0,0,0,0,0,0,0,0,0,0
63090,8,1,1999,0,0,0,0,0,0,0,0,0,0
63090,9,1,1999,0,0,0,0,0,0,0,0,0,0
63090,10,1,1999,0,0,0,0,0,15,0,0,0,0
63090,11,1,1999,0,0,0,0,0,0,0,0,0,0
63090,12,1,1999,0,0,0,0,0,0,0,0,0,0
63090,13,1,1999,0,0,0,0,0,0,0,0,0,0
63090,14,1,1999,0,0,0,0,0,0,0,0,0,0
63090,15,1,1999,0,0,0,0,0,0,0,0,0,0
63090,16,1,1999,0,0,0,0,0,0,0,0,0,0
63090,17,1,1999,0,0,0,0,0,0,0,0,0,0
63090,18,1,1999,0,0,4,0,0,0,0,0,0,0
63091,1,1,1999,22,22,22,22,22,22,22,22,22,22
63092,0,1,1999,8,8,8,8,8,8,8,8,8,8
63092,1,1,1999,0,0,0,0,0,0,0,0,0,0
63093,0,1,1999,0,0,0,0,0,0,0,0,0,0
63093,1,1,1999,9,0,0,0,0,0,0,0,0,0
63094,1,1,1999,12,5,12,5,15,11,13,10,14,10
63095,1,1,1999,15,25,22,9,15,24,17,29,26,22
63096,1,1,1999,0,0,0,0,0,0,0,0,0,0
63097,0,1,1999,36,36,36,36,36,36,36,36,36,36
63097,1,1,1999,0,0,0,0,0,0,0,0,0,0
63098,1,1,1999,20,20,20,20,20,20,20,20,20,20
63099,1,1,1999,0,0,0,0,0,0,0,0,0,0
63100,0,1,1999,0,0,0,0,0,0,0,0,0,0
63100,1,1,1999,0,0,0,0,0,0,0,0,0,0
63101,1,1,1999,0,0,0,0,0,0,0,0,0,0
63101,2,1,1999,0,0,0,0,0,0,0,0,0,0
63101,3,1,1999,0,0,0,0,0,0,0,0,0,0
63102,1,1,1999,0,0,0,0,0,0,0,0,0,0
63103,1,1,1999,0,0,0,0,0,0,0,0,0,0
63104,1,1,1999,0,0,0,0,0,0,0,0,0,0
63104,2,1,1999,0,0,0,0,0,0,0,0,0,0
63105,1,1,1999,15,15,12,0,8,6,9,4,0,16
63105,2,1,1999,0,0,0,0,0,0,0,0,0,0
63106,1,1,1999,20,13,16,4,20,16,8,6,4,9
63107,0,1,1999,25,10,0,15,33,9,0,0,23,23
63107,1,1,1999,5,5,5,5,5,5,5,5,5,5
63107,2,1,1999,0,0,0,0,0,0,0,0,0,0
63108,0,1,1999,5,5,5,5,5,5,5,5,5,5
63108,1,1,1999,0,0,0,0,0,0,0,0,0,0
63109,1,1,1999,22,22,22,22,22,22,22,22,22,22
63110,1,1,1999,13,33,20,0,20,35,20,13,9,8
63110,2,1,1999,0,0,0,0,0,0,0,0,0,0
63110,3,1,1999,7,7,7,7,7,7,7,7,7,7
63111,0,1,1999,22,22,22,22,22,22,22,22,22,22
63111,1,1,1999,8,8,8,8,8,8,8,8,8,8
63112,1,1,1999,12,12,12,12,12,12,12,12,12,12
63113,0,1,1999,13,13,13,13,13,13,13,13,13,13
63113,1,1,1999,0,0,0,0,0,0,0,0,0,0
63114,1,1,1999,0,0,0,0,0,0,0,0,0,0
63114,2,1,1999,0,0,0,0,0,0,0,0,0,0
63114,3,1,1999,15,14,18,7,4,15,14,17,10,17
63114,4,1,1999,0,0,0,0,0,0,0,0,0,0
63114,5,1,1999,0,0,0,0,0,0,0,0,0,0
63114,6,1,1999,0,0,0,0,0,0,15,0,0,0
63114,7,1,1999,0,16,0,0,18,0,18,0,0,0
63115,0,1,1999,0,0,0,0,0,0,0,0,0,0
63115,1,1,1999,0,0,0,0,0,0,0,0,0,0
63116,1,1,1999,0,0,0,0,0,0,0,0,0,0
63116,2,1,1999,0,0,0,0,0,0,0,0,0,0
63117,1,1,1999,0,0,0,0,0,0,0,0,0,0
63117,2,1,1999,0,0,0,0,0,0,0,0,0,0
63118,1,1,1999,19,19,19,19,19,19,19,19,19,19
63118,2,1,1999,0,0,0,0,0,0,0,0,0,0
63119,0,1,1999,11,0,19,0,0,0,17,4,12,0
63119,1,1,1999,11,11,11,11,11,11,11,11,11,11
63120,0,1,1999,0,0,0,0,0,0,0,0,0,0
63120,1,1,1999,0,0,0,0,0,0,0,0,0,0
63121,1,1,1999,0,0,0,0,0,0,0,0,0,0
63121,2,1,1999,0,0,0,0,0,0,0,0,0,0
63122,0,1,1999,10,10,10,10,10,10,10,10,10,10
63122,1,1,1999,0,0,0,0,0,0,0,0,0,0
63123,0,1,1999,0,0,0,0,0,0,0,0,0,0
63123,1,1,1999,0,0,0,0,0,0,0,0,0,0
63124,0,1,1999,0,15,0,0,0,0,0,0,0,0
63124,1,1,1999,0,0,0,0,0,0,0,0,0,0
63125,1,1,1999,0,0,0,0,0,0,0,0,0,0
63125,2,1,1999,0,0,0,0,0,0,0,0,0,0
63126,1,1,1999,0,0,0,0,0,0,0,0,0,0
63126,2,1,1999,0,0,0,0,0,0,11,7,20,15
63127,1,1,1999,0,0,0,0,0,0,0,0,0,0
63128,1,1,1999,15,2,11,34,12,17,8,0,37,9
63129,0,1,1999,0,0,0,0,0,0,0,0,0,0
63129,1,1,1999,0,0,0,0,0,0,0,0,0,0
63130,0,1,1999,0,0,0,0,0,0,0,0,0,0
63130,1,1,1999,0,0,0,0,0,0,0,0,0,0
63131,1,1,1999,0,0,0,0,0,0,0,0,0,0
63132,1,1,1999,0,0,0,0,0,0,0,0,0,0
63132,2,1,1999,0,0,0,0,0,0,0,0,0,0
63132,3,1,1999,0,0,0,0,0,0,0,0,0,0
63133,0,1,1999,17,17,17,17,17,17,17,17,17,17
63133,1,1,1999,0,0,0,0,0,0,0,0,0,10
63134,0,1,1999,5,17,14,28,10,16,33,10,13,14
63134,0,3,1999,17,13,21,0,0,15,26,0,14,4
63134,0,4,1999,7,0,14,0,0,0,0,0,0,8
63134,1,1,1999,22,22,22,22,22,22,22,22,22,22
63135,0,1,1999,0,33,0,0,18,14,0,9,0,0
63135,1,1,1999,9,9,9,9,9,9,9,9,9,9
63136,0,1,1999,41,41,41,41,41,41,41,41,41,41
63136,1,1,1999,0,0,0,0,0,0,0,0,0,0
63137,0,1,1999,0,0,0,0,0,0,0,0,0,0
63137,1,1,1999,0,0,0,0,0,0,0,0,0,0
63138,1,1,1999,0,11,0,0,14,0,0,7,0,4
63138,2,1,1999,7,7,7,7,7,7,7,7,7,7
63138,3,1,1999,0,0,0,0,0,0,0,0,0,25
63138,4,1,1999,0,10,0,0,0,0,0,0,0,13
63139,0,1,1999,4,4,4,4,4,4,4,4,4,4
63139,0,2,1999,0,0,0,0,0,0,0,0,0,0
63139,1,1,1999,0,0,0,0,0,0,0,0,0,0
63139,2,1,1999,0,0,0,0,0,0,0,0,0,0
63140,1,1,1999,0,0,0,0,0,0,0,0,0,0
63140,2,1,1999,0,0,0,0,0,13,0,0,0,0
63140,3,1,1999,0,0,0,0,0,0,0,0,0,0
63141,0,1,1999,0,0,0,0,0,0,0,0,0,0
63141,1,1,1999,0,0,0,0,0,0,0,0,0,0
63142,0,1,1999,2,2,2,2,2,2,2,2,2,2
63142,1,1,1999,0,0,0,0,0,0,0,0,0,0
63143,1,1,1999,0,0,0,0,0,0,0,0,0,0
63143,2,1,1999,0,0,0,0,0,0,0,0,0,0
63143,3,1,1999,0,0,0,0,0,0,0,0,0,0
63143,4,1,1999,0,0,0,0,0,0,0,0,0,0
63144,1,1,1999,26,26,26,26,26,26,26,26,26,26
63144,2,1,1999,0,0,0,0,0,0,0,0,0,0
63145,1,1,1999,16,16,16,16,16,16,16,16,16,16
63146,1,1,1999,5,5,5,5,5,5,5,5,5,5
63147,1,1,1999,6,6,6,6,6,6,6,6,6,6
63147,2,1,1999,8,0,0,0,0,0,0,0,0,0
63148,1,1,1999,0,0,0,0,0,0,0,0,0,12
63149,1,1,1999,17,17,17,17,17,17,17,17,17,17
63150,1,1,1999,31,13,7,9,10,9,9,14,0,24
63150,2,1,1999,0,0,0,0,0,0,0,0,5,0
63151,1,1,1999,18,18,18,18,18,18,18,18,18,18
63151,2,1,1999,0,0,0,0,0,0,0,14,0,0
63152,0,1,1999,0,0,0,0,0,0,0,0,0,0
63152,1,1,1999,0,0,0,0,0,0,0,0,0,0
63153,0,1,1999,0,0,0,0,0,0,0,0,0,0
63153,1,1,1999,0,0,0,0,0,0,0,0,0,0